Date,Open,High,Low,Close,Adj Close,Volume,r,s,m,v
2000-09-19,1262.7650146484375,1273.65087890625,1197.4495849609375,1197.4495849609375,670.7142944335938,230594,-0.053109823556329074,1452.7239318847655,-0.012413974530255526,0.04357682199355725
2000-09-20,1262.7650146484375,1262.7650146484375,1208.3353271484375,1230.1072998046875,689.0065307617188,235682,0.026907452017783346,1436.939385986328,-0.011421951077458777,0.04426406024402749
2000-09-21,1230.1072998046875,1230.1072998046875,1186.563720703125,1186.563720703125,664.6170043945312,296984,-0.036039900976917796,1417.3447631835938,-0.014269288291411641,0.04390514865112226
2000-09-22,1110.362060546875,1110.362060546875,1110.362060546875,1110.362060546875,621.9349365234375,176566,-0.06637535740441801,1391.2185852050782,-0.019283131296466784,0.043840274912620936
2000-09-25,1034.1610107421875,1058.10986328125,1034.1610107421875,1034.1610107421875,579.2532958984375,290206,-0.07109566246295865,1359.6494750976562,-0.02382804219313586,0.04428445584397086
2000-09-26,962.3140869140625,999.3260498046875,962.3140869140625,999.3260498046875,559.7415771484375,408878,-0.03426465775062886,1330.1486755371093,-0.023199714865435535,0.044029313878183096
2000-09-27,979.7313232421875,1040.6923828125,955.782470703125,975.3768920898438,546.3271484375,657706,-0.02425714928638987,1300.538998413086,-0.02372291267693872,0.04397378999687613
2000-09-28,1034.1610107421875,1042.86962890625,1003.6804809570312,1023.27490234375,573.15576171875,367959,0.04793949930213958,1276.5899993896485,-0.019197953097276878,0.04651618946672064
2000-09-29,1008.03466796875,1008.03466796875,973.199951171875,975.3768920898438,546.3271484375,317832,-0.04793949930213961,1251.3346923828126,-0.02086498671710907,0.04693820476367586
2000-10-02,940.5421752929688,997.1488037109375,940.5421752929688,979.7313232421875,548.7661743164062,412827,0.0044544218250426185,1231.1957580566407,-0.01721887997940617,0.045865866956389216
2000-10-03,971.022705078125,984.0857543945312,931.8333129882812,955.782470703125,535.3519897460938,221240,-0.024748028064476162,1201.1506652832031,-0.024389153015595057,0.0328761125150064
2000-10-04,923.1246948242188,923.1246948242188,923.1246948242188,923.1246948242188,517.0596923828125,11487,-0.03476602335876706,1170.0169891357423,-0.02577656895143447,0.03268940796410425
2000-10-05,892.6441650390625,923.1246948242188,892.6441650390625,892.6441650390625,499.9869689941406,276964,-0.03357629263086293,1139.5364532470703,-0.026026724173837022,0.0327310519919327
2000-10-06,870.8722534179688,940.5421752929688,868.6950073242188,938.364990234375,525.5961303710938,541221,0.049950958644075956,1115.6963287353515,-0.020543208755981614,0.035829383684764446
2000-10-09,877.4038696289062,890.4669799804688,875.2266845703125,875.2266845703125,490.2311096191406,66048,-0.06965606782329324,1089.787875366211,-0.023250805650707012,0.03743851729015792
2000-10-11,844.7461547851562,844.7461547851562,844.7461547851562,844.7461547851562,473.1584167480469,8585,-0.035446747198417755,1063.98828125,-0.02383731660967702,0.037537947923355616
2000-10-12,785.9622802734375,785.9622802734375,785.9622802734375,785.9622802734375,440.2324523925781,26513,-0.0721273718835366,1036.8823791503905,-0.026229050501869737,0.039061468025045905
2000-10-13,731.5328369140625,731.5328369140625,731.5328369140625,731.5328369140625,409.7454833984375,50495,-0.07176669251634434,1010.8650756835938,-0.026862935872370132,0.03972009482546316
2000-10-17,635.73681640625,635.73681640625,635.73681640625,635.73681640625,356.0882873535156,20685,-0.140357442272475,977.8807922363281,-0.03559037487138285,0.04448893863523587
2000-10-18,592.1932373046875,592.1932373046875,592.1932373046875,592.1932373046875,331.6986999511719,13872,-0.07095167102640489,944.3522033691406,-0.03786130278626591,0.04510349387153446
2000-10-19,550.8268432617188,550.8268432617188,550.8268432617188,550.8268432617188,308.5285949707031,5707,-0.07241249527840407,912.0210662841797,-0.03882643637236967,0.04565016624697036
2000-10-20,533.4093627929688,587.8388061523438,533.4093627929688,579.1301879882812,324.3818664550781,1004514,0.05010680130872987,879.4722106933593,-0.03766646890782234,0.04765892089703243
2000-10-23,542.1179809570312,542.1179809570312,542.1179809570312,542.1179809570312,303.650634765625,79965,-0.066043647224849,847.2499237060547,-0.0391666562202189,0.048075428326569476
2000-10-24,524.7005004882812,579.1301879882812,524.7005004882812,579.1301879882812,324.3818664550781,648845,0.06604364722484914,820.688330078125,-0.032545705988755544,0.05299743998703156
2000-10-25,559.5354614257812,618.3193359375,559.5354614257812,616.1421508789062,345.1130065917969,698459,0.06195039930653836,799.787387084961,-0.025893402900280693,0.05615963914198378
2000-10-26,596.5474243164062,596.5474243164062,596.5474243164062,596.5474243164062,334.1375427246094,381259,-0.03231895864520423,779.6484558105469,-0.02579611794500946,0.056146058058288845
2000-10-30,557.3582763671875,557.3582763671875,557.3582763671875,557.3582763671875,312.1869812011719,708,-0.06795048445767075,758.747525024414,-0.027980784703573507,0.056927647380291865
2000-10-31,539.9407958984375,539.9407958984375,539.9407958984375,539.9407958984375,302.4311218261719,12447,-0.031748761899837406,734.5808197021485,-0.031965197763672355,0.054050259685249805
2000-11-01,522.5235595703125,522.5235595703125,522.5235595703125,522.5235595703125,292.6753845214844,53050,-0.03278942341344332,711.9381530761718,-0.031207693969237543,0.05392060716662096
2000-11-02,505.1058044433594,505.1058044433594,505.1058044433594,505.1058044433594,282.91937255859375,54435,-0.03390215182951533,688.2068771362304,-0.03312552265196544,0.0532635542078675
2000-11-03,487.6885681152344,515.9918823242188,487.6885681152344,487.6885681152344,273.16363525390625,471021,-0.03509089904182579,664.8021820068359,-0.03364266620083292,0.05322813337543164
2000-11-06,474.6255187988281,474.6255187988281,459.38525390625,459.38525390625,257.3104248046875,167693,-0.05978783089126697,641.6152099609375,-0.03489375657745791,0.053549019664129886
2000-11-07,444.1449890136719,465.9166564941406,444.1449890136719,457.2080383300781,256.0909118652344,420703,-0.004750677731113287,619.8434036254882,-0.033452475832470435,0.05397259359115658
2000-11-08,457.2080383300781,487.6885681152344,457.2080383300781,487.6885681152344,273.16363525390625,706839,0.06453850862238011,597.3095825195312,-0.032723098333555224,0.05524264020587324
2000-11-09,496.3971862792969,520.3460693359375,487.6885681152344,520.3460693359375,291.4557800292969,534108,0.06481708613251222,579.5655517578125,-0.025999440635764946,0.05859276429865594
2000-11-10,544.2952270507812,555.1810302734375,535.5866088867188,555.1810302734375,310.96746826171875,755031,0.0648001330636119,565.0872955322266,-0.02098709662266347,0.061934586743887125
2000-11-13,526.8777465820312,529.054931640625,518.1691284179688,518.1691284179688,290.23638916015625,186894,-0.06899254952748922,551.6976379394531,-0.0208303555048611,0.06180217679136215
2000-11-14,496.3971862792969,550.8268432617188,496.3971862792969,518.1691284179688,290.23638916015625,393884,0.0,541.0294525146485,-0.017242020879043883,0.06076379741149529
2000-11-15,542.1179809570312,542.1179809570312,500.7516174316406,505.1058044433594,282.91937255859375,359591,-0.025533770626809178,534.4979019165039,-0.011500837296760592,0.053510778447911266
2000-11-16,494.219970703125,520.3460693359375,492.0427551269531,507.28302001953125,284.1388854980469,278269,0.004301151652576695,530.2523910522461,-0.007738196162811513,0.05172641422831987
2000-11-17,478.9797058105469,489.86578369140625,474.6255187988281,476.802490234375,267.066162109375,391515,-0.06196673418772685,526.551173400879,-0.0072159081082776525,0.05108781414257698
2000-11-20,457.2080383300781,472.44830322265625,439.7905578613281,439.7905578613281,246.33506774902344,209996,-0.08080372981908444,519.5841918945313,-0.013761434664668365,0.05173908552824896
2000-11-21,433.2589111328125,470.2710876464844,433.2589111328125,470.2710876464844,263.4078063964844,199295,0.06701070193032016,515.991847229004,-0.007108717206909909,0.05319638974847728
2000-11-22,478.9797058105469,502.9288330078125,478.9797058105469,500.7516174316406,280.48052978515625,539321,0.06280089390323353,512.0729187011718,-0.0072708548729906895,0.052966136795784526
2000-11-23,500.7516174316406,535.5866088867188,500.7516174316406,535.5866088867188,299.99224853515625,527788,0.06725240686692693,508.0451416015625,-0.007005754494971261,0.053342759702199906
2000-11-24,572.5985107421875,572.5985107421875,572.5985107421875,572.5985107421875,320.7232971191406,241003,0.06682218036535092,506.8476959228516,-0.002048697544443503,0.0554322287166758
2000-11-27,611.7877197265625,611.7877197265625,598.7246704101562,611.7877197265625,342.6739807128906,842152,0.06620056735824052,509.5691680908203,0.00465885504635206,0.05515385134030168
2000-11-28,594.3704223632812,600.90185546875,592.1932373046875,592.1932373046875,331.6986999511719,367254,-0.032552363161030745,512.1817901611328,0.004618674983292393,0.055182056072661835
2000-11-29,572.5985107421875,572.5985107421875,572.5985107421875,572.5985107421875,320.7232971191406,44855,-0.033648204197209826,514.6855377197265,0.004575735944104068,0.05521302205146472
2000-11-30,553.0038452148438,570.4213256835938,553.0038452148438,553.0038452148438,309.74798583984375,545894,-0.0348198369208515,517.0804397583008,0.004529851689537259,0.05524705254514655
2000-12-01,535.5866088867188,550.8268432617188,535.5866088867188,550.8268432617188,308.5285949707031,301036,-0.0039444541603427235,520.237353515625,0.006087173933611413,0.05450543401363528
2000-12-04,546.472412109375,555.1810302734375,533.4093627929688,533.4093627929688,298.7727355957031,181886,-0.032131336073501424,523.9385589599609,0.007469998674499689,0.0530783425773867
2000-12-05,518.1691284179688,550.8268432617188,518.1691284179688,535.5866088867188,299.99224853515625,391284,0.004073446789344709,527.8574874877929,0.007911204900522589,0.05300804156407048
2000-12-06,572.5985107421875,572.5985107421875,520.3460693359375,522.5235595703125,292.6753845214844,471991,-0.024692538516730738,529.5992370605469,0.0034496525435670474,0.05173080142635156
2000-12-07,513.814697265625,524.7005004882812,513.814697265625,518.1691284179688,290.23638916015625,297589,-0.008368381202706119,529.4903900146485,-0.00020962082319386988,0.04971039226990059
2000-12-08,522.5235595703125,529.054931640625,518.1691284179688,526.8777465820312,295.1142578125,225357,0.016666850003159307,528.0752258300781,-0.0026162849762165,0.04751401201260267
2000-12-11,533.4093627929688,539.9407958984375,522.5235595703125,529.054931640625,296.3337707519531,154361,0.004123725288112413,528.619515991211,0.0010395287645635818,0.04487782547831416
2000-12-12,533.4093627929688,548.649658203125,533.4093627929688,539.9407958984375,302.4311218261719,284940,0.020367229324877712,529.7080993652344,0.0020578902308074675,0.04508360850508557
2000-12-13,533.4093627929688,539.9407958984375,526.8777465820312,531.232177734375,297.55322265625,185671,-0.016260324440835288,531.0144180297851,0.002521562540106162,0.0448318852466594
2000-12-14,524.7005004882812,529.054931640625,513.814697265625,520.3460693359375,291.4557800292969,160942,-0.020705063711436756,531.6675704956054,0.0012712517719054893,0.045127366215786904
2000-12-15,505.1058044433594,518.1691284179688,505.1058044433594,505.1058044433594,282.91937255859375,87747,-0.029726187090686466,533.0827362060547,0.002883279126757509,0.04328785544642115
2000-12-18,487.6885681152344,496.3971862792969,478.9797058105469,478.9797058105469,268.28564453125,122773,-0.05310969239394075,535.0421936035157,0.004267980998014692,0.04084391313397991
2000-12-19,470.2710876464844,472.44830322265625,463.73944091796875,463.73944091796875,259.74932861328125,135859,-0.03233538393331631,534.7156112670898,-0.0006993232951671309,0.03880175973852055
2000-12-20,448.4991760253906,455.03082275390625,448.4991760253906,448.4991760253906,251.2129364013672,71774,-0.03341600043384193,532.1029891967773,-0.0055101680120209036,0.03640501227655786
2000-12-21,433.2589111328125,433.2589111328125,433.2589111328125,433.2589111328125,242.6765594482422,27109,-0.03457134782630249,526.986604309082,-0.010601355746682374,0.03261653558393383
2000-12-22,420.19586181640625,452.8536071777344,420.19586181640625,433.2589111328125,242.6765594482422,165612,0.0,520.0196243286133,-0.013942464764949921,0.027249001996789594
2000-12-25,433.2589111328125,433.2589111328125,433.2589111328125,433.2589111328125,242.6765594482422,0,0.0,511.09318389892576,-0.017252493132861944,0.020078811896722466
2000-12-26,448.4991760253906,448.4991760253906,424.55029296875,426.7275085449219,239.0181884765625,99406,-0.015189840260680685,502.8198974609375,-0.016384366987844446,0.01975522677062068
2000-12-27,435.4361267089844,435.4361267089844,413.6644592285156,413.6644592285156,231.70132446289062,118114,-0.03109049598203032,494.8731948852539,-0.01625648157708547,0.019645561667836778
2000-12-28,404.9555969238281,435.4361267089844,400.6011657714844,433.2589111328125,242.6765594482422,178256,0.04628033624271106,488.88594818115234,-0.01220147291890734,0.02358680193924279
2000-12-29,420.19586181640625,426.7275085449219,420.19586181640625,420.19586181640625,235.35972595214844,88746,-0.030614556258332898,482.3543991088867,-0.013534978023806852,0.023847879582105807
2001-01-01,420.19586181640625,420.19586181640625,420.19586181640625,420.19586181640625,235.35972595214844,0,0.0,476.69372406005857,-0.011928411220131779,0.023610274090774933
2001-01-02,381.0067138671875,431.0819396972656,378.8294982910156,413.6644592285156,231.70132446289062,317107,-0.015665779984378143,470.5976165771484,-0.012915372558817922,0.023316904215873468
2001-01-03,391.8925476074219,413.6644592285156,391.8925476074219,400.6011657714844,224.3843231201172,291965,-0.032088826958434236,464.50149688720705,-0.013285186980903096,0.02357079692231854
2001-01-04,426.7275085449219,426.7275085449219,413.6644592285156,426.7275085449219,239.0181884765625,359689,0.0631793229404646,459.9294158935547,-0.00970780177374456,0.02913016114971319
2001-01-05,428.90472412109375,455.03082275390625,426.7275085449219,455.03082275390625,254.87142944335938,405844,0.064219502741257,456.3370697021484,-0.007330169136839676,0.03307035629249305
2001-01-08,452.8536071777344,483.3341369628906,437.61334228515625,457.2080383300781,256.0909118652344,457803,0.004773354442619057,452.7447250366211,-0.0072976876791143435,0.0330825151191563
2001-01-09,452.8536071777344,487.6885681152344,452.8536071777344,487.6885681152344,273.16363525390625,357071,0.06453850862238011,450.1321136474609,-0.005089123714239223,0.036340596188998424
2001-01-10,498.57440185546875,498.57440185546875,468.0938720703125,481.15692138671875,269.5051574707031,316188,-0.013483565247492023,447.62835083007815,-0.004950285754572061,0.0363009533726229
2001-01-11,485.5113525390625,487.6885681152344,448.4991760253906,457.2080383300781,256.0909118652344,390019,-0.05105494337488814,444.47144927978513,-0.006467779737744629,0.03760514785973819
2001-01-12,478.9797058105469,478.9797058105469,452.8536071777344,463.73944091796875,259.74932861328125,498947,0.014184331336948885,442.40313110351565,-0.004272253816362861,0.037457305705309744
2001-01-15,448.4991760253906,470.2710876464844,448.4991760253906,470.2710876464844,263.4078063964844,216288,0.01398646590334256,441.9677001953125,-0.0009174459014986962,0.0358220279035936
2001-01-16,470.2710876464844,502.9288330078125,470.2710876464844,502.9288330078125,281.7000427246094,525358,0.06713936436011908,443.9271697998047,0.004056291513173073,0.03806574457767531
2001-01-17,533.4093627929688,537.7637939453125,502.9288330078125,537.7637939453125,301.2117614746094,738522,0.06697074402627021,448.3904006958008,0.00907562873617868,0.03945763753891732
2001-01-18,544.2952270507812,572.5985107421875,529.054931640625,559.5354614257812,313.4064636230469,896678,0.03968748726579523,454.70422821044923,0.012788570490783566,0.038619266144345944
2001-01-19,559.5354614257812,559.5354614257812,559.5354614257812,559.5354614257812,313.4064636230469,0,0.0,461.01805572509767,0.012788570490783566,0.038619266144345944
2001-01-22,559.5354614257812,559.5354614257812,559.5354614257812,559.5354614257812,313.4064636230469,0,0.0,467.3318832397461,0.012788570490783566,0.038619266144345944
2001-01-23,559.5354614257812,559.5354614257812,559.5354614257812,559.5354614257812,313.4064636230469,0,0.0,473.97228088378904,0.013548062503817602,0.038187023242052094
2001-01-24,559.5354614257812,559.5354614257812,559.5354614257812,559.5354614257812,313.4064636230469,0,0.0,481.26583099365234,0.015102587302919116,0.036884845186767254
2001-01-25,559.5354614257812,559.5354614257812,559.5354614257812,559.5354614257812,313.4064636230469,0,0.0,487.5796585083008,0.012788570490783562,0.03627256968734061
2001-01-26,559.5354614257812,559.5354614257812,559.5354614257812,559.5354614257812,313.4064636230469,0,0.0,494.54663848876953,0.014319298303700208,0.03496700737732324
2001-01-29,553.0038452148438,557.3582763671875,522.5235595703125,522.5235595703125,292.6753845214844,410806,-0.06843683339875468,499.6630233764648,0.010897456633762475,0.03949716546508585
2001-01-30,513.814697265625,526.8777465820312,496.3971862792969,524.7005004882812,293.89471435546875,413432,0.004157551639122555,505.21482543945314,0.011888623214937508,0.03904158920920351
2001-01-31,559.5354614257812,559.5354614257812,550.8268432617188,559.5354614257812,313.4064636230469,657614,0.0642792817596321,513.161540222168,0.016707028650840824,0.03927440068337286
2001-02-01,570.4213256835938,596.5474243164062,563.889892578125,587.8388061523438,329.25970458984375,1052393,0.049345864810998494,521.2171051025391,0.016015355744367517,0.0385276002864942
2001-02-02,605.2562866210938,627.0281982421875,605.2562866210938,627.0281982421875,351.2104187011719,957259,0.06453874177576556,529.8169738769532,0.016031317696092947,0.038548682687205155
2001-02-05,609.6107177734375,618.3193359375,583.484375,592.1932373046875,331.6986999511719,943519,-0.057158516906227114,536.5662338256836,0.012934724128650637,0.04184699581716688
2001-02-06,555.1810302734375,587.8388061523438,555.1810302734375,557.3582763671875,312.1869812011719,633217,-0.060624737766010864,540.0497192382812,0.006676561809231091,0.043064823884190466
2001-02-07,539.9407958984375,557.3582763671875,522.5235595703125,522.5235595703125,292.6753845214844,404042,-0.06453818531328062,542.118051147461,0.00412383080594166,0.04575206802379622
2001-02-08,511.637451171875,544.2952270507812,511.637451171875,542.1179809570312,303.650634765625,274998,0.03681358188476831,546.3635482788086,0.008517257068924483,0.0443726217506855
2001-02-09,544.2952270507812,557.3582763671875,531.232177734375,546.472412109375,306.089599609375,287524,0.00800017050430849,550.5001968383789,0.008208049027292464,0.04435259507927388
2001-02-12,539.9407958984375,555.1810302734375,533.4093627929688,539.9407958984375,302.4311218261719,205338,-0.012024328975633516,553.9836822509766,0.0069075092833436585,0.04455512969498551
2001-02-13,544.2952270507812,555.1810302734375,544.2952270507812,548.649658203125,307.3091125488281,334653,0.016000596136018303,556.2697235107422,0.004350570872138621,0.0423283414090304
2001-02-14,555.1810302734375,583.484375,555.1810302734375,557.3582763671875,312.1869812011719,576615,0.0157481657638191,557.2494476318359,0.001789441959016065,0.03981504125963222
2001-02-15,592.1932373046875,594.3704223632812,576.9529418945312,594.3704223632812,332.9181823730469,549636,0.06429447345055231,558.9911956787109,0.003019791268253919,0.041396576666782044
2001-02-16,609.6107177734375,613.9649047851562,576.9529418945312,605.2562866210938,339.01556396484375,954309,0.018149250908403688,561.2772369384766,0.003927253813674104,0.0415256206767003
2001-02-19,583.484375,618.3193359375,583.484375,607.4335327148438,340.2350769042969,793005,0.003590775478485543,563.6721405029297,0.00410679258759838,0.041515508510514214
2001-02-20,613.9649047851562,613.9649047851562,581.307373046875,594.3704223632812,332.9181823730469,473874,-0.02174002638688936,565.4138885498047,0.003019791268253913,0.0419114180895237
2001-02-21,566.067138671875,574.7757568359375,555.1810302734375,563.889892578125,315.8454895019531,332614,-0.052643725159307125,565.6316101074219,0.0003876050102885567,0.04372492495920096
2001-02-22,544.2952270507812,557.3582763671875,524.7005004882812,526.8777465820312,295.1142578125,361991,-0.06789046480407279,563.9987243652344,-0.003006918229915083,0.04631516803405514
2001-02-23,524.7005004882812,529.054931640625,511.637451171875,529.054931640625,296.3337707519531,314489,0.004123725288112413,562.4746978759765,-0.002800731965509462,0.04633843197189206
2001-02-26,529.054931640625,537.7637939453125,522.5235595703125,531.232177734375,297.55322265625,180508,0.004106904884042263,562.9101287841797,0.0008264549486303851,0.043694057895389646
2001-02-27,542.1179809570312,542.1179809570312,529.054931640625,539.9407958984375,302.4311218261719,276917,0.01626032444083538,563.6721435546875,0.0014315935887160263,0.04382622831545782
2001-02-28,539.9407958984375,539.9407958984375,539.9407958984375,539.9407958984375,302.4311218261719,0,0.0,562.6924102783203,-0.0017823704992655787,0.041256357549895734
2001-03-01,533.4093627929688,533.4093627929688,505.1058044433594,505.1058044433594,282.91937255859375,262605,-0.06669157524295853,558.555760192871,-0.00758424250196343,0.04184276820319201
2001-03-02,518.1691284179688,520.3460693359375,511.637451171875,511.637451171875,286.577880859375,309315,0.012848349956460565,552.7862228393554,-0.01016876209292868,0.03862621070174739
2001-03-05,513.814697265625,537.7637939453125,505.1058044433594,535.5866088867188,299.99224853515625,248119,0.0457463403897853,549.955891418457,-0.00502351922812806,0.03889032490683375
2001-03-06,555.1810302734375,555.1810302734375,529.054931640625,533.4093627929688,298.7727355957031,389754,-0.004073446789344682,548.7584457397461,-0.0021959546792947498,0.036624836816599234
2001-03-07,566.067138671875,570.4213256835938,557.3582763671875,570.4213256835938,319.50384521484375,801691,0.06708609100798046,551.1533340454101,0.004385259136768305,0.03665873586799265
2001-03-08,585.6615600585938,609.6107177734375,574.7757568359375,600.90185546875,336.5765686035156,2141034,0.052056363506779585,554.0925277709961,0.005147398217868868,0.03751681472099158
2001-03-09,585.6615600585938,598.7246704101562,570.4213256835938,587.8388061523438,329.25970458984375,691897,-0.021978848032393163,556.1608474731445,0.0036484472910337856,0.03799270996393178
2001-03-12,570.4213256835938,627.0281982421875,570.4213256835938,627.0281982421875,351.2104187011719,1719380,0.06453874177576556,560.515217590332,0.0074766008286037385,0.04012767194189693
2001-03-13,644.4454345703125,670.57177734375,624.8510131835938,627.0281982421875,351.2104187011719,3219325,0.0,564.4341445922852,0.006676571021802824,0.040108281835529856
2001-03-14,627.0281982421875,627.0281982421875,627.0281982421875,627.0281982421875,351.2104187011719,0,0.0,567.9176406860352,0.005889162733611869,0.04007538534297262
2001-03-15,685.8120727539062,716.2926025390625,685.8120727539062,716.2926025390625,401.2091064453125,3213144,0.13309723335013499,574.0137496948242,0.009329300728591002,0.0475995995222611
2001-03-16,716.2926025390625,766.3676147460938,711.9381713867188,755.4817504882812,423.15972900390625,4123177,0.053266879634576825,581.5250228881836,0.011085182164899659,0.048579707993256345
2001-03-19,759.836181640625,772.8992309570312,733.7100830078125,744.595947265625,417.06231689453125,2085846,-0.014513907289827158,588.3831436157227,0.010179948026484024,0.0488943710127485
2001-03-20,762.013427734375,762.013427734375,714.1153564453125,720.6467895507812,403.6479797363281,1784056,-0.032692591005807445,594.6969619750977,0.009632319795538122,0.049330092620423725
2001-03-21,705.406494140625,755.4817504882812,698.8751220703125,755.4817504882812,423.15972900390625,2792716,0.04720649829563463,604.2765548706054,0.014624830968285207,0.04772217430050686
2001-03-22,762.013427734375,805.5570068359375,755.4817504882812,805.5570068359375,451.2078552246094,3753735,0.06417834622092636,618.2105178833008,0.021228271519535165,0.044748055397094526
2001-03-23,829.505859375,859.9863891601562,829.505859375,859.9863891601562,481.69476318359375,3449185,0.06538259046403647,634.7570907592774,0.02429121477833137,0.045604008783938436
2001-03-26,866.51806640625,866.51806640625,822.9744873046875,846.92333984375,474.3778381347656,3187987,-0.015306379867001877,650.5416488647461,0.02332055054077916,0.04625814641238956
2001-03-27,827.3286743164062,846.92333984375,814.265625,822.9744873046875,460.96368408203125,2211793,-0.02868498213056532,664.6933334350585,0.021073285212209126,0.047688810718635705
2001-03-28,836.0375366210938,849.1005859375,820.7972412109375,822.9744873046875,460.96368408203125,2592600,0.0,678.8450180053711,0.021073285212209126,0.047688810718635705
2001-03-29,822.9744873046875,870.8722534179688,812.08837890625,870.8722534179688,487.7921447753906,2433881,0.056570098959626385,697.1333404541016,0.027236368922338373,0.043533357885251256
2001-03-30,866.51806640625,868.6950073242188,827.3286743164062,829.505859375,464.6220703125,1752937,-0.04866512617764354,713.0267608642578,0.02416069511563317,0.04666382471741052
2001-04-02,805.5570068359375,814.265625,772.8992309570312,772.8992309570312,432.91558837890625,1049311,-0.07068149424610287,724.8923919677734,0.018339303383838757,0.0508993159787628
2001-04-03,720.6467895507812,738.0642700195312,720.6467895507812,720.6467895507812,403.6479797363281,992252,-0.06999955151891007,734.254263305664,0.015042998147360487,0.05443884851540233
2001-04-04,718.4697875976562,735.8870849609375,703.2295532226562,716.2926025390625,401.2091064453125,1751055,-0.006060381338942322,741.5478271484375,0.011385674530014349,0.05320146669742112
2001-04-05,716.2926025390625,716.2926025390625,716.2926025390625,716.2926025390625,401.2091064453125,0,0.0,747.3173645019531,0.00878285635467537,0.0523739391350721
2001-04-06,751.1273193359375,755.4817504882812,729.3556518554688,731.5328369140625,409.7454833984375,1586854,0.02105336304251778,754.502066040039,0.010934466908420917,0.051925683143284954
2001-04-09,727.1784057617188,748.9501342773438,718.4697875976562,731.5328369140625,409.7454833984375,1031708,0.0,759.7272979736329,0.00770752981963264,0.05040213897458659
2001-04-10,742.418701171875,753.3045654296875,709.7609252929688,709.7609252929688,397.5506591796875,1371120,-0.03021392089602397,763.8639343261718,0.006196833774831441,0.05109337324871683
2001-04-11,727.1784057617188,727.1784057617188,694.5206909179688,707.583740234375,396.3310852050781,1343351,-0.0030722051226968875,767.8917114257813,0.006043223518696597,0.051117596836147985
2001-04-12,720.6467895507812,748.9501342773438,718.4697875976562,744.595947265625,417.06231689453125,1791788,0.05098573532095293,769.3068786621094,0.001937648617237494,0.04303435498295167
2001-04-13,768.5447998046875,768.5447998046875,725.001220703125,725.001220703125,406.0869140625,1504312,-0.026668380007858837,767.7828521728516,-0.0020591143648842894,0.04170781265784657
2001-04-16,729.3556518554688,746.7731323242188,725.001220703125,735.8870849609375,412.184326171875,849884,0.014903351204913226,767.3474090576171,-0.00058825144014727,0.04176414082230085
2001-04-17,735.8870849609375,748.9501342773438,727.1784057617188,744.595947265625,417.06231689453125,768470,0.011765028802945653,768.5448669433594,0.0016346295502903847,0.04114398122494809
2001-04-18,729.3556518554688,762.013427734375,718.4697875976562,762.013427734375,426.8182373046875,2124239,0.023122458640476528,768.871450805664,0.00043042756753247993,0.04007863728084376
2001-04-19,781.6078491210938,783.7850952148438,751.1273193359375,751.1273193359375,420.7207336425781,1859628,-0.014389006764523685,766.1499664306641,-0.0034979400817400225,0.03725221520295964
2001-04-20,762.013427734375,779.4306640625,757.6589965820312,766.3676147460938,429.2570495605469,1252957,0.02008679896492466,761.469027709961,-0.005762729656695613,0.03408653863352403
2001-04-23,762.013427734375,766.3676147460938,753.3045654296875,753.3045654296875,421.940185546875,425020,-0.017192354044096074,756.7880889892579,-0.005857028365550322,0.03411692542886067
2001-04-24,751.1273193359375,762.013427734375,740.2415161132812,740.2415161132812,414.6234436035156,761632,-0.017493109310197635,752.6514404296875,-0.005297434724531939,0.033813223370561085
2001-04-25,729.3556518554688,744.595947265625,718.4697875976562,718.4697875976562,402.4286193847656,725964,-0.02985285071373693,747.4262054443359,-0.006790077260218784,0.0342234864141088
2001-04-26,729.3556518554688,744.595947265625,718.4697875976562,718.4697875976562,402.4286193847656,725964,0.0,739.8060821533203,-0.009618582208200104,0.030886275131241255
2001-04-27,718.4697875976562,718.4697875976562,685.8120727539062,687.989013671875,385.3557434082031,580544,-0.04335078605674693,732.7302398681641,-0.009352865202155274,0.030553744458394105
2001-04-30,690.166259765625,696.6978759765625,655.33154296875,657.5087280273438,368.283203125,545961,-0.04531483077554847,726.9607147216797,-0.008084532028627554,0.028318659976900192
2001-05-01,657.5087280273438,657.5087280273438,657.5087280273438,657.5087280273438,368.283203125,0,0.0,723.8038116455078,-0.00458455445268205,0.024304945039247402
2001-05-02,668.3945922851562,672.748779296875,611.7877197265625,611.7877197265625,342.6739807128906,655588,-0.07207267938063235,718.5785675048828,-0.00788516935476655,0.028615844415390678
2001-05-03,611.7877197265625,653.154296875,605.2562866210938,653.154296875,365.8441467285156,766578,0.0654280314570018,715.4216522216797,-0.004613767781916462,0.03297293358355693
2001-05-04,653.154296875,668.3945922851562,620.49658203125,648.7998657226562,363.4051513671875,1131538,-0.006689094767917026,711.2850036621094,-0.006000890672438202,0.032415149002376784
2001-05-07,648.7998657226562,653.154296875,622.6737670898438,640.0912475585938,358.52728271484375,495917,-0.013513555337298868,706.712924194336,-0.006676568439303145,0.032424320343232664
2001-05-08,640.0912475585938,655.33154296875,633.5596313476562,644.4454345703125,360.9661865234375,977492,0.006779415098050928,703.4471496582031,-0.004826901639599401,0.03206410161205697
2001-05-09,650.9771118164062,670.57177734375,642.2684936523438,644.4454345703125,360.9661865234375,776004,0.0,700.290234375,-0.0046732913834645565,0.032080305262471784
2001-05-10,644.4454345703125,644.4454345703125,609.6107177734375,618.3193359375,346.3324279785156,392511,-0.041385106779965396,693.9764038085938,-0.009291833488510471,0.030241993495831322
2001-05-11,609.6107177734375,627.0281982421875,576.9529418945312,607.4335327148438,340.2350769042969,880160,-0.01776229075947123,688.0980194091796,-0.008846529026091092,0.030037541070424435
2001-05-14,598.7246704101562,618.3193359375,585.6615600585938,611.7877197265625,342.6739807128906,420060,0.007142601089599879,681.8930511474609,-0.009234566531856758,0.02976346011855113
2001-05-15,616.1421508789062,624.8510131835938,596.5474243164062,596.5474243164062,334.1375427246094,476540,-0.025226616469370706,674.490625,-0.011084148795472577,0.02953833474649504
2001-05-16,596.5474243164062,605.2562866210938,566.067138671875,566.067138671875,317.0649719238281,514415,-0.052446051950056964,664.693310546875,-0.01486257432499925,0.029764811636148334
2001-05-17,576.9529418945312,583.484375,559.5354614257812,574.7757568359375,321.94287109375,702583,0.015267285890741259,655.875732421875,-0.013379759692236006,0.030518799770025643
2001-05-18,581.307373046875,592.1932373046875,568.2440795898438,568.2440795898438,318.2842712402344,748629,-0.0114289326140534,645.9695556640625,-0.014955546271184908,0.02949636798314356
2001-05-21,546.472412109375,555.1810302734375,529.054931640625,529.054931640625,296.3337707519531,380308,-0.07145877700901665,634.7570739746094,-0.017668867419430936,0.03209447263566917
2001-05-22,531.232177734375,546.472412109375,496.3971862792969,496.3971862792969,278.04150390625,689423,-0.06371588193616579,622.5648574829102,-0.019980006050729342,0.033705003315143194
2001-05-23,489.86578369140625,529.054931640625,478.9797058105469,529.054931640625,296.3337707519531,925830,0.06371588193616588,613.0941146850586,-0.015301569418234202,0.038425793789487454
2001-05-24,522.5235595703125,566.067138671875,515.9918823242188,566.067138671875,317.0649719238281,1175800,0.06762042373232886,605.4739822387695,-0.01192054823161776,0.04259205743526297
2001-05-25,559.5354614257812,570.4213256835938,535.5866088867188,537.7637939453125,301.2117614746094,690347,-0.05129327168793497,597.9627212524414,-0.012317672513177162,0.04293617118438989
2001-05-28,526.8777465820312,529.054931640625,500.7516174316406,505.1058044433594,282.91937255859375,335902,-0.0626514979624748,590.3425750732422,-0.013184505872523478,0.04380364960344135
2001-05-29,507.28302001953125,524.7005004882812,500.7516174316406,500.7516174316406,280.48052978515625,452001,-0.00865771652068086,582.504719543457,-0.01361739169855752,0.043709174923281274
2001-05-30,489.86578369140625,515.9918823242188,489.86578369140625,507.28302001953125,284.1388854980469,335578,0.012958868173257646,577.2794845581054,-0.009365814320863022,0.04181859709936142
2001-05-31,500.7516174316406,515.9918823242188,500.7516174316406,507.28302001953125,284.1388854980469,280841,0.0,569.985920715332,-0.01263721589371311,0.03804890478432683
2001-06-01,511.637451171875,515.9918823242188,485.5113525390625,485.5113525390625,271.9441223144531,381922,-0.04386640208357157,561.8214950561523,-0.014496081259495839,0.03864646662315646
2001-06-04,485.5113525390625,485.5113525390625,463.73944091796875,465.9166564941406,260.96881103515625,273610,-0.04119590124336572,553.1127655029297,-0.015880198554799184,0.03910245495246416
2001-06-05,470.2710876464844,496.3971862792969,470.2710876464844,496.3971862792969,278.04150390625,462793,0.06336961565627565,545.710353088379,-0.013050688526887944,0.04270953924292295
2001-06-06,515.9918823242188,529.054931640625,511.637451171875,529.054931640625,296.3337707519531,938707,0.06371588193616588,539.9408279418946,-0.009864894430079651,0.045985003444258425
2001-06-07,526.8777465820312,531.232177734375,511.637451171875,520.3460693359375,291.4557800292969,483154,-0.016598158827394377,535.0421646118164,-0.0086255470324511,0.04542135117982732
2001-06-08,544.2952270507812,555.1810302734375,533.4093627929688,548.649658203125,307.3091125488281,1189473,0.0529659842882902,532.1029708862304,-0.005089133280063028,0.04738353917874069
2001-06-11,537.7637939453125,544.2952270507812,533.4093627929688,544.2952270507812,304.8701171875,350833,-0.007968296024798947,528.7283462524414,-0.00584467813578297,0.04729863312190033
2001-06-12,542.1179809570312,559.5354614257812,537.7637939453125,555.1810302734375,310.96746826171875,992972,0.019802444800120618,526.660026550293,-0.0035932250723084034,0.04739908269831045
2001-06-13,559.5354614257812,559.5354614257812,531.232177734375,535.5866088867188,299.99224853515625,474432,-0.03593162980805236,525.1360000610351,-0.0027675039652081735,0.04664102846667552
2001-06-14,524.7005004882812,529.054931640625,498.57440185546875,500.7516174316406,280.48052978515625,344643,-0.06725240686692685,521.4347930908203,-0.00689348860309158,0.04857165041928445
2001-06-15,489.86578369140625,511.637451171875,489.86578369140625,505.1058044433594,282.91937255859375,185609,0.008657716520680972,518.2778793334961,-0.005889156146354861,0.048680480968606485
2001-06-18,502.9288330078125,502.9288330078125,483.3341369628906,485.5113525390625,271.9441223144531,226393,-0.039565250430994826,516.100700378418,-0.004294479817453769,0.04690967783308792
2001-06-19,483.3341369628906,489.86578369140625,470.2710876464844,478.9797058105469,268.28564453125,271727,-0.013544441962945838,515.2298263549804,-0.0017859078187927716,0.044861564673517665
2001-06-20,476.802490234375,489.86578369140625,474.6255187988281,476.802490234375,267.066162109375,305119,-0.004555890141209378,512.617204284668,-0.005199496422661535,0.04212935987870691
2001-06-21,487.6885681152344,487.6885681152344,472.44830322265625,472.44830322265625,264.6272888183594,297132,-0.009174008765518344,507.936262512207,-0.009039218047553895,0.038485105147352934
2001-06-22,472.44830322265625,481.15692138671875,468.0938720703125,470.2710876464844,263.4078063964844,331228,-0.004619019123245843,504.56162719726564,-0.006705505419319439,0.03718104487555032
2001-06-25,470.2710876464844,470.2710876464844,470.2710876464844,470.2710876464844,263.4078063964844,0,0.0,502.81989135742185,-0.0035729305211956996,0.03478121171140555
2001-06-26,472.44830322265625,476.802490234375,437.61334228515625,437.61334228515625,245.1155548095703,432857,-0.07197357033004562,499.66297760009763,-0.006738723211663938,0.038000878580271145
2001-06-27,439.7905578613281,457.2080383300781,439.7905578613281,439.7905578613281,246.33506774902344,464959,0.004962868399725314,496.2883544921875,-0.007138523200340555,0.03782438925226558
2001-06-28,444.1449890136719,448.4991760253906,437.61334228515625,441.9677734375,247.55459594726562,336864,0.004938359919280286,493.02259216308596,-0.00689160520437654,0.03788950503649412
2001-06-29,455.03082275390625,461.5622253417969,448.4991760253906,452.8536071777344,253.6519317626953,383115,0.024331941646880923,491.3897048950195,-0.003481688017853915,0.03745305891213121
2001-07-02,452.8536071777344,455.03082275390625,435.4361267089844,441.9677734375,247.55459594726562,167389,-0.024331941646880885,490.1922607421875,-0.002638490038029673,0.03674238364051409
2001-07-03,441.9677734375,452.8536071777344,435.4361267089844,435.4361267089844,243.8960723876953,182902,-0.014888849678223324,487.1442077636719,-0.006551413304754622,0.0333536349161571
2001-07-04,435.4361267089844,439.7905578613281,424.55029296875,428.90472412109375,240.23770141601562,275539,-0.015113312999527461,482.13669738769534,-0.01049287305153929,0.028984519940536475
2001-07-05,424.55029296875,431.0819396972656,420.19586181640625,420.19586181640625,235.35972595214844,244387,-0.020513865733029105,477.1291870117187,-0.010688658396821026,0.02904110033924955
2001-07-06,415.8414306640625,428.90472412109375,409.3100280761719,409.3100280761719,229.26229858398438,358502,-0.026248056483105756,470.1622055053711,-0.014649360435390824,0.0250271040337897
2001-07-09,402.77838134765625,409.3100280761719,391.8925476074219,391.8925476074219,219.50650024414062,224097,-0.0434851947826189,462.5420715332031,-0.01642520537328182,0.025776936862260336
2001-07-10,394.06976318359375,407.1328125,391.8925476074219,396.2469787597656,221.9454803466797,299515,0.011050011613202987,454.59536895751955,-0.0168628270326277,0.025197299002129473
2001-07-11,391.8925476074219,396.2469787597656,372.2978515625,372.2978515625,208.5311279296875,341910,-0.062343490435189934,446.4309310913086,-0.01818342006398458,0.02688490659342968
2001-07-12,383.1839294433594,396.2469787597656,383.1839294433594,396.2469787597656,221.9454803466797,461560,0.06234349043519002,441.20569915771483,-0.011703625198878739,0.029885948878509736
2001-07-13,404.9555969238281,407.1328125,370.1206359863281,370.1206359863281,207.31163024902344,468266,-0.06820870487736341,434.4564407348633,-0.015546946268780957,0.031997570897058306
2001-07-16,372.2978515625,376.65228271484375,348.34893798828125,352.703369140625,197.555908203125,379619,-0.04820160608171584,427.81604156494143,-0.015978764051317006,0.03239457789560727
2001-07-17,348.34893798828125,367.9436340332031,348.34893798828125,352.703369140625,197.555908203125,394822,0.0,421.5022247314453,-0.015301541953169717,0.03258913868536904
2001-07-18,359.2347717285156,363.5892028808594,341.8172912597656,341.8172912597656,191.4583740234375,506480,-0.03135103139720371,414.75296478271486,-0.016641299015969432,0.03267479742105604
2001-07-19,328.7542419433594,348.34893798828125,326.5770263671875,337.4631042480469,189.01951599121094,499492,-0.012820174634998682,408.0037048339844,-0.016823607309443447,0.03264109549342503
2001-07-20,337.4631042480469,350.5261535644531,330.93145751953125,337.4631042480469,189.01951599121094,534812,0.0,401.3633056640625,-0.01659265635328116,0.03274815881399938
2001-07-23,343.9945068359375,346.1717224121094,315.6911926269531,315.6911926269531,176.82461547851562,263092,-0.06669168633437549,393.6343109130859,-0.019927240669999933,0.03432706751339466
2001-07-24,304.80535888671875,308.0711975097656,293.9192810058594,293.9192810058594,164.62979125976562,429821,-0.07145932201585004,386.4496078491211,-0.019901528254290153,0.034286199058344985
2001-07-25,287.38787841796875,303.7167663574219,287.38787841796875,299.3623352050781,167.6785430908203,375531,0.01834948791380307,379.4281967163086,-0.019232197278586265,0.034921918474854624
2001-07-26,299.3623352050781,311.3370056152344,281.94482421875,303.7167663574219,170.11753845214844,1617372,0.014440914346252167,372.51564636230466,-0.018757069557237667,0.03533033219973952
2001-07-27,306.9825744628906,320.0456237792969,300.450927734375,301.53955078125,168.89804077148438,1669503,-0.007194389898733319,364.94994354248047,-0.020333386134518384,0.03398432478351361
2001-07-30,301.53955078125,301.53955078125,301.53955078125,301.53955078125,168.89804077148438,0,0.0,357.928532409668,-0.019116789052174336,0.0342679904845462
2001-07-31,295.00811767578125,299.3623352050781,285.2106628417969,290.6536865234375,162.80064392089844,365615,-0.03676870981352783,350.6894104003906,-0.02021078205893956,0.0344745418551813
2001-08-01,292.8309020996094,298.2737121582031,287.38787841796875,290.6536865234375,162.80064392089844,627190,0.0,343.7768585205078,-0.019455116408963188,0.03475664086147651
2001-08-02,297.18511962890625,310.2481689453125,296.09649658203125,310.2481689453125,173.77590942382812,1398184,0.0652400444111705,338.27947387695315,-0.01516742090175321,0.03957465979270974
2001-08-03,310.2481689453125,324.3998107910156,308.0711975097656,314.60260009765625,176.21490478515625,1648416,0.013937733164400662,333.54410247802736,-0.013158131419377888,0.04000033215672206
2001-08-06,314.60260009765625,316.7798156738281,300.450927734375,304.80535888671875,170.72727966308594,442236,-0.0316368500559728,329.1897430419922,-0.012565714183045584,0.039613406812718084
2001-08-07,293.9192810058594,311.3370056152344,291.7423095703125,310.2481689453125,173.77590942382812,398305,0.017699116891572022,324.88980255126955,-0.012233258919127132,0.03984923227942349
2001-08-08,310.2481689453125,313.51397705078125,304.80535888671875,311.3370056152344,174.38580322265625,548191,0.003503422630332698,321.8417602539063,-0.008940913265851001,0.03817624088736501
2001-08-09,311.3370056152344,333.1086730957031,310.2481689453125,315.6911926269531,176.82461547851562,1522524,0.013888552426552554,317.8139709472656,-0.011363660166282874,0.03480275718011953
2001-08-10,322.22283935546875,333.1086730957031,313.51397705078125,330.93145751953125,185.3610076904297,1201569,0.047146779697663566,315.8545120239258,-0.005595885937531525,0.03444306844422642
2001-08-13,333.1086730957031,337.4631042480469,320.0456237792969,320.0456237792969,179.26364135742188,827439,-0.03344771701207257,314.22162475585935,-0.00485819148404936,0.033630944050074746
2001-08-14,322.22283935546875,333.1086730957031,322.22283935546875,328.7542419433594,184.1415252685547,862412,0.02684692671716656,313.02416839599607,-0.0035158451481910333,0.034362879435009853
2001-08-15,326.5770263671875,337.4631042480469,324.3998107910156,326.5770263671875,182.92202758789062,890920,-0.006644650399081491,312.2621551513672,-0.0022805260982849216,0.03374814906730753
2001-08-16,328.7542419433594,348.34893798828125,326.5770263671875,348.34893798828125,195.1168670654297,1141338,0.06453883652047201,312.8064468383789,0.0015874244594886132,0.03677408694567045
2001-08-17,359.2347717285156,363.5892028808594,348.34893798828125,350.5261535644531,196.3363800048828,1434881,0.006230648783893622,313.45959930419923,0.0018989568986832943,0.0367863207624831
2001-08-20,337.4631042480469,354.8805847167969,337.4631042480469,341.8172912597656,191.4583740234375,606150,-0.025158963338667534,314.76590423583986,0.003975593048468692,0.03375814978719548
2001-08-21,341.8172912597656,352.703369140625,337.4631042480469,339.64007568359375,190.23886108398438,628682,-0.006389902259221394,317.05194396972655,0.007229064036300125,0.02888995133704464
2001-08-22,339.64007568359375,348.34893798828125,330.93145751953125,330.93145751953125,185.3610076904297,570967,-0.025975179012489125,318.6304000854492,0.005012830689985515,0.029681272317388718
2001-08-23,341.8172912597656,346.1717224121094,337.4631042480469,337.4631042480469,189.01951599121094,824644,0.01954490663671186,320.31771697998045,0.005268030304508499,0.029788350367063343
2001-08-24,337.4631042480469,341.8172912597656,322.22283935546875,326.5770263671875,182.92202758789062,697140,-0.03279034733069945,321.56959075927733,0.0039882324329101925,0.03088172775477989
2001-08-27,335.285888671875,337.4631042480469,326.5770263671875,328.7542419433594,184.1415252685547,721347,0.0066446503990816,322.9303253173828,0.004320464952864272,0.03087230411227265
2001-08-28,337.4631042480469,346.1717224121094,333.1086730957031,335.285888671875,187.79998779296875,2056607,0.019673080249195705,325.1619354248047,0.00714255445600045,0.029466290100091358
2001-08-29,335.285888671875,337.4631042480469,324.3998107910156,333.1086730957031,186.58050537109375,1327456,-0.00651478453365363,327.284684753418,0.006816815229317768,0.02958517364833226
2001-08-30,337.4631042480469,352.703369140625,333.1086730957031,352.703369140625,197.555908203125,1643409,0.057158607248278294,329.4074447631836,0.006412743371173158,0.02878973165863829
2001-08-31,352.703369140625,359.2347717285156,343.9945068359375,359.2347717285156,201.21424865722656,2251774,0.018348745373707183,331.63905334472656,0.0066332939816384825,0.028867204257766267
2001-09-03,367.9436340332031,367.9436340332031,343.9945068359375,346.1717224121094,193.89736938476562,1224349,-0.0370411755087012,333.7073715209961,0.006363077709002063,0.029266820782384025
2001-09-04,343.9945068359375,354.8805847167969,339.64007568359375,352.703369140625,197.555908203125,864209,0.018692430134994106,335.8301315307617,0.006412743371173167,0.029287905702912415
2001-09-05,343.9945068359375,350.5261535644531,328.7542419433594,328.7542419433594,184.1415252685547,757818,-0.0703169029638203,336.700993347168,0.002721727091465517,0.033953799450034315
2001-09-06,320.0456237792969,324.3998107910156,305.89398193359375,305.89398193359375,171.33705139160156,1224842,-0.07207190900802256,336.2111328125,-0.0015762959802632383,0.03769983904138884
2001-09-07,290.6536865234375,290.6536865234375,285.2106628417969,285.2106628417969,159.75192260742188,893908,-0.07001050256588548,333.92509307861326,-0.0074341600934406905,0.038816227276273804
2001-09-10,267.7931823730469,280.8562316894531,265.6162109375,273.2362060546875,153.0447998046875,703067,-0.04289143034628971,331.5846221923828,-0.007906345760151548,0.03920482259771731
2001-09-11,271.0589904785156,276.5020446777344,254.73011779785156,254.73011779785156,142.67918395996094,977803,-0.07013202161701416,327.88341598510743,-0.012755293176860586,0.04065085171012421
2001-09-12,254.73011779785156,254.73011779785156,254.73011779785156,254.73011779785156,142.67918395996094,0,0.0,324.29107055664065,-0.01242306065690651,0.04073049622395033
2001-09-13,237.31263732910156,237.31263732910156,237.31263732910156,237.31263732910156,132.92332458496094,10978066,-0.07082620644477237,318.73925552368166,-0.01919131280516873,0.038451680004542965
2001-09-14,220.9837646484375,220.9837646484375,220.9837646484375,220.9837646484375,123.77720642089844,131999522,-0.0712891809865431,312.2621360778809,-0.023067304293690565,0.03964284480862237
2001-09-17,220.9837646484375,220.9837646484375,220.9837646484375,220.9837646484375,123.77720642089844,0,0.0,306.22045974731446,-0.02180935612675719,0.039970794972469914
2001-09-18,220.9837646484375,220.9837646484375,220.9837646484375,220.9837646484375,123.77720642089844,0,0.0,300.28764419555665,-0.02148986101379612,0.04012577035065714
2001-09-19,220.9837646484375,220.9837646484375,220.9837646484375,220.9837646484375,123.77720642089844,0,0.0,294.79025955200194,-0.02019110206317166,0.04039243808271033
2001-09-20,206.8321075439453,211.18653869628906,206.8321075439453,206.8321075439453,115.85062408447266,693989208,-0.06618184619054367,288.2587097167969,-0.024477439704534438,0.040502226307570256
2001-09-21,200.3007049560547,200.3007049560547,200.3007049560547,200.3007049560547,112.19224548339844,31707,-0.03208762733281818,281.94489364624025,-0.02444230370464038,0.04049493939357039
2001-09-24,200.3007049560547,200.3007049560547,200.3007049560547,200.3007049560547,112.19224548339844,0,0.0,275.522216796875,-0.024774536224594457,0.04025300390182504
2001-09-25,206.8321075439453,211.18653869628906,187.23764038085938,187.23764038085938,104.87537384033203,1605516,-0.0674411479244815,268.1198043823242,-0.029130247633278317,0.039901976501315745
2001-09-26,178.52877807617188,200.3007049560547,174.17459106445312,199.21209716796875,111.5824966430664,1629454,0.06199145781932529,261.4249755859375,-0.025704935515629367,0.04460837637699061
2001-09-27,188.3262481689453,194.857666015625,188.3262481689453,188.3262481689453,105.4851303100586,491912,-0.0561942506326597,253.20611953735352,-0.03137257840967627,0.04054174308450141
2001-09-28,188.3262481689453,188.3262481689453,188.3262481689453,188.3262481689453,105.4851303100586,0,0.0,244.660693359375,-0.03229001567836163,0.03955290961998306
2001-10-01,188.3262481689453,188.3262481689453,188.3262481689453,188.3262481689453,105.4851303100586,0,0.0,236.7684196472168,-0.030437956902926566,0.040180965438184196
2001-10-02,195.94627380371094,195.94627380371094,188.3262481689453,188.3262481689453,105.4851303100586,423299,0.0,228.5495635986328,-0.03137257840967627,0.03918303447993347
2001-10-03,188.3262481689453,191.5918426513672,175.26295471191406,177.44017028808594,99.38762664794922,471205,-0.05954233813328693,220.98386001586914,-0.0308338501681496,0.03869037961180132
2001-10-04,188.3262481689453,189.41485595703125,175.26295471191406,176.3515625,98.77787780761719,653138,-0.006153966431537661,214.50673904418946,-0.02753795303932536,0.03778973992076111
2001-10-05,180.70599365234375,186.14903259277344,176.3515625,183.97181701660156,103.0461196899414,484835,0.04230306062551451,209.44479675292968,-0.02192227487975536,0.03945440894908116
2001-10-08,179.6173858642578,181.7946014404297,171.99737548828125,171.99737548828125,96.33899688720703,358106,-0.06730335958150115,204.3828552246094,-0.02314287134151593,0.04050100556138502
2001-10-09,178.52877807617188,180.70599365234375,173.0859832763672,177.44017028808594,99.38762664794922,499407,0.031154265387524204,200.5183578491211,-0.018078556991289012,0.04064839661159945
2001-10-10,177.44017028808594,177.44017028808594,177.44017028808594,177.44017028808594,99.38762664794922,0,0.0,196.65386047363282,-0.018078556991289012,0.04064839661159945
2001-10-11,183.97181701660156,189.41485595703125,183.97181701660156,189.41485595703125,106.09488677978516,596643,0.06530613132360623,194.25897140502929,-0.011271940102870083,0.04269699967763935
2001-10-12,201.38931274414062,201.38931274414062,188.3262481689453,190.50323486328125,106.70450592041016,790009,0.005729560713089979,192.73494491577148,-0.007421003017888429,0.040411065020695615
2001-10-15,185.0604248046875,187.23764038085938,177.44017028808594,178.52877807617188,99.99737548828125,257638,-0.06491936539207616,190.6121955871582,-0.01066697128749224,0.04234463461681967
2001-10-16,174.17459106445312,185.0604248046875,173.0859832763672,185.0604248046875,103.6558609008789,304664,0.03593258237519981,188.8160285949707,-0.008870342168732247,0.04356572176011397
2001-10-17,185.0604248046875,191.5918426513672,181.7946014404297,183.97181701660156,103.0461196899414,529256,-0.005899814825842908,186.9654312133789,-0.009165332910024391,0.04352245083612123
2001-10-18,178.52877807617188,182.88320922851562,177.44017028808594,180.70599365234375,101.21687316894531,217148237,-0.017911211363655387,185.65912551879882,-0.006751801168679977,0.04148492161255556
2001-10-19,179.6173858642578,191.5918426513672,178.52877807617188,187.23764038085938,104.87537384033203,722126,0.0355072481162999,185.00597229003907,-0.0033720573962240734,0.042061637417447485
2001-10-22,191.5918426513672,200.3007049560547,191.5918426513672,200.3007049560547,112.19224548339844,1080709,0.06744114792448148,185.00597229003907,6.938893903907229e-19,0.04495036406242119
2001-10-23,206.8321075439453,206.8321075439453,193.76905822753906,197.03488159179688,110.36300659179688,967001461,-0.016438985184827226,185.49583435058594,0.0025501081369827144,0.04229099700624919
2001-10-24,195.94627380371094,202.47792053222656,195.94627380371094,199.21209716796875,111.5824966430664,609339,0.01098929507967113,185.49583435058594,6.4184768611141866e-18,0.0399933711098398
2001-10-25,202.47792053222656,212.275146484375,201.38931274414062,212.275146484375,118.89935302734375,1162455,0.06351322189264057,186.69327926635742,0.0059853736262650194,0.0400982782961247
2001-10-26,216.62957763671875,226.4268035888672,215.5409698486328,223.16098022460938,124.99671173095703,1714351,0.05001010148809505,188.4350158691406,0.008485878700669771,0.04124820122220041
2001-10-29,220.9837646484375,222.07237243652344,213.36375427246094,216.62957763671875,121.33836364746094,852475,-0.029704516011820597,189.8501823425293,0.007000652900078742,0.04209590939914164
2001-10-30,209.0093231201172,209.0093231201172,202.47792053222656,202.47792053222656,113.41173553466797,335800,-0.06755803323720698,190.55776596069336,0.0036227512382183934,0.0452775245274954
2001-10-31,189.41485595703125,195.94627380371094,188.3262481689453,189.41485595703125,106.09488677978516,565940,-0.06669123157404834,191.15650024414063,0.0032653065661803226,0.045827308940115566
2001-11-01,193.76905822753906,195.94627380371094,191.5918426513672,194.857666015625,109.14348602294922,438274922,0.028329759556305453,192.08180541992186,0.004989492865572478,0.046102146531343306
2001-11-02,199.21209716796875,204.65489196777344,199.21209716796875,203.5665283203125,114.021484375,507779,0.04372349777331526,193.06154098510743,0.005060514722962516,0.04616370771862622
2001-11-05,207.92071533203125,211.18653869628906,204.65489196777344,206.8321075439453,115.85062408447266,577481187,0.015914517550693823,194.80327758789062,0.009221408579572266,0.0429355015757093
2001-11-06,211.18653869628906,217.7181854248047,201.38931274414062,201.38931274414062,112.8019790649414,957731,-0.026667475448463276,196.00073471069337,0.00633032153777289,0.04332586605503111
2001-11-07,206.8321075439453,214.45236206054688,205.74349975585938,214.45236206054688,120.11885070800781,810331,0.06284771135603931,197.8513442993164,0.009472707105574855,0.045085960797076656
2001-11-08,224.2495880126953,228.60401916503906,214.45236206054688,220.9837646484375,123.77720642089844,1278536,0.03000161028296752,199.4297897338867,0.00770748105354292,0.04344620236833485
2001-11-09,220.9837646484375,220.9837646484375,220.9837646484375,220.9837646484375,123.77720642089844,0,0.0,200.95381622314454,0.007421003017888421,0.04347880863520278
2001-11-12,252.5529022216797,252.5529022216797,252.5529022216797,252.5529022216797,141.45968627929688,428475,0.1335315048297377,204.65502243041993,0.017343546528979112,0.04846014182992493
2001-11-13,269.97039794921875,269.97039794921875,268.88177490234375,269.97039794921875,151.21556091308594,1996677,0.0666915752429585,208.9005210876465,0.018881496172367045,0.04955682091217381
2001-11-14,288.4764709472656,288.4764709472656,274.3248291015625,288.4764709472656,161.58119201660156,3531171,0.06630121035097081,214.1257537841797,0.02249154743120773,0.050281082555268815
2001-11-15,284.1220397949219,306.9825744628906,281.94482421875,304.80535888671875,170.72727966308594,2528804,0.05505987919364548,220.33072204589843,0.026140101959072775,0.0498406050421381
2001-11-16,305.89398193359375,325.4886779785156,303.7167663574219,320.0456237792969,179.26364135742188,4421078,0.0487901546340483,226.97112121582032,0.026804247284960198,0.050060012399399174
2001-11-19,322.22283935546875,341.8172912597656,312.4253845214844,341.8172912597656,191.4583740234375,4147805,0.06581279828378311,234.04695053100585,0.026722829802925275,0.049991719718814595
2001-11-20,341.8172912597656,350.5261535644531,330.93145751953125,330.93145751953125,185.3610076904297,3512047,-0.03236508127171046,240.74177932739258,0.025926524998581113,0.05083514413419564
2001-11-21,322.22283935546875,352.703369140625,322.22283935546875,352.703369140625,197.555908203125,2350896,0.06371611266891423,248.41634292602538,0.028562865878043277,0.051383978630315366
2001-11-22,365.76641845703125,374.4750671386719,354.8805847167969,367.9436340332031,206.0922393798828,3292752,0.04230236842710977,256.1997673034668,0.027502323204766733,0.05084067138322547
2001-11-23,381.0067138671875,391.8925476074219,378.8294982910156,391.8925476074219,219.50650024414062,1946552,0.06305793091876659,264.63634567260743,0.028154714676300308,0.05122694209478317
2001-11-26,409.3100280761719,418.0186462402344,398.4241943359375,418.0186462402344,234.14019775390625,3131630,0.06453835079187763,274.7057991027832,0.032866858016485215,0.049943012174015665
2001-11-27,431.0819396972656,446.32220458984375,424.55029296875,446.32220458984375,249.99356079101562,2953918,0.06551508324754121,286.89801330566405,0.039520513840722624,0.044418529766740454
2001-11-28,446.32220458984375,470.2710876464844,415.8414306640625,415.8414306640625,232.92068481445312,2955314,-0.07073711170080159,298.21934204101564,0.03931821983438497,0.044933928462764665
2001-11-29,387.5381164550781,387.5381164550781,387.5381164550781,387.5381164550781,217.0674591064453,962580,-0.07048980230556358,307.8533645629883,0.03437724174129152,0.05120181472499219
2001-11-30,376.65228271484375,400.6011657714844,376.65228271484375,376.65228271484375,210.9700927734375,2359078,-0.02849177417484032,316.50765228271484,0.030766478143883735,0.053021991056757964
2001-12-03,391.8925476074219,402.77838134765625,387.5381164550781,402.77838134765625,225.60382080078125,1104123,0.0670640536433516,326.3049659729004,0.03332395494851663,0.05349934514030532
2001-12-04,428.90472412109375,428.90472412109375,428.90472412109375,428.90472412109375,240.23770141601562,777997,0.06284831749718874,337.68073654174805,0.037799744595799226,0.05193795948907342
2001-12-05,457.2080383300781,457.2080383300781,457.2080383300781,457.2080383300781,256.0909118652344,391976,0.06390370744849921,349.8185203552246,0.037852544400422225,0.05196529285230454
2001-12-06,487.6885681152344,487.6885681152344,487.6885681152344,487.6885681152344,273.16363525390625,142269,0.06453850862238011,363.1537605285645,0.03957938931739285,0.0522636560929714
2001-12-07,520.3460693359375,520.3460693359375,520.3460693359375,520.3460693359375,291.4557800292969,229841,0.06481708613251222,378.12187576293945,0.04282024362401846,0.05168663461819546
2001-12-10,555.1810302734375,555.1810302734375,555.1810302734375,555.1810302734375,310.96746826171875,298335,0.0648001330636119,393.25328216552737,0.039383675035712176,0.047449163001848545
2001-12-11,592.1932373046875,592.1932373046875,570.4213256835938,592.1932373046875,331.6986999511719,6697022,0.06453875475450839,409.36442413330076,0.039276034011289665,0.0473863533609187
2001-12-12,631.3823852539062,633.5596313476562,618.3193359375,633.5596313476562,354.8687744140625,1120566,0.06752112933119951,426.6185821533203,0.0393370299603011,0.04742374158660861
2001-12-13,677.1032104492188,677.1032104492188,677.1032104492188,677.1032104492188,379.2585144042969,322858,0.0664695886305323,445.2334747314453,0.03990751543214544,0.047690710081735345
2001-12-14,722.823974609375,722.823974609375,722.823974609375,722.823974609375,404.86749267578125,1679497,0.06534201329552593,465.37239227294924,0.040735108365219326,0.04799560667121204
2001-12-17,772.8992309570312,772.8992309570312,672.748779296875,720.6467895507812,403.6479797363281,3841530,-0.003016599661953394,484.3138671875,0.0372936384679325,0.04856706381119925
2001-12-18,720.6467895507812,720.6467895507812,670.57177734375,670.57177734375,375.5999755859375,850263,-0.07201838011612553,501.29588317871094,0.03531097352571174,0.05223156689371204
2001-12-19,624.8510131835938,690.166259765625,624.8510131835938,633.5596313476562,354.8687744140625,3165197,-0.05677662214797939,515.3386962890625,0.029286336784867063,0.055621816721833646
2001-12-20,616.1421508789062,674.9259643554688,592.1932373046875,657.5087280273438,368.283203125,2629070,0.03710391321046354,529.8169509887696,0.029026414024034754,0.055569913119437125
2001-12-21,642.2684936523438,692.3434448242188,642.2684936523438,657.5087280273438,368.283203125,4161142,0.0,543.0977600097656,0.025873517478096426,0.055325763996572574
2001-12-24,685.8120727539062,687.989013671875,646.6226806640625,646.6226806640625,362.1856689453125,3255106,-0.016695097045944757,554.527961730957,0.021811845086205307,0.055319662931013196
2001-12-25,646.6226806640625,683.6348266601562,635.73681640625,666.2173461914062,373.1610107421875,3944165,0.02985302144980688,565.5227188110351,0.02002874199631859,0.05440401271392349
2001-12-26,685.8120727539062,711.9381713867188,685.8120727539062,711.9381713867188,398.7701110839844,5314064,0.06637510676736394,580.327555847168,0.026884352919726868,0.050889815285275065
2001-12-27,740.2415161132812,759.836181640625,677.1032104492188,696.6978759765625,390.2337341308594,6692792,-0.021639216361515556,595.7855438232422,0.029326882216929268,0.04699338384463656
2001-12-28,709.7609252929688,744.595947265625,681.4576416015625,744.595947265625,417.06231689453125,4917625,0.06648986524973818,614.1827270507813,0.034075964188158184,0.045622131672073324
2001-12-31,768.5447998046875,794.671142578125,766.3676147460938,794.671142578125,445.1104736328125,2988386,0.06508665335061978,633.7773651123047,0.0339770941735216,0.045548962873747774
2002-01-01,794.671142578125,794.671142578125,794.671142578125,794.671142578125,445.1104736328125,0,0.0,652.0656860351562,0.030834678298662162,0.04562020108879914
2002-01-02,809.9114379882812,809.9114379882812,753.3045654296875,759.836181640625,425.5987548828125,4421451,-0.04482551236701132,667.1970932006836,0.02539821730788664,0.047893881490797055
2002-01-03,759.836181640625,759.836181640625,759.836181640625,759.836181640625,425.5987548828125,0,0.0,680.8044738769531,0.02217129187676763,0.04728830938442837
2002-01-04,788.1395263671875,788.1395263671875,727.1784057617188,733.7100830078125,410.9649658203125,5731393,-0.034988891262888545,691.4726745605469,0.017180993006997592,0.04781436747132442
2002-01-07,722.823974609375,783.7850952148438,696.6978759765625,783.7850952148438,439.01300048828125,5989943,0.06602090121784804,702.9028778076172,0.017242031414709397,0.047879091479718944
2002-01-08,805.5570068359375,838.2147216796875,799.0253295898438,838.2147216796875,469.5,9997207,0.06713942925370893,715.2039520263672,0.017372065139669428,0.048017635310029026
2002-01-09,888.2897338867188,894.8214111328125,849.1005859375,894.8214111328125,501.2065124511719,9741239,0.06534985894840407,728.267041015625,0.017263501620529653,0.04790059721267381
2002-01-10,927.4791259765625,955.782470703125,918.770263671875,955.782470703125,535.3519897460938,7071075,0.06590618832423319,742.2010040283203,0.017235331605214697,0.047870292487099654
2002-01-11,975.3768920898438,1021.0977172851562,940.5421752929688,979.7313232421875,548.7661743164062,13189933,0.02474802806447617,755.0463714599609,0.01520563234366221,0.046566041023926474
2002-01-14,979.7313232421875,979.7313232421875,912.2388916015625,979.7313232421875,548.7661743164062,4712484,0.0,768.0005981445313,0.015356462326759879,0.04650876198050506
2002-01-15,973.199951171875,1001.5032348632812,914.4160766601562,949.2507934570312,531.6934204101562,5718551,-0.031605339129561184,781.9345489501953,0.017377114376088097,0.04327854755336034
2002-01-16,927.4791259765625,944.8966064453125,883.935302734375,883.935302734375,495.10906982421875,4306447,-0.07128916198211029,794.4533325195313,0.016651487384381554,0.04468605229255527
2002-01-17,825.1516723632812,851.2777709960938,822.9744873046875,842.5689086914062,471.93890380859375,5087298,-0.04792842339380657,803.7063415527343,0.012399870554168047,0.04664014554961431
2002-01-18,827.3286743164062,875.2266845703125,790.3167114257812,851.2777709960938,476.8168640136719,8625934,0.010283031102058648,813.3947937011719,0.012914022109270978,0.046552854818881065
2002-01-21,870.8722534179688,910.0616455078125,866.51806640625,910.0616455078125,509.74285888671875,3182805,0.06677385881723057,826.5667419433594,0.017087469902429746,0.04749073388145502
2002-01-22,971.022705078125,973.199951171875,936.187744140625,973.199951171875,545.10791015625,7085596,0.0670772212038453,841.9158721923828,0.018948679890131666,0.04873060216714934
2002-01-23,973.199951171875,1023.27490234375,940.5421752929688,949.2507934570312,531.6934204101562,8743544,-0.024916525747217894,853.7815032958985,0.014384098264402572,0.048328341012175445
2002-01-24,968.8455200195312,994.9716186523438,949.2507934570312,990.6171875,554.863525390625,6996604,0.042655135609822654,868.4774688720703,0.017598815862969484,0.04794285333162191
2002-01-25,1034.1610107421875,1047.22412109375,1012.3890991210938,1014.5662841796875,568.2780151367188,7561808,0.023888323328441183,881.9759857177735,0.015468738766904636,0.046583431180989635
2002-01-28,1029.8065185546875,1066.8187255859375,1029.8065185546875,1064.6416015625,596.3259887695312,6412898,0.04817700322438053,895.4745086669922,0.01462325626059267,0.04578203592429751
2002-01-29,1064.6416015625,1079.8818359375,1003.6804809570312,1016.7435302734375,569.4974365234375,4864976,-0.046033315528851135,906.5781280517579,0.012321590484150114,0.04767396300572625
2002-01-30,975.3768920898438,1040.6923828125,975.3768920898438,1027.62939453125,575.5947875976562,5137580,0.010649688235782497,919.9677886962891,0.015095350514289807,0.04574900471940496
2002-01-31,1027.62939453125,1027.62939453125,1027.62939453125,1027.62939453125,575.5947875976562,0,0.0,933.3574493408203,0.015095350514289807,0.04574900471940496
2002-02-01,1023.27490234375,1040.6923828125,977.5541381835938,986.2630004882812,552.4247436523438,4539294,-0.04108681604859632,945.9850952148438,0.014790454275004417,0.04611918344696251
2002-02-04,997.1488037109375,1010.2118530273438,986.2630004882812,999.3260498046875,559.7415771484375,2926126,0.013158047769929149,956.7621429443359,0.012147311602608474,0.04451551151758849
2002-02-05,1010.2118530273438,1066.8187255859375,1001.5032348632812,1066.8187255859375,597.5454711914062,4739806,0.06535524361619034,968.1923431396484,0.012058102320732544,0.044401147689806714
2002-02-06,1086.4132080078125,1132.134033203125,1079.8818359375,1121.2481689453125,628.0325317382812,8049493,0.04976143512752113,979.5136810302735,0.011278681129688398,0.043544989704952554
2002-02-07,1121.2481689453125,1121.2481689453125,1121.2481689453125,1121.2481689453125,628.0325317382812,0,0.0,987.7869659423828,0.007983371713476739,0.041645761307312776
2002-02-08,1121.2481689453125,1121.2481689453125,1121.2481689453125,1121.2481689453125,628.0325317382812,0,0.0,994.8628082275391,0.00674597031025293,0.041488791472512034
2002-02-11,1121.2481689453125,1121.2481689453125,1121.2481689453125,1121.2481689453125,628.0325317382812,0,0.0,1001.9386505126953,0.00674597031025293,0.041488791472512034
2002-02-12,1121.2481689453125,1121.2481689453125,1121.2481689453125,1121.2481689453125,628.0325317382812,0,0.0,1010.5385192871094,0.008326237266730988,0.04054225660750435
2002-02-13,1121.2481689453125,1121.2481689453125,1121.2481689453125,1121.2481689453125,628.0325317382812,0,0.0,1022.4041625976563,0.011890695365836503,0.036060201158625224
2002-02-14,1121.2481689453125,1121.2481689453125,1121.2481689453125,1121.2481689453125,628.0325317382812,0,0.0,1036.3381256103517,0.01428711653552683,0.03336767189256048
2002-02-15,1121.2481689453125,1121.2481689453125,1121.2481689453125,1121.2481689453125,628.0325317382812,0,0.0,1049.8366455078126,0.013772964980423899,0.03351153060426466
2002-02-18,1164.791748046875,1197.4495849609375,1143.0198974609375,1197.4495849609375,670.7142944335938,5645695,0.06575144783342829,1064.2060424804688,0.013721844431233785,0.03342709793546751
2002-02-19,1208.3353271484375,1208.3353271484375,1121.2481689453125,1132.134033203125,634.1298217773438,3792343,-0.05608957251381461,1072.1527465820313,0.007563504745350789,0.034411122286224956
2002-02-20,1110.362060546875,1110.362060546875,1053.7554931640625,1053.7554931640625,590.228515625,3697654,-0.07174393337406773,1077.377981567383,0.005222134364008297,0.038129597881827675
2002-02-21,1062.46435546875,1084.2359619140625,1042.86962890625,1062.46435546875,595.1064453125,4676958,0.0082306301721548,1080.9703399658204,0.0035009090921249058,0.03711435216363126
2002-02-22,992.7943725585938,1021.0977172851562,988.440185546875,988.440185546875,553.6441650390625,3586846,-0.07221822198369222,1079.6640350341797,-0.0013044181734817647,0.04041100966648929
2002-02-25,999.3260498046875,1010.2118530273438,957.9596557617188,981.9085693359375,549.9856567382812,3013428,-0.00662993302079167,1075.5273834228515,-0.004044764985740375,0.038701084151034564
2002-02-26,1014.5662841796875,1029.8065185546875,962.3140869140625,979.7313232421875,548.7661743164062,4485933,-0.0022198233182759244,1073.676773071289,-0.0018540903752116145,0.03741799124347431
2002-02-27,979.7313232421875,1036.3380126953125,979.7313232421875,1025.4521484375,574.375244140625,4829371,0.045610540615370204,1073.5679107666015,-0.000106047756232229,0.038823113680276425
2002-02-28,1025.4521484375,1025.4521484375,1025.4521484375,1025.4521484375,574.375244140625,0,0.0,1073.459048461914,-0.0001060477562322291,0.038823113680276425
2002-03-01,990.6171875,1003.6804809570312,955.782470703125,955.782470703125,535.3519897460938,3943245,-0.07035856867984656,1071.9350219726562,-0.0015696353877947412,0.04094322160465306
2002-03-04,1021.0977172851562,1021.0977172851562,992.7943725585938,1003.6804809570312,562.1805419921875,3864477,0.0488986574874386,1072.1527435302735,0.00021739509808073147,0.04237481556387989
2002-03-05,1053.7554931640625,1064.6416015625,1008.03466796875,1025.4521484375,574.375244140625,5928080,0.021459911192407786,1070.0844146728516,-0.0019773715231083963,0.03988723582762558
2002-03-06,1040.6923828125,1075.52734375,1034.1610107421875,1058.10986328125,592.6675415039062,6155959,0.031350532823347044,1066.9274993896483,-0.002897916638317101,0.03882873128151932
2002-03-07,1062.46435546875,1071.1729736328125,1025.4521484375,1031.9837646484375,578.03369140625,4101833,-0.025001233569720702,1062.4642791748047,-0.004147978316803136,0.03913178994402549
2002-03-08,1036.3380126953125,1051.5782470703125,1012.3890991210938,1018.9204711914062,570.7167358398438,2560227,-0.012739229746782292,1057.3478942871093,-0.00478493980414225,0.03916438512255795
2002-03-11,1031.9837646484375,1066.8187255859375,1027.62939453125,1040.6923828125,582.91162109375,3607129,0.021142539083555394,1053.3201049804688,-0.0037278128499644804,0.039583436423738294
2002-03-12,1023.27490234375,1027.62939453125,981.9085693359375,990.6171875,554.863525390625,1764275,-0.04931335272550819,1046.788555908203,-0.00619348048623989,0.040854475283028026
2002-03-13,964.4910888671875,975.3768920898438,923.1246948242188,923.1246948242188,517.0596923828125,3014303,-0.07056384790350465,1036.8823822021484,-0.009721672881415122,0.04326716089826591
2002-03-14,892.6441650390625,957.9596557617188,877.4038696289062,953.605224609375,534.1323852539062,2242838,0.03248545242731039,1028.5002349853517,-0.008097400260049603,0.04424992554497158
2002-03-15,947.0738525390625,964.4910888671875,916.5930786132812,918.770263671875,514.6207275390625,1900014,-0.0372136691419198,1018.3763397216796,-0.009958083717145592,0.04467190843899361
2002-03-18,925.3019409179688,942.7194213867188,918.770263671875,934.0105590820312,523.1571044921875,1793833,0.01645163741085118,1005.2043884277343,-0.012423074238274446,0.04152363011785284
2002-03-19,934.0105590820312,940.5421752929688,881.75830078125,890.4669799804688,498.767578125,1965305,-0.0477417216636324,993.1210357666016,-0.012005681695765338,0.04110140525113274
2002-03-20,896.9985961914062,951.4280395507812,890.4669799804688,951.4280395507812,532.9129028320312,4300621,0.06621803371993397,988.0046630859375,-0.005107583341065253,0.042112506256188495
2002-03-21,903.530029296875,929.6563720703125,903.530029296875,916.5930786132812,513.4011840820312,2256690,-0.037300434554609165,980.7110992431641,-0.007384136577403451,0.04258157392282073
2002-03-22,938.364990234375,938.364990234375,892.6441650390625,892.6441650390625,499.9869689941406,2954369,-0.026475590828797156,975.9212982177735,-0.005097005019658697,0.040070348596898765
2002-03-25,914.4160766601562,951.4280395507812,905.7072143554688,944.8966064453125,529.2545776367188,3926308,0.0568874802740741,974.0707000732422,-0.0019211343549154088,0.04239229532539308
2002-03-26,944.8966064453125,994.9716186523438,927.4791259765625,984.0857543945312,551.2052001953125,5460074,0.04063753169102708,974.2884216308594,0.00022173339554974156,0.043446482840353254
2002-03-27,999.3260498046875,999.3260498046875,916.5930786132812,916.5930786132812,513.4011840820312,3722155,-0.07104942113630398,968.8454681396485,-0.005611264692033968,0.044840827769728905
2002-03-28,914.4160766601562,940.5421752929688,907.8844604492188,918.770263671875,514.6207275390625,2716382,0.0023724850874564784,963.5113739013672,-0.0054926404376611435,0.04485958760471581
2002-03-29,940.5421752929688,964.4910888671875,927.4791259765625,951.4280395507812,532.9129028320312,3716942,0.03492794946715283,963.29365234375,-0.00022831453031117374,0.04298545794347516
2002-04-01,942.7194213867188,953.605224609375,931.8333129882812,934.0105590820312,523.1571044921875,1640503,-0.018476312056301628,959.81015625,-0.003597063007498185,0.041548831768756365
2002-04-02,944.8966064453125,953.605224609375,925.3019409179688,925.3019409179688,518.2791137695312,1669730,-0.00936763652977845,954.8026458740235,-0.005138440393607497,0.041140154340097004
2002-04-03,918.770263671875,920.947509765625,907.8844604492188,912.2388916015625,510.96240234375,1582066,-0.014218208543229235,947.5090972900391,-0.007416877461936309,0.04026550384448181
2002-04-04,899.1755981445312,901.352783203125,859.9863891601562,870.8722534179688,487.7921447753906,2161066,-0.04640659879253206,939.4535217285156,-0.00848714572307688,0.04103463524482808
2002-04-05,870.8722534179688,870.8722534179688,870.8722534179688,870.8722534179688,487.7921447753906,0,0.0,932.0511108398438,-0.007850184235737764,0.04106402031814962
2002-04-08,870.8722534179688,910.0616455078125,870.8722534179688,877.4038696289062,491.4506530761719,1726932,0.007472099532088342,923.886685180664,-0.008533706213311117,0.040667892325399115
2002-04-09,905.7072143554688,914.4160766601562,888.2897338867188,894.8214111328125,501.2065124511719,2742532,0.019656758671743508,919.0968963623047,-0.005085200643448532,0.03994572026683153
2002-04-10,894.8214111328125,903.530029296875,886.112548828125,892.6441650390625,499.9869689941406,1444442,-0.0024361276653968333,917.5728698730469,-0.0016788146315431414,0.036853226533369574
2002-04-11,903.530029296875,936.187744140625,892.6441650390625,903.530029296875,506.0844421386719,3126152,0.012121316046958448,915.0691101074219,-0.0026970214505607384,0.03613393023696443
2002-04-12,896.9985961914062,931.8333129882812,892.6441650390625,927.4791259765625,519.498779296875,2514951,0.026160942430879602,915.5045532226562,0.00047170912807923163,0.03572417979240346
2002-04-15,931.8333129882812,988.440185546875,929.6563720703125,955.782470703125,535.3519897460938,5851789,0.030060057511791853,916.593148803711,0.0011521301331262651,0.03617135840778957
2002-04-16,977.5541381835938,981.9085693359375,955.782470703125,955.782470703125,535.3519897460938,3077466,0.0,919.8589233398437,0.003539216216307885,0.03430185760903557
2002-04-17,979.7313232421875,988.440185546875,953.605224609375,955.782470703125,535.3519897460938,3925888,0.0,920.0766448974609,0.00022831453031118691,0.030967199762487813
2002-04-18,951.4280395507812,953.605224609375,914.4160766601562,916.5930786132812,513.4011840820312,1657180,-0.04186672516083283,920.0766448974609,3.816391647148976e-18,0.031273769545143146
2002-04-19,910.0616455078125,929.6563720703125,910.0616455078125,918.770263671875,514.6207275390625,994841,0.0023724850874564784,921.3829498291016,0.0014424037958126856,0.030647388290242144
2002-04-22,929.6563720703125,940.5421752929688,914.4160766601562,918.770263671875,514.6207275390625,1004257,0.0,920.0766326904297,-0.0014019702178910195,0.027731893593817794
2002-04-23,955.782470703125,955.782470703125,927.4791259765625,936.187744140625,524.3765869140625,2237662,0.018779931729562837,917.6817321777344,-0.002494850215964232,0.026386003302529402
2002-04-24,940.5421752929688,968.8455200195312,936.187744140625,953.605224609375,534.1323852539062,2574027,0.018433737412357095,919.532339477539,0.0019793077114688223,0.021233187823971465
2002-04-25,949.2507934570312,953.605224609375,936.187744140625,938.364990234375,525.5961303710938,1143054,-0.01611078641409741,920.512075805664,0.001055144136391128,0.021613996913483972
2002-04-26,949.2507934570312,949.2507934570312,918.770263671875,918.770263671875,514.6207275390625,885696,-0.021102882727822448,918.8791870117187,-0.0017463974733576359,0.020599911720125423
2002-04-29,910.0616455078125,910.0616455078125,883.935302734375,888.2897338867188,497.5479736328125,1024521,-0.033738139306206165,916.5931457519531,-0.0025094888358528624,0.021514629330881115
2002-04-30,888.2897338867188,899.1755981445312,881.75830078125,881.75830078125,493.8895263671875,1124745,-0.007379983618072623,914.4159637451172,-0.0024101061902675716,0.021485853633797056
2002-05-01,881.75830078125,881.75830078125,881.75830078125,881.75830078125,493.8895263671875,0,0.0,912.8919342041015,-0.0016991957631061097,0.021309085879091527
2002-05-02,870.8722534179688,870.8722534179688,820.7972412109375,820.7972412109375,459.74420166015625,2240988,-0.07164186974375228,910.38818359375,-0.0029609593106671205,0.024590167581432582
2002-05-03,764.1903686523438,764.1903686523438,764.1903686523438,764.1903686523438,428.03753662109375,537776,-0.07145918155642098,905.0540893554687,-0.006533918388488169,0.028943473886116095
2002-05-06,711.9381713867188,711.9381713867188,711.9381713867188,711.9381713867188,398.7701110839844,254812,-0.07082586205530808,896.7808044433593,-0.010448816467857992,0.03207517967653524
2002-05-07,664.0401611328125,711.9381713867188,664.0401611328125,670.57177734375,375.5999755859375,3558214,-0.05986032223371036,885.5683227539063,-0.014424670513130683,0.033060175449382265
2002-05-08,670.57177734375,674.9259643554688,624.8510131835938,631.3823852539062,353.64923095703125,3165812,-0.060219069651953214,872.5052337646484,-0.017313817612458503,0.034452856598223704
2002-05-09,653.154296875,664.0401611328125,637.9140625,637.9140625,357.307861328125,3169579,0.010291898180622134,859.2244354248047,-0.01740528850577532,0.034372930245969706
2002-05-10,594.3704223632812,637.9140625,594.3704223632812,631.3823852539062,353.64923095703125,2202465,-0.010291898180622048,844.4195983886718,-0.0192279305363504,0.03287505189481703
2002-05-13,609.6107177734375,644.4454345703125,609.6107177734375,635.73681640625,356.0882873535156,2622014,0.006872989199179147,828.4173156738282,-0.020387283951981035,0.03142215271446446
2002-05-14,653.154296875,674.9259643554688,653.154296875,664.0401611328125,371.9414978027344,3485353,0.043557964266268914,813.8302001953125,-0.018209385738667587,0.03428838268293398
2002-05-15,703.2295532226562,709.7609252929688,687.989013671875,709.7609252929688,397.5506591796875,2785867,0.06658555711018208,801.5291229248047,-0.014880107883158486,0.0390513085812092
2002-05-16,709.7609252929688,731.5328369140625,703.2295532226562,705.406494140625,395.1116638183594,5054978,-0.006153964308194886,790.9697937011719,-0.013094469840526587,0.038565861192868874
2002-05-17,705.406494140625,705.406494140625,659.6857299804688,659.6857299804688,369.5025634765625,2339877,-0.06701066916226374,778.0155670166016,-0.0165636275530126,0.04018785892286635
2002-05-20,618.3193359375,631.3823852539062,613.9649047851562,613.9649047851562,343.8934020996094,1405883,-0.07182578673767133,762.7752990722656,-0.02015491688989617,0.041806459705655497
2002-05-21,592.1932373046875,631.3823852539062,592.1932373046875,631.3823852539062,353.64923095703125,3112448,0.027973909632499863,747.5350311279296,-0.019695217994749315,0.0423046945467671
2002-05-22,635.73681640625,642.2684936523438,613.9649047851562,631.3823852539062,353.64923095703125,1794764,0.0,731.4238891601562,-0.02061690486536717,0.04162561880108037
2002-05-23,631.3823852539062,646.6226806640625,629.2052001953125,640.0912475585938,358.52728271484375,2009098,0.013699062685591073,716.5102020263672,-0.019126412410382744,0.04232331685413739
2002-05-24,653.154296875,683.6348266601562,648.7998657226562,683.6348266601562,382.9168701171875,2603185,0.06581315540524496,704.7534301757812,-0.014780610503729374,0.04637779851265664
2002-05-27,677.1032104492188,703.2295532226562,670.57177734375,703.2295532226562,393.8922424316406,2832472,0.028259476348498173,695.5004211425781,-0.011680729720994158,0.04711016186240506
2002-05-28,709.7609252929688,722.823974609375,677.1032104492188,681.4576416015625,381.6974182128906,2243589,-0.03144927770665368,685.4853881835937,-0.012884194425423212,0.04730155899837679
2002-05-29,666.2173461914062,685.8120727539062,664.0401611328125,681.4576416015625,381.6974182128906,1528992,0.0,675.4703552246094,-0.012884194425423212,0.04730155899837679
2002-05-30,687.989013671875,714.1153564453125,687.989013671875,701.0523071289062,392.6727600097656,2822765,0.028348407575361407,669.4831085205078,-0.00788468055946753,0.04603149520816369
2002-05-31,705.406494140625,711.9381713867188,690.166259765625,696.6978759765625,390.2337341308594,1488613,-0.0062306487838935535,666.1084838867188,-0.004623253920841156,0.04353302015990118
2002-06-03,687.989013671875,694.5206909179688,677.1032104492188,681.4576416015625,381.6974182128906,798560,-0.02211775879146769,664.5844573974609,-0.002187848757649137,0.040918404976945745
2002-06-04,670.57177734375,709.7609252929688,668.3945922851562,707.583740234375,396.3310852050781,2475033,0.03762188872025294,666.4350555419921,0.002686261790049028,0.039467217162094274
2002-06-05,729.3556518554688,755.4817504882812,729.3556518554688,748.9501342773438,419.5012512207031,4203693,0.05681642163356118,672.313442993164,0.008538036354324747,0.03830878114927109
2002-06-06,740.2415161132812,753.3045654296875,731.5328369140625,738.0642700195312,413.4038391113281,2074793,-0.014641497346198478,677.3209533691406,0.007291366577983717,0.038652856223430974
2002-06-07,731.5328369140625,744.595947265625,687.989013671875,703.2295532226562,393.8922424316406,2497111,-0.048347535300961975,680.9133117675781,0.005388584721966721,0.04045850845212796
2002-06-10,738.0642700195312,751.1273193359375,731.5328369140625,740.2415161132812,414.6234436035156,3587437,0.05129313382113577,686.1385467529296,0.007609591953064552,0.04174313301621664
2002-06-11,738.0642700195312,738.0642700195312,698.8751220703125,707.583740234375,396.3310852050781,1649339,-0.04512052280753647,688.3157257080078,0.003175667599374283,0.0424278209082288
2002-06-12,701.0523071289062,746.7731323242188,701.0523071289062,738.0642700195312,413.4038391113281,2841075,0.04217492428736263,689.7308929443359,0.0019551359582333106,0.04082866236390946
2002-06-13,766.3676147460938,768.5447998046875,744.595947265625,746.7731323242188,418.28192138671875,3202792,0.011730526394529844,691.7992248535156,0.002849360493369547,0.04083756123109322
2002-06-14,751.1273193359375,781.6078491210938,751.1273193359375,781.6078491210938,437.79345703125,3592226,0.04559170910366008,697.8953308105469,0.008479479406665737,0.03838786923279075
2002-06-17,794.671142578125,801.2025756835938,766.3676147460938,770.7220458984375,431.6960144042969,2582483,-0.014025345646975862,705.733187866211,0.011369501461200512,0.033942232977990296
2002-06-18,805.5570068359375,805.5570068359375,772.8992309570312,777.253662109375,435.3545227050781,2537836,0.008438963144087458,713.0267517089844,0.010392754136779894,0.033719609622283715
2002-06-19,777.253662109375,781.6078491210938,748.9501342773438,751.1273193359375,420.7207336425781,1576434,-0.034191590085758804,719.0139984130859,0.008683174632491951,0.03511224899337432
2002-06-20,718.4697875976562,735.8870849609375,703.2295532226562,731.5328369140625,409.7454833984375,1911830,-0.026433061178184628,723.5860778808594,0.006676568439303166,0.035947324089225595
2002-06-21,703.2295532226562,751.1273193359375,703.2295532226562,731.5328369140625,409.7454833984375,2438350,0.0,725.9809783935547,0.003385910669040919,0.03315264866077037
2002-06-24,731.5328369140625,742.418701171875,722.823974609375,731.5328369140625,409.7454833984375,1278841,0.0,727.396142578125,0.0019729368516160097,0.03263490573356838
2002-06-25,744.595947265625,748.9501342773438,685.8120727539062,696.6978759765625,390.2337341308594,2106548,-0.048790255947506196,728.158154296875,0.0011058879395733838,0.03377988050631957
2002-06-26,655.33154296875,677.1032104492188,648.7998657226562,648.7998657226562,363.4051513671875,1858780,-0.07122755750125817,726.5252655029296,-0.0024554899354895248,0.037457177168510464
2002-06-27,650.9771118164062,659.6857299804688,642.2684936523438,650.9771118164062,364.6247253417969,1853257,0.0033501872517825524,724.0215057373047,-0.0037054009516684673,0.036786254971693855
2002-06-28,664.0401611328125,668.3945922851562,648.7998657226562,657.5087280273438,368.283203125,2279185,0.009983555439764839,722.0620483398437,-0.002894690740485548,0.036906145666762126
2002-07-01,650.9771118164062,650.9771118164062,611.7877197265625,611.7877197265625,342.6739807128906,902735,-0.07207267938063235,718.5785522460938,-0.005392436769943781,0.039848727929243884
2002-07-02,598.7246704101562,627.0281982421875,598.7246704101562,627.0281982421875,351.2104187011719,1681247,0.024606153745196393,714.5507751464844,-0.006043223518696607,0.03921044034012971
2002-07-03,607.4335327148438,655.33154296875,583.484375,653.154296875,365.8441467285156,2220623,0.04082187771180536,709.7609832763671,-0.006842950714784399,0.038005488145643786
2002-07-04,672.748779296875,698.8751220703125,668.3945922851562,698.8751220703125,391.4532470703125,2536599,0.06765868340718446,707.8015258789062,-0.0027279416771152517,0.04141887163592037
2002-07-05,746.7731323242188,746.7731323242188,733.7100830078125,746.7731323242188,418.28192138671875,4082706,0.06628935993683466,709.9787048339844,0.0030039030847745798,0.04268618372337087
2002-07-08,792.4939575195312,796.84814453125,772.8992309570312,781.6078491210938,437.79345703125,5120872,0.04559170910366008,712.047021484375,0.0027188318489007957,0.04236454664770402
2002-07-09,777.253662109375,796.84814453125,764.1903686523438,796.84814453125,446.3298645019531,4671658,0.019310983744343885,716.5102416992188,0.005940407176494813,0.0409617704563106
2002-07-10,751.1273193359375,762.013427734375,742.418701171875,742.418701171875,415.84283447265625,2204678,-0.0707507554877022,716.7279632568359,0.0002941231877415719,0.0434138286738282
2002-07-11,694.5206909179688,757.6589965820312,694.5206909179688,757.6589965820312,424.3791809082031,3811698,0.020320040525463687,717.2722564697266,0.0007235988942882641,0.04357510572596312
2002-07-12,799.0253295898438,809.9114379882812,799.0253295898438,809.9114379882812,453.64678955078125,3166722,0.06669149403568216,718.6874359130859,0.0017785881408893679,0.044952233578933624
2002-07-15,827.3286743164062,859.9863891601562,822.9744873046875,842.5689086914062,471.93890380859375,5897530,0.0395305437415251,722.2797790527344,0.004456382610314416,0.045552397207158805
2002-07-16,866.51806640625,866.51806640625,822.9744873046875,842.5689086914062,471.93890380859375,3574574,0.0,725.545541381836,0.004034434453110043,0.04555265000574424
2002-07-17,805.5570068359375,840.3917236328125,783.7850952148438,827.3286743164062,463.40252685546875,3126035,-0.018253403899038866,729.3556091308594,0.00483134376244604,0.04498458918913521
2002-07-18,827.3286743164062,842.5689086914062,805.5570068359375,822.9744873046875,460.96368408203125,3593681,-0.005276845147650794,733.9276916503907,0.005889154563972732,0.04445635661060946
2002-07-19,807.7341918945312,829.505859375,805.5570068359375,822.9744873046875,460.96368408203125,2278139,0.0,738.4997741699219,0.005889154563972732,0.04445635661060946
2002-07-22,805.5570068359375,820.7972412109375,766.3676147460938,768.5447998046875,430.47662353515625,1951698,-0.06842634416076743,740.3503723144531,0.00246783735593436,0.04746466175741586
2002-07-23,768.5447998046875,777.253662109375,740.2415161132812,775.0764770507812,434.13507080078125,2084179,0.008462848144294157,744.2693023681641,0.005330492560524378,0.04591160862720372
2002-07-24,753.3045654296875,766.3676147460938,738.0642700195312,751.1273193359375,420.7207336425781,1406160,-0.03138653408479669,749.3856750488281,0.007322543731347453,0.04319922025799727
2002-07-25,794.671142578125,803.3797607421875,777.253662109375,777.253662109375,435.3545227050781,3640212,0.03419159008575874,755.6995025634766,0.008864613873046262,0.04359857941712554
2002-07-26,725.001220703125,740.2415161132812,725.001220703125,725.001220703125,406.0869140625,2045461,-0.06959342196957036,759.0741271972656,0.004885765002579501,0.04699029743524774
2002-07-29,738.0642700195312,751.1273193359375,720.6467895507812,738.0642700195312,413.4038391113281,2127281,0.01785756897426852,765.3879547119141,0.009382277420324546,0.04340444196644131
2002-07-30,770.7220458984375,779.4306640625,744.595947265625,744.595947265625,417.06231689453125,2596148,0.00881081103359022,771.2663421630859,0.008592510284744236,0.04325630564733191
2002-07-31,729.3556518554688,735.8870849609375,694.5206909179688,698.8751220703125,391.4532470703125,2672336,-0.06336964457589488,773.5523834228516,0.003382934170359225,0.04539190603044559
2002-08-01,681.4576416015625,698.8751220703125,677.1032104492188,692.3434448242188,387.79473876953125,1205749,-0.009389933966407483,773.2257995605469,-0.0004694966983203721,0.04284797316153702
2002-08-02,679.2803955078125,705.406494140625,655.33154296875,701.0523071289062,392.6727600097656,2041079,0.012500362076457914,770.9397583007812,-0.0031589465913392095,0.04003277391538579
2002-08-05,653.154296875,679.2803955078125,653.154296875,664.0401611328125,371.9414978027344,1630332,-0.05423987084259351,765.0613739013672,-0.008150525588651888,0.03985774304606005
2002-08-06,666.2173461914062,707.583740234375,666.2173461914062,672.748779296875,376.8194580078125,2674354,0.013029343826843823,758.8564056396484,-0.008464607584526891,0.03965418499013015
2002-08-07,696.6978759765625,701.0523071289062,670.57177734375,672.748779296875,376.8194580078125,3604138,0.0,755.3729095458984,-0.004927069810141782,0.036862786290039654
2002-08-08,672.748779296875,672.748779296875,646.6226806640625,650.9771118164062,364.6247253417969,1933122,-0.03289749201761959,750.0388153076171,-0.007587946437295946,0.03686515820342334
2002-08-09,664.0401611328125,681.4576416015625,640.0912475585938,668.3945922851562,374.3804626464844,4153260,0.02640422306128971,742.9629730224609,-0.009602309986015568,0.03354387307614255
2002-08-12,664.0401611328125,685.8120727539062,659.6857299804688,685.8120727539062,384.1364440917969,2111178,0.025724937621192,735.125131225586,-0.010292590292032224,0.032608591351045754
2002-08-13,685.8120727539062,701.0523071289062,677.1032104492188,683.6348266601562,382.9168701171875,2068884,-0.003179747866318321,727.1784271240234,-0.01045157768534814,0.032563487738908756
2002-08-14,677.1032104492188,714.1153564453125,674.9259643554688,714.1153564453125,399.9896240234375,2187898,0.04362061703196657,721.5177612304688,-0.007357876638797866,0.03465525551902489
2002-08-15,735.8870849609375,757.6589965820312,718.4697875976562,744.595947265625,417.06231689453125,4768702,0.041797205651083774,717.5988342285157,-0.00500417409886114,0.03636065041730298
2002-08-16,766.3676147460938,770.7220458984375,755.4817504882812,757.6589965820312,424.3791809082031,3548022,0.017391693246704993,714.3330596923828,-0.004134589436525889,0.036693073089779496
2002-08-19,770.7220458984375,770.7220458984375,742.418701171875,746.7731323242188,418.28192138671875,1788092,-0.014471977885765312,713.2444763183594,-0.0014368711227757834,0.03356778596330564
2002-08-20,772.8992309570312,779.4306640625,744.595947265625,746.7731323242188,418.28192138671875,2999246,0.0,711.8293090820313,-0.0018600135299904914,0.03348967476560082
2002-08-21,735.8870849609375,740.2415161132812,718.4697875976562,725.001220703125,406.0869140625,1369636,-0.029588095368798573,710.5230041503906,-0.0017700915941905857,0.033408537665112974
2002-08-22,727.1784057617188,733.7100830078125,714.1153564453125,720.6467895507812,403.6479797363281,2167252,-0.006024210997948647,707.692660522461,-0.0037808816483759547,0.03232276925938658
2002-08-26,722.823974609375,746.7731323242188,718.4697875976562,740.2415161132812,414.6234436035156,942345,0.026827378492391,708.4546752929688,0.001040158374722113,0.029011062705317246
2002-08-27,742.418701171875,748.9501342773438,727.1784057617188,727.1784057617188,407.30645751953125,1012329,-0.017804658700926942,707.9103820800781,-0.0007429530090376602,0.02901896433799637
2002-08-28,718.4697875976562,722.823974609375,698.8751220703125,703.2295532226562,393.8922424316406,938507,-0.033488475120208784,705.8420623779297,-0.00285791731672761,0.02981649037224301
2002-08-29,703.2295532226562,725.001220703125,703.2295532226562,725.001220703125,406.0869140625,1327955,0.030489966326693284,707.1483673095703,0.0018350632284017975,0.02704904876614369
2002-08-30,722.823974609375,725.001220703125,711.9381713867188,711.9381713867188,398.7701110839844,843413,-0.01818226888036381,708.1281036376953,0.0013954464827039812,0.0273112638310916
2002-09-02,716.2926025390625,727.1784057617188,709.7609252929688,711.9381713867188,398.7701110839844,1459065,0.0,708.672396850586,0.0007704283788810853,0.027186502724037546
2002-09-03,729.3556518554688,735.8870849609375,709.7609252929688,722.823974609375,404.86749267578125,2254553,0.01517465754436861,711.6115875244141,0.0042411547982291915,0.024043209607938886
2002-09-04,722.823974609375,742.418701171875,709.7609252929688,722.823974609375,404.86749267578125,3330190,0.0,714.115347290039,0.003589687606887,0.023968959723563513
2002-09-05,729.3556518554688,733.7100830078125,672.748779296875,672.748779296875,376.8194580078125,2801917,-0.07179375213774013,714.115347290039,-6.245004513516506e-18,0.029314779425620083
2002-09-09,657.5087280273438,672.748779296875,637.9140625,653.154296875,365.8441467285156,1367620,-0.02955858450148516,714.2242065429688,0.00016694537580671539,0.029126472932435848
2002-09-10,664.0401611328125,698.8751220703125,661.8629150390625,698.8751220703125,391.4532470703125,2676948,0.06765868340718446,715.7482330322266,0.002229668393101453,0.03236333250147853
2002-09-11,707.583740234375,714.1153564453125,683.6348266601562,685.8120727539062,384.1364440917969,2525338,-0.018868430240837022,715.7482330322266,1.908195823574488e-18,0.03219512400841477
2002-09-12,674.9259643554688,683.6348266601562,653.154296875,664.0401611328125,371.9414978027344,1573181,-0.032261012491706036,714.7684997558594,-0.0014540632312693836,0.03299311756086249
2002-09-13,633.5596313476562,644.4454345703125,620.49658203125,622.6737670898438,348.77142333984375,2529050,-0.06431989797625098,710.196420288086,-0.006851088981680261,0.03404346985813361
2002-09-16,622.6737670898438,622.6737670898438,585.6615600585938,587.8388061523438,329.25970458984375,2033308,-0.05756996218596117,702.3585632324218,-0.011819447373532509,0.03382015498882078
2002-09-17,587.8388061523438,618.3193359375,576.9529418945312,611.7877197265625,342.6739807128906,3828528,0.0399325880305692,695.0649993896484,-0.010692402634339298,0.03519257743297177
2002-09-18,598.7246704101562,598.7246704101562,570.4213256835938,570.4213256835938,319.50384521484375,1654817,-0.07001010350495562,686.2474090576172,-0.013469308915298813,0.037614326007358194
2002-09-19,566.067138671875,581.307373046875,544.2952270507812,546.472412109375,306.089599609375,2680519,-0.04289143034628971,676.232373046875,-0.0156138804326133,0.03802642301967585
2002-09-20,524.7005004882812,526.8777465820312,509.4602355957031,520.3460693359375,291.4557800292969,2061652,-0.04898971712790554,665.9996154785156,-0.01658396152056865,0.038644135356405276
2002-09-23,518.1691284179688,531.232177734375,494.219970703125,494.219970703125,276.822021484375,1657464,-0.051513405268137184,654.6782745361328,-0.018858421234078077,0.03932262581656781
2002-09-24,489.86578369140625,498.57440185546875,461.5622253417969,461.5622253417969,258.52978515625,2012602,-0.06836382523845395,640.7443099975586,-0.02361798142062032,0.03926270065160235
2002-09-25,463.73944091796875,465.9166564941406,433.2589111328125,444.1449890136719,248.77401733398438,2486559,-0.03846581670536736,626.5926391601563,-0.024651039320842345,0.03937334986068411
2002-09-26,459.38525390625,465.9166564941406,433.2589111328125,437.61334228515625,245.1155548095703,2889818,-0.014815320632687996,613.3118286132812,-0.023717381596466306,0.03937415640631066
2002-09-27,435.4361267089844,446.32220458984375,426.7275085449219,439.7905578613281,246.33506774902344,1951898,0.004962868399725314,599.0512954711915,-0.0249937364928147,0.037911044215037895
2002-09-30,439.7905578613281,470.2710876464844,437.61334228515625,470.2710876464844,263.4078063964844,3013116,0.06701070193032016,586.9679412841797,-0.020734087952280506,0.043141887497907504
2002-10-01,474.6255187988281,485.5113525390625,472.44830322265625,478.9797058105469,268.28564453125,3970134,0.01834891802997351,575.3200180053711,-0.01981664205078183,0.043796161508391114
2002-10-02,496.3971862792969,498.57440185546875,457.2080383300781,457.2080383300781,256.0909118652344,2862233,-0.04651971527026524,562.0392211914062,-0.02290136069151352,0.04337251420735103
2002-10-03,463.73944091796875,468.0938720703125,455.03082275390625,468.0938720703125,262.18829345703125,3511375,0.023530343735279624,549.3027160644531,-0.021724843504749538,0.04433489286716071
2002-10-04,461.5622253417969,485.5113525390625,459.38525390625,468.0938720703125,262.18829345703125,3044394,0.0,539.069970703125,-0.01813515589786253,0.04295249999256588
2002-10-07,459.38525390625,461.5622253417969,435.4361267089844,435.4361267089844,243.8960723876953,1399638,-0.07232073818425142,528.1840621948243,-0.020273263582000843,0.044584385025471115
2002-10-08,435.4361267089844,452.8536071777344,424.55029296875,446.32220458984375,249.99356079101562,1797654,0.024693004041137702,515.5564163208007,-0.022421547550303185,0.041016823131598046
2002-10-09,446.32220458984375,468.0938720703125,446.32220458984375,450.6763916015625,252.43238830566406,2300176,0.009708423691920464,503.7996322631836,-0.02099270485366531,0.04164012133858131
2002-10-11,465.9166564941406,474.6255187988281,448.4991760253906,455.03082275390625,254.87142944335938,2985925,0.009615612273294322,493.34916534423826,-0.01889887361541529,0.042094071424031154
2002-10-14,470.2710876464844,472.44830322265625,452.8536071777344,457.2080383300781,256.0909118652344,2774780,0.004773354442619057,485.07587890625,-0.015444210994471788,0.04099095996791331
2002-10-15,472.44830322265625,487.6885681152344,465.9166564941406,487.6885681152344,273.16363525390625,2990105,0.06453850862238011,480.06836700439453,-0.009338787454054726,0.043408736553609904
2002-10-16,505.1058044433594,520.3460693359375,489.86578369140625,511.637451171875,286.577880859375,7969276,0.047939248998286416,475.0608535766602,-0.008938454405668865,0.04392095139723649
2002-10-17,496.3971862792969,533.4093627929688,492.0427551269531,515.9918823242188,289.016845703125,4816457,0.008474762391899576,472.3393814086914,-0.0050142111108261046,0.04162326623411234
2002-10-18,531.232177734375,550.8268432617188,524.7005004882812,550.8268432617188,308.5285949707031,5449090,0.06532946728204257,472.5571029663086,0.00039683377059051005,0.043435003327157815
2002-10-21,548.649658203125,566.067138671875,544.2952270507812,557.3582763671875,312.1869812011719,6501160,0.011787757512393247,474.40771331787107,0.003435707502605449,0.041896751180059935
2002-10-22,570.4213256835938,583.484375,553.0038452148438,553.0038452148438,309.74798583984375,5812455,-0.007843303352050511,477.346907043457,0.005619212598409784,0.03997622624493133
2002-10-23,561.7127075195312,590.0159912109375,542.1179809570312,590.0159912109375,330.47918701171875,6884361,0.0647846854094257,483.76959533691405,0.012276638130803765,0.03804741613878912
2002-10-24,607.4335327148438,622.6737670898438,600.90185546875,603.0791015625,337.79608154296875,6494921,0.021898727881333232,491.71630096435547,0.015294865360138795,0.03615762684205309
2002-10-25,609.6107177734375,622.6737670898438,592.1932373046875,622.6737670898438,348.77142333984375,5165769,0.03197436514372533,500.96932220458984,0.01763434964895946,0.03561654278258414
2002-10-28,640.0912475585938,650.9771118164062,622.6737670898438,622.6737670898438,348.77142333984375,6304041,0.0,510.1134826660156,0.017386206228973196,0.035726590880745875
2002-10-29,622.6737670898438,624.8510131835938,590.0159912109375,592.1932373046875,331.6986999511719,2872390,-0.05018973731642283,516.2095901489258,0.011526184266636045,0.036755606122847194
2002-10-30,587.8388061523438,603.0791015625,568.2440795898438,572.5985107421875,320.7232971191406,3241348,-0.033648204197209826,520.8905303955078,0.008926328155276879,0.03806331822301347
2002-10-31,581.307373046875,611.7877197265625,574.7757568359375,611.7877197265625,342.6739807128906,5253299,0.06620056735824052,528.619514465332,0.014562342286702168,0.03776540419604338
2002-11-01,622.6737670898438,642.2684936523438,605.2562866210938,609.6107177734375,341.4545593261719,5499146,-0.003564773282262514,535.6953567504883,0.013207586435825059,0.03791246797300556
2002-11-04,642.2684936523438,650.9771118164062,633.5596313476562,650.9771118164062,364.6247253417969,5482894,0.06565389722312989,544.839518737793,0.016490281296981553,0.0395170867726786
2002-11-05,650.9771118164062,659.6857299804688,635.73681640625,650.9771118164062,364.6247253417969,4608401,0.0,555.616567993164,0.020106318206194122,0.03386771520456324
2002-11-06,657.5087280273438,694.5206909179688,640.0912475585938,694.5206909179688,389.0142822265625,6068538,0.0647474711987308,568.0264923095704,0.02210904156407378,0.03530692295835816
2002-11-07,694.5206909179688,698.8751220703125,670.57177734375,672.748779296875,376.8194580078125,4446758,-0.03184997918111126,579.1301116943359,0.020031121420422193,0.037244881612788244
2002-11-08,657.5087280273438,679.2803955078125,653.154296875,666.2173461914062,373.1610107421875,2783035,-0.009756012173992402,589.6894378662109,0.019062540198057858,0.037778071073011656
2002-11-11,655.33154296875,659.6857299804688,620.49658203125,620.49658203125,347.5519714355469,2299046,-0.07109586671504325,597.8538650512695,0.015269079140174741,0.04276805312721552
2002-11-12,598.7246704101562,637.9140625,596.5474243164062,624.8510131835938,349.9909362792969,2627354,0.006993146194449311,604.7119873046875,0.012391811018778202,0.041185371665528284
2002-11-13,620.49658203125,629.2052001953125,587.8388061523438,596.5474243164062,334.1375427246094,2484818,-0.046354499733271416,608.957485961914,0.00767712358220031,0.042284378770978015
2002-11-14,587.8388061523438,609.6107177734375,566.067138671875,570.4213256835938,319.50384521484375,2098324,-0.044783487035584955,611.6789581298829,0.005014211110826084,0.04387845800139249
2002-11-15,587.8388061523438,592.1932373046875,576.9529418945312,579.1301879882812,324.3818664550781,1548332,0.015152046374250777,613.094125366211,0.002505340065436494,0.04162490357403107
2002-11-18,576.9529418945312,603.0791015625,559.5354614257812,603.0791015625,337.79608154296875,1596284,0.04052106614237183,615.3801666259766,0.0039420054969354235,0.042449828812286435
2002-11-19,598.7246704101562,607.4335327148438,585.6615600585938,585.6615600585938,328.0401611328125,2017425,-0.02930628798821172,617.013052368164,0.0028688562651273623,0.04303076860450214
2002-11-20,576.9529418945312,587.8388061523438,561.7127075195312,561.7127075195312,314.6259765625,1492738,-0.04175155756923129,615.5978881835938,-0.002457955883805487,0.04153071581493253
2002-11-21,574.7757568359375,581.307373046875,555.1810302734375,559.5354614257812,313.4064636230469,2272430,-0.003883616295791203,613.4207061767578,-0.003747073092661709,0.04113313094531552
2002-11-22,581.307373046875,596.5474243164062,572.5985107421875,572.5985107421875,320.7232971191406,3114945,0.023077885483327037,610.916943359375,-0.004191897075681623,0.04077302684976087
2002-11-25,574.7757568359375,574.7757568359375,563.889892578125,574.7757568359375,321.94287109375,1247364,0.0037951848295542144,608.5220428466797,-0.004002137834203913,0.04080238380304475
2002-11-26,576.9529418945312,592.1932373046875,568.2440795898438,570.4213256835938,319.50384521484375,1886333,-0.0076047209762692535,607.433447265625,-0.0018728870171962337,0.039350560776275356
2002-11-27,561.7127075195312,566.067138671875,544.2952270507812,546.472412109375,306.089599609375,1252629,-0.04289143034628971,606.1271423339844,-0.0023350483246502283,0.03979516255196404
2002-11-28,557.3582763671875,559.5354614257812,539.9407958984375,544.2952270507812,304.8701171875,1801661,-0.003992028864414216,602.7525177001953,-0.0058446781357829655,0.036381537558622695
2002-11-29,548.649658203125,559.5354614257812,544.2952270507812,544.2952270507812,304.8701171875,1206865,0.0,599.4867431640625,-0.005666439471669839,0.03640202144719735
2002-12-03,555.1810302734375,592.1932373046875,555.1810302734375,592.1932373046875,331.6986999511719,3550365,0.08434119955462903,596.5475494384766,-0.004732074355094882,0.03850793495591428
2002-12-04,559.5354614257812,576.9529418945312,559.5354614257812,566.067138671875,317.0649719238281,1788654,-0.04512030525839696,592.30205078125,-0.006988089618014731,0.03952439926456843
2002-12-05,563.889892578125,572.5985107421875,550.8268432617188,559.5354614257812,313.4064636230469,1115217,-0.011605784422139805,585.5527893066406,-0.010805752399058262,0.035736776019206024
2002-12-06,559.5354614257812,566.067138671875,555.1810302734375,559.5354614257812,313.4064636230469,1048479,0.0,579.892123413086,-0.009213253440002699,0.035458210978450984
2002-12-09,566.067138671875,570.4213256835938,548.649658203125,548.649658203125,307.3091125488281,1990077,-0.019646813849293236,574.0137390136719,-0.00970779352376774,0.035535070140516024
2002-12-10,533.4093627929688,542.1179809570312,520.3460693359375,526.8777465820312,295.1142578125,1406252,-0.04049155074900841,569.332797241211,-0.008177577725465998,0.03334381972160752
2002-12-11,533.4093627929688,542.1179809570312,522.5235595703125,522.5235595703125,292.6753845214844,1700946,-0.008298468800453089,564.2164245605469,-0.008942158475211117,0.0331524136097242
2002-12-12,522.5235595703125,533.4093627929688,487.6885681152344,489.86578369140625,274.3831481933594,3112834,-0.06453863015877771,558.8823425292969,-0.009851364996486433,0.034456165356289835
2002-12-13,481.15692138671875,496.3971862792969,470.2710876464844,470.2710876464844,263.4078063964844,1452654,-0.04082213209465181,553.8748306274414,-0.009653297249439774,0.0342555949621339
2002-12-16,468.0938720703125,492.0427551269531,465.9166564941406,492.0427551269531,275.6025085449219,1546471,0.045256302725471466,549.520458984375,-0.008148084431878741,0.036018939259767874
2002-12-17,502.9288330078125,502.9288330078125,474.6255187988281,478.9797058105469,268.28564453125,1311850,-0.026907384695497825,543.3154891967773,-0.011519506973772225,0.034340256453246405
2002-12-18,478.9797058105469,483.3341369628906,459.38525390625,459.38525390625,257.3104248046875,921150,-0.04176903753915204,537.0016738891602,-0.01214264445131924,0.03479012985140261
2002-12-19,446.32220458984375,461.5622253417969,441.9677734375,448.4991760253906,251.2129364013672,1185892,-0.023982346828006235,531.3409973144531,-0.011254183914257986,0.03421634969326014
2002-12-20,450.6763916015625,478.9797058105469,435.4361267089844,478.9797058105469,268.28564453125,2582703,0.06575138436715812,527.3132095336914,-0.007772433881110522,0.03830452340593238
2002-12-23,478.9797058105469,478.9797058105469,457.2080383300781,457.2080383300781,256.0909118652344,1332819,-0.04651971527026524,521.5436859130859,-0.011252313918790134,0.03851514538900422
2002-12-24,461.5622253417969,485.5113525390625,461.5622253417969,463.73944091796875,259.74932861328125,1378713,0.014184331336948885,515.9918701171875,-0.0107328565934204,0.03879779636133299
2002-12-25,468.0938720703125,474.6255187988281,455.03082275390625,470.2710876464844,263.4078063964844,986554,0.01398646590334256,510.984358215332,-0.00965329724943981,0.03918784837980288
2002-12-26,478.9797058105469,487.6885681152344,468.0938720703125,483.3341369628906,270.72467041015625,1283697,0.02739889877123919,507.8274444580078,-0.006138780793563365,0.03920198502757921
2002-12-27,481.15692138671875,481.15692138671875,468.0938720703125,468.0938720703125,262.18829345703125,610582,-0.03203935227625127,504.0173767089844,-0.007541146964155218,0.03962057905851218
2002-12-30,455.03082275390625,463.73944091796875,446.32220458984375,446.32220458984375,249.99356079101562,494277,-0.04762773414311374,499.1187255859375,-0.009922533671310903,0.04056356995010577
2002-12-31,441.9677734375,455.03082275390625,441.9677734375,450.6763916015625,252.43238830566406,802075,0.009708423691920464,492.0428833007812,-0.013654172464446335,0.03440003171548609
2003-01-02,457.2080383300781,465.9166564941406,450.6763916015625,452.8536071777344,253.6519317626953,811554,0.004819363592046069,486.38220672607423,-0.011157189021924181,0.03380309620954389
2003-01-03,465.9166564941406,483.3341369628906,461.5622253417969,481.15692138671875,269.5051574707031,1804127,0.060624546498755726,482.4632797241211,-0.007545672475879406,0.037417904688983046
2003-01-06,478.9797058105469,485.5113525390625,468.0938720703125,474.6255187988281,265.8467712402344,1085985,-0.013667345167949044,478.21778259277346,-0.008229039734276859,0.03739764284874337
2003-01-07,483.3341369628906,507.28302001953125,483.3341369628906,496.3971862792969,278.04150390625,3314071,0.04485027343918198,475.605158996582,-0.005004185369853097,0.039103199714272195
2003-01-08,500.7516174316406,511.637451171875,487.6885681152344,500.7516174316406,280.48052978515625,2146031,0.008733819497403983,474.2988525390625,-0.002542916857532477,0.03829275536289996
2003-01-09,500.7516174316406,513.814697265625,492.0427551269531,500.7516174316406,280.48052978515625,1753792,0.0,473.2102554321289,-0.0021279934175098226,0.03827206207304022
2003-01-10,511.637451171875,518.1691284179688,494.219970703125,494.219970703125,276.822021484375,1584638,-0.01312950165676979,473.42796478271487,0.0004424630075905737,0.03548466284819508
2003-01-13,507.28302001953125,518.1691284179688,502.9288330078125,511.637451171875,286.577880859375,1639453,0.03463556813391129,475.49628295898435,0.004215348019018729,0.03487252957074701
2003-01-14,515.9918823242188,529.054931640625,507.28302001953125,511.637451171875,286.577880859375,1681208,0.0,476.4760177612305,0.0019525328827451557,0.03351101594485896
2003-01-15,520.3460693359375,522.5235595703125,500.7516174316406,500.7516174316406,280.48052978515625,996597,-0.02150606647714149,477.56461334228516,0.0022225987936629723,0.03328720943929565
2003-01-16,498.57440185546875,500.7516174316406,481.15692138671875,481.15692138671875,269.5051574707031,1325819,-0.039916747768637,478.65319671630857,0.002315213282188724,0.03316070665033701
2003-01-17,481.15692138671875,485.5113525390625,468.0938720703125,468.0938720703125,262.18829345703125,1086110,-0.027524599639608453,479.6329315185547,0.0021381006416086134,0.03331764368615483
2003-01-20,463.73944091796875,468.0938720703125,452.8536071777344,457.2080383300781,256.0909118652344,711099,-0.02353034373527958,478.5443481445312,-0.0023259857635132713,0.030179201671356858
2003-01-21,459.38525390625,468.0938720703125,459.38525390625,459.38525390625,257.3104248046875,848211,0.004750677731113166,478.65320892333983,0.00023753388655564875,0.02834975246848455
2003-01-22,461.5622253417969,463.73944091796875,448.4991760253906,452.8536071777344,253.6519317626953,637064,-0.01432028085498081,478.1089172363281,-0.001187696723040836,0.028328200567612326
2003-01-23,452.8536071777344,472.44830322265625,452.8536071777344,461.5622253417969,258.52978515625,1181206,0.01904796737216895,477.67347412109376,-0.0009346216495995164,0.028493025878629577
2003-01-24,468.0938720703125,468.0938720703125,448.4991760253906,450.6763916015625,252.43238830566406,719410,-0.0238673309642148,476.0405868530273,-0.003497933136372216,0.02811340513011634
2003-01-27,450.6763916015625,457.2080383300781,439.7905578613281,446.32220458984375,249.99356079101562,667347,-0.009708423691920522,474.9520034790039,-0.0023813867071556783,0.027353371273065717
2003-01-28,444.1449890136719,459.38525390625,444.1449890136719,452.8536071777344,253.6519317626953,660566,0.01452778728396659,475.27857360839846,0.0007263893641983384,0.025403537099983334
2003-02-06,450.6763916015625,452.8536071777344,422.3730773925781,422.3730773925781,236.57920837402344,594759,-0.06967991716430426,473.86340789794923,-0.0032430276786128975,0.029755760054271534
2003-02-07,409.3100280761719,418.0186462402344,402.77838134765625,418.0186462402344,234.14019775390625,766876,-0.01036295336720349,472.12165985107424,-0.004002143526575375,0.029732903909675156
2003-02-10,413.6644592285156,426.7275085449219,409.3100280761719,418.0186462402344,234.14019775390625,671686,0.0,468.96474609375,-0.007033370851513161,0.025600685877330907
2003-02-11,411.48724365234375,428.90472412109375,411.48724365234375,418.0186462402344,234.14019775390625,651356,0.0,466.1344024658203,-0.006350003593115709,0.025596696029095575
2003-02-12,413.6644592285156,422.3730773925781,409.3100280761719,409.3100280761719,229.26229858398438,451676,-0.02105315600925869,461.78004455566406,-0.009645175065537744,0.022741311037807094
2003-02-13,404.9555969238281,413.6644592285156,402.77838134765625,402.77838134765625,225.60382080078125,505041,-0.01608639528105393,456.88138275146486,-0.010886185804460638,0.022359593549508408
2003-02-14,404.9555969238281,409.3100280761719,400.6011657714844,402.77838134765625,225.60382080078125,419280,0.0,451.98272094726565,-0.010886185804460638,0.022359593549508408
2003-02-17,422.3730773925781,428.90472412109375,415.8414306640625,428.90472412109375,240.23770141601562,758300,0.06284831749718874,448.7169586181641,-0.007087294846762712,0.027760431999561498
2003-02-18,426.7275085449219,426.7275085449219,415.8414306640625,415.8414306640625,232.92068481445312,530683,-0.030930794660136436,443.9271575927734,-0.010365612986465099,0.02641267429293379
2003-02-19,422.3730773925781,422.3730773925781,407.1328125,413.6644592285156,231.70132446289062,509562,-0.005248851057270815,439.0285079956055,-0.010628055539328638,0.02633020648865732
2003-02-20,418.0186462402344,433.2589111328125,415.8414306640625,424.55029296875,237.7987060546875,1286580,0.025975314264497333,435.21844177246095,-0.008253986502246699,0.027415964600121464
2003-02-21,435.4361267089844,444.1449890136719,433.2589111328125,441.9677734375,247.55459594726562,2155373,0.040206494130660755,433.258984375,-0.00424782440728181,0.028382693227132223
2003-02-24,444.1449890136719,446.32220458984375,431.0819396972656,435.4361267089844,243.8960723876953,789096,-0.014888849678223324,431.62609710693357,-0.003616036909212554,0.027974996605456433
2003-02-25,435.4361267089844,435.4361267089844,424.55029296875,424.55029296875,237.7987060546875,480085,-0.025317644452437272,429.9932098388672,-0.0037054019450704382,0.02804472808872079
2003-02-26,424.55029296875,439.7905578613281,424.55029296875,428.90472412109375,240.23770141601562,752310,0.0102043314529098,428.46918334960935,-0.0034327192589806064,0.028157561367010673
2003-02-27,424.55029296875,428.90472412109375,420.19586181640625,422.3730773925781,236.57920837402344,358282,-0.015345812839672505,426.9451568603516,-0.0034839958582151913,0.028179357129088506
2003-03-03,431.0819396972656,435.4361267089844,426.7275085449219,435.4361267089844,243.8960723876953,466088,0.030459125839200015,425.63885192871095,-0.0029134379348636384,0.028768936658392762
2003-03-04,426.7275085449219,428.90472412109375,420.19586181640625,420.19586181640625,235.35972595214844,344614,-0.035627178732556636,424.1148254394531,-0.0035014303232807297,0.02933436202741555
2003-03-05,420.19586181640625,426.7275085449219,409.3100280761719,411.48724365234375,230.48184204101562,618288,-0.020942920227069804,422.3730773925781,-0.004063155150038194,0.029566125018266776
2003-03-06,418.0186462402344,420.19586181640625,413.6644592285156,413.6644592285156,231.70132446289062,332076,0.005277140242691683,420.4136199951172,-0.0045256875021019395,0.02933140806032502
2003-03-07,411.48724365234375,422.3730773925781,402.77838134765625,418.0186462402344,234.14019775390625,529314,0.010470879510531102,420.1958984375,-0.0005181476683601714,0.025136379953464322
2003-03-10,415.8414306640625,420.19586181640625,407.1328125,409.3100280761719,229.26229858398438,253888,-0.02105315600925869,419.7604675292969,-0.0010526578004629316,0.0254682120679464
2003-03-11,402.77838134765625,431.0819396972656,402.77838134765625,413.6644592285156,231.70132446289062,445580,0.010582276498727708,419.5427581787109,-0.0005235439755265461,0.02560081317759339
2003-03-12,420.19586181640625,424.55029296875,415.8414306640625,420.19586181640625,235.35972595214844,338914,0.01566577998437814,419.65161895751953,0.0002597450236923609,0.025856059404432433
2003-03-13,418.0186462402344,433.2589111328125,415.8414306640625,426.7275085449219,239.0181884765625,792128,0.015424715997652157,420.52249298095705,0.0020836386240379035,0.025558380217473923
2003-03-14,448.4991760253906,448.4991760253906,431.0819396972656,431.0819396972656,241.45721435546875,1088675,0.010152531109440116,421.9376708984375,0.0033955849435626058,0.025248155762144595
2003-03-17,424.55029296875,435.4361267089844,422.3730773925781,431.0819396972656,241.45721435546875,667735,0.0,423.352848815918,0.0033955849435626058,0.025248155762144595
2003-03-18,455.03082275390625,459.38525390625,446.32220458984375,459.38525390625,257.3104248046875,1926194,0.0635910038055493,424.87687530517576,0.003432719258980634,0.025340576451643494
2003-03-19,457.2080383300781,474.6255187988281,450.6763916015625,465.9166564941406,260.96881103515625,2043370,0.01411757825873219,427.38063659667966,0.005685137904924066,0.0240969519922001
2003-03-20,478.9797058105469,481.15692138671875,461.5622253417969,470.2710876464844,263.4078063964844,2077167,0.009302541250446206,430.2109680175781,0.006412707520309917,0.023968779202172753
2003-03-21,474.6255187988281,481.15692138671875,468.0938720703125,472.44830322265625,264.6272888183594,1353356,0.004619019123245863,432.6058685302734,0.0053448927632473425,0.023522958908868158
2003-03-24,483.3341369628906,485.5113525390625,472.44830322265625,472.44830322265625,264.6272888183594,2015992,0.0,434.12989501953126,0.003334568056714305,0.02205933486730961
2003-03-25,455.03082275390625,465.9166564941406,455.03082275390625,461.5622253417969,258.52978515625,667174,-0.023311452115236202,435.4361999511719,0.002913437934863661,0.022501510202469897
2003-03-26,468.0938720703125,470.2710876464844,459.38525390625,461.5622253417969,258.52978515625,823159,0.0,437.2867965698242,0.004179320157485525,0.021520475217625228
2003-03-27,457.2080383300781,461.5622253417969,455.03082275390625,459.38525390625,257.3104248046875,465780,-0.00472768651718806,438.81082305908205,0.0034327192589806315,0.02155943067187919
2003-03-28,459.38525390625,463.73944091796875,452.8536071777344,452.8536071777344,253.6519317626953,568940,-0.01432028085498081,440.33484954833983,0.003483995858215217,0.021513588272102434
2003-03-31,446.32220458984375,446.32220458984375,422.3730773925781,422.3730773925781,236.57920837402344,1062508,-0.06967991716430426,439.6816970825195,-0.0015229562919599968,0.02607455329493955
2003-04-01,413.6644592285156,424.55029296875,413.6644592285156,422.3730773925781,236.57920837402344,556360,0.0,439.7905578613281,0.00025840264466783504,0.024808233857510485
2003-04-02,422.3730773925781,424.55029296875,415.8414306640625,418.0186462402344,234.14019775390625,429699,-0.01036295336720349,440.1171279907227,0.0007874009876611507,0.024442457885851778
2003-04-03,437.61334228515625,437.61334228515625,428.90472412109375,428.90472412109375,240.23770141601562,642892,0.02570876620687612,440.87914123535154,0.0018089822858703725,0.025059177666775557
2003-04-04,426.7275085449219,457.2080383300781,424.55029296875,457.2080383300781,256.0909118652344,1659466,0.06390370744849921,442.83861083984374,0.004480623682768778,0.028625769027394325
2003-04-07,468.0938720703125,487.6885681152344,463.73944091796875,487.6885681152344,273.16363525390625,2912747,0.06453850862238011,446.7575378417969,0.008760206914350718,0.030914089260334534
2003-04-08,483.3341369628906,494.219970703125,478.9797058105469,487.6885681152344,273.16363525390625,2579398,0.0,450.4587432861328,0.008231093089414334,0.030971769352733772
2003-04-09,483.3341369628906,483.3341369628906,470.2710876464844,474.6255187988281,265.8467712402344,1273789,-0.027150910415441043,453.1802261352539,0.006090258569423373,0.03189679706234467
2003-04-10,474.6255187988281,483.3341369628906,468.0938720703125,468.0938720703125,262.18829345703125,1287779,-0.013857254471659468,455.24854431152346,0.004626160045957792,0.032117061448139715
2003-04-11,468.0938720703125,472.44830322265625,461.5622253417969,461.5622253417969,258.52978515625,694951,-0.01405197948697833,456.77255859375,0.0034159345161368696,0.03235302498492463
2003-04-14,461.5622253417969,468.0938720703125,457.2080383300781,457.2080383300781,256.0909118652344,852263,-0.009478364248301348,458.0788635253906,0.0029420163037218025,0.03247488799088894
2003-04-15,461.5622253417969,472.44830322265625,459.38525390625,472.44830322265625,264.6272888183594,1070834,0.03278981636353755,458.7320159912109,0.0014019569316212146,0.030090131689219528
2003-04-16,487.6885681152344,502.9288330078125,485.5113525390625,489.86578369140625,274.3831481933594,3186914,0.03620311297140604,459.9294723510742,0.0025062336672549068,0.030973630015335225
2003-04-17,487.6885681152344,494.219970703125,481.15692138671875,483.3341369628906,270.72467041015625,1724798,-0.01342323332341253,460.5826248168945,0.0013699449385619704,0.0311276526669683
2003-04-18,498.57440185546875,513.814697265625,492.0427551269531,500.7516174316406,280.48052978515625,4107068,0.035401995131994136,461.99779052734374,0.002909093738999384,0.03204431867476331
2003-04-21,481.15692138671875,496.3971862792969,481.15692138671875,489.86578369140625,274.3831481933594,1940925,-0.02197876180858159,462.86866455078126,0.0018101556485703046,0.032522638314766275
2003-04-22,489.86578369140625,492.0427551269531,481.15692138671875,483.3341369628906,270.72467041015625,1114743,-0.01342323332341253,463.95726013183594,0.0023045665881614883,0.032194139852086516
2003-04-23,500.7516174316406,500.7516174316406,468.0938720703125,485.5113525390625,271.9441223144531,2597003,0.004494461221680252,465.1547164916992,0.0025292896492455008,0.03219289295363626
2003-04-24,478.9797058105469,478.9797058105469,452.8536071777344,452.8536071777344,253.6519317626953,1830574,-0.06963376035707862,464.82813415527346,-0.0007160140427490271,0.03600838129031904
2003-04-25,437.61334228515625,457.2080383300781,433.2589111328125,435.4361267089844,243.8960723876953,1188202,-0.03922079132510428,463.95726013183594,-0.001961039566255201,0.036922398683848945
2003-04-28,431.0819396972656,431.0819396972656,407.1328125,424.55029296875,237.7987060546875,1026165,-0.025317644452437272,464.06612091064454,0.00025707406933814844,0.03384429596150917
2003-04-29,426.7275085449219,433.2589111328125,420.19586181640625,431.0819396972656,241.45721435546875,1680010,0.015267712826972929,464.5015640258789,0.0010204597106867948,0.03400997458143019
2003-04-30,435.4361267089844,441.9677734375,409.3100280761719,413.6644592285156,231.70132446289062,1205391,-0.04124302709147038,464.28385467529296,-0.0005235439755265497,0.03523293190757645
2003-05-02,404.9555969238281,422.3730773925781,404.9555969238281,409.3100280761719,229.26229858398438,726574,-0.010582276498727627,463.3041198730469,-0.0023380961108067375,0.0347419224528742
2003-05-05,409.3100280761719,422.3730773925781,409.3100280761719,418.0186462402344,234.14019775390625,918964,0.021053156009258802,461.3446502685547,-0.004480623682768758,0.03162309947501851
2003-05-06,422.3730773925781,437.61334228515625,420.19586181640625,420.19586181640625,235.35972595214844,1478000,0.005194900473847066,457.97001495361326,-0.007447804090195409,0.027293993883247887
2003-05-07,424.55029296875,431.0819396972656,420.19586181640625,431.0819396972656,241.45721435546875,785482,0.025577247107092343,455.13968353271486,-0.006168941734840792,0.028244006706794285
2003-05-08,426.7275085449219,428.90472412109375,418.0186462402344,418.0186462402344,234.14019775390625,571580,-0.030772147580939182,452.30933990478513,-0.0063500035931157,0.02839678766346712
2003-05-09,418.0186462402344,428.90472412109375,415.8414306640625,422.3730773925781,236.57920837402344,842225,0.010362953367203515,450.02330017089844,-0.0051389932011725505,0.028575667449674113
2003-05-12,426.7275085449219,433.2589111328125,422.3730773925781,422.3730773925781,236.57920837402344,833036,0.0,448.0638427734375,-0.004436394226823634,0.02851767840804472
2003-05-13,431.0819396972656,446.32220458984375,431.0819396972656,435.4361267089844,243.8960723876953,1145535,0.030459125839200015,446.9752471923828,-0.0024395197224485665,0.02952646213427155
2003-05-14,435.4361267089844,437.61334228515625,431.0819396972656,437.61334228515625,245.1155548095703,500820,0.004987621359217798,445.23349914550784,-0.0038296294726645535,0.028414076902682512
2003-05-15,435.4361267089844,435.4361267089844,426.7275085449219,426.7275085449219,239.0181884765625,466927,-0.02519008409412216,442.0765853881836,-0.006899289325940963,0.02714970958470757
2003-05-16,435.4361267089844,435.4361267089844,424.55029296875,426.7275085449219,239.0181884765625,476293,0.0,439.24625396728516,-0.006228127659770337,0.027145860466069944
2003-05-19,422.3730773925781,424.55029296875,415.8414306640625,420.19586181640625,235.35972595214844,369723,-0.01542471599765216,435.2184661865234,-0.008769463216252651,0.025364085107645387
2003-05-20,413.6644592285156,422.3730773925781,413.6644592285156,422.3730773925781,236.57920837402344,457714,0.0051680528933566346,431.84383087158204,-0.00741212248115574,0.025346359400358755
2003-05-21,422.3730773925781,424.55029296875,407.1328125,409.3100280761719,229.26229858398438,669503,-0.031416109376462276,428.1426254272461,-0.008311766283808229,0.02588455291854896
2003-05-22,409.3100280761719,420.19586181640625,404.9555969238281,420.19586181640625,235.35972595214844,743836,0.026248056483105606,424.8768508911133,-0.00722408652073696,0.026888573641965213
2003-05-23,424.55029296875,439.7905578613281,422.3730773925781,431.0819396972656,241.45721435546875,1435369,0.025577247107092343,423.7882675170898,-0.002463536147528412,0.023468473544620883
2003-05-26,441.9677734375,459.38525390625,439.7905578613281,459.38525390625,257.3104248046875,1989897,0.0635910038055493,424.9857238769531,0.002677053609004267,0.02610526155787955
2003-05-27,463.73944091796875,481.15692138671875,457.2080383300781,474.6255187988281,265.8467712402344,3284192,0.03263692047582584,427.489485168457,0.005574781855417423,0.026050722651281624
2003-05-28,507.28302001953125,507.28302001953125,483.3341369628906,485.5113525390625,271.9441223144531,4365838,0.02267655902627194,430.21095581054686,0.005945224165382373,0.026247742944477428
2003-05-29,492.0427551269531,494.219970703125,481.15692138671875,489.86578369140625,274.3831481933594,1938130,0.008928772101732412,434.0210220336914,0.008453814125042512,0.02378217622484537
2003-05-30,492.0427551269531,518.1691284179688,487.6885681152344,509.4602355957031,285.3583679199219,4655244,0.03922036093084026,439.02853240966795,0.010943945996520908,0.02428605700827265
2003-06-02,518.1691284179688,531.232177734375,507.28302001953125,529.054931640625,296.3337707519531,3957726,0.03774046331650313,444.5803466796875,0.011778311361883124,0.024929767281317645
2003-06-03,529.054931640625,529.054931640625,515.9918823242188,522.5235595703125,292.6753845214844,1702669,-0.012422194088565592,449.6967315673828,0.01089745663376249,0.025479793543540893
2003-06-05,542.1179809570312,557.3582763671875,539.9407958984375,548.649658203125,307.3091125488281,4694862,0.04879001954946156,455.57511749267576,0.012058095255880951,0.02668390618564738
2003-06-06,548.649658203125,557.3582763671875,535.5866088867188,557.3582763671875,312.1869812011719,2403110,0.0157481657638191,462.54209899902344,0.014384110923118865,0.024708368578460496
2003-06-09,553.0038452148438,594.3704223632812,546.472412109375,594.3704223632812,332.9181823730469,4189474,0.06429447345055231,471.14196624755857,0.017080686927286304,0.0270759265914997
2003-06-10,592.1932373046875,598.7246704101562,581.307373046875,592.1932373046875,331.6986999511719,2441980,-0.0036697356845415557,479.6329742431641,0.016897200143059225,0.027209873439848705
2003-06-11,609.6107177734375,618.3193359375,587.8388061523438,592.1932373046875,331.6986999511719,3640872,0.0,487.47082977294923,0.015374243851099225,0.027263208934175515
2003-06-12,596.5474243164062,598.7246704101562,576.9529418945312,592.1932373046875,331.6986999511719,2485326,0.0,495.19982452392577,0.015124862783138335,0.02738575339886426
2003-06-13,585.6615600585938,596.5474243164062,579.1301879882812,585.6615600585938,328.0401611328125,1834666,-0.011090915815514158,503.1465270996094,0.015829821197068737,0.026459147332558296
2003-06-16,572.5985107421875,583.484375,555.1810302734375,555.1810302734375,310.96746826171875,2740724,-0.05344783893899419,509.56920318603517,0.01315742925011903,0.0305283478738151
2003-06-17,561.7127075195312,572.5985107421875,555.1810302734375,555.1810302734375,310.96746826171875,4008221,0.0,516.3184616088868,0.013928665050001638,0.029957780184888212
2003-06-18,561.7127075195312,592.1932373046875,561.7127075195312,590.0159912109375,330.47918701171875,6166398,0.06085539904587277,524.7006072998047,0.016713032357627444,0.031641261611183816
2003-06-19,598.7246704101562,605.2562866210938,579.1301879882812,594.3704223632812,332.9181823730469,3990159,0.007353091393177149,533.9536270141601,0.018651492396109415,0.029663251192592693
2003-06-20,585.6615600585938,587.8388061523438,563.889892578125,566.067138671875,317.0649719238281,2400717,-0.0487900409429385,541.2471908569336,0.014899587524807207,0.03318796372252909
2003-06-23,566.067138671875,566.067138671875,526.8777465820312,526.8777465820312,295.1142578125,2274825,-0.07174414902044135,546.0369812011719,0.010033517718430526,0.03828351970981693
2003-06-24,515.9918823242188,535.5866088867188,513.814697265625,533.4093627929688,298.7727355957031,2280611,0.012320622926932766,549.7381866455078,0.007469998674499696,0.03616651816147215
2003-06-25,533.4093627929688,535.5866088867188,515.9918823242188,522.5235595703125,292.6753845214844,1686104,-0.020619091727385904,552.133088684082,0.00480719806433911,0.03617656742861077
2003-06-26,520.3460693359375,535.5866088867188,515.9918823242188,515.9918823242188,289.016845703125,1776354,-0.012579039481155147,553.6571151733399,0.0030444181389677554,0.03611892339780549
2003-06-27,533.4093627929688,544.2952270507812,526.8777465820312,531.232177734375,297.55322265625,2677331,0.029108138453763036,555.7254348754883,0.004053386456569287,0.0365709745956836
2003-06-30,537.7637939453125,550.8268432617188,537.7637939453125,546.472412109375,306.089599609375,1872175,0.02828465341646879,557.5760437011719,0.003506601080850713,0.036096177224735286
2003-07-01,550.8268432617188,583.484375,548.649658203125,581.307373046875,325.6012878417969,3400647,0.06179583304938445,560.1886657714844,0.004709369567494779,0.03766367116984432
2003-07-02,598.7246704101562,620.49658203125,590.0159912109375,620.49658203125,347.5519714355469,4505537,0.06524043787131224,565.0873168945312,0.00859250116548867,0.03975016446862108
2003-07-03,640.0912475585938,642.2684936523438,587.8388061523438,587.8388061523438,329.25970458984375,4220508,-0.054067325100020346,567.0467742919922,0.003449633933014576,0.04091253031989029
2003-07-04,592.1932373046875,622.6737670898438,576.9529418945312,618.3193359375,346.3324279785156,2335319,0.050552277700440476,570.0948272705078,0.005189839529845644,0.04218362519711683
2003-07-07,633.5596313476562,650.9771118164062,611.7877197265625,646.6226806640625,362.1856689453125,2965348,0.04475789266481617,572.7074401855468,0.004213010490558837,0.04095112339516656
2003-07-08,650.9771118164062,666.2173461914062,627.0281982421875,653.154296875,365.8441467285156,3450654,0.010050449122314275,575.7554931640625,0.004899019730901629,0.040927034861258524
2003-07-09,654.8089599609375,672.7489624023438,650.3238525390625,652.56640625,365.51483154296875,5486385,-0.0009004845574070592,578.7741516113281,0.004853995503031276,0.04093320282722699
2003-07-10,650.3238525390625,661.5364990234375,616.6864013671875,625.656494140625,350.4421081542969,2940566,-0.04211141696190737,580.447314453125,0.0027484246549359073,0.042257689990875945
2003-07-11,596.5040893554688,623.4140014648438,583.0491333007812,605.4739990234375,339.1375427246094,3110037,-0.03278986834808949,581.4379364013672,0.0016634770283071407,0.04290530307168878
2003-07-14,605.4739990234375,641.35400390625,603.2314453125,627.8990478515625,351.6982116699219,9927872,0.03636778097843521,585.0738372802734,0.006154258024178611,0.04151107961658417
2003-07-15,630.1412963867188,636.868896484375,607.7164916992188,609.9590454101562,341.6496276855469,3667449,-0.028987585475936013,587.8127380371094,0.00470487875038181,0.04223697878133602
2003-07-16,612.2015380859375,639.1114501953125,605.4739990234375,616.6864013671875,345.4178161621094,6118137,0.010968814867681172,589.1462585449219,0.0022105495414722304,0.04016885908073071
2003-07-17,627.8990478515625,643.5964965820312,609.9590454101562,609.9590454101562,341.6496276855469,6443331,-0.010968814867681163,589.9256896972656,0.0012944542284293147,0.04025423995594526
2003-07-18,614.44384765625,618.9288940429688,596.5040893554688,605.4739990234375,339.1375427246094,2875131,-0.007380195502499202,591.8960327148437,0.0033649465004512795,0.038572370108939415
2003-07-21,625.656494140625,625.656494140625,585.2914428710938,587.533935546875,329.08892822265625,2848407,-0.03007761375598521,594.928842163086,0.005448273263674086,0.03528750381105608
2003-07-22,607.7164916992188,625.656494140625,594.2615356445312,625.656494140625,350.4421081542969,4391454,0.06286748210407464,599.5411987304688,0.007975616222531179,0.037543615116583086
2003-07-23,625.656494140625,625.656494140625,594.2615356445312,598.7466430664062,335.3693542480469,3099006,-0.04396294694743904,603.3523529052734,0.006808423461528523,0.03882053710887793
2003-07-24,609.9590454101562,627.8990478515625,607.7164916992188,616.6864013671875,345.4178161621094,4468576,0.029522088969529917,608.3870788574219,0.008913479884062776,0.03885537255923899
2003-07-25,609.9590454101562,621.1714477539062,605.4739990234375,607.7164916992188,340.39361572265625,2100950,-0.014652154440475068,612.211294555664,0.00672546523935087,0.03889041708664405
2003-07-28,607.7164916992188,616.6864013671875,574.0790405273438,583.0491333007812,326.5769348144531,3117283,-0.04143701719564928,614.0401306152344,0.0032393817087449676,0.03996616781998419
2003-07-29,574.0790405273438,592.01904296875,574.0790405273438,585.2914428710938,327.8328857421875,2072134,0.0038384566438571435,614.2393341064453,0.00034151288846860216,0.03752342766947931
2003-07-30,592.01904296875,594.2615356445312,578.5640869140625,578.5640869140625,324.06475830078125,1269084,-0.011560594436569042,612.142709350586,-0.003498538726925462,0.03432584926226298
2003-07-31,578.5640869140625,587.533935546875,574.0790405273438,574.0790405273438,321.5526123046875,944067,-0.007782233573658839,611.454721069336,-0.0011842841506073867,0.032233561314542004
2003-08-01,585.2914428710938,612.2015380859375,585.2914428710938,612.2015380859375,342.90576171875,3437627,0.06429445079266272,611.1488311767578,-0.0004971754959962743,0.033515430505088824
2003-08-04,612.2015380859375,621.1714477539062,598.7466430664062,598.7466430664062,335.3693542480469,2330833,-0.02222299675969761,608.755029296875,-0.0038462199672219637,0.032070699609017525
2003-08-05,598.7466430664062,605.4739990234375,583.0491333007812,583.0491333007812,326.5769348144531,1669464,-0.02656708266659438,605.2497711181641,-0.005677096556667397,0.03228014193467212
2003-08-06,583.0491333007812,587.533935546875,578.5640869140625,585.2914428710938,327.8328857421875,1153990,0.0038384566438571435,601.8860229492187,-0.005440149496604186,0.03233439634707423
2003-08-07,587.533935546875,603.2314453125,580.806640625,594.2615356445312,332.8572082519531,1756396,0.015209602041806375,600.316275024414,-0.0025740985464184985,0.031440918675115365
2003-08-08,598.7466430664062,614.44384765625,594.2615356445312,596.5040893554688,334.1133117675781,2349985,0.0037665789390215264,599.8677795410156,-0.000746276182062948,0.030644385361864947
2003-08-11,589.7764892578125,600.9888916015625,585.2914428710938,596.5040893554688,334.1133117675781,826028,0.0,598.2980316162109,-0.0025646652309847086,0.029379066701242972
2003-08-12,600.9888916015625,632.3838500976562,600.9888916015625,621.1714477539062,347.92999267578125,3875708,0.040521030071287996,598.8586517333985,0.000910765546376492,0.030188962507347147
2003-08-13,632.3838500976562,661.5364990234375,632.3838500976562,654.8089599609375,366.7709655761719,6072594,0.05273640174209724,600.764779663086,0.0029991448900972954,0.03229274102350006
2003-08-14,650.3238525390625,654.8089599609375,621.1714477539062,627.8990478515625,351.6982116699219,4044204,-0.041964127193690866,601.6617797851562,0.0014493792737968105,0.033710967917517924
2003-08-15,634.6264038085938,652.56640625,630.1412963867188,632.3838500976562,354.210205078125,3205449,0.007117165811726474,603.0072723388672,0.0021742473395080938,0.033666953608325834
2003-08-18,639.1114501953125,641.35400390625,616.6864013671875,616.6864013671875,345.4178161621094,1667922,-0.02513593641998146,604.4648956298828,0.0024213312063082813,0.03343513289635977
2003-08-19,641.35400390625,643.5964965820312,618.9288940429688,621.1714477539062,347.92999267578125,2405943,0.007246496059848688,604.2406433105468,-0.0003597180959030162,0.03030990326021587
2003-08-20,636.868896484375,645.8390502929688,630.1412963867188,634.6264038085938,355.4663391113281,2680054,0.021429358124512674,606.0346313476563,0.0029098971576945695,0.02885063994123577
2003-08-21,632.3838500976562,643.5964965820312,627.8990478515625,643.5964965820312,360.4906311035156,1815494,0.01403548633873818,607.3801361083985,0.0021355670261549824,0.028301392297814407
2003-08-22,648.0813598632812,654.8089599609375,627.8990478515625,627.8990478515625,351.6982116699219,2585819,-0.0246925699148444,608.3892639160156,0.0016335462524365157,0.028701080262486318
2003-08-25,630.1412963867188,639.1114501953125,623.4140014648438,632.3838500976562,354.210205078125,1478973,0.007117165811726474,610.8559997558593,0.004061255402805304,0.026860663245524267
2003-08-26,632.3838500976562,632.3838500976562,605.4739990234375,609.9590454101562,341.6496276855469,1551258,-0.03610475128766256,612.0893798828125,0.002064095006229319,0.028323223529537138
2003-08-27,614.44384765625,618.9288940429688,598.7466430664062,598.7466430664062,335.3693542480469,1620065,-0.01855327410184875,613.0985076904296,0.0017144610229653337,0.028542575492410748
2003-08-28,612.2015380859375,614.44384765625,598.7466430664062,600.9888916015625,336.6253967285156,1697864,0.003737909032583926,614.4440002441406,0.002290468153277472,0.028456952853446293
2003-08-29,612.2015380859375,618.9288940429688,605.4739990234375,618.9288940429688,346.6738586425781,1689257,0.02941394260857029,614.7803680419922,0.0005464427440728502,0.025356948242397353
2003-09-01,627.8990478515625,630.1412963867188,614.44384765625,614.44384765625,344.16168212890625,1821799,-0.007272847865888983,615.5652282714843,0.0012939501887632814,0.024865999024153197
2003-09-02,614.44384765625,623.4140014648438,607.7164916992188,618.9288940429688,346.6738586425781,1383477,0.007272847865889002,617.3592163085938,0.002985946715387451,0.02400689951556539
2003-09-03,623.4140014648438,623.4140014648438,600.9888916015625,603.2314453125,337.88140869140625,1249744,-0.025689447622793578,618.256216430664,0.0015095515020549146,0.02484504596749478
2003-09-04,603.2314453125,607.7164916992188,585.2914428710938,585.2914428710938,327.8328857421875,1230690,-0.030191030041097768,617.8077117919922,-0.0007604801020902926,0.025590319396124456
2003-09-05,594.2615356445312,596.5040893554688,583.0491333007812,587.533935546875,329.08892822265625,1434562,0.0038240908661017333,617.3592041015625,-0.0007576045057362823,0.02559085810364524
2003-09-08,587.533935546875,600.9888916015625,583.0491333007812,592.01904296875,331.60113525390625,1119548,0.00760479456049963,617.1349517822266,-0.00037736477771130084,0.025659113964763496
2003-09-09,609.9590454101562,630.1412963867188,603.2314453125,616.6864013671875,345.4178161621094,3580593,0.04082182956566594,616.9106994628906,-0.00036232480299240344,0.02568442375507978
2003-09-10,616.6864013671875,621.1714477539062,607.7164916992188,612.2015380859375,342.90576171875,1719625,-0.007299092209832228,614.7803283691406,-0.003364099500588877,0.02245760192899571
2003-09-12,609.9590454101562,609.9590454101562,594.2615356445312,600.9888916015625,336.6253967285156,1218841,-0.018485087727113738,613.4348205566406,-0.0021901475272600203,0.0208927747344037
2003-09-15,600.9888916015625,605.4739990234375,594.2615356445312,600.9888916015625,336.6253967285156,752315,0.0,611.8650726318359,-0.002546005817846344,0.020786243740676846
2003-09-16,598.7466430664062,607.7164916992188,596.5040893554688,605.4739990234375,339.1375427246094,830231,0.007435169566765709,611.3044525146485,-0.0009174505185089857,0.0201906253628012
2003-09-17,612.2015380859375,630.1412963867188,612.2015380859375,618.9288940429688,346.6738586425781,4321369,0.021978773041804556,611.1923248291016,-0.00018083666941119247,0.020764723031109066
2003-09-18,616.6864013671875,616.6864013671875,598.7466430664062,607.7164916992188,340.39361572265625,1863147,-0.0182819171120993,609.8468292236328,-0.002166400431241791,0.020486324133726756
2003-09-19,612.2015380859375,625.656494140625,607.7164916992188,612.2015380859375,342.90576171875,2648549,0.007353062230642702,608.2770812988281,-0.002500521636646565,0.020261431274579852
2003-09-22,612.2015380859375,632.3838500976562,612.2015380859375,614.44384765625,344.16168212890625,3638199,0.0036560070155675704,607.6043212890625,-0.0010830927901259667,0.01960829590298403
2003-09-23,614.44384765625,618.9288940429688,609.9590454101562,618.9288940429688,346.6738586425781,1304794,0.007272847865889002,606.9315734863281,-0.0010753086874178402,0.01961175317242338
2003-09-24,621.1714477539062,630.1412963867188,618.9288940429688,623.4140014648438,349.1860656738281,2510852,0.007220433141075193,607.6043212890625,0.0010909505340190473,0.017852760793040674
2003-09-25,609.9590454101562,623.4140014648438,605.4739990234375,618.9288940429688,346.6738586425781,2489733,-0.007220433141075175,608.6134338378906,0.0016575925820577256,0.017369759207456162
2003-09-26,618.9288940429688,621.1714477539062,607.7164916992188,609.9590454101562,341.6496276855469,1287678,-0.014598577539305465,609.0619415283203,0.0007407682534632564,0.017734275729079686
2003-09-29,605.4739990234375,612.2015380859375,594.2615356445312,596.5040893554688,334.1133117675781,1242354,-0.022305719143758222,607.9407012939453,-0.0018452148341531692,0.017092364654597014
2003-09-30,600.9888916015625,603.2314453125,585.2914428710938,585.2914428710938,327.8328857421875,1163749,-0.018976180980827675,606.4830810546875,-0.0024303814899001037,0.01748381516344396
2003-10-01,585.2914428710938,589.7764892578125,560.6240844726562,567.3516845703125,317.7845153808594,1533132,-0.031130549693758953,603.9042205810547,-0.004350551367882502,0.018444508537363336
2003-10-02,574.0790405273438,578.5640869140625,565.109130859375,567.3516845703125,317.7845153808594,2241028,0.0,602.1102325439454,-0.0030660789867428227,0.017762141031419997
2003-10-03,567.3516845703125,580.806640625,567.3516845703125,567.3516845703125,317.7845153808594,1686754,0.0,601.2132446289063,-0.0015565274846879344,0.016579064766788033
2003-10-06,578.5640869140625,578.5640869140625,569.5939331054688,569.5939331054688,319.04034423828125,1065487,0.003944342468699804,600.3162445068359,-0.0015505149045580307,0.01658114048466308
2003-10-07,576.321533203125,576.321533203125,547.1691284179688,553.896728515625,310.24810791015625,1705500,-0.027945450142886477,598.4101287841797,-0.003328027139727336,0.017431719569103686
2003-10-08,551.6541748046875,560.6240844726562,551.6541748046875,551.6541748046875,308.9920349121094,1259846,-0.0040569037209437905,595.1585174560547,-0.005571963804057823,0.014000091117137563
2003-10-09,551.6541748046875,558.3815307617188,544.9265747070312,558.3815307617188,312.7601318359375,1112219,0.012121120589603417,592.4675170898438,-0.00460095316408604,0.014537163815268973
2003-10-13,560.6240844726562,567.3516845703125,549.4116821289062,551.6541748046875,308.9920349121094,1314448,-0.012121120589603438,590.00078125,-0.004282754807210526,0.01428472173467445
2003-10-14,515.774169921875,535.9567260742188,513.5316162109375,513.5316162109375,287.6388244628906,3084526,-0.0716097575238117,585.6279174804688,-0.00786324268340111,0.02069222796268675
2003-10-15,513.5316162109375,515.774169921875,493.34912109375,513.5316162109375,287.6388244628906,3763826,0.0,581.0307983398437,-0.008235001161739395,0.020468490217551198
2003-10-16,515.774169921875,524.7440795898438,515.774169921875,522.5015258789062,292.6630554199219,2307645,0.017316306672812833,576.2094299316407,-0.008468124480188981,0.020130015549886804
2003-10-17,531.4716796875,542.68408203125,524.7440795898438,531.4716796875,297.6874084472656,2446173,0.017022008436442883,572.3971893310547,-0.006702928202761872,0.020762125166379253
2003-10-20,531.4716796875,540.4415283203125,529.2291259765625,535.9567260742188,300.1995849609375,1439965,0.008403510261853285,568.5849487304688,-0.006650405801201342,0.020800846934973215
2003-10-21,538.19921875,538.19921875,515.774169921875,515.774169921875,288.89495849609375,1229968,-0.03838440838298958,563.65146484375,-0.0087524265711292,0.021804495407331693
2003-10-22,518.0167236328125,522.5015258789062,509.04656982421875,515.774169921875,288.89495849609375,1094726,0.0,558.4937286376953,-0.009116068964423652,0.02158268703540418
2003-10-23,506.8040466308594,511.28912353515625,500.0766906738281,502.3192443847656,281.3585510253906,1038191,-0.026433151938435612,552.4389907836915,-0.010798748218399191,0.021553857984063677
2003-10-24,473.16680908203125,502.3192443847656,473.16680908203125,493.34912109375,276.334228515625,1642582,-0.018018782758925465,546.1600021362304,-0.011338665699291706,0.021594713568733055
2003-10-27,495.5916442871094,497.83416748046875,488.8642883300781,491.1065673828125,275.078125,675675,-0.004555934037776507,540.2173782348633,-0.010836533524215257,0.021631649713665012
2003-10-28,497.83416748046875,506.8040466308594,497.83416748046875,506.8040466308594,283.8705749511719,1368726,0.03146328732803541,535.7323760986328,-0.008148083200625576,0.023400196175367673
2003-10-29,515.774169921875,518.0167236328125,495.5916442871094,504.561767578125,282.6146545410156,1160433,-0.00443416752904892,531.6958923339844,-0.007420982528036639,0.02327160727738567
2003-10-30,511.28912353515625,511.28912353515625,497.83416748046875,497.83416748046875,278.84637451171875,875053,-0.013423241014601413,528.2200164794922,-0.006535617094078761,0.022650656424675546
2003-10-31,493.34912109375,495.5916442871094,479.8941650390625,484.37921142578125,271.30999755859375,1419752,-0.027398929915394596,524.0713928222656,-0.00790556358984849,0.023059443728123567
2003-11-03,482.1366882324219,484.37921142578125,475.4090881347656,479.8941650390625,268.7978210449219,897453,-0.00930250453766604,519.6985168457031,-0.008370688816731793,0.022985290072662527
2003-11-04,491.1065673828125,495.5916442871094,484.37921142578125,488.8642883300781,273.82220458984375,1393004,0.018519331890633595,515.6620346069336,-0.007641939345635104,0.023618613686547756
2003-11-05,493.34912109375,500.0766906738281,491.1065673828125,495.5916442871094,277.5903625488281,837227,0.013667367841675845,512.7467803955078,-0.005561298446406987,0.02356872596437413
2003-11-06,495.5916442871094,497.83416748046875,479.8941650390625,479.8941650390625,268.7978210449219,858971,-0.032186699732309504,509.1587799072266,-0.0069677882469752735,0.024302151244450496
2003-11-07,479.8941650390625,486.62176513671875,477.6516418457031,486.62176513671875,272.56610107421875,779314,0.013921568271440816,505.57079162597654,-0.006877765862883403,0.02437979452618858
2003-11-10,486.62176513671875,493.34912109375,482.1366882324219,484.37921142578125,271.30999755859375,611030,-0.0046190637337747255,502.20704345703126,-0.006502663020091967,0.024352572721873637
2003-11-11,477.6516418457031,482.1366882324219,470.9242858886719,473.16680908203125,265.0297546386719,1165824,-0.023420106397883774,500.1888031005859,-0.0040931804637955715,0.01946530270324651
2003-11-12,473.16680908203125,488.8642883300781,473.16680908203125,479.8941650390625,268.7978210449219,1010406,0.014117601860217812,498.5069305419922,-0.003387300370784681,0.019873250084738375
2003-11-13,488.8642883300781,488.8642883300781,482.1366882324219,482.1366882324219,270.0539855957031,857522,0.004662069303664412,496.48868865966796,-0.004020012239242102,0.019374592465732327
2003-11-14,482.1366882324219,484.37921142578125,477.6516418457031,484.37921142578125,271.30999755859375,476566,0.0046404352340017555,494.13406524658205,-0.004639090899364158,0.018857768718297946
2003-11-17,482.1366882324219,482.1366882324219,475.4090881347656,475.4090881347656,266.2857360839844,407459,-0.018692423065972148,491.1066833496094,-0.00599388756575543,0.018844754399836024
2003-11-18,475.4090881347656,479.8941650390625,459.7118835449219,464.1966857910156,260.0054016113281,1027450,-0.023867317359800588,488.5278091430664,-0.00526803301459598,0.017781046912246714
2003-11-19,457.4693298339844,459.7118835449219,448.49920654296875,450.7417297363281,252.46905517578125,829287,-0.029413840069463952,485.27618713378905,-0.006738725018069177,0.018523322544581305
2003-11-20,452.9842834472656,457.4693298339844,448.49920654296875,450.7417297363281,252.46905517578125,709645,0.0,482.6973114013672,-0.005417067421147398,0.017979169922292624
2003-11-21,448.49920654296875,457.4693298339844,446.2566833496094,455.226806640625,254.98121643066406,512905,0.009901256755206974,480.79119567871095,-0.004021065445440774,0.018033057169357086
2003-11-24,455.226806640625,457.4693298339844,450.7417297363281,450.7417297363281,252.46905517578125,342706,-0.009901256755207012,478.77295379638673,-0.004288331581312301,0.018080949276828167
2003-11-25,459.7118835449219,464.1966857910156,452.9842834472656,452.9842834472656,253.72511291503906,617948,0.004962916373244355,476.081965637207,-0.005613350129051853,0.016195820869844644
2003-11-26,455.226806640625,459.7118835449219,452.9842834472656,455.226806640625,254.98121643066406,367059,0.004938340381962851,473.615217590332,-0.005144724733501265,0.01636643414386318
2003-11-27,455.226806640625,455.226806640625,450.7417297363281,450.7417297363281,252.46905517578125,297475,-0.009901256755207012,471.260595703125,-0.004968625520531544,0.016291447080444745
2003-11-28,455.226806640625,457.4693298339844,448.49920654296875,448.49920654296875,251.2129364013672,326468,-0.00498760176870669,469.4665954589844,-0.0038480591131971496,0.015414590038269718
2003-12-01,448.49920654296875,475.4090881347656,446.2566833496094,475.4090881347656,266.2857360839844,1247534,0.0582687591979714,469.24234161376955,-0.00046949592641527745,0.02066657165185416
2003-12-02,477.6516418457031,484.37921142578125,473.16680908203125,473.16680908203125,265.0297546386719,1128264,-0.004727683331911668,468.4574676513672,-0.0016318466875425402,0.02019063342670524
2003-12-03,475.4090881347656,488.8642883300781,475.4090881347656,484.37921142578125,271.30999755859375,1460080,0.023420106397883878,467.89684600830077,-0.0011442097597321387,0.02069115050854277
2003-12-04,486.62176513671875,488.8642883300781,482.1366882324219,484.37921142578125,271.30999755859375,783444,0.0,468.12109832763673,0.0004651252268833365,0.01935842578456
2003-12-05,484.37921142578125,488.8642883300781,475.4090881347656,475.4090881347656,266.2857360839844,593670,-0.018692423065972148,467.5604644775391,-0.0011655743399873117,0.019538055314401795
2003-12-08,473.16680908203125,482.1366882324219,470.9242858886719,470.9242858886719,263.773681640625,380516,-0.009478342294557901,466.8877182006836,-0.0014085382680264706,0.01961332978060266
2003-12-09,475.4090881347656,477.6516418457031,470.9242858886719,473.16680908203125,265.0297546386719,296746,0.004750658962646322,466.8877182006836,3.426078865054194e-17,0.018949681811676534
2003-12-10,468.6817626953125,468.6817626953125,459.7118835449219,459.7118835449219,257.493408203125,426591,-0.028848035097892265,465.87860412597655,-0.0021482818479054695,0.019686113892093026
2003-12-11,461.95416259765625,466.439208984375,459.7118835449219,461.95416259765625,258.74932861328125,331494,0.004865717872511956,464.8694778442383,-0.0021380994194630924,0.019689874179531774
2003-12-12,466.439208984375,468.6817626953125,459.7118835449219,459.7118835449219,257.493408203125,362049,-0.004865717872511851,463.6361114501953,-0.0026134070747887727,0.01963228380679856
2003-12-15,464.1966857910156,466.439208984375,459.7118835449219,461.95416259765625,258.74932861328125,292817,0.004865717872511956,462.96336517333987,-0.0014355000278645676,0.019321052107742265
2003-12-16,459.7118835449219,459.7118835449219,452.9842834472656,455.226806640625,254.98121643066406,540993,-0.014669900116765581,462.51487121582034,-0.0009756291657128172,0.018863067966621662
2003-12-17,455.226806640625,459.7118835449219,444.014404296875,448.49920654296875,251.2129364013672,979636,-0.01488885852391378,462.40274505615236,-0.00024938008843530866,0.017968962548732283
2003-12-18,450.7417297363281,452.9842834472656,448.49920654296875,448.49920654296875,251.2129364013672,446369,0.0,462.2906188964844,-0.00024938008843530866,0.017968962548732283
2003-12-19,452.9842834472656,464.1966857910156,448.49920654296875,457.4693298339844,256.2373046875,974567,0.019802931491823668,462.40274505615236,0.0002457036483955261,0.01839471648932165
2003-12-22,464.1966857910156,470.9242858886719,457.4693298339844,459.7118835449219,257.493408203125,914302,0.004890109276343674,462.851252746582,0.0009852719499730603,0.018262150637860967
2003-12-23,464.1966857910156,466.439208984375,461.95416259765625,461.95416259765625,258.74932861328125,427262,0.004865717872511956,463.29974670410155,0.0009804120249364404,0.018261049294664152
2003-12-24,468.6817626953125,482.1366882324219,468.6817626953125,470.9242858886719,263.773681640625,1687107,0.019231658262734205,464.0846206665039,0.001695077918975008,0.018698550958566793
2003-12-25,475.4090881347656,482.1366882324219,473.16680908203125,477.6516418457031,267.5417785644531,1153110,0.014184354784902037,465.4301162719727,0.0028993584959804606,0.01868799442316877
2003-12-26,479.8941650390625,479.8941650390625,473.16680908203125,477.6516418457031,267.5417785644531,404440,0.0,466.8877380371094,0.003148738584415795,0.01861032523903225
2003-12-29,479.8941650390625,479.8941650390625,473.16680908203125,473.16680908203125,265.0297546386719,322364,-0.009433695822255742,466.77562408447267,-0.000236384166595562,0.013516967440415412
2003-12-30,479.8941650390625,486.62176513671875,477.6516418457031,477.6516418457031,267.5417785644531,1066096,0.00943369582225568,466.99986572265624,0.00047168479111280547,0.013639669722696762
2003-12-31,482.1366882324219,484.37921142578125,477.6516418457031,477.6516418457031,267.5417785644531,321244,0.0,466.66348724365236,-0.0006993205287813885,0.012525633875874
2004-01-02,479.8941650390625,493.34912109375,479.8941650390625,486.62176513671875,272.56610107421875,1030815,0.01860547430940276,466.7756149291992,0.00023095318668874958,0.013250256098190227
2004-01-05,491.1065673828125,515.774169921875,486.62176513671875,513.5316162109375,287.6388244628906,2474480,0.05382443914425314,468.68174133300784,0.0038567962972000137,0.017148038478785047
2004-01-06,524.7440795898438,526.986572265625,511.28912353515625,511.28912353515625,286.3827819824219,2347185,-0.004376367823050177,470.69998321533205,0.0041118950207754005,0.01697630982888887
2004-01-07,520.2589721679688,531.4716796875,518.0167236328125,522.5015258789062,292.6630554199219,2318724,0.021692674495863092,473.1667190551758,0.0049589957974362385,0.01742658435866546
2004-01-08,535.9567260742188,544.9265747070312,529.2291259765625,538.19921875,301.4556579589844,3118034,0.029600882516726747,477.09108581542966,0.007881441678167189,0.016324867131556682
2004-01-09,551.6541748046875,553.896728515625,542.68408203125,549.4116821289062,307.7359619140625,3212984,0.020619250172122114,481.4639617919922,0.008669118293147695,0.01655019945269788
2004-01-12,549.4116821289062,553.896728515625,538.19921875,542.68408203125,303.9676818847656,940578,-0.012320687291344355,485.6125717163086,0.008296369822206072,0.01695019679523901
2004-01-13,549.4116821289062,553.896728515625,535.9567260742188,535.9567260742188,300.1995849609375,1125248,-0.012473926699207964,489.31269989013674,0.007429387593620075,0.017567129798280606
2004-01-14,533.7141723632812,542.68408203125,529.2291259765625,540.4415283203125,302.71160888671875,1420677,0.008333027630928283,493.5734359741211,0.008579533981004767,0.016779464660247614
2004-01-15,540.4415283203125,540.4415283203125,529.2291259765625,529.2291259765625,296.4313049316406,1068630,-0.02096498203144511,497.6099319458008,0.008275727805628201,0.017274449137696685
2004-01-16,531.4716796875,535.9567260742188,524.7440795898438,526.986572265625,295.1752624511719,854891,-0.004246399830002207,501.53430023193357,0.008063407814128093,0.01740710635501442
2004-01-27,542.68408203125,547.1691284179688,533.7141723632812,544.9265747070312,305.2237243652344,1091685,0.033475991633891575,505.90716247558595,0.008747060821231487,0.018145283645555746
2004-01-28,551.6541748046875,578.5640869140625,549.4116821289062,571.8364868164062,320.2964782714844,3849920,0.04820202802555337,511.51339263916014,0.010912656758691972,0.02013611223067883
2004-01-29,574.0790405273438,585.2914428710938,562.8665771484375,567.3516845703125,317.7845153808594,3296765,-0.00787372188109291,516.7832687377929,0.01027568477101173,0.0205350088562586
2004-01-30,571.8364868164062,571.8364868164062,560.6240844726562,560.6240844726562,314.0162658691406,1178642,-0.011928766659167204,521.2682586669922,0.008717663524916658,0.02099664733120734
2004-02-02,558.3815307617188,565.109130859375,542.68408203125,542.68408203125,303.9676818847656,1159814,-0.03252325018945776,524.5198806762695,0.006382283276198669,0.022870543012923
2004-02-03,535.9567260742188,556.1390380859375,531.4716796875,553.896728515625,310.24810791015625,1343397,0.020450909174438342,528.3321350097656,0.007404828734920585,0.023026819291468735
2004-02-04,556.1390380859375,558.3815307617188,538.19921875,538.19921875,301.4556579589844,1213694,-0.02874947205521601,531.5837554931641,0.006439039923272573,0.024148004519000968
2004-02-05,538.19921875,547.1691284179688,533.7141723632812,538.19921875,301.4556579589844,715231,0.0,534.6111343383789,0.005967355132159788,0.02417854623539003
2004-02-06,547.1691284179688,549.4116821289062,538.19921875,542.68408203125,303.9676818847656,726825,0.008298562880777766,537.8627563476563,0.006382283276198676,0.02414192875702982
2004-02-09,551.6541748046875,551.6541748046875,540.4415283203125,542.68408203125,303.9676818847656,1078839,0.0,540.6658721923828,0.005452009560728539,0.02400421094105444
2004-02-10,544.9265747070312,547.1691284179688,531.4716796875,531.4716796875,297.6874084472656,1055076,-0.020877436961061438,541.562875366211,0.0017169157554628098,0.021791077375841343
2004-02-11,533.7141723632812,535.9567260742188,526.986572265625,531.4716796875,297.6874084472656,724089,0.0,542.5720031738281,0.0019357341466153186,0.021748601982868297
2004-02-12,533.7141723632812,547.1691284179688,533.7141723632812,535.9567260742188,300.1995849609375,1307435,0.008403510261853285,543.2447631835937,0.0012712759349148284,0.021311841800407603
2004-02-13,535.9567260742188,540.4415283203125,526.986572265625,526.986572265625,295.1752624511719,1054004,-0.016878354230519102,542.684130859375,-0.001052685902447464,0.020581703565133915
2004-02-16,526.986572265625,531.4716796875,515.774169921875,520.2589721679688,291.4070129394531,1237303,-0.012848357641964894,541.2264953613281,-0.0027260662931518145,0.020081393497391166
2004-02-17,520.2589721679688,529.2291259765625,520.2589721679688,522.5015258789062,292.6630554199219,688238,0.004301193174187665,540.2173675537109,-0.0018949722698752135,0.020007230547132406
2004-02-18,533.7141723632812,547.1691284179688,529.2291259765625,544.9265747070312,305.2237243652344,1812594,0.042023156101668714,540.6658599853515,0.0008298818701686205,0.022092970220730115
2004-02-19,551.6541748046875,556.1390380859375,538.19921875,540.4415283203125,302.71160888671875,1850522,-0.008264609772444184,540.6658599853515,-2.949029909160572e-18,0.022108019304588316
2004-02-20,540.4415283203125,549.4116821289062,533.7141723632812,544.9265747070312,305.2237243652344,1221944,0.0082646097724443,541.450732421875,0.0014614795901944674,0.021609672158464266
2004-02-23,544.9265747070312,553.896728515625,533.7141723632812,540.4415283203125,302.71160888671875,1092803,-0.008264609772444184,542.1234802246094,0.0012605690930723688,0.021684083796024534
2004-02-24,535.9567260742188,540.4415283203125,529.2291259765625,529.2291259765625,296.4313049316406,891366,-0.02096498203144511,541.3386077880859,-0.0014614795901944655,0.020827286004574792
2004-02-25,529.2291259765625,544.9265747070312,529.2291259765625,533.7141723632812,298.9434814453125,1200381,0.00843896943707942,539.4324920654296,-0.0034496325196181634,0.017463105265609593
2004-02-26,540.4415283203125,558.3815307617188,538.19921875,544.9265747070312,305.2237243652344,3192356,0.020790622366809893,538.3112365722657,-0.0020164153072230228,0.018239886921914087
2004-02-27,549.4116821289062,553.896728515625,542.68408203125,551.6541748046875,308.9920349121094,1584579,0.012270294749329997,537.8627410888672,-0.0008064622367981629,0.01835003466198225
2004-03-01,551.6541748046875,569.5939331054688,544.9265747070312,558.3815307617188,312.7601318359375,3121547,0.012121120589603417,538.6476135253906,0.0014257563021548962,0.016950801001737563
2004-03-02,574.0790405273438,594.2615356445312,571.8364868164062,594.2615356445312,332.8572082519531,6250027,0.062277042541092203,540.6658538818359,0.0035170629704875888,0.021414105976777755
2004-03-03,598.7466430664062,609.9590454101562,583.0491333007812,583.0491333007812,326.5769348144531,4896201,-0.019048058685663512,542.908349609375,0.004002133638965214,0.02074413591537098
2004-03-04,594.2615356445312,609.9590454101562,592.01904296875,603.2314453125,337.88140869140625,3054365,0.034029486684955,546.1599609375,0.005703607973212964,0.021768868260738775
2004-03-05,614.44384765625,614.44384765625,571.8364868164062,576.321533203125,322.80865478515625,2778631,-0.045635223841021526,547.8418334960937,0.0030069186371229997,0.024588495464861672
2004-03-08,583.0491333007812,587.533935546875,569.5939331054688,569.5939331054688,319.04034423828125,915058,-0.011742013425135442,549.1873260498047,0.0024198179658662276,0.02480331447355582
2004-03-09,567.3516845703125,576.321533203125,560.6240844726562,571.8364868164062,320.2964782714844,989726,0.003929379412392986,551.20556640625,0.0036601587845389487,0.02418963626530698
2004-03-10,569.5939331054688,571.8364868164062,560.6240844726562,560.6240844726562,314.0162658691406,839367,-0.01980248854026002,552.6631866455078,0.002670034357525947,0.024746210427425197
2004-03-11,560.6240844726562,587.533935546875,560.6240844726562,587.533935546875,329.08892822265625,2926808,0.046883407219027756,555.2420471191406,0.004594029205384671,0.026638948681447113
2004-03-12,574.0790405273438,580.806640625,571.8364868164062,571.8364868164062,320.2964782714844,1275982,-0.027080918678767767,557.4845428466797,0.004083900982972238,0.027164288289457068
2004-03-15,592.01904296875,592.01904296875,560.6240844726562,560.6240844726562,314.0162658691406,1854551,-0.01980248854026002,559.502798461914,0.0037361944380574818,0.027435582766170308
2004-03-16,578.5640869140625,589.7764892578125,571.8364868164062,580.806640625,325.3208312988281,3620006,0.0353672972641441,562.4180541992188,0.005289499642555304,0.028333971737422865
2004-03-17,587.533935546875,592.01904296875,576.321533203125,576.321533203125,322.80865478515625,2400321,-0.007752174711141686,563.9878021240235,0.002800733101914784,0.02709662020984978
2004-03-18,603.2314453125,614.44384765625,596.5040893554688,614.44384765625,344.16168212890625,4511740,0.0640518235979262,567.6879180908203,0.006416554770433303,0.030190692759256683
2004-03-19,632.3838500976562,650.3238525390625,630.1412963867188,641.35400390625,359.234619140625,11707829,0.04286402674620079,572.5092895507812,0.008146525619121128,0.031274024516555816
2004-03-22,596.5040893554688,596.5040893554688,596.5040893554688,596.5040893554688,334.1133117675781,333813,-0.07249547556337552,575.3124176025391,0.004934982329574561,0.035990316214844456
2004-03-23,560.6240844726562,636.868896484375,560.6240844726562,632.3838500976562,354.210205078125,12685024,0.058410470431420794,580.4701538085938,0.008903754952717854,0.03733528803099499
2004-03-24,636.868896484375,643.5964965820312,609.9590454101562,627.8990478515625,351.6982116699219,7397655,-0.007117165811726517,585.1793975830078,0.008125948190277558,0.037507125725907
2004-03-25,630.1412963867188,634.6264038085938,594.2615356445312,596.5040893554688,334.1133117675781,4054222,-0.0512933046196943,587.7582733154297,0.004521751840952349,0.03962943757663563
2004-03-26,600.9888916015625,603.2314453125,585.2914428710938,587.533935546875,329.08892822265625,3270739,-0.015152090114726064,589.5522613525391,0.003150632597749546,0.03982116265629381
2004-03-29,625.656494140625,627.8990478515625,612.2015380859375,627.8990478515625,351.6982116699219,4092431,0.06644539473442043,593.0281372070312,0.005866846304990397,0.04224426204059762
2004-03-30,632.3838500976562,645.8390502929688,625.656494140625,634.6264038085938,355.4663391113281,6287823,0.010657083576106218,595.0463806152344,0.0032858483567410972,0.04014092343972249
2004-03-31,645.8390502929688,645.8390502929688,623.4140014648438,625.656494140625,350.4421081542969,3669723,-0.014234996206452093,597.1767486572265,0.003526501480701668,0.04001420752234659
2004-04-01,639.1114501953125,659.2940063476562,639.1114501953125,650.3238525390625,364.25872802734375,7893426,0.038668984400308457,599.5313690185546,0.003758476366469341,0.04021330299763891
2004-04-02,659.2940063476562,659.2940063476562,634.6264038085938,634.6264038085938,355.4663391113281,3853375,-0.02443398819385629,602.4466125488282,0.004818538148827603,0.03910693022428026
2004-04-05,650.3238525390625,677.2340087890625,645.8390502929688,677.2340087890625,379.33172607421875,9647926,0.0649803834165319,607.8286163330079,0.008654657990910971,0.041108692440056854
2004-04-06,681.7188110351562,706.3864135742188,672.7489624023438,674.991455078125,378.0755615234375,10740473,-0.003316837061270909,612.9863647460937,0.008292347167227775,0.0411843930212029
2004-04-07,668.2638549804688,668.2638549804688,654.8089599609375,659.2940063476562,369.28314208984375,3309264,-0.023530456504281396,617.9198608398438,0.008105948769026709,0.041326432534664184
2004-04-08,661.5364990234375,666.0213623046875,652.56640625,657.0514526367188,368.0270080566406,3254651,-0.00340724521085971,621.3957366943359,0.005591416147532334,0.04036153155542162
2004-04-09,657.0514526367188,672.7489624023438,650.3238525390625,657.0514526367188,368.0270080566406,4705913,0.0,625.6564849853515,0.006945462081470721,0.03965583850568826
2004-04-12,677.2340087890625,699.6588134765625,672.7489624023438,697.4163208007812,390.6361999511719,7722683,0.059620206386689356,632.4960968017579,0.010916596827818191,0.04079660887989278
2004-04-13,697.4163208007812,713.11376953125,692.9312133789062,699.6588134765625,391.8922119140625,8002247,0.0032102705812424724,638.4387054443359,0.00930874549367311,0.040414138758358635
2004-04-14,686.203857421875,699.6588134765625,681.7188110351562,688.4464111328125,385.6119689941406,4147916,-0.016155325991962326,644.0449493408203,0.008888587929632076,0.040643872400746774
2004-04-15,683.9613647460938,683.9613647460938,641.35400390625,641.35400390625,359.234619140625,6173926,-0.07085590824851429,645.3904571533203,0.0021432013373100522,0.042173052138308104
2004-04-16,634.6264038085938,666.0213623046875,623.4140014648438,650.3238525390625,364.25872802734375,5219158,0.013888900826281558,645.8389495849609,0.0006944450413140907,0.041186711030666394
2004-04-19,661.5364990234375,679.4762573242188,652.56640625,663.77880859375,371.7951354980469,5317856,0.02047850090457393,649.202685546875,0.005343143864711563,0.03758008607467202
2004-04-20,677.2340087890625,683.9613647460938,663.77880859375,663.77880859375,371.7951354980469,5108228,0.0,650.7724334716797,0.0024226203431405233,0.035448118800086324
2004-04-21,666.0213623046875,672.7489624023438,659.2940063476562,659.2940063476562,369.28314208984375,2007592,-0.0067793992474507675,652.3421813964844,0.0024395086713543106,0.03544341475706704
2004-04-22,663.77880859375,670.5064086914062,616.6864013671875,630.1412963867188,352.95416259765625,3489076,-0.045225500927099774,654.0240417480469,0.002742898855984037,0.034982231840987595
2004-04-23,634.6264038085938,636.868896484375,616.6864013671875,621.1714477539062,347.92999267578125,1795501,-0.01433694704839224,655.7059173583984,0.0027836560093007284,0.03496075365764482
2004-04-26,627.8990478515625,648.0813598632812,625.656494140625,632.3838500976562,354.210205078125,2589323,0.017889440360132864,655.9301574707031,0.00035585829058635,0.03185519484858791
2004-04-27,645.8390502929688,645.8390502929688,630.1412963867188,641.35400390625,359.234619140625,3000164,0.014085005131954638,656.2665374755859,0.000527254368378771,0.03192268788667206
2004-04-28,641.35400390625,648.0813598632812,621.1714477539062,623.4140014648438,349.1860656738281,1720614,-0.0283707457392366,656.1544128417969,-0.0001795331082604542,0.03241935860410588
2004-04-29,609.9590454101562,623.4140014648438,596.5040893554688,598.7466430664062,335.3693542480469,1782589,-0.04037228478222939,653.575552368164,-0.004131596567387347,0.03225160566916181
2004-04-30,598.7466430664062,609.9590454101562,562.8665771484375,585.2914428710938,327.8328857421875,3141109,-0.022728626022737255,651.1088043212891,-0.004046328458831395,0.03219731296597099
2004-05-03,585.2914428710938,589.7764892578125,565.109130859375,565.109130859375,316.52838134765625,1422385,-0.0350910516584968,645.5025604248046,-0.00904990021258283,0.028465163901333333
2004-05-04,578.5640869140625,589.7764892578125,571.8364868164062,589.7764892578125,330.34503173828125,1435251,0.04272476889996671,641.241812133789,-0.006747819914520949,0.030725270276151143
2004-05-05,589.7764892578125,592.01904296875,549.4116821289062,549.4116821289062,307.7359619140625,1670052,-0.07089559649250943,635.7476959228516,-0.00911607691393235,0.033762257003937444
2004-05-06,562.8665771484375,571.8364868164062,538.19921875,556.1390380859375,311.50408935546875,2490210,0.012170294622599229,630.7020751953125,-0.008337199922259404,0.0340790843622461
2004-05-07,571.8364868164062,580.806640625,565.109130859375,569.5939331054688,319.04034423828125,2088587,0.02390537740338098,626.32919921875,-0.007141931052090355,0.03479851582212343
2004-05-10,562.8665771484375,565.109130859375,540.4415283203125,540.4415283203125,302.71160888671875,865377,-0.052537258385604496,618.4804595947265,-0.012749804290705047,0.032429993644727206
2004-05-11,549.4116821289062,553.896728515625,518.0167236328125,542.68408203125,303.9676818847656,1680066,0.004140899068279772,610.631723022461,-0.012703272866353182,0.03245475703897406
2004-05-12,556.1390380859375,562.8665771484375,547.1691284179688,553.896728515625,310.24810791015625,1585588,0.020450909174438342,603.9042388916016,-0.010872961108033149,0.03327176464406967
2004-05-13,553.896728515625,553.896728515625,533.7141723632812,535.9567260742188,300.1995849609375,885586,-0.03292483587364632,598.634375,-0.00897640748928975,0.030650482136262924
2004-05-14,538.19921875,538.19921875,500.0766906738281,500.0766906738281,280.1024475097656,2297945,-0.06929195486727077,591.1220169067383,-0.013135450273967366,0.03294235734539783
2004-05-17,477.6516418457031,479.8941650390625,466.439208984375,466.439208984375,261.2615051269531,967233,-0.06963376921462183,581.2550369262696,-0.017641063779927156,0.03423981255324879
2004-05-18,466.439208984375,477.6516418457031,452.9842834472656,452.9842834472656,253.72511291503906,1817818,-0.02927026828923677,570.7153106689453,-0.019104577194388996,0.03407122906183483
2004-05-19,470.9242858886719,484.37921142578125,466.439208984375,484.37921142578125,271.30999755859375,1563198,0.06701066412199248,561.9695709228515,-0.01541507402591683,0.03910027624673443
2004-05-20,484.37921142578125,500.0766906738281,477.6516418457031,482.1366882324219,270.0539855957031,2071456,-0.004640435234001662,554.5693405151367,-0.013385820741261925,0.038520585310118184
2004-05-21,482.1366882324219,511.28912353515625,470.9242858886719,511.28912353515625,286.3827819824219,2255888,0.05870757028897925,549.0752243041992,-0.009733594874393351,0.0417528137554083
2004-05-24,504.561767578125,524.7440795898438,495.5916442871094,511.28912353515625,286.3827819824219,1472975,0.0,543.0204879760743,-0.010628066892399993,0.04131927093613026
2004-05-25,504.561767578125,520.2589721679688,504.561767578125,506.8040466308594,283.8705749511719,862330,-0.008810796595932462,536.2929901123047,-0.01177285697879435,0.04091371956150032
2004-05-26,529.2291259765625,529.2291259765625,511.28912353515625,511.28912353515625,286.3827819824219,1543070,0.00881079659593255,530.6867462158203,-0.009913779862035892,0.040964548246299144
2004-05-27,511.28912353515625,520.2589721679688,506.8040466308594,518.0167236328125,290.1510009765625,940178,0.013072297062519786,526.6502502441406,-0.007241550769798433,0.04061475820141204
2004-05-28,526.986572265625,553.896728515625,524.7440795898438,553.896728515625,310.24810791015625,5192827,0.06697073200528576,525.0805145263672,-0.0027565828683972816,0.04365349673381279
2004-05-31,560.6240844726562,578.5640869140625,556.1390380859375,560.6240844726562,314.0162658691406,6393758,0.01207234101501944,524.8562622070312,-0.0003984132347214698,0.04308503684323138
2004-06-01,567.3516845703125,569.5939331054688,549.4116821289062,565.109130859375,316.52838134765625,4064244,0.007968264694429301,523.6228942871094,-0.00213623844499834,0.041939856266092
2004-06-02,553.896728515625,569.5939331054688,549.4116821289062,562.8665771484375,315.2722473144531,2300804,-0.003976249931068582,524.2956390380859,0.001209728883073702,0.03871060354173423
2004-06-03,569.5939331054688,569.5939331054688,524.7440795898438,524.7440795898438,293.91912841796875,3118576,-0.0701319382346039,522.7258911132812,-0.0029053827597864544,0.04174012476583136
2004-06-04,518.0167236328125,538.19921875,518.0167236328125,535.9567260742188,300.1995849609375,3009831,0.02114274658257742,521.0440307617188,-0.0030435143008266325,0.041651206055555036
2004-06-07,549.4116821289062,556.1390380859375,540.4415283203125,553.896728515625,310.24810791015625,2406968,0.03292483587364624,521.7167907714844,0.0012295904121359044,0.04067880567047489
2004-06-08,560.6240844726562,569.5939331054688,556.1390380859375,562.8665771484375,315.2722473144531,3091682,0.016064355778380265,522.7259155273438,0.001825763247640929,0.04081087670367794
2004-06-09,556.1390380859375,562.8665771484375,542.68408203125,542.68408203125,303.9676818847656,1149674,-0.03651526495281849,522.165283203125,-0.0010225454587219126,0.0414258415548812
2004-06-10,535.9567260742188,542.68408203125,526.986572265625,526.986572265625,295.1752624511719,1116972,-0.029352280929727147,521.7167755126953,-0.0008439177115259538,0.04128851391365904
2004-06-11,524.7440795898438,531.4716796875,511.28912353515625,515.774169921875,288.89495849609375,1336591,-0.021506054152470488,522.5016494750977,0.0015453773242140605,0.038400727596755155
2004-06-14,520.2589721679688,524.7440795898438,493.34912109375,500.0766906738281,280.1024475097656,1146900,-0.030907546484281175,524.1835235595703,0.003481688460731093,0.035488646861109786
2004-06-15,500.0766906738281,522.5015258789062,493.34912109375,522.5015258789062,292.6630554199219,1104165,0.04386643616897436,527.6593856811523,0.007138523683641648,0.03570362311275462
2004-06-16,531.4716796875,533.7141723632812,504.561767578125,504.561767578125,282.6146545410156,882139,-0.034937638620844494,528.6685134887696,0.002041108546499801,0.033939794044727196
2004-06-17,509.04656982421875,538.19921875,504.561767578125,533.7141723632812,298.9434814453125,2029045,0.05617017235570335,531.2473876953125,0.005081638925985052,0.03597272270541295
2004-06-18,524.7440795898438,531.4716796875,518.0167236328125,522.5015258789062,292.6630554199219,779182,-0.021232533734858904,531.8080078125,0.001084633724793144,0.03409265467630601
2004-06-21,533.7141723632812,538.19921875,515.774169921875,515.774169921875,288.89495849609375,1164424,-0.012958889684693185,532.032260131836,0.00043668924055848457,0.03423719156047302
2004-06-23,526.986572265625,542.68408203125,524.7440795898438,538.19921875,301.4556579589844,1463294,0.042559772201419814,533.602018737793,0.0030052176804260984,0.035413654659069836
2004-06-24,549.4116821289062,565.109130859375,544.9265747070312,556.1390380859375,311.50408935546875,3197890,0.03278954479472135,535.844514465332,0.004204155090365538,0.03602123947045792
2004-06-25,556.1390380859375,574.0790405273438,551.6541748046875,565.109130859375,316.52838134765625,3480859,0.01600053296994334,538.1991348266602,0.004350566885736716,0.036065106352070136
2004-06-28,580.806640625,594.2615356445312,565.109130859375,565.109130859375,316.52838134765625,3236337,0.0,538.7597549438476,0.0010020302854724275,0.03291658870930867
2004-06-29,565.109130859375,574.0790405273438,556.1390380859375,574.0790405273438,321.5526123046875,2059969,0.015748223648268795,539.432502746582,0.0011858244171348952,0.032991830939671576
2004-06-30,587.533935546875,589.7764892578125,576.321533203125,583.0491333007812,326.5769348144531,3876942,0.015504371366370758,540.3295028686523,0.0015626297507319684,0.03311617263650035
2004-07-01,592.01904296875,609.9590454101562,585.2914428710938,603.2314453125,337.88140869140625,5228030,0.034029486684955,542.3477462768554,0.003462916581533147,0.03386360623845615
2004-07-02,594.2615356445312,603.2314453125,587.533935546875,600.9888916015625,336.6253967285156,2152546,-0.0037244949857767355,546.1599868774414,0.006783288743974505,0.02920264184667492
2004-07-05,587.533935546875,592.01904296875,560.6240844726562,560.6240844726562,314.0162658691406,2527006,-0.06952585140824734,547.3933547973633,0.0022498588444332676,0.033567639988810925
2004-07-06,560.6240844726562,583.0491333007812,558.3815307617188,583.0491333007812,326.5769348144531,1874478,0.03922085970906907,548.8509750366211,0.002564660036204409,0.033898347520144534
2004-07-07,560.6240844726562,576.321533203125,560.6240844726562,565.109130859375,316.52838134765625,1974525,-0.03125259501463958,548.963102722168,0.00019881249655341675,0.03455147311183429
2004-07-08,567.3516845703125,574.0790405273438,560.6240844726562,560.6240844726562,314.0162658691406,1752119,-0.007968264694429354,549.8601028442383,0.0016261625094728734,0.033529494239719064
2004-07-09,567.3516845703125,580.806640625,560.6240844726562,578.5640869140625,324.06475830078125,2331163,0.031498721916357116,552.4389785766601,0.004668712651777087,0.033330779449639046
2004-07-12,580.806640625,580.806640625,565.109130859375,569.5939331054688,319.04034423828125,1277016,-0.01562561278849017,555.1299667358398,0.004962734719976103,0.03311295545789649
2004-07-13,565.109130859375,567.3516845703125,553.896728515625,553.896728515625,310.24810791015625,1183740,-0.027945450142886477,557.8209686279297,0.005110839537045838,0.032950298633368506
2004-07-14,560.6240844726562,565.109130859375,551.6541748046875,551.6541748046875,308.9920349121094,1310245,-0.0040569037209437905,559.2786010742187,0.0027146725425499303,0.03170251554137604
2004-07-15,553.896728515625,560.6240844726562,540.4415283203125,553.896728515625,310.24810791015625,2485867,0.0040569037209438,561.7453491210938,0.0046643996596393445,0.03043890920078713
2004-07-16,553.896728515625,562.8665771484375,551.6541748046875,553.896728515625,310.24810791015625,2159367,0.0,562.7544769287109,0.0018558910418541772,0.027923932636044115
2004-07-19,556.1390380859375,567.3516845703125,544.9265747070312,560.6240844726562,314.0162658691406,2354546,0.01207234101501944,564.6606048583984,0.003521134779348094,0.02746386527465466
2004-07-20,560.6240844726562,562.8665771484375,522.5015258789062,522.5015258789062,292.6630554199219,2332338,-0.07042269558696213,564.99697265625,0.0006479444842346471,0.03192261070821024
2004-07-21,542.68408203125,547.1691284179688,531.4716796875,533.7141723632812,298.9434814453125,2198985,0.02123253373485882,564.7727203369141,-0.0004184174390934029,0.03078481330232598
2004-07-22,522.5015258789062,540.4415283203125,518.0167236328125,531.4716796875,297.6874084472656,1333492,-0.00421052529841592,563.5393524169922,-0.0022684209437502665,0.02977949748442417
2004-07-23,540.4415283203125,549.4116821289062,538.19921875,542.68408203125,303.9676818847656,1560684,0.020877436961061428,562.418099975586,-0.0020245757441943618,0.029956404982024183
2004-07-26,542.68408203125,569.5939331054688,542.68408203125,569.5939331054688,319.04034423828125,2636064,0.04839635931732464,562.6423400878906,0.0003952422216718703,0.032012661307075606
2004-07-27,569.5939331054688,576.321533203125,553.896728515625,574.0790405273438,321.5526123046875,3153309,0.00784337921483139,562.6423400878906,0.0,0.031861571948018794
2004-07-28,574.0790405273438,578.5640869140625,562.8665771484375,562.8665771484375,315.2722473144531,1808947,-0.01972447357933751,561.6332122802735,-0.0017614422472854135,0.03193303134248461
2004-07-29,562.8665771484375,569.5939331054688,560.6240844726562,562.8665771484375,315.2722473144531,1706634,0.0,559.6149688720703,-0.003462916581533164,0.030812559905301223
2004-07-30,576.321533203125,580.806640625,544.9265747070312,553.896728515625,310.24810791015625,3273338,-0.01606435577838019,557.2603607177734,-0.004079909621163336,0.03094135143919267
2004-08-02,547.1691284179688,549.4116821289062,515.774169921875,515.774169921875,288.89495849609375,1961277,-0.07130924425663589,555.0178649902343,-0.004169079263582763,0.031141806782097478
2004-08-03,511.28912353515625,513.5316162109375,493.34912109375,500.0766906738281,280.1024475097656,1507657,-0.030907546484281175,550.8692428588868,-0.007675499573250276,0.02992340187960384
2004-08-04,500.0766906738281,506.8040466308594,493.34912109375,500.0766906738281,280.1024475097656,1713723,0.0,547.6176208496094,-0.0061128698225182965,0.029439489457106335
2004-08-05,504.561767578125,522.5015258789062,475.4090881347656,506.8040466308594,283.8705749511719,3077018,0.013362965077178922,544.9266189575195,-0.005046308333937883,0.02975346228162497
2004-08-06,495.5916442871094,518.0167236328125,495.5916442871094,504.561767578125,282.6146545410156,2426523,-0.00443416752904892,541.2265029907227,-0.006842952806208183,0.028488574524491633
2004-08-09,493.34912109375,518.0167236328125,493.34912109375,518.0167236328125,290.1510009765625,2140536,0.02631726118750125,538.6476425170898,-0.004745809107408613,0.029339109099404726
2004-08-10,522.5015258789062,522.5015258789062,506.8040466308594,506.8040466308594,283.8705749511719,1500175,-0.021883093658452365,536.2930084228516,-0.004442691283186907,0.029117284341896244
2004-08-11,513.5316162109375,515.774169921875,495.5916442871094,495.5916442871094,277.5903625488281,1346024,-0.022372143264401546,533.4898818969726,-0.005358453260359795,0.029391238148214992
2004-08-12,491.1065673828125,495.5916442871094,479.8941650390625,482.1366882324219,270.0539855957031,1005113,-0.027524630428645124,529.9018798828125,-0.0069375299678392415,0.029705460703046915
2004-08-13,473.16680908203125,488.8642883300781,473.16680908203125,482.1366882324219,270.0539855957031,1142454,0.0,526.3138778686523,-0.0069375299678392415,0.029705460703046915
2004-08-16,482.1366882324219,484.37921142578125,470.9242858886719,470.9242858886719,263.773681640625,804886,-0.0235303301265284,521.8288879394531,-0.008717663524916635,0.029572784277658536
2004-08-17,470.9242858886719,479.8941650390625,464.1966857910156,466.439208984375,261.2615051269531,1865391,-0.009569630472225586,519.0257720947266,-0.005675010269179806,0.025776878580715413
2004-08-18,468.6817626953125,488.8642883300781,466.439208984375,479.8941650390625,268.7978210449219,2016343,0.02843789129508971,516.3347717285156,-0.0053147423911682635,0.026219298023301845
2004-08-19,493.34912109375,511.28912353515625,488.8642883300781,511.28912353515625,286.3827819824219,1832691,0.06336963959264362,515.3256439208984,-0.0019357341466152852,0.030391784976098565
2004-08-20,529.2291259765625,542.68408203125,526.986572265625,533.7141723632812,298.9434814453125,5375283,0.042925208230721865,514.8771484375,-0.0008333455831322633,0.03163717787228672
2004-08-23,542.68408203125,553.896728515625,531.4716796875,553.896728515625,310.24810791015625,4480788,0.03711782083708378,514.0922882080079,-0.0013972725071443061,0.03080300426845596
2004-08-26,580.806640625,592.01904296875,580.806640625,592.01904296875,331.60113525390625,4459891,0.06656054279454682,514.9892883300781,0.0015385856718414651,0.034326732040233114
2004-08-27,592.01904296875,594.2615356445312,585.2914428710938,587.533935546875,329.08892822265625,3486911,-0.007604794560499636,516.22265625,0.002144569622783359,0.03403736762430946
2004-08-30,587.533935546875,589.7764892578125,576.321533203125,578.5640869140625,324.06475830078125,2534806,-0.015384685302670691,517.0075317382813,0.0013753353576498244,0.03426149186641567
2004-08-31,567.3516845703125,589.7764892578125,560.6240844726562,562.8665771484375,315.2722473144531,3613387,-0.027506707152996315,517.4560241699219,0.0008032177889190182,0.03466124018778759
2004-09-01,574.0790405273438,592.01904296875,571.8364868164062,589.7764892578125,330.34503173828125,5031442,0.04670101883103529,521.1561401367187,0.006703730943302577,0.03165331088052455
2004-09-02,594.2615356445312,596.5040893554688,585.2914428710938,594.2615356445312,332.8572082519531,3006828,0.007575884800336402,525.865382385254,0.008627902507533456,0.030391146081441927
2004-09-03,594.2615356445312,594.2615356445312,560.6240844726562,562.8665771484375,315.2722473144531,3330152,-0.0542769036313716,529.0048767089844,0.005914057325964876,0.03346961564969714
2004-09-06,560.6240844726562,576.321533203125,544.9265747070312,576.321533203125,322.80865478515625,2894918,0.02362310778964149,532.4807510375977,0.0064270644615880045,0.03366784267567459
2004-09-07,576.321533203125,580.806640625,567.3516845703125,576.321533203125,322.80865478515625,2538744,0.0,536.0687393188476,0.006648772838040449,0.03360710034893215
2004-09-08,576.321533203125,598.7466430664062,576.321533203125,587.533935546875,329.08892822265625,7586584,0.019268284666025343,539.5445999145508,0.006296324011966654,0.03342645101737661
2004-09-09,587.533935546875,592.01904296875,576.321533203125,580.806640625,325.3208312988281,3188899,-0.011516109954883726,543.2447296142578,0.006814673197145087,0.033044670269156674
2004-09-10,589.7764892578125,592.01904296875,571.8364868164062,571.8364868164062,320.2964782714844,3367374,-0.01556480872388402,547.0569717407227,0.007155039924170962,0.03276206760108627
2004-09-13,587.533935546875,598.7466430664062,583.0491333007812,589.7764892578125,330.34503173828125,5302622,0.030890545054136024,552.4389617919921,0.010075798698310021,0.032104915534545066
2004-09-14,600.9888916015625,612.2015380859375,600.9888916015625,605.4739990234375,339.1375427246094,6422459,0.026267987380616798,558.605827331543,0.011389198067340862,0.03220816448060821
2004-09-15,609.9590454101562,609.9590454101562,600.9888916015625,607.7164916992188,340.39361572265625,3145429,0.0036968559297052175,565.4454376220704,0.01275055737015254,0.031214608607814005
2004-09-16,607.7164916992188,639.1114501953125,607.7164916992188,636.868896484375,356.722412109375,7187822,0.04685534372449819,573.9669219970704,0.015571806079988728,0.0316381189153567
2004-09-17,643.5964965820312,643.5964965820312,623.4140014648438,623.4140014648438,349.1860656738281,5416026,-0.021352993471323703,581.1429138183594,0.013082261841668058,0.03251913514774925
2004-09-20,636.868896484375,641.35400390625,616.6864013671875,618.9288940429688,346.6738586425781,4398129,-0.007220433141075175,586.52490234375,0.00955275820498212,0.030544721318834022
2004-09-21,636.868896484375,636.868896484375,600.9888916015625,621.1714477539062,347.92999267578125,6736325,0.0036167333882243724,590.8977661132812,0.007587334462857245,0.029532210932473414
2004-09-22,623.4140014648438,627.8990478515625,616.6864013671875,621.1714477539062,347.92999267578125,3130881,0.0,594.2615020751953,0.005731443421003056,0.028734272179668483
2004-09-23,614.44384765625,636.868896484375,614.44384765625,636.868896484375,356.722412109375,4292509,0.024956693224174438,596.5039947509765,0.003651250942484437,0.025412798723906924
2004-09-24,641.35400390625,641.35400390625,623.4140014648438,623.4140014648438,349.1860656738281,2585405,-0.021352993471323703,598.297998046875,0.0029638409969432334,0.025914291393715892
2004-09-27,623.4140014648438,627.8990478515625,618.9288940429688,627.8990478515625,351.6982116699219,1520790,0.007168574795555511,600.76474609375,0.004091504001854544,0.025562141375403906
2004-09-29,630.1412963867188,654.8089599609375,627.8990478515625,639.1114501953125,357.9784851074219,5829319,0.017699450902953832,604.5769897460938,0.006351811904652051,0.02460165569588036
2004-09-30,652.56640625,654.8089599609375,627.8990478515625,630.1412963867188,352.95416259765625,5164006,-0.014134778402967922,606.5952301025391,0.0033100220429518904,0.023063048559367985
2004-10-01,636.868896484375,636.868896484375,616.6864013671875,634.6264038085938,355.4663391113281,3871927,0.007092411076120403,608.6134735107422,0.0032858483567410903,0.02305859488412628
2004-10-04,652.56640625,663.77880859375,643.5964965820312,657.0514526367188,368.0270080566406,6737939,0.0347258446401197,613.3227172851563,0.007735985770315657,0.01971001035065392
2004-10-05,659.2940063476562,663.77880859375,650.3238525390625,650.3238525390625,364.25872802734375,3052028,-0.010291856446263438,617.0228332519531,0.006040237558520409,0.019730149066323525
2004-10-06,657.0514526367188,668.2638549804688,639.1114501953125,639.1114501953125,357.9784851074219,6525337,-0.017391620867008753,620.1623291015625,0.005170656515169972,0.02038283715221317
2004-10-07,648.0813598632812,650.3238525390625,634.6264038085938,639.1114501953125,357.9784851074219,2646561,0.0,622.7412048339844,0.0042072422818687045,0.020135292643199923
2004-10-08,636.868896484375,639.1114501953125,627.8990478515625,630.1412963867188,352.95416259765625,2704329,-0.014134778402967922,625.2079376220703,0.004076308859464495,0.020251099038062177
2004-10-11,623.4140014648438,627.8990478515625,614.44384765625,621.1714477539062,347.92999267578125,2241491,-0.01433694704839224,627.6746856689454,0.004137701943239083,0.020190190874895094
2004-10-12,618.9288940429688,634.6264038085938,618.9288940429688,625.656494140625,350.4421081542969,2664284,0.007194361918060535,629.4686859130859,0.002952892786435309,0.0192090787809659
2004-10-13,630.1412963867188,632.3838500976562,621.1714477539062,623.4140014648438,349.1860656738281,1928966,-0.003590662165209643,630.3656860351563,0.001459960309143987,0.018446841082430228
2004-10-14,623.4140014648438,632.3838500976562,621.1714477539062,623.4140014648438,349.1860656738281,2856361,0.0,631.1505615234375,0.001275117512658726,0.018441768121344057
2004-10-15,623.4140014648438,630.1412963867188,592.01904296875,594.2615356445312,332.8572082519531,3783612,-0.047891308763160285,629.0201934814453,-0.003462215111724198,0.01828547231910054
2004-10-18,596.5040893554688,600.9888916015625,585.2914428710938,585.2914428710938,327.8328857421875,1800094,-0.015209602041806304,627.1140655517578,-0.0031550455402483274,0.01801877025300238
2004-10-19,598.7466430664062,612.2015380859375,594.2615356445312,609.9590454101562,341.6496276855469,2704180,0.04128190012458585,626.6655731201172,-0.0007299288769652762,0.02053153735142084
2004-10-20,607.7164916992188,609.9590454101562,600.9888916015625,603.2314453125,337.88140869140625,1346649,-0.011090870083488167,625.7685729980469,-0.0014653090505509032,0.02063081043397081
2004-10-21,603.2314453125,614.44384765625,594.2615356445312,594.2615356445312,332.8572082519531,2477011,-0.014981427999291466,624.4230773925781,-0.0022143804505154767,0.02084566422880852
2004-10-22,600.9888916015625,605.4739990234375,585.2914428710938,585.2914428710938,327.8328857421875,2182474,-0.015209602041806304,621.844204711914,-0.004222695213814513,0.02000820174126751
2004-10-26,576.321533203125,576.321533203125,544.9265747070312,544.9265747070312,305.2237243652344,3047217,-0.07145885583821947,617.9198333740235,-0.006727988332159302,0.024823544539312067
2004-10-27,542.68408203125,549.4116821289062,538.19921875,542.68408203125,303.9676818847656,2314335,-0.0041237107041644195,613.6590850830078,-0.007292602607145297,0.02461840445043605
2004-10-28,560.6240844726562,562.8665771484375,553.896728515625,553.896728515625,310.24810791015625,2120152,0.020450909174438342,609.3983489990235,-0.007155029693571073,0.024772620813279418
2004-10-29,553.896728515625,556.1390380859375,533.7141723632812,538.19921875,301.4556579589844,1457480,-0.02874947205521601,604.8012451171875,-0.007885764376183478,0.02520118593966791
2004-11-01,538.19921875,544.9265747070312,502.3192443847656,502.3192443847656,281.3585510253906,2447345,-0.06899292413985557,598.185887145996,-0.011690031136982276,0.02836527343639269
2004-11-02,502.3192443847656,515.774169921875,493.34912109375,513.5316162109375,287.6388244628906,2604373,0.022075734950316016,591.009895324707,-0.012322536621472462,0.027400420835083372
2004-11-03,513.5316162109375,535.9567260742188,509.04656982421875,526.986572265625,295.1752624511719,2779892,0.025863471140590007,584.8430313110351,-0.010514770242129788,0.028703168097687883
2004-11-04,526.986572265625,538.19921875,522.5015258789062,529.2291259765625,296.4313049316406,1813226,0.0042463998300021795,579.3489151000977,-0.009432869207279242,0.028837800657466488
2004-11-05,538.19921875,540.4415283203125,513.5316162109375,515.774169921875,288.89495849609375,2423327,-0.02575245398247272,573.1820510864258,-0.010720491906402877,0.028969082039380537
2004-11-08,511.28912353515625,520.2589721679688,502.3192443847656,515.774169921875,288.89495849609375,1297589,0.0,567.4636947631836,-0.010013752986254482,0.029053696717677057
2004-11-09,520.2589721679688,526.986572265625,518.0167236328125,522.5015258789062,292.6630554199219,1519007,0.012958889684693243,562.5301986694336,-0.008648961149600207,0.02947793799074023
2004-11-10,526.986572265625,529.2291259765625,518.0167236328125,526.986572265625,295.1752624511719,1603121,0.008547164467777353,557.5967025756836,-0.008581321022114365,0.029517730694955127
2004-11-11,520.2589721679688,524.7440795898438,515.774169921875,515.774169921875,288.89495849609375,738388,-0.021506054152470488,552.2147109985351,-0.009477090621477408,0.029629933361720623
2004-11-12,520.2589721679688,524.7440795898438,518.0167236328125,520.2589721679688,291.4070129394531,1051517,0.008657696510505637,547.0569595336914,-0.009044205795952127,0.029838189536593018
2004-11-15,526.986572265625,529.2291259765625,520.2589721679688,520.2589721679688,291.4070129394531,866181,0.0,543.3568313598632,-0.006649640357794112,0.028445751619154122
2004-11-16,524.7440795898438,538.19921875,518.0167236328125,531.4716796875,297.6874084472656,2260295,0.02132320161063066,540.6658432006836,-0.004823000175172264,0.02903403590254658
2004-11-17,533.7141723632812,553.896728515625,529.2291259765625,549.4116821289062,307.7359619140625,3164702,0.03319812425240586,537.6384750366211,-0.005227188968781263,0.028407936506404306
2004-11-18,556.1390380859375,565.109130859375,547.1691284179688,549.4116821289062,307.7359619140625,3102269,0.0,534.9474868774414,-0.004672645464606855,0.02839569709140158
2004-11-19,544.9265747070312,547.1691284179688,538.19921875,538.19921875,301.4556579589844,1111848,-0.020619250172122027,532.1443710327148,-0.0049545365732483835,0.028531082409073674
2004-11-22,526.986572265625,531.4716796875,518.0167236328125,518.0167236328125,290.1510009765625,960714,-0.038221259950069884,528.7806350708008,-0.006105119468661562,0.029416664004317184
2004-11-23,518.0167236328125,522.5015258789062,511.28912353515625,518.0167236328125,290.1510009765625,1104600,0.0,527.4351425170898,-0.002532176676750589,0.025081242229890593
2004-11-24,513.5316162109375,526.986572265625,513.5316162109375,518.0167236328125,290.1510009765625,1088934,0.0,526.201774597168,-0.002325991141542368,0.025084419795182344
2004-11-25,518.0167236328125,518.0167236328125,502.3192443847656,504.561767578125,282.6146545410156,1207832,-0.026317261187501308,523.735026550293,-0.00466439965963935,0.025029209226129143
2004-11-26,504.561767578125,520.2589721679688,504.561767578125,506.8040466308594,283.8705749511719,1380345,0.004434167529049023,522.1652679443359,-0.0030052176804260984,0.024441552723315486
2004-11-29,513.5316162109375,513.5316162109375,502.3192443847656,506.8040466308594,283.8705749511719,702997,0.0,522.3895080566406,0.00044442852656668004,0.0188722202435054
2004-11-30,506.8040466308594,522.5015258789062,502.3192443847656,520.2589721679688,291.4070129394531,1573586,0.026202277917607982,522.7258758544922,0.0006507556749312783,0.019141791165266073
2004-12-01,515.774169921875,531.4716796875,513.5316162109375,531.4716796875,297.6874084472656,1964555,0.02132320161063066,522.9501312255859,0.00042374219843331097,0.018851767345209755
2004-12-02,540.4415283203125,544.9265747070312,529.2291259765625,531.4716796875,297.6874084472656,2168196,0.0,523.0622589111329,0.000211422206933202,0.01883034890699914
2004-12-03,531.4716796875,531.4716796875,520.2589721679688,524.7440795898438,293.91912841796875,975233,-0.012739236320724046,523.5107543945312,0.0008620830900206357,0.01809650774255794
2004-12-06,515.774169921875,526.986572265625,515.774169921875,520.2589721679688,291.4070129394531,465904,-0.00858396528990657,523.734994506836,0.0004328848255253072,0.018219406479427713
2004-12-07,520.2589721679688,533.7141723632812,520.2589721679688,531.4716796875,297.6874084472656,1401089,0.02132320161063066,524.1835021972656,0.000851100421822178,0.018613796706433244
2004-12-08,531.4716796875,531.4716796875,526.986572265625,526.986572265625,295.1752624511719,778127,-0.00847484396866569,524.1835021972656,2.6020852139652106e-17,0.018632528894600868
2004-12-09,529.2291259765625,531.4716796875,518.0167236328125,518.0167236328125,290.1510009765625,616315,-0.017167541901120374,524.2956298828125,0.0002169256125675317,0.018392682358459506
2004-12-10,518.0167236328125,522.5015258789062,513.5316162109375,518.0167236328125,290.1510009765625,714828,0.0,524.1835174560547,-0.00021595921295775017,0.018285135148200328
2004-12-13,522.5015258789062,533.7141723632812,515.774169921875,518.0167236328125,290.1510009765625,1267816,0.0,524.0714050292969,-0.00021595921295775017,0.018285135148200328
2004-12-14,526.986572265625,542.68408203125,526.986572265625,542.68408203125,303.9676818847656,2390637,0.046519822830847636,524.6320251464844,0.0010438718480530987,0.020572249536165526
2004-12-15,549.4116821289062,558.3815307617188,542.68408203125,553.896728515625,310.24810791015625,3092022,0.020450909174438342,524.8562774658203,0.00040651109415472256,0.01970271707695971
2004-12-16,553.896728515625,560.6240844726562,547.1691284179688,553.896728515625,310.24810791015625,2443271,0.0,525.0805297851563,0.00040651109415472256,0.01970271707695971
2004-12-17,553.896728515625,558.3815307617188,549.4116821289062,549.4116821289062,307.7359619140625,1100455,-0.00813022188309386,525.6411529541016,0.001030962508606131,0.019192567812893573
2004-12-20,540.4415283203125,544.9265747070312,535.9567260742188,535.9567260742188,300.1995849609375,918985,-0.024794613990552383,526.5381530761719,0.001702294806582006,0.017941349210369703
2004-12-21,540.4415283203125,547.1691284179688,538.19921875,544.9265747070312,305.2237243652344,668673,0.016597637403372355,527.8836456298828,0.002532176676750624,0.018239845860640824
2004-12-22,549.4116821289062,551.6541748046875,540.4415283203125,540.4415283203125,302.71160888671875,946377,-0.008264609772444184,529.0048858642579,0.0021189461881284148,0.01839320677451537
2004-12-23,542.68408203125,544.9265747070312,538.19921875,538.19921875,301.4556579589844,743065,-0.004157663812497855,530.6867584228515,0.0032269260568785875,0.017220117685505482
2004-12-24,533.7141723632812,547.1691284179688,533.7141723632812,540.4415283203125,302.71160888671875,752632,0.004157663812497795,532.3686325073243,0.0032131008710510256,0.017219208409938225
2004-12-27,544.9265747070312,544.9265747070312,535.9567260742188,540.4415283203125,302.71160888671875,520196,0.0,534.0505065917969,0.0032131008710510256,0.017219208409938225
2004-12-28,542.68408203125,547.1691284179688,540.4415283203125,540.4415283203125,302.71160888671875,499015,0.0,535.0596343994141,0.0019029869751706265,0.016353038369800028
2004-12-29,547.1691284179688,565.109130859375,547.1691284179688,562.8665771484375,315.2722473144531,2573202,0.0406561640210983,536.6293792724609,0.0028696350956940084,0.018045251945050078
2004-12-30,569.5939331054688,574.0790405273438,567.3516845703125,567.3516845703125,317.7845153808594,2205619,0.007936751895806438,538.4233795166016,0.00326647269048433,0.01806608119187519
2004-12-31,569.5939331054688,583.0491333007812,565.109130859375,580.806640625,325.3208312988281,2289273,0.02343853060497692,541.2265075683594,0.005075361036769378,0.018189890427557993
2005-01-03,587.533935546875,592.01904296875,574.0790405273438,574.0790405273438,321.5526123046875,2035900,-0.01165080892144579,543.9175109863281,0.004922018855192418,0.018323535987823526
2005-01-04,574.0790405273438,574.0790405273438,558.3815307617188,560.6240844726562,314.0162658691406,1765087,-0.023716488342698357,545.375131225586,0.0026700343575259667,0.018958436625023993
2005-01-05,556.1390380859375,565.109130859375,553.896728515625,560.6240844726562,314.0162658691406,918244,0.0,547.0570068359375,0.003093776555959251,0.018790190172402618
2005-01-06,562.8665771484375,567.3516845703125,558.3815307617188,562.8665771484375,315.2722473144531,756979,0.003992014763360917,549.2994995117188,0.0041517543891833155,0.018174958411495506
2005-01-07,567.3516845703125,571.8364868164062,556.1390380859375,556.1390380859375,311.50408935546875,1111516,-0.012024283038874869,551.205615234375,0.0035505402372395718,0.018515215798404296
2005-01-10,558.3815307617188,562.8665771484375,553.896728515625,558.3815307617188,312.7601318359375,751857,0.004024144129154269,553.2238555908203,0.0037517474436972857,0.01849645682007302
2005-01-11,560.6240844726562,565.109130859375,553.896728515625,558.3815307617188,312.7601318359375,1000755,0.0,554.0087280273438,0.0014257563021549042,0.01552082136966057
2005-01-12,551.6541748046875,551.6541748046875,520.2589721679688,520.2589721679688,291.4070129394531,2181512,-0.07071576461478993,552.3268402099609,-0.0031325773873065095,0.02176899835920217
2005-01-13,520.2589721679688,526.986572265625,511.28912353515625,524.7440795898438,293.91912841796875,1526701,0.008583965289906499,550.8692077636719,-0.0027033791228111845,0.0219181210896499
2005-01-14,518.0167236328125,529.2291259765625,518.0167236328125,524.7440795898438,293.91912841796875,939799,0.0,549.6358276367188,-0.0022968680286564913,0.02188754659239859
2005-01-17,533.7141723632812,547.1691284179688,533.7141723632812,542.68408203125,303.9676818847656,1320766,0.03361667328178534,549.9721954345703,0.0006236963349603948,0.02261260614057216
2005-01-18,544.9265747070312,547.1691284179688,535.9567260742188,538.19921875,301.4556579589844,726171,-0.008298562880777677,549.6358276367188,-0.0006211136792471068,0.022370937502095383
2005-01-19,538.19921875,540.4415283203125,529.2291259765625,531.4716796875,297.6874084472656,876754,-0.012578874080283658,549.1873352050782,-0.0008368268946390804,0.022469104410496973
2005-01-20,524.7440795898438,544.9265747070312,524.7440795898438,535.9567260742188,300.1995849609375,800668,0.008403510261853285,549.0752105712891,-0.00020876819092152345,0.022546815769358897
2005-01-21,540.4415283203125,542.68408203125,535.9567260742188,535.9567260742188,300.1995849609375,639701,0.0,548.8509704589844,-0.0004166513815464132,0.022523593095508793
2005-01-24,535.9567260742188,535.9567260742188,509.04656982421875,511.28912353515625,286.3827819824219,1434948,-0.047118193194159386,547.3933502197266,-0.0027725610412543825,0.024824422265516087
2005-01-25,511.28912353515625,515.774169921875,506.8040466308594,515.774169921875,288.89495849609375,1314315,0.008733784811169864,546.1599822998047,-0.002335871800695889,0.02495225105951902
2005-01-26,518.0167236328125,524.7440795898438,511.28912353515625,511.28912353515625,286.3827819824219,1097133,-0.008733784811169862,543.5811096191406,-0.004805369242309297,0.022826959615323456
2005-01-27,511.28912353515625,515.774169921875,506.8040466308594,509.04656982421875,285.1266784667969,1119152,-0.0043957245375035,540.6658538818359,-0.005421993063974794,0.022630363021542775
2005-01-28,509.04656982421875,520.2589721679688,504.561767578125,518.0167236328125,290.1510009765625,937209,0.017468021600023507,537.5263580322265,-0.005720518514222466,0.022266063243884266
2005-01-31,518.0167236328125,533.7141723632812,513.5316162109375,529.2291259765625,296.4313049316406,1831165,0.021413941731122665,535.2838623046875,-0.0040672809815940425,0.023017408259766763
2005-02-01,529.2291259765625,529.2291259765625,515.774169921875,515.774169921875,288.89495849609375,948270,-0.02575245398247272,533.0413665771484,-0.004169079263582761,0.02311318682312494
2005-02-02,520.2589721679688,526.986572265625,513.5316162109375,515.774169921875,288.89495849609375,1122490,0.0,530.7988708496093,-0.004169079263582761,0.02311318682312494
2005-02-03,515.774169921875,515.774169921875,509.04656982421875,511.28912353515625,286.3827819824219,846198,-0.008733784811169862,528.2199981689453,-0.004805369242309299,0.023051777508323636
2005-02-14,531.4716796875,544.9265747070312,526.986572265625,544.9265747070312,305.2237243652344,3164821,0.06371583059753186,527.659375,-0.001018363560488962,0.027580044607019252
2005-02-15,547.1691284179688,547.1691284179688,535.9567260742188,535.9567260742188,300.1995849609375,1639118,-0.01659763740337239,526.538134765625,-0.0020494526371152956,0.02776645301340881
2005-02-16,540.4415283203125,547.1691284179688,529.2291259765625,544.9265747070312,305.2237243652344,1652573,0.016597637403372355,525.8653869628906,-0.0012195707669466777,0.02807722618859833
2005-02-17,549.4116821289062,549.4116821289062,531.4716796875,531.4716796875,297.6874084472656,1134176,-0.02500114766522587,526.4260223388671,0.0010661600805315253,0.023630525651500256
2005-02-18,531.4716796875,553.896728515625,531.4716796875,547.1691284179688,306.4798583984375,2799111,0.02910803473844888,527.5472747802735,0.0020923635529586444,0.024407074660936272
2005-02-21,549.4116821289062,551.6541748046875,535.9567260742188,535.9567260742188,300.1995849609375,1153615,-0.020704524476595536,528.1079071044921,0.0010571373291288675,0.024933898747741646
2005-02-22,535.9567260742188,538.19921875,526.986572265625,526.986572265625,295.1752624511719,741222,-0.016878354230519102,527.323031616211,-0.0014676140464863546,0.024002585293157234
2005-02-23,526.986572265625,531.4716796875,522.5015258789062,529.2291259765625,296.4313049316406,1253744,0.0042463998300021795,526.8745269775391,-0.0008403659109473616,0.023978583868553387
2005-02-24,531.4716796875,535.9567260742188,522.5015258789062,522.5015258789062,292.6630554199219,991198,-0.012793564297779551,526.4260192871094,-0.0008511004218221564,0.02398416283994025
2005-02-25,531.4716796875,540.4415283203125,531.4716796875,531.4716796875,297.6874084472656,1543337,0.017022008436442883,526.2017669677734,-0.0004201755130926764,0.02423530216694165
2005-03-01,531.4716796875,531.4716796875,518.0167236328125,524.7440795898438,293.91912841796875,1049758,-0.012739236320724046,525.6411346435547,-0.0010571373291288788,0.024390589056518155
2005-03-02,524.7440795898438,531.4716796875,524.7440795898438,528.1078491210938,295.8032531738281,1011428,0.006389846254305354,526.4820709228516,0.0016182646432943582,0.02187740607972247
2005-03-03,529.2291259765625,540.4415283203125,525.8652954101562,538.19921875,301.4556579589844,2089082,0.01892826414670232,527.6033233642578,0.0021279886100709815,0.022168738211448363
2005-03-04,535.9567260742188,541.5628051757812,531.4716796875,533.7141723632812,298.9434814453125,1377779,-0.008368348781867848,528.724575805664,0.002146260411536082,0.022159463255283996
2005-03-07,538.19921875,542.68408203125,534.83544921875,534.83544921875,299.5715026855469,856949,0.0020986901204717964,530.0140197753906,0.0024709811444348466,0.022106072335869253
2005-03-08,538.19921875,551.6541748046875,535.9567260742188,537.0780029296875,300.8276062011719,2177458,0.004184212779977209,530.9670837402343,0.0018067907034325322,0.021829592673619957
2005-03-09,538.19921875,542.68408203125,538.19921875,538.19921875,301.4556579589844,669942,0.002085445881418794,531.4155883789062,0.0008403659109473384,0.021338190311125074
2005-03-10,538.19921875,544.9265747070312,533.7141723632812,533.7141723632812,298.9434814453125,908852,-0.008368348781867848,532.3125885009765,0.0017095711709775821,0.020536951229238834
2005-03-11,539.3202514648438,539.3202514648438,528.1078491210938,530.3504028320312,297.05938720703125,733502,-0.006322512401933412,533.0414001464844,0.0013934455508809115,0.020613171536193874
2005-03-14,526.986572265625,529.2291259765625,518.0167236328125,518.0167236328125,290.1510009765625,793674,-0.02353039876626862,533.3777801513672,0.0006536148531259736,0.021251432405398448
2005-03-15,518.0167236328125,521.3804931640625,500.0766906738281,506.8040466308594,283.8705749511719,1087941,-0.021883093658452365,531.4716537475585,-0.003626331359673238,0.015803972835960772
2005-03-16,506.8040466308594,511.28912353515625,504.561767578125,506.8040466308594,283.8705749511719,480759,0.0,530.0140197753906,-0.002796449489504618,0.0155202194281797
2005-03-17,504.561767578125,507.9253234863281,500.0766906738281,504.561767578125,282.6146545410156,1003173,-0.00443416752904892,527.9957794189453,-0.0038480397361256823,0.014834351464210749
2005-03-18,505.68304443359375,506.8040466308594,502.3192443847656,502.3192443847656,281.3585510253906,428127,-0.00445440300228438,526.5381576538086,-0.002820702502978607,0.013979132849864547
2005-03-21,504.561767578125,507.9253234863281,500.0766906738281,500.0766906738281,280.1024475097656,344944,-0.004474394545845597,524.1835357666016,-0.004499823967193331,0.011787166096532974
2005-03-22,500.0766906738281,502.3192443847656,493.34912109375,494.4703674316406,276.9622497558594,522714,-0.011274243044961224,522.1092178344727,-0.004028309895611616,0.011282642309050812
2005-03-23,494.4703674316406,500.0766906738281,492.22784423828125,498.9554443359375,279.4744567871094,723157,0.00902957689382623,520.7076614379882,-0.0027329133393943494,0.011216731054064729
2005-03-24,496.712890625,501.1979675292969,493.34912109375,493.34912109375,276.334228515625,672603,-0.011299722061944793,518.9136611938477,-0.003510219433991698,0.011246242318222684
2005-03-25,493.34912109375,507.9253234863281,493.34912109375,506.8040466308594,283.8705749511719,837515,0.026907353290258774,518.1287872314454,-0.0015251735545897815,0.012903123765058458
2005-03-28,506.8040466308594,506.8040466308594,496.712890625,496.712890625,278.2183532714844,387972,-0.020112258772024594,516.3908477783203,-0.0033818869150131553,0.012764786146698794
2005-03-29,495.5916442871094,496.712890625,478.77288818359375,478.77288818359375,268.1698303222656,1247459,-0.03678582674482285,514.0922882080079,-0.004584216436218096,0.014681185282620255
2005-03-30,477.6516418457031,484.37921142578125,476.5303649902344,482.1366882324219,270.0539855957031,828157,0.007001311823800694,511.7937301635742,-0.004553643157743328,0.014705857306691937
2005-03-31,493.34912109375,493.34912109375,487.7430114746094,487.7430114746094,273.19415283203125,610427,0.011560991919347877,509.2709197998047,-0.0049220067691110505,0.014169184876790216
2005-04-01,493.34912109375,504.561767578125,482.1366882324219,504.561767578125,282.6146545410156,1139934,0.033901614244650005,507.81329956054685,-0.0028085086177851576,0.016576154382312098
2005-04-04,504.561767578125,510.1678466796875,500.0766906738281,501.1979675292969,280.7304992675781,1028320,-0.006689097751475715,506.13142547607424,-0.0032478980113825337,0.016555689274627486
2005-04-06,503.44049072265625,504.561767578125,493.34912109375,493.34912109375,276.334228515625,784721,-0.015784088009734142,503.94498138427736,-0.004246313050868101,0.016685495177171102
2005-04-07,495.5916442871094,506.8040466308594,495.5916442871094,496.712890625,278.2183532714844,1539669,0.006795094518234117,501.8706649780273,-0.0040108306190273346,0.01681231019420454
2005-04-08,502.3192443847656,503.44049072265625,495.5916442871094,496.712890625,278.2183532714844,805788,0.0,500.0206008911133,-0.0035924131799339428,0.016802285311207577
2005-04-11,495.5916442871094,505.68304443359375,494.4703674316406,500.0766906738281,280.1024475097656,1043505,0.006749293694845656,498.5069152832031,-0.002938822875094989,0.016944138709448404
2005-04-12,502.3192443847656,504.561767578125,496.712890625,497.83416748046875,278.84637451171875,652925,-0.004494443466471478,497.49778747558594,-0.0019870251101051324,0.016246880629392873
2005-04-13,500.0766906738281,505.68304443359375,497.83416748046875,498.9554443359375,279.4744567871094,874612,0.002249777315336418,497.10535736083983,-0.0007803815614156929,0.0155736596982971
2005-04-14,496.712890625,502.3192443847656,494.4703674316406,494.4703674316406,276.9622497558594,792252,-0.00902957689382614,496.4886734008789,-0.001231860406107,0.015680363544516254
2005-04-15,493.34912109375,497.83416748046875,488.8642883300781,488.8642883300781,273.82220458984375,852540,-0.011402302983937298,495.70379943847655,-0.001580267178851419,0.015831942399381113
2005-04-18,484.37921142578125,485.50048828125,456.34808349609375,460.8328857421875,258.12127685546875,1140471,-0.05904944851601729,493.62948150634764,-0.0043100194545380634,0.020400945282161614
2005-04-19,466.439208984375,468.6817626953125,460.8328857421875,463.0754089355469,259.3773498535156,599556,0.004854437632255062,491.77941741943357,-0.003843577845633031,0.020503378025589068
2005-04-20,465.3179626464844,467.56048583984375,432.8017272949219,435.04425048828125,243.6765594482422,1431835,-0.06244215992003365,488.8081115722656,-0.006401973689386653,0.024317042917417542
2005-04-21,426.0743713378906,441.7718505859375,426.0743713378906,435.04425048828125,243.6765594482422,1059352,0.0,485.6125518798828,-0.006853452534077964,0.024098295200104564
2005-04-22,441.7718505859375,446.2566833496094,437.28680419921875,438.4080505371094,245.56069946289062,732800,0.007702347741198006,482.8654983520508,-0.005903349043920823,0.024287615292762497
2005-04-25,438.4080505371094,456.34808349609375,431.68048095703125,456.34808349609375,255.6092529296875,1005748,0.040105760401393936,480.3427001953125,-0.005243428688364066,0.02538074585436207
2005-04-26,457.4693298339844,466.439208984375,454.10552978515625,466.439208984375,261.2615051269531,1289360,0.02187183947548082,478.8290161132812,-0.0031442237759887956,0.025818684968559078
2005-04-27,463.0754089355469,464.1966857910156,455.226806640625,455.226806640625,254.98121643066406,462118,-0.024331927907274006,477.65171203613284,-0.0025215288341113536,0.025104929011564005
2005-04-28,455.226806640625,461.95416259765625,454.10552978515625,457.4693298339844,256.2373046875,364386,0.004914072967909898,476.41834411621096,-0.002625890776905893,0.0250675693240425
2005-04-29,457.4693298339844,466.439208984375,455.226806640625,460.8328857421875,258.12127685546875,712438,0.007325629609070086,475.07283782958984,-0.0028376588924197825,0.024959067339987012
2005-05-03,465.3179626464844,466.439208984375,452.9842834472656,452.9842834472656,253.72511291503906,494097,-0.01717804295894281,472.49396362304685,-0.005391641752599425,0.02357693081080414
2005-05-04,457.4693298339844,460.8328857421875,451.8630065917969,459.7118835449219,257.493408203125,401135,0.01474252262621646,470.41965942382814,-0.004320060733714815,0.023998132743430538
2005-05-05,468.6817626953125,491.1065673828125,467.56048583984375,491.1065673828125,275.078125,2540513,0.06606119262678574,470.3075317382812,-0.00022779670188882093,0.02849696339625372
2005-05-06,498.9554443359375,522.5015258789062,496.712890625,518.0167236328125,290.1510009765625,5909152,0.05334638098648764,471.3727233886719,0.002099767621523855,0.03090050411243075
2005-05-09,518.0167236328125,529.2291259765625,518.0167236328125,524.7440795898438,293.91912841796875,2580271,0.012903149549062055,472.77428283691404,0.002744925098976958,0.030988929608421402
2005-05-10,524.7440795898438,535.9567260742188,522.5015258789062,522.5015258789062,292.6630554199219,3107047,-0.004282772115718979,473.895524597168,0.002193321808448726,0.031012077141287078
2005-05-11,518.0167236328125,525.8652954101562,514.6528930664062,522.5015258789062,292.6630554199219,1663968,0.0,475.12889251708987,0.0024180439817723,0.030977329655228255
2005-05-12,522.5015258789062,522.5015258789062,500.0766906738281,515.774169921875,288.89495849609375,2830121,-0.012958889684693185,475.9698287963867,0.00165761063177082,0.031167763961234177
2005-05-13,515.774169921875,521.3804931640625,511.28912353515625,513.5316162109375,287.6388244628906,1742305,-0.004357416988119622,476.9228912353516,0.0018912186270561456,0.031100883235615585
2005-05-16,522.5015258789062,526.986572265625,504.561767578125,504.561767578125,282.6146545410156,2256980,-0.017621331948031657,477.70776519775393,0.0015802671788514278,0.03127141112374309
2005-05-17,515.774169921875,518.0167236328125,506.8040466308594,507.9253234863281,284.4986572265625,1578201,0.006644170205347536,480.06238708496096,0.004864948114919669,0.0278284406122858
2005-05-18,513.5316162109375,513.5316162109375,496.712890625,503.44049072265625,281.9866027832031,1761292,-0.00886892180429865,482.0806411743164,0.0041787801430919844,0.027997389515617872
2005-05-19,512.410400390625,518.0167236328125,510.1678466796875,513.5316162109375,287.6388244628906,1465618,0.019846083546982862,486.00500946044923,0.00829319231644281,0.023352864767919524
2005-05-20,515.774169921875,525.8652954101562,513.5316162109375,523.622802734375,293.2911682128906,2649298,0.019459985496044496,490.4339370727539,0.009266191591245036,0.023394505927054957
2005-05-23,531.4716796875,537.0780029296875,509.04656982421875,509.04656982421875,285.1266784667969,4230974,-0.028232077856598196,493.9658630371094,0.0074694703113552235,0.024855228932754114
2005-05-24,520.2589721679688,528.1078491210938,515.774169921875,528.1078491210938,295.8032531738281,2813152,0.0367610174033911,497.55385131835936,0.007302233161455082,0.024634350894218712
2005-05-25,533.7141723632812,535.9567260742188,516.8954467773438,518.0167236328125,290.1510009765625,2918515,-0.01929299580336758,500.1327270507812,0.005243991397512662,0.025068830749694033
2005-05-26,526.986572265625,526.986572265625,518.0167236328125,524.7440795898438,293.91912841796875,1243635,0.012903149549062055,503.6085906982422,0.0071057452703294655,0.02412149552314341
2005-05-27,531.4716796875,535.9567260742188,526.986572265625,532.5928955078125,298.3154296875,2474046,0.014846657733697966,507.3647689819336,0.007602374508618869,0.02417618430720764
2005-05-30,534.83544921875,548.2904052734375,530.3504028320312,544.9265747070312,305.2237243652344,3085973,0.02289372625225185,511.56945343017577,0.008380779340777958,0.02441623751589449
2005-05-31,542.68408203125,544.9265747070312,538.19921875,540.4415283203125,302.71160888671875,1736202,-0.008264609772444184,515.9423156738281,0.008826451000102887,0.024003008091138842
2005-06-01,540.4415283203125,546.0478515625,538.19921875,538.19921875,301.4556579589844,1887945,-0.004157663812497855,519.866682434082,0.007881441678167173,0.02412955169240542
2005-06-02,541.5628051757812,544.9265747070312,528.1078491210938,530.3504028320312,297.05938720703125,1989285,-0.014690861183801283,521.828874206543,0.003843838987637821,0.020340587838851443
2005-06-03,535.9567260742188,551.6541748046875,535.9567260742188,542.68408203125,303.9676818847656,3309581,0.02298942406457885,523.0622421264649,0.002325991141542382,0.017367582143757554
2005-06-06,542.68408203125,547.1691284179688,538.19921875,539.3202514648438,302.0835266113281,1320701,-0.006217796546063195,523.7910507202148,0.0013699438367861193,0.017280754095353776
2005-06-07,539.3202514648438,544.9265747070312,532.5928955078125,532.5928955078125,298.3154296875,1783259,-0.01255221900202434,524.2956192016602,0.0009564714924708512,0.017520392648895593
2005-06-08,534.83544921875,535.9567260742188,523.622802734375,528.1078491210938,295.8032531738281,2141723,-0.008456811479392383,524.5759353637695,0.0005336309185012321,0.017646288096979757
2005-06-09,535.9567260742188,535.9567260742188,521.3804931640625,522.5015258789062,292.6630554199219,1464509,-0.010672618370024435,524.9123031616211,0.0006479444842346697,0.01756148409310216
2005-06-10,531.4716796875,537.0780029296875,529.2291259765625,530.3504028320312,297.05938720703125,2039033,0.014910021332925337,525.7532424926758,0.0016113164002869176,0.017799320257703498
2005-06-13,530.3504028320312,530.3504028320312,515.774169921875,522.5015258789062,292.6630554199219,1616492,-0.014910021332925499,526.6502304077148,0.0017468819310422258,0.01765486739032878
2005-06-14,522.5015258789062,526.986572265625,519.1380004882812,520.2589721679688,291.4070129394531,1079759,-0.00430119317418761,527.2669128417969,0.0011996137620654684,0.017664710940911404
2005-06-15,521.3804931640625,532.5928955078125,521.3804931640625,529.2291259765625,296.4313049316406,1471160,0.017094757471967113,528.5563446044922,0.002497797725878757,0.017839006334320177
2005-06-16,530.3504028320312,533.7141723632812,525.8652954101562,533.7141723632812,298.9434814453125,1102697,0.00843896943707942,529.5654724121093,0.0019274420203835845,0.0174328805794921
2005-06-17,538.19921875,544.9265747070312,533.7141723632812,533.7141723632812,298.9434814453125,2535580,0.0,530.0700408935547,0.0009544427455813597,0.01693888640613431
2005-06-20,538.19921875,539.3202514648438,532.5928955078125,537.0780029296875,300.8276062011719,811183,0.0062829029004491475,531.4716125488281,0.002680191783433727,0.015506478932582893
2005-06-21,537.0780029296875,537.0780029296875,529.2291259765625,531.4716796875,297.6874084472656,654071,-0.01049342819886489,531.6398040771485,0.0003174695033209275,0.013512098566776433
2005-06-22,538.19921875,568.4727172851562,538.19921875,568.4727172851562,318.41241455078125,4845455,0.06730340872211986,534.1626037597656,0.0046472897295953,0.01946191717922608
2005-06-23,572.957763671875,580.806640625,560.6240844726562,560.6240844726562,314.0162658691406,4061677,-0.013902721571600706,535.9566040039062,0.0033069961735621616,0.019783797393878956
2005-06-24,560.6240844726562,569.5939331054688,557.26025390625,566.2304077148438,317.15643310546875,2418145,0.009950476372493359,537.6384796142578,0.00306218710550193,0.019663414542259373
2005-06-27,558.3815307617188,560.6240844726562,553.896728515625,556.1390380859375,311.50408935546875,1119979,-0.017982744648007396,538.1991027832031,0.0010183635604889684,0.019617932816245628
2005-06-28,557.26025390625,561.745361328125,551.6541748046875,560.6240844726562,314.0162658691406,1088280,0.00803226827551396,539.2082305908203,0.0018332074628868756,0.01955039954554411
2005-06-29,571.8364868164062,574.0790405273438,549.4116821289062,549.4116821289062,307.7359619140625,2436375,-0.020202562898113334,539.7688537597656,0.0010309625086061015,0.020129785502097895
2005-06-30,557.26025390625,557.26025390625,550.5328979492188,552.7752075195312,309.61993408203125,769362,0.006103385666298138,540.8900939941407,0.002070674851111073,0.01980947503784004
2005-07-01,549.4116821289062,551.6541748046875,534.83544921875,549.4116821289062,307.7359619140625,1261274,-0.006103385666298026,541.2264739990235,0.000616034364567229,0.01925287721765763
2005-07-04,547.1691284179688,553.896728515625,543.8053588867188,551.6541748046875,308.9920349121094,933442,0.004073318162150113,541.8431701660156,0.0011305900999778943,0.019198065357917907
2005-07-05,558.3815307617188,560.6240844726562,547.1691284179688,547.1691284179688,306.4798583984375,1241874,-0.008163407676106908,542.5719818115234,0.0013500306662737659,0.019058006471584496
2005-07-06,549.4116821289062,552.7752075195312,541.5628051757812,550.5328979492188,308.36395263671875,2777618,0.0061287671509092844,543.6932342529296,0.0020793095977888493,0.01894169699654388
2005-07-07,573.4319458007812,579.6109008789062,568.488525390625,568.488525390625,325.3621826171875,2603766,0.03209441447452882,545.9925842285156,0.004217661240016513,0.0198199974985629
2005-07-08,578.3753051757812,587.0260009765625,578.3753051757812,582.0828857421875,333.142578125,1906150,0.023631723978479666,548.5792083740234,0.004653746372294229,0.02016065681211596
2005-07-11,606.7996215820312,621.6297607421875,600.620361328125,617.9222412109375,353.65447998046875,3719597,0.059749773302088964,553.350244140625,0.008386736104044952,0.02305224787383763
2005-07-12,630.2807006835938,630.2807006835938,611.7429809570312,611.7429809570312,350.11798095703125,3916219,-0.010050397712479666,557.9244445800781,0.008099275877130349,0.023253758264506548
2005-07-13,620.3939208984375,629.0448608398438,617.9222412109375,617.9222412109375,353.65447998046875,2913868,0.010050397712479531,562.3591003417969,0.00774705788915597,0.023163509451551618
2005-07-14,625.3373413085938,632.75244140625,615.4505615234375,631.5166015625,361.4349670410156,2216861,0.0217616042804172,567.2492218017578,0.00841318963132286,0.023375053471522876
2005-07-15,631.5166015625,631.5166015625,617.9222412109375,617.9222412109375,353.65447998046875,1469734,-0.02176160428041727,571.4596252441406,0.0073251094173019966,0.024276399008886927
2005-07-19,620.3939208984375,629.0448608398438,620.3939208984375,621.6297607421875,355.77642822265625,1278873,0.005982049291207032,575.6872131347657,0.007310066736839889,0.024277171991691097
2005-07-20,627.8090209960938,636.4599609375,622.8656616210938,622.8656616210938,356.4837646484375,2749797,0.001986188559626829,580.2569122314453,0.007934047574764475,0.023953719328351164
2005-07-21,630.2807006835938,640.1675415039062,622.8656616210938,625.3373413085938,357.8983459472656,1834649,0.003960386110782805,583.1001434326172,0.004766896444197623,0.019456137903493355
2005-07-22,625.3373413085938,626.5731811523438,608.0354614257812,609.2713012695312,348.7033386230469,1415692,-0.026027595224095337,585.532504272461,0.004160652761572891,0.020241541693512066
2005-07-25,610.5071411132812,616.6864013671875,609.2713012695312,616.6864013671875,352.9471435546875,771305,0.012096976113735499,588.0553039550781,0.004267977748634999,0.020279511296822546
2005-07-26,617.9222412109375,619.1580810546875,605.563720703125,605.563720703125,346.58135986328125,878168,-0.01820083714916472,590.5265380859375,0.004257073123577132,0.020292160280114536
2005-07-27,605.563720703125,605.563720703125,573.4319458007812,577.1392211914062,330.3132019042969,2812495,-0.04807627199593925,591.352294921875,0.0014516461100044717,0.023385535459965575
2005-07-28,580.8470458984375,584.5543212890625,575.9036254882812,577.1392211914062,330.3132019042969,1173190,0.0,592.738671875,0.002461774254910138,0.022830701210518757
2005-07-29,579.6109008789062,582.0828857421875,561.0734252929688,568.488525390625,325.3621826171875,1826119,-0.015102392986721506,593.5243377685547,0.0014014853222591558,0.023142955984514213
2005-08-01,573.4319458007812,582.0828857421875,567.252685546875,578.3753051757812,331.0206604003906,659722,0.017241845893039745,594.9725189208984,0.002568746900226044,0.023332466385468778
2005-08-02,590.7335815429688,606.7996215820312,588.2618408203125,600.620361328125,343.7521667480469,2261193,0.03774008174933598,597.4208282470703,0.0042520850795853375,0.024625363771628692
2005-08-03,615.4505615234375,620.3939208984375,608.0354614257812,616.6864013671875,352.9471435546875,2464104,0.02639757448944976,600.8966918945313,0.00598013418786317,0.024919150787295244
2005-08-04,617.9222412109375,619.1580810546875,606.7996215820312,608.0354614257812,347.99603271484375,1289269,-0.01412742613045854,603.7718200683594,0.00496732452379478,0.025321193188319564
2005-08-08,604.327880859375,605.563720703125,599.384521484375,600.620361328125,343.7521667480469,666551,-0.012270148358991198,605.3784118652344,0.002749096382118779,0.02475664122013039
2005-08-09,595.6769409179688,600.620361328125,585.7901611328125,589.4976806640625,337.3862609863281,1288035,-0.018692271062233763,605.7491516113281,0.0006328966300831074,0.02468647240930062
2005-08-10,590.7335815429688,598.1486206054688,584.5543212890625,587.0260009765625,335.9716796875,1058504,-0.004201672031479797,604.2043395996094,-0.0025646756365953305,0.020394910431882456
2005-08-11,590.7335815429688,603.092041015625,589.4976806640625,603.092041015625,345.166748046875,1351245,0.027000710053223957,603.7717926025391,-0.0007121202483101495,0.021340019022364563
2005-08-12,611.7429809570312,611.7429809570312,588.2618408203125,588.2618408203125,336.67901611328125,963811,-0.024897667283124765,602.2887725830078,-0.0024595234980903644,0.02183740436160518
2005-08-15,583.3187255859375,587.0260009765625,572.1961059570312,572.1961059570312,327.4841613769531,1086999,-0.02769038109126586,599.3227478027344,-0.004932122766674518,0.021750052095469447
2005-08-16,577.1392211914062,580.8470458984375,569.724365234375,572.1961059570312,327.4841613769531,620219,0.0,597.0364410400391,-0.0038440425526536535,0.021405418119913776
2005-08-17,572.1961059570312,583.3187255859375,572.1961059570312,580.8470458984375,332.435302734375,818737,0.015005686916427953,594.9973052978515,-0.003392860671392608,0.02171627511339478
2005-08-18,580.8470458984375,583.3187255859375,569.724365234375,569.724365234375,326.0694885253906,752711,-0.019334788014582684,592.3402404785156,-0.0044589095001030836,0.021960271743470445
2005-08-19,568.488525390625,568.488525390625,562.3092651367188,564.781005859375,323.240234375,601338,-0.008714618345621978,589.3124237060547,-0.005092659722923323,0.02188728409757366
2005-08-22,567.252685546875,572.1961059570312,567.252685546875,570.960205078125,326.77679443359375,348924,0.01088145808284012,587.3968688964844,-0.0032472070575765505,0.021583129257805405
2005-08-23,567.252685546875,567.252685546875,551.1866455078125,553.6583251953125,316.87445068359375,1613185,-0.030771758884704688,584.2454650878906,-0.005390643807498559,0.022101522306101264
2005-08-24,551.1866455078125,553.6583251953125,531.4130249023438,532.64892578125,304.8501281738281,1347893,-0.03868522364822678,580.5997253417969,-0.006414863132451662,0.02317498193436229
2005-08-25,523.9979858398438,542.5357055664062,523.9979858398438,537.59228515625,307.67938232421875,1397632,0.009237907267097932,578.6223785400391,-0.003549154169299803,0.02121271520495358
2005-08-26,546.2432250976562,547.4790649414062,536.3564453125,537.59228515625,307.67938232421875,680673,0.0,576.6450317382812,-0.003549154169299803,0.02121271520495358
2005-08-29,533.884765625,536.3564453125,500.51708984375,504.2246398925781,288.5821228027344,1709109,-0.06407855573522873,573.4318374633789,-0.005997962306725164,0.025089318697973942
2005-08-30,506.6963195800781,511.6397399902344,499.28125,499.28125,285.7528991699219,1473305,-0.009852318615087521,569.4771347045898,-0.007352670532131528,0.024492820679271315
2005-08-31,504.2246398925781,509.16802978515625,495.5736999511719,496.8095397949219,284.3382568359375,1022813,-0.004962831307188764,564.2865936279297,-0.009487816184957764,0.022099351164254263
2005-09-02,506.6963195800781,519.0545654296875,506.6963195800781,516.5828857421875,295.6551208496094,866213,0.039029018547694715,559.2814178466797,-0.008856243982045518,0.023325375199115043
2005-09-05,516.5828857421875,522.7620849609375,514.1114501953125,522.7620849609375,299.1916198730469,511474,0.01189070462374785,555.0177490234375,-0.007555337444335198,0.023737814374429834
2005-09-06,526.4696655273438,532.64892578125,526.4696655273438,526.4696655273438,301.3135986328125,654009,0.00706725848942393,551.3102142333985,-0.006588467101914441,0.02392871749584459
2005-09-07,538.828125,540.0640258789062,526.4696655273438,526.4696655273438,301.3135986328125,929571,0.0,548.1588134765625,-0.005653853548802753,0.02379575667335494
2005-09-08,531.4130249023438,533.884765625,527.7055053710938,528.9413452148438,302.7281799316406,618304,0.004683832518407681,545.2545806884766,-0.0052095783213083795,0.023906984214046217
2005-09-09,533.884765625,533.884765625,522.7620849609375,522.7620849609375,299.1916198730469,577966,-0.011751091007831607,541.2380828857422,-0.007147168374361157,0.022698872678692167
2005-09-12,531.4130249023438,532.64892578125,525.2338256835938,527.7055053710938,302.0209045410156,459209,0.009411917032003501,538.2102661132812,-0.005431689158604744,0.022582950387611926
2005-09-13,527.7055053710938,531.4130249023438,523.9979858398438,526.4696655273438,301.3135986328125,432596,-0.0023446585425797527,535.9239440917969,-0.004164403031170438,0.021970989754282452
2005-09-14,528.9413452148438,530.1771850585938,519.0545654296875,519.0545654296875,297.0697021484375,632613,-0.014184701239331264,533.2668670654297,-0.004873638093137001,0.022058256910884273
2005-09-15,519.0545654296875,526.4696655273438,506.6963195800781,506.6963195800781,289.9967346191406,910103,-0.024097164395532257,529.5593307495117,-0.006828780658735012,0.02193611779284711
2005-09-16,496.8095397949219,496.8095397949219,474.5642395019531,475.80010986328125,272.31396484375,2667728,-0.06291402017559805,524.863117980957,-0.009007742266785782,0.02516981108444233
2005-09-19,478.27178955078125,488.1585998535156,477.03594970703125,486.9227600097656,278.67974853515625,786920,0.0231076780565896,520.9702056884765,-0.0074166274466752015,0.026175068274180504
2005-09-20,484.4510498046875,504.2246398925781,479.5076599121094,502.98876953125,287.87481689453125,1115549,0.03246233604719173,517.5716339111328,-0.006337583548457622,0.027385911538038665
2005-09-21,496.8095397949219,498.0453796386719,481.9793395996094,485.6868896484375,277.97247314453125,796176,-0.035003686581631166,514.173062133789,-0.006549179933303945,0.02760014868644233
2005-09-22,478.27178955078125,489.3944396972656,472.0925598144531,472.0925598144531,270.1920166015625,1521254,-0.028389088631195342,511.1452438354492,-0.0060343731824523735,0.02705992543774603
2005-09-23,469.620849609375,480.7434997558594,469.620849609375,472.0925598144531,270.1920166015625,1142128,0.0,507.87025756835936,-0.0064962685458072695,0.02686364780288619
2005-09-26,480.7434997558594,480.7434997558594,472.0925598144531,474.5642395019531,271.60662841796875,565393,0.005221924790198735,504.7188552856445,-0.006235172306297334,0.026955330512171596
2005-09-27,474.5642395019531,485.6868896484375,472.0925598144531,477.03594970703125,273.0212707519531,790777,0.005194861858352455,503.3594207763672,-0.0027715014266182737,0.02333966058995506
2005-09-28,477.03594970703125,490.6302795410156,474.5642395019531,484.4510498046875,277.26513671875,725749,0.0154245395212718,502.61791076660154,-0.0015076585198003077,0.02361875629428778
2005-09-29,506.2827453613281,517.9661865234375,506.2827453613281,514.0717163085938,294.2179260253906,1145081,0.05934638778270006,503.4810195922852,0.0017078024346941334,0.027225723399880098
2005-09-30,527.0532836914062,541.3330688476562,527.0532836914062,534.84228515625,306.1054992675781,1876385,0.03960912772067813,504.3939895629883,0.0017368078933433042,0.02726785338687765
2005-10-03,542.6312255859375,547.8239135742188,536.1404418945312,536.1404418945312,306.8484802246094,1144503,0.0024242358746896283,505.06290740966796,0.001263484455890393,0.027164286708379497
2005-10-04,543.9293823242188,543.9293823242188,530.9478149414062,530.9478149414062,303.8765563964844,989900,-0.009732405743967658,505.2868148803711,0.00042350124422081356,0.02723502519247779
2005-10-05,528.3515014648438,540.034912109375,524.4569702148438,524.4569702148438,300.16168212890625,1562287,-0.01230035462353688,505.1861801147461,-0.00019151648695603035,0.027383569378379047
2005-10-06,519.2643432617188,519.2643432617188,511.4753723144531,512.7735595703125,293.4748840332031,1053451,-0.022529041465577448,504.3777908325195,-0.0015521601861552868,0.027801463928543966
2005-10-07,514.0717163085938,517.9661865234375,506.2827453613281,506.2827453613281,289.760009765625,756300,-0.012739044852662746,503.55382385253904,-0.0016015578783968437,0.027821409713827946
2005-10-11,506.2827453613281,510.1772155761719,502.38824462890625,503.6864013671875,288.2740478515625,468663,-0.00514144362123733,502.3528686523438,-0.0023292259110588853,0.027708283083226502
2005-10-12,503.6864013671875,508.8790588378906,477.72320556640625,485.5121765136719,277.8724365234375,1500738,-0.03674948712833434,500.3049942016602,-0.004049467340346615,0.02875742431331311
2005-10-13,480.31951904296875,485.5121765136719,479.0213623046875,480.31951904296875,274.9005432128906,1356495,-0.010752820656258703,498.36824188232424,-0.0038778733111929863,0.028703954155313738
2005-10-14,484.2139892578125,488.1084899902344,480.31951904296875,481.61767578125,275.64349365234375,607628,0.0026990484063625897,497.1143096923828,-0.0025380626710982445,0.028333499807189456
2005-10-17,484.2139892578125,488.1084899902344,456.95263671875,459.5489501953125,263.0129699707031,1098708,-0.04690513014204576,496.3017517089844,-0.0017376181694206297,0.026718142090443278
2005-10-18,464.7415771484375,471.2323913574219,462.145263671875,466.0397644042969,266.72784423828125,765775,0.014025496442178634,495.2576019287109,-0.0021917272501411783,0.026348260658756343
2005-10-19,459.5489501953125,462.145263671875,433.5857238769531,433.5857238769531,248.1534423828125,1686424,-0.07218143687944169,491.7874496459961,-0.007423915896472849,0.0293262280179506
2005-10-20,443.97100830078125,451.7599792480469,430.9894104003906,443.97100830078125,254.09727478027344,1328148,0.02366973873506027,489.70165557861327,-0.004490244630638277,0.029356760550918435
2005-10-21,433.5857238769531,446.56732177734375,433.5857238769531,442.6728515625,253.35427856445312,591837,-0.002928250506544366,488.2306701660156,-0.0032172027244057287,0.028812863335318895
2005-10-24,447.8655090332031,449.1636657714844,441.37469482421875,441.37469482421875,252.61129760742188,499437,-0.0029368503462213888,486.6947769165039,-0.003364045241716798,0.028803086208547848
2005-10-25,446.56732177734375,449.1636657714844,418.0078125,419.30596923828125,239.98072814941406,1410187,-0.0512932725532,483.93186340332034,-0.006189805108886734,0.030630678893753472
2005-10-26,419.30596923828125,423.200439453125,395.9390563964844,395.9390563964844,226.6072235107422,1777784,-0.0573405888521858,479.877018737793,-0.009316577644413647,0.032539683631701115
2005-10-27,395.9390563964844,412.8151550292969,393.3427429199219,407.62249755859375,233.29397583007812,1323526,0.029081193590991334,476.0355911254883,-0.008633744940927671,0.033222321248311405
2005-10-28,402.42987060546875,411.5169982910156,398.5353698730469,406.3243408203125,232.5509796142578,673799,-0.00318978532201463,470.6482223510742,-0.011760553596163405,0.02918500836972301
2005-10-31,416.7096252441406,433.5857238769531,412.8151550292969,433.5857238769531,248.1534423828125,1079296,0.06493781525411461,465.58539428710935,-0.01049411921949158,0.03195000046319607
2005-11-01,440.0765380859375,440.0765380859375,425.7967529296875,425.7967529296875,243.69561767578125,937903,-0.0181273983260564,460.0682098388672,-0.011521700929528882,0.03184296388490313
2005-11-02,430.9894104003906,440.0765380859375,428.3930969238281,440.0765380859375,251.8683319091797,759304,0.032986535360709376,455.52464599609374,-0.009385753874295032,0.033365636872687655
2005-11-03,441.37469482421875,445.2691650390625,436.1820373535156,436.1820373535156,249.639404296875,801672,-0.008888988901056194,451.1108993530273,-0.009215185588170997,0.03335867184784155
2005-11-04,446.56732177734375,453.0581359863281,440.0765380859375,440.0765380859375,251.8683319091797,905974,0.008888988901056289,447.4760482788086,-0.007644284069839309,0.03343836947170095
2005-11-07,446.56732177734375,446.56732177734375,430.9894104003906,430.9894104003906,246.66749572753906,592646,-0.020865142014814726,443.71138153076174,-0.008050588927946908,0.03355270742092228
2005-11-08,428.3930969238281,433.5857238769531,424.49859619140625,428.3930969238281,245.1815643310547,669370,-0.006042295144639458,439.94671630859375,-0.008095631504117016,0.03354920100314369
2005-11-09,428.3930969238281,451.7599792480469,427.09490966796875,450.4618225097656,257.81207275390625,1160526,0.050232103930370316,438.19419860839844,-0.0037465519511817825,0.0352347169487143
2005-11-10,451.7599792480469,471.2323913574219,451.7599792480469,463.44342041015625,265.2418518066406,2150388,0.02841097849126839,437.3503936767578,-0.001788361993805428,0.03590671326724752
2005-11-11,471.2323913574219,473.8287048339844,459.5489501953125,460.84710693359375,263.7559509277344,1380452,-0.005617974496999343,436.311865234375,-0.0022042131389735245,0.03590016825337832
2005-11-14,460.84710693359375,467.3379211425781,459.5489501953125,466.0397644042969,266.72784423828125,633087,0.011204629079603642,436.6364059448242,0.0007012748221089457,0.03441267162167526
2005-11-15,464.7415771484375,464.7415771484375,447.8655090332031,447.8655090332031,256.3262023925781,780835,-0.03977797753068397,435.72769317626955,-0.0019888988765341844,0.035404951849146125
2005-11-16,454.3562927246094,458.25079345703125,447.8655090332031,451.7599792480469,258.5550842285156,734962,0.00865803513464565,436.6364059448242,0.0020530747241701824,0.0313522562724882
2005-11-17,455.6544494628906,455.6544494628906,442.6728515625,442.6728515625,253.35427856445312,736041,-0.020320006254887467,436.57149810791014,-0.0001464125253272044,0.031298928181128595
2005-11-18,446.56732177734375,450.4618225097656,441.37469482421875,442.6728515625,253.35427856445312,1353414,0.0,436.57149810791014,1.3899471851264166e-17,0.031292078434261794
2005-11-21,446.56732177734375,456.95263671875,443.97100830078125,449.1636657714844,257.06915283203125,1073749,0.01455631989058787,436.96094665527346,0.0008746585118404768,0.03144975114162956
2005-11-22,443.97100830078125,445.2691650390625,441.37469482421875,442.6728515625,253.35427856445312,603430,-0.01455631989058787,438.12929077148436,0.0027115061449710836,0.029237495724750092
2005-11-23,449.1636657714844,454.3562927246094,442.6728515625,442.6728515625,253.35427856445312,914717,0.0,440.46598052978516,0.005578535587580373,0.025627383549603946
2005-11-24,443.97100830078125,449.1636657714844,442.6728515625,446.56732177734375,255.5832061767578,629005,0.008759152433979723,442.41322174072263,0.0045624335297297924,0.02504268470435255
2005-11-25,446.56732177734375,447.8655090332031,433.5857238769531,436.1820373535156,249.639404296875,1394395,-0.023530492528898724,443.90610656738284,0.0035453981693855884,0.025776379911764864
2005-11-28,436.1820373535156,446.56732177734375,436.1820373535156,442.6728515625,253.35427856445312,1012085,0.014771340094919063,444.36046295166017,0.0010370744114258105,0.021588462563030816
2005-11-29,442.6728515625,447.8655090332031,440.0765380859375,440.0765380859375,251.8683319091797,580243,-0.005882351193862893,445.07445220947267,0.0016493267680354861,0.021186238057199477
2005-11-30,441.37469482421875,446.56732177734375,441.37469482421875,441.37469482421875,252.61129760742188,452871,0.00294550084764161,445.13936004638674,0.0001472750423820978,0.019871711200179366
2005-12-01,442.6728515625,443.97100830078125,429.6912536621094,430.9894104003906,246.66749572753906,788615,-0.023810642862456176,444.87972869873045,-0.0005988076556879014,0.020499047719699265
2005-12-02,436.1820373535156,450.4618225097656,436.1820373535156,440.0765380859375,251.8683319091797,1838832,0.02086514201481476,444.87972869873045,2.2377932840100812e-17,0.020960513792744908
2005-12-05,451.7599792480469,454.3562927246094,445.2691650390625,454.3562927246094,260.0410461425781,1248381,0.03193301401502693,446.0480728149414,0.002639907801492105,0.02151193132761822
2005-12-06,454.3562927246094,454.3562927246094,443.97100830078125,443.97100830078125,254.09727478027344,619068,-0.02312241231461966,446.82696838378905,0.0017859019429930945,0.022202691360187644
2005-12-07,446.56732177734375,472.5305480957031,443.97100830078125,472.5305480957031,270.4427185058594,2161673,0.062343133217896037,447.93040466308594,0.0023914534073693804,0.023707694165485196
2005-12-08,472.5305480957031,479.0213623046875,463.44342041015625,466.0397644042969,266.72784423828125,2110293,-0.013831435073514503,448.06022186279296,0.00027933272913023587,0.023142562565793962
2005-12-09,464.7415771484375,473.8287048339844,460.84710693359375,463.44342041015625,265.2418518066406,923344,-0.005586654582604201,448.1900375366211,0.000280898724849993,0.02314214356365698
2005-12-12,469.9342346191406,471.2323913574219,458.25079345703125,458.25079345703125,262.27001953125,720134,-0.011267689030113182,447.8005889892578,-0.0008427171806358481,0.02312939472426557
2005-12-13,462.145263671875,475.1268615722656,462.145263671875,462.145263671875,264.4988708496094,1194536,0.00846264698110648,448.5145767211914,0.0015693140449536743,0.021298241238111443
2005-12-14,472.5305480957031,480.31951904296875,469.9342346191406,472.5305480957031,270.4427185058594,1534517,0.02222313170512544,449.55310516357423,0.0022475688734776636,0.021747130653929934
2005-12-15,480.31951904296875,482.91583251953125,473.8287048339844,481.61767578125,275.64349365234375,1286088,0.01904819862635239,451.5003463745117,0.004215979117539657,0.021375452075297046
2005-12-16,488.1084899902344,506.2827453613281,482.91583251953125,482.91583251953125,276.3865051269531,2638848,0.0026917831489455184,453.51249542236326,0.0043505682749869325,0.021355974741026892
2005-12-19,488.1084899902344,493.3011169433594,480.31951904296875,485.5121765136719,277.8724365234375,1183481,0.005361989100950815,455.32992095947264,0.00389085173550508,0.02122326715480787
2005-12-20,488.1084899902344,495.8974609375,481.61767578125,490.7048034667969,280.8443298339844,1242372,0.010638364282519635,457.7315185546875,0.005150585944160455,0.020814476850706125
2005-12-21,493.3011169433594,493.3011169433594,484.2139892578125,484.2139892578125,277.1294860839844,729647,-0.013315796483901118,459.80857543945314,0.004484796119965399,0.021197343065153293
2005-12-22,467.1488952636719,469.620849609375,452.3189697265625,468.385009765625,268.070068359375,1228552671,-0.03323630742404189,460.8994598388672,0.0023850231270643183,0.022773080028446416
2005-12-23,516.6680297851562,516.6680297851562,502.38824462890625,503.6864013671875,288.2740478515625,2247833,0.0726632267537578,464.2746780395508,0.007194709091197145,0.02681162422440908
2005-12-26,486.9227600097656,486.9227600097656,472.0925598144531,472.0925598144531,270.1920166015625,1044427,-0.06477878724090862,465.74566345214845,0.003217202724405761,0.03117418667019173
2005-12-27,495.8974609375,507.5809020996094,495.8974609375,501.090087890625,286.7881164550781,1345364,0.05961083340681507,468.7963409423828,0.006491861954439659,0.033519625213790656
2005-12-28,498.4937744140625,511.4753723144531,498.4937744140625,506.2827453613281,289.760009765625,1500584,0.010309397455331068,472.04174346923827,0.006860056784824131,0.033519064305591456
2005-12-29,511.4753723144531,512.7735595703125,504.9845886230469,507.5809020996094,290.50299072265625,1273147,0.002560812691034124,475.8713180541992,0.008178629562498648,0.032759124695948175
2005-12-30,508.8790588378906,527.0532836914062,507.5809020996094,519.2643432617188,297.1897277832031,2692000,0.022756974196047556,479.8307083129883,0.008273221171560288,0.03280039020038329
2006-01-02,514.0717163085938,525.755126953125,511.4753723144531,514.0717163085938,294.2179260253906,1660811,-0.010050303796704792,482.8164794921875,0.0061740552809737,0.0325489769988757
2006-01-03,517.9661865234375,534.84228515625,516.6680297851562,528.3515014648438,302.390625,1983768,0.027399003068110488,487.03550415039064,0.008700126050110207,0.03211318543278376
2006-01-04,537.4385986328125,542.6312255859375,514.0717163085938,519.2643432617188,297.1897277832031,2214016,-0.017348699271405716,489.37219390869143,0.00471553442564512,0.02998008687227972
2006-01-05,540.034912109375,540.034912109375,525.755126953125,537.4385986328125,307.5914001464844,1840835,0.03440143296350389,492.9421356201172,0.00712717782749604,0.030347330225905335
2006-01-06,550.4202270507812,555.6128540039062,532.2459716796875,532.2459716796875,304.61956787109375,2269133,-0.009708783103848576,496.38226318359375,0.006921071401433822,0.030452039110460384
2006-01-09,545.2275390625,546.5256958007812,529.649658203125,530.9478149414062,303.8765563964844,1436455,-0.0024419958049599413,500.0171142578125,0.007362356062691482,0.030237784320932316
2006-01-10,533.5441284179688,534.84228515625,519.2643432617188,519.2643432617188,297.1897277832031,1036581,-0.022250654054695406,502.87306823730466,0.0058266910109013885,0.030950472147769033
2006-01-11,521.8606567382812,529.649658203125,519.2643432617188,525.755126953125,300.9046325683594,1029880,0.012422480818026575,505.53429718017577,0.005336658466546446,0.030754170735619223
2006-01-12,529.649658203125,530.9478149414062,514.0717163085938,517.9661865234375,296.44683837890625,1471427,-0.014925603082202973,507.35172271728516,0.0036379683811186767,0.030894901030894095
2006-01-13,517.9661865234375,521.8606567382812,510.1772155761719,517.9661865234375,296.44683837890625,1035041,0.0,509.10424041748047,0.003503379223671401,0.030905101390418133
2006-01-16,516.6680297851562,520.5625,512.7735595703125,517.9661865234375,296.44683837890625,634782,0.0,510.72694091796876,0.0032352797686238605,0.030911386282354264
2006-01-17,521.8606567382812,534.84228515625,517.9661865234375,519.2643432617188,297.1897277832031,1635236,0.002503122264176465,512.1549179077149,0.002828517667706702,0.030862328869895442
2006-01-18,506.2827453613281,511.4753723144531,482.91583251953125,494.59930419921875,283.0732421875,2519795,-0.04866513711986532,512.6741836547851,0.0010610506359084921,0.032787724220782785
2006-01-19,493.3011169433594,504.9845886230469,492.0029602050781,504.9845886230469,289.01702880859375,1501816,0.02077996294018564,514.5041625976562,0.0037618641541198685,0.032029839041408575
2006-01-20,507.5809020996094,511.4753723144531,498.4937744140625,511.4753723144531,292.73193359375,1151051,0.01277152503313283,514.8936111450196,0.0007672790680886196,0.027764732092948316
2006-01-23,495.8974609375,511.4753723144531,493.3011169433594,508.8790588378906,291.2459716796875,1231742,-0.005089053373356808,516.7329360961915,0.0037517657614662093,0.023177340590704663
2006-01-24,516.6680297851562,516.6680297851562,502.38824462890625,502.38824462890625,287.5311279296875,1001108,-0.012837166440823564,516.7978439331055,0.00012936576908427808,0.019329708277267932
2006-01-25,508.8790588378906,512.7735595703125,504.9845886230469,504.9845886230469,289.01702880859375,945221,0.0051546947810474295,516.7329360961915,-0.00012836936462990383,0.01922088660828686
2006-02-03,511.4753723144531,514.0717163085938,504.9845886230469,510.1772155761719,291.98895263671875,575545,0.010230235650990736,516.8627517700195,0.00025510178336792677,0.019353410080965066
2006-02-06,511.4753723144531,519.2643432617188,506.2827453613281,519.2643432617188,297.1897277832031,503674,0.017654938528688886,516.8627517700195,-6.7654215563095475e-18,0.01907278809934494
2006-02-07,538.7367553710938,555.6128540039062,534.84228515625,555.6128540039062,317.9930725097656,2052673,0.0676586605575295,518.9398086547851,0.003885448217711708,0.0241556414428012
2006-02-08,565.9981079101562,568.594482421875,556.9110107421875,556.9110107421875,318.73602294921875,4116631,0.0023337159203306976,520.3677841186524,0.0026321838603227186,0.023513168132794634
2006-02-09,568.594482421875,576.3834228515625,562.1036376953125,562.1036376953125,321.7078857421875,2623596,0.009280779713911495,522.509748840332,0.003963657809588579,0.023071997285076997
2006-02-10,562.1036376953125,563.4017944335938,547.8239135742188,551.7183837890625,315.7641906738281,1215873,-0.0186484998042817,523.2237380981445,0.0013111611711992995,0.022429023564440462
2006-02-13,560.8054809570312,560.8054809570312,542.6312255859375,542.6312255859375,310.5633239746094,1003535,-0.01660779515391378,523.743000793457,0.0009662105686960392,0.02265929676595306
2006-02-14,540.034912109375,551.7183837890625,538.7367553710938,550.4202270507812,315.0211486816406,781336,0.014252089027949668,524.7166213989258,0.0018009148103415196,0.022833948572651412
2006-02-15,554.314697265625,556.9110107421875,540.034912109375,540.034912109375,309.07733154296875,1136993,-0.019048246149905333,525.7551498413086,0.0019610352055810234,0.022667031145428323
2006-02-16,540.034912109375,553.0165405273438,540.034912109375,546.5256958007812,312.7922058105469,1432834,0.01194753583701677,526.7936782836914,0.0019372879565305334,0.02265574028565654
2006-02-17,555.6128540039062,560.8054809570312,547.8239135742188,547.8239135742188,313.53521728515625,1870646,0.002372584357512764,528.2865646362304,0.0028021973285163202,0.02230558086204204
2006-02-20,545.2275390625,545.2275390625,530.9478149414062,534.84228515625,306.1054992675781,1247765,-0.023982000382176776,529.1303695678711,0.0016030973094074813,0.02309479769887792
2006-02-21,543.9293823242188,546.5256958007812,534.84228515625,534.84228515625,306.1054992675781,1072440,0.0,529.9741744995117,0.0016030973094074813,0.02309479769887792
2006-02-22,542.6312255859375,542.6312255859375,521.8606567382812,521.8606567382812,298.6756896972656,1373173,-0.024571298202103044,530.1039901733399,0.0002493762860935059,0.02382133238748343
2006-02-23,523.1588134765625,532.2459716796875,516.6680297851562,519.2643432617188,297.1897277832031,1231511,-0.004987525721870177,531.3372421264648,0.002433256855993263,0.020927280724114445
2006-02-24,519.2643432617188,523.1588134765625,498.4937744140625,506.2827453613281,289.760009765625,1994668,-0.025317786887081695,531.4021499633789,0.00012836936462989646,0.02133484815401837
2006-02-27,498.4937744140625,511.4753723144531,495.8974609375,503.6864013671875,288.2740478515625,1236711,-0.00514144362123733,531.0127014160156,-0.0007672790680886115,0.021151355550304812
2006-03-01,501.090087890625,511.4753723144531,499.79193115234375,511.4753723144531,292.73193359375,757725,0.015345581361772425,531.1425170898438,0.00025445266866785005,0.02142340679323656
2006-03-02,519.2643432617188,529.649658203125,512.7735595703125,512.7735595703125,293.4748840332031,1411073,0.0025349071121277505,531.6617828369141,0.0010230563463154158,0.021203624023955783
2006-03-03,515.369873046875,517.9661865234375,498.4937744140625,498.4937744140625,285.30218505859375,797859,-0.028243242690703784,531.3372421264648,-0.0006468405272721448,0.022154902599931702
2006-03-06,498.4937744140625,504.9845886230469,495.8974609375,498.4937744140625,285.30218505859375,511454,0.0,530.7530700683594,-0.0011583523098216814,0.02200816738998095
2006-03-07,493.3011169433594,495.8974609375,480.31951904296875,480.31951904296875,274.9005432128906,1177627,-0.0371395535677894,528.8058288574218,-0.0038980769146455957,0.02293401784872768
2006-03-08,480.31951904296875,490.7048034667969,476.425048828125,488.1084899902344,279.3584289550781,726296,0.016086149580133886,525.4306106567383,-0.006476702463515377,0.016446773408622092
2006-03-09,488.1084899902344,489.4066467285156,481.61767578125,482.91583251953125,276.3865051269531,401606,-0.010695318024825897,521.7308517456055,-0.007128154160773207,0.016337100519684334
2006-03-10,482.91583251953125,489.4066467285156,481.61767578125,482.91583251953125,276.3865051269531,275851,0.0,517.7714614868164,-0.007592193146468781,0.015974267204420394
2006-03-13,488.1084899902344,495.8974609375,485.5121765136719,495.8974609375,283.81622314453125,470203,0.026526794698439736,514.9804153442383,-0.00533342842133271,0.017453984757860995
2006-03-14,493.3011169433594,494.59930419921875,479.0213623046875,481.61767578125,275.64349365234375,470550,-0.029218577847385074,511.9297378540039,-0.005963967556006275,0.01809860058635278
2006-03-15,482.91583251953125,488.1084899902344,473.8287048339844,485.5121765136719,277.8724365234375,589179,0.008053772249896157,508.68433532714846,-0.006273883394908949,0.01778455073107655
2006-03-16,484.2139892578125,485.5121765136719,480.31951904296875,481.61767578125,275.64349365234375,407306,-0.008053772249896165,505.7634735107422,-0.005724159699908491,0.01753711010691845
2006-03-17,485.5121765136719,485.5121765136719,480.31951904296875,481.61767578125,275.64349365234375,430686,0.0,502.5180725097656,-0.00632153649175933,0.017101545617487137
2006-03-20,485.5121765136719,488.1084899902344,475.1268615722656,475.1268615722656,271.9286193847656,333818,-0.01356875015452097,498.88321990966796,-0.007118603217361017,0.017046411026593218
2006-03-21,477.72320556640625,482.91583251953125,475.1268615722656,475.1268615722656,271.9286193847656,416050,0.0,495.89744873046874,-0.005919503198252177,0.01663630459278583
2006-03-22,469.9342346191406,472.5305480957031,462.145263671875,462.145263671875,264.4988708496094,554168,-0.027702580176957085,492.26259765625,-0.007304632207100032,0.017259103252758222
2006-03-23,463.44342041015625,466.0397644042969,451.7599792480469,459.5489501953125,263.0129699707031,699258,-0.005633799810567714,489.1470123291016,-0.006357757287523265,0.016774634266537608
2006-03-24,459.5489501953125,460.84710693359375,454.3562927246094,455.6544494628906,260.7840576171875,390359,-0.008510729398998081,485.96651763916014,-0.00653391747137966,0.01677798659099979
2006-03-27,456.95263671875,459.5489501953125,454.3562927246094,456.95263671875,261.5270080566406,230325,0.002845009974505124,483.50001220703126,-0.00512577762830032,0.0162933457847437
2006-03-28,454.3562927246094,481.61767578125,454.3562927246094,479.0213623046875,274.1575622558594,734885,0.04716544817164647,482.2667602539062,-0.0025104330386561302,0.020054610605398846
2006-03-29,473.8287048339844,479.0213623046875,468.6360778808594,471.2323913574219,269.6997375488281,560831,-0.016393821885495406,480.2546112060547,-0.004097403201019522,0.019821708559090538
2006-03-30,482.91583251953125,482.91583251953125,475.1268615722656,475.1268615722656,271.9286193847656,546966,0.008230473125866791,478.37227630615234,-0.0038126249003325695,0.019962424563821766
2006-03-31,476.425048828125,486.8103332519531,476.425048828125,486.8103332519531,278.6154479980469,714703,0.024292742411816982,477.78810424804686,-0.0011858256452065312,0.020034870383587984
2006-04-03,490.7048034667969,501.090087890625,488.1084899902344,492.0029602050781,281.5873107910156,1012971,0.010610145369206,477.4635635375977,-0.0006553183767462311,0.02020765173592796
2006-04-04,501.090087890625,503.6864013671875,493.3011169433594,493.3011169433594,282.3302917480469,780180,0.0026350393132985677,478.1126434326172,0.001333411267308167,0.01829475148957491
2006-04-06,501.090087890625,512.7735595703125,494.59930419921875,503.6864013671875,288.2740478515625,1327454,0.020834082438430004,478.8915390014648,0.0015708079102229732,0.01852561023118356
2006-04-07,510.1772155761719,510.1772155761719,503.6864013671875,504.9845886230469,289.01702880859375,1033423,0.002574056328639512,479.99497680664064,0.0022342766278962436,0.018299426654039542
2006-04-10,503.6864013671875,508.8790588378906,499.79193115234375,501.090087890625,286.7881164550781,735116,-0.007742010162733148,480.9036895751953,0.0018471761197595862,0.01843059337576893
2006-04-11,501.090087890625,506.2827453613281,497.19561767578125,504.9845886230469,289.01702880859375,691285,0.007742010162733017,481.35804595947263,0.0009079368929742501,0.01756502319979625
2006-04-12,501.090087890625,511.4753723144531,498.4937744140625,504.9845886230469,289.01702880859375,830944,0.0,482.5263916015625,0.002368865785343504,0.01607973872956042
2006-04-13,508.8790588378906,524.4569702148438,508.8790588378906,517.9661865234375,296.44683837890625,1628919,0.025382051915503183,484.14909210205076,0.0032352797686238553,0.016850545930793378
2006-04-14,519.2643432617188,543.9293823242188,517.9661865234375,524.4569702148438,300.16168212890625,2345125,0.012453421695334956,486.29105682373046,0.004260639465885411,0.01675108992538528
2006-04-17,534.84228515625,537.4385986328125,524.4569702148438,524.4569702148438,300.16168212890625,1326800,0.0,488.43302154541016,0.004260639465885411,0.01675108992538528
2006-04-18,529.649658203125,530.9478149414062,520.5625,528.3515014648438,302.390625,920070,0.007398399840247044,491.09425354003906,0.005308996965623812,0.01622434589884831
2006-04-19,555.6128540039062,555.6128540039062,541.3330688476562,543.9293823242188,311.3062744140625,2941815,0.02905764184298916,494.53437957763674,0.006761879057773269,0.017006119570877203
2006-04-20,550.4202270507812,553.0165405273438,540.034912109375,541.3330688476562,309.8203125,1393548,-0.004784683054160142,498.49376983642577,0.007907773913913117,0.015242282948492626
2006-04-21,545.2275390625,550.4202270507812,521.8606567382812,524.4569702148438,300.16168212890625,1981765,-0.03167135862907624,501.73917083740236,0.006605895972987691,0.01741664719474004
2006-04-24,524.4569702148438,532.2459716796875,520.5625,524.4569702148438,300.16168212890625,710774,0.0,505.179296875,0.007031432442937595,0.017129470240738694
2006-04-25,527.0532836914062,537.4385986328125,524.4569702148438,529.649658203125,303.1336364746094,1016938,0.009852380873971911,508.81414794921875,0.0073818009879109345,0.017110988649124564
2006-04-26,534.84228515625,542.6312255859375,532.2459716796875,533.5441284179688,305.3625183105469,851435,0.0073260165400163765,511.5402862548828,0.00538982940632943,0.01432854756566146
2006-04-27,540.034912109375,540.034912109375,515.369873046875,517.9661865234375,296.44683837890625,1189798,-0.029631819109323273,513.8769760131836,0.004727929545138037,0.015634079516290568
2006-04-28,524.4569702148438,536.1404418945312,524.4569702148438,536.1404418945312,306.8484802246094,1641283,0.03448618206283945,516.9276550292968,0.006040714991986671,0.01698742890135845
2006-05-02,536.1404418945312,538.7367553710938,527.0532836914062,528.3515014648438,302.390625,1030111,-0.014634360527257273,519.0047134399414,0.004094359845032957,0.017016150762276895
2006-05-03,540.034912109375,555.6128540039062,537.4385986328125,542.6312255859375,310.5633239746094,2086297,0.02666816196217058,521.5361267089844,0.0048972606746811856,0.01770469226342325
2006-05-04,553.0165405273438,553.0165405273438,534.84228515625,540.034912109375,309.07733154296875,1580351,-0.004796157121955647,523.8728164672851,0.004525700852918475,0.01783218557283601
2006-05-05,545.2275390625,553.0165405273438,534.84228515625,534.84228515625,306.1054992675781,1653955,-0.009661880187647246,525.4306106567383,0.003000902721614613,0.017667356104582692
2006-05-08,553.0165405273438,559.50732421875,545.2275390625,555.6128540039062,317.9930725097656,2601603,0.03809983663355629,527.9620239257813,0.004777191736860452,0.019329855382956944
2006-05-09,555.6128540039062,560.8054809570312,546.5256958007812,546.5256958007812,312.7922058105469,1742542,-0.016490420608892355,530.2338043212891,0.004339771214552491,0.01972305231237144
2006-05-10,558.2091674804688,558.2091674804688,532.2459716796875,550.4202270507812,315.0211486816406,1425478,0.007100710312888583,532.5055862426758,0.00430770622206027,0.019717750551461573
2006-05-11,549.1220703125,560.8054809570312,543.9293823242188,560.8054809570312,320.9649353027344,1978992,0.018692073461033513,535.296630859375,0.005242309895111945,0.019944512577121293
2006-05-12,556.9110107421875,568.594482421875,555.6128540039062,563.4017944335938,322.45086669921875,2086605,0.004618931311550695,537.5684112548828,0.004204153864914321,0.01937322092367092
2006-05-15,560.8054809570312,564.699951171875,549.1220703125,549.1220703125,314.2781982421875,988590,-0.025672273355993775,538.8016662597656,0.002297869112347884,0.020368944554188775
2006-05-16,550.4202270507812,555.6128540039062,547.8239135742188,547.8239135742188,313.53521728515625,855363,-0.002366857371966202,539.9700134277343,0.002179526243749574,0.020389862693848283
2006-05-17,558.2091674804688,565.9981079101562,556.9110107421875,559.50732421875,320.2219543457031,1553813,0.021102708599038403,541.5278045654297,0.0028647416816891423,0.0208006114506701
2006-05-18,526.4694213867188,535.12060546875,521.5262451171875,528.9413452148438,302.7281799316406,1314324013,-0.05617907121650171,540.7784027099609,-0.0013970939712854014,0.02368375221177974
2006-05-19,528.9413452148438,533.884765625,522.7620849609375,522.7620849609375,299.1916198730469,941016,-0.011751091007831607,539.849853515625,-0.0017454143689689746,0.023787198249434618
2006-05-22,558.2091674804688,563.4017944335938,545.2275390625,545.2275390625,312.04925537109375,1253927,0.042076754308046346,540.8883819580078,0.0019419912778871548,0.02460601801678927
2006-05-23,540.034912109375,541.3330688476562,520.5625,520.5625,297.9327392578125,1351835,-0.04629325270458588,540.6936584472656,-0.0003726713573421393,0.02687140967433739
2006-05-24,524.4569702148438,528.3515014648438,498.4937744140625,511.4753723144531,292.73193359375,1137801,-0.017610521430862308,539.784944152832,-0.0017458164725838502,0.027022662742019067
2006-05-25,514.0717163085938,517.9661865234375,508.8790588378906,512.7735595703125,293.4748840332031,569151,0.0025349071121277505,538.7464157104492,-0.0019853719439782815,0.026959170332610978
2006-05-26,528.3515014648438,528.3515014648438,516.6680297851562,516.6680297851562,295.7038269042969,502672,0.0075662161587284026,538.6815078735351,-0.0001254701805756979,0.026224599277917128
2006-05-29,499.28125,514.1114501953125,494.33782958984375,514.1114501953125,294.2406311035156,713196,-0.004960488410676034,537.5800582885743,-0.0020978037042514723,0.024936204368826015
2006-05-30,524.4569702148438,540.034912109375,519.2643432617188,540.034912109375,309.07733154296875,678960,0.0491937183979871,538.1642288208008,0.0010936002420107462,0.027226559476651226
2006-06-01,542.6312255859375,554.314697265625,534.84228515625,534.84228515625,306.1054992675781,1161219,-0.009661880187647246,537.7747817993164,-0.0007229018654801448,0.02663600040283927
2006-06-02,545.2275390625,546.5256958007812,528.3515014648438,529.649658203125,303.1336364746094,769665,-0.009756143618842852,537.255519104004,-0.0009709011903245052,0.02669893730058306
2006-06-05,529.649658203125,532.2459716796875,502.38824462890625,502.38824462890625,287.5311279296875,969949,-0.05284254926585754,535.6328170776367,-0.0031299346442350195,0.029078603144315034
2006-06-06,502.38824462890625,521.8606567382812,502.38824462890625,521.8606567382812,298.6756896972656,844617,0.03802739468259739,533.9452072143555,-0.0031335567417829654,0.029073201180697894
2006-06-07,520.5625,529.649658203125,514.0717163085938,517.9661865234375,296.44683837890625,977421,-0.007490647986046631,532.5172317504882,-0.002683568110640679,0.0289248555901927
2006-06-08,511.4753723144531,517.9661865234375,489.4066467285156,490.7048034667969,280.8443298339844,982582,-0.05406723108995737,529.531460571289,-0.005741965180782976,0.030995560812449034
2006-06-09,495.8974609375,506.2827453613281,493.3011169433594,504.9845886230469,289.01702880859375,758496,0.028685179174454147,526.7404159545898,-0.005242309895111945,0.03148682592308532
2006-06-12,508.8790588378906,510.1772155761719,499.79193115234375,507.5809020996094,290.50299072265625,418129,0.005128199983631999,523.9493713378906,-0.0052168464615078795,0.03149542519560161
2006-06-13,493.3011169433594,503.6864013671875,493.3011169433594,494.59930419921875,283.0732421875,730032,-0.02590816292381771,521.2232330322265,-0.005228640939899077,0.03150353168346985
2006-06-14,494.59930419921875,503.6864013671875,494.59930419921875,502.38824462890625,287.5311279296875,640906,0.015625268159138176,518.951449584961,-0.004329034663343857,0.03184459596603584
2006-06-15,508.8790588378906,519.2643432617188,503.6864013671875,504.9845886230469,289.01702880859375,775443,0.0051546947810474295,516.2253128051758,-0.005126435354243406,0.03137040019050392
2006-06-16,524.4569702148438,524.4569702148438,508.8790588378906,510.1772155761719,291.98895263671875,817194,0.010230235650990736,515.2871063232421,-0.0018059700108687838,0.02911581598419321
2006-06-19,514.0717163085938,515.369873046875,510.1772155761719,511.4753723144531,292.73193359375,327694,0.002541289382142305,514.722770690918,-0.001091350991370088,0.0290341574645124
2006-06-20,511.4753723144531,515.369873046875,497.19561767578125,499.79193115234375,286.045166015625,481989,-0.023107562147136943,512.4509902954102,-0.004350566814129252,0.027554197480157895
2006-06-21,499.79193115234375,506.2827453613281,481.61767578125,482.91583251953125,276.3865051269531,698642,-0.03434949544392061,510.5686569213867,-0.003753378951095989,0.02671393912616248
2006-06-22,493.3011169433594,508.8790588378906,493.3011169433594,508.8790588378906,291.2459716796875,464734,0.052368004217700624,510.43884124755857,-0.0002544526686678424,0.02926448887894048
2006-06-23,503.6864013671875,506.2827453613281,497.19561767578125,498.4937744140625,285.30218505859375,275197,-0.020619282205219153,509.72485198974607,-0.0014121621345351877,0.0296043522827
2006-06-26,503.6864013671875,511.4753723144531,501.090087890625,508.8790588378906,291.2459716796875,531251,0.02061928220521918,509.3354034423828,-0.0007595088322106486,0.02995451810551943
2006-06-27,514.0717163085938,529.649658203125,511.4753723144531,520.5625,297.9327392578125,1020482,0.02269957480421915,509.6579559326172,0.0006234943285341104,0.030385779538023214
2006-06-28,514.0717163085938,523.1588134765625,514.0717163085938,519.2643432617188,297.1897277832031,442433,-0.0024968722843156,508.6194274902344,-0.0019610352055810247,0.028153424142423885
2006-06-29,523.1588134765625,525.755126953125,519.2643432617188,520.5625,297.9327392578125,463463,0.0024968722843156043,507.9054382324219,-0.001353097581982882,0.028109624396550736
2006-06-30,532.2459716796875,537.4385986328125,525.755126953125,529.649658203125,303.1336364746094,983429,0.01730580802081487,507.9054382324219,4.163336342344337e-18,0.028334277924782218
2006-07-03,532.2459716796875,536.1404418945312,528.3515014648438,532.2459716796875,304.61956787109375,513226,0.004889969554524802,509.39832458496096,0.0028866259410191214,0.02546278957690751
2006-07-04,534.84228515625,540.034912109375,529.649658203125,532.2459716796875,304.61956787109375,883095,0.0,509.91759033203124,0.000985256206889252,0.02408305175186429
2006-07-05,532.2459716796875,532.2459716796875,521.8606567382812,524.4569702148438,300.16168212890625,1472968,-0.014742350428496736,510.24212951660155,0.0006226710847667466,0.02427123221467017
2006-07-06,525.6154174804688,526.9393920898438,521.6434936523438,525.6154174804688,303.8142395019531,1043151,0.002206415003706014,511.98766021728517,0.0034363533894499155,0.020578410037600286
2006-07-07,525.6154174804688,528.2633666992188,518.99560546875,518.99560546875,299.98785400390625,819732,-0.012674384020980749,512.6882110595703,0.0013683752296781708,0.01997692118003996
2006-07-10,516.34765625,525.6154174804688,513.69970703125,522.9674682617188,302.2837219238281,652659,0.007623844128713787,513.4575393676757,0.0014931574369322605,0.020009410172819434
2006-07-11,521.6434936523438,541.5030517578125,521.6434936523438,529.5873413085938,306.1101379394531,1080879,0.012578842020363919,515.2069412231446,0.0034175076841413423,0.019063813863623345
2006-07-12,538.8551025390625,556.0667114257812,534.8831787109375,542.8270263671875,313.76287841796875,2260250,0.02469261540135711,517.2288803100586,0.003870875046252288,0.019472843350317882
2006-07-13,544.1510009765625,549.4468383789062,540.1790771484375,542.8270263671875,313.76287841796875,1093530,0.0,519.1210021972656,0.0036131403071999165,0.019489062886077692
2006-07-14,534.8831787109375,534.8831787109375,526.9393920898438,533.5592041015625,308.4059143066406,744315,-0.017220679779439668,520.2901016235352,0.002240594535678397,0.019959475183069193
2006-07-17,540.1790771484375,541.5030517578125,525.6154174804688,529.5873413085938,306.1101379394531,961390,-0.007471935621917343,521.1957000732422,0.0017399332854754143,0.02007677623132334
2006-07-18,536.2071533203125,548.1228637695312,536.2071533203125,548.1228637695312,316.8239440917969,1157278,0.034401363802857354,523.6122467041016,0.004615379582975129,0.02044565211659276
2006-07-19,558.714599609375,561.362548828125,540.1790771484375,540.1790771484375,312.2322998046875,1283603,-0.014598756844984889,526.4754089355469,0.0056029165129219145,0.01888174569320219
2006-07-20,558.714599609375,577.2501831054688,554.7427368164062,577.2501831054688,333.6600036621094,2937796,0.06637505650554079,529.8939651489258,0.0063032691273139235,0.02086341015622369
2006-07-21,574.6022338867188,586.5179443359375,573.2782592773438,585.1939697265625,338.2515869140625,3510506,0.013667599018487995,534.2289749145508,0.008017613188499282,0.01992219848479034
2006-07-24,577.2501831054688,587.8419189453125,571.9542846679688,581.2221069335938,335.9558410644531,1997517,-0.006810396777241479,537.8461273193359,0.006646129239376247,0.019953148162057528
2006-07-25,598.4336547851562,605.0535278320312,582.5460815429688,583.8699951171875,337.4863586425781,2336385,0.004545379267126532,541.0115020751953,0.005738419462521617,0.019594112441625174
2006-07-26,569.4617919921875,577.1744384765625,564.3197631835938,568.1759643554688,328.41497802734375,1627385785,-0.027247179801363715,543.4570831298828,0.004500904086669211,0.02088093621572538
2006-07-27,568.1759643554688,570.7471313476562,559.1780395507812,564.3197631835938,326.18597412109375,1614705572,-0.006810120306120565,545.6449462890625,0.004035554457147403,0.021031115508936254
2006-07-28,581.2221069335938,594.4617919921875,581.2221069335938,589.1658935546875,340.5474548339844,1578549,0.04308675005055528,548.6207580566406,0.005324601558634423,0.022617543226544638
2006-07-31,601.0816040039062,602.4055786132812,577.2501831054688,577.2501831054688,333.6600036621094,1688975,-0.020432031451444142,550.8709686279296,0.0040585015083359766,0.02334035022374822
2006-08-01,582.5460815429688,585.1939697265625,567.982421875,573.2782592773438,331.3641662597656,1119362,-0.006904548312210981,552.9225830078125,0.003713274092725427,0.02345432337015266
2006-08-02,570.6303100585938,575.9262084960938,565.33447265625,575.9262084960938,332.8947448730469,1233526,0.004608325113827558,555.496044921875,0.004680807869841642,0.023048540332760565
2006-08-03,579.8981323242188,581.2221069335938,564.010498046875,564.010498046875,326.0072326660156,1551736,-0.0209066773561172,557.4157989501953,0.003525153251850481,0.023747969493431283
2006-08-04,571.9542846679688,574.6022338867188,565.33447265625,567.982421875,328.3030700683594,1006595,0.007017605955983895,559.8651397705078,0.004509752750698713,0.02344729648957651
2006-08-07,566.658447265625,582.5460815429688,566.658447265625,582.5460815429688,336.7210693359375,870640,0.025317821416738034,562.8440704345703,0.005394451615099926,0.02390041053998705
2006-08-08,582.5460815429688,589.1658935546875,578.5741577148438,585.1939697265625,338.2515869140625,891713,0.004535072200266994,565.6244018554687,0.00499226312409508,0.023840755475772565
2006-08-09,582.5460815429688,595.7857666015625,579.8981323242188,595.7857666015625,344.3739013671875,1408946,0.01793778598008276,568.2723388671875,0.0046545216530313625,0.023593545178375825
2006-08-10,593.1378173828125,598.4336547851562,582.5460815429688,582.5460815429688,336.7210693359375,1199688,-0.022472858180349598,570.2582916259765,0.003530878744013882,0.02434989549816919
2006-08-11,590.4898681640625,595.7857666015625,582.5460815429688,582.5460815429688,336.7210693359375,1214417,0.0,572.7076354980469,0.004391912732985866,0.023877365562183468
2006-08-14,595.7857666015625,595.7857666015625,585.1939697265625,586.5179443359375,339.01690673828125,947303,0.006794970997850791,575.554165649414,0.005105258063974273,0.0237168491046745
2006-08-15,587.8419189453125,589.1658935546875,578.5741577148438,585.1939697265625,338.2515869140625,937182,-0.0022598987975838225,577.4077209472656,0.0032721949339522133,0.022729613205524943
2006-08-16,593.1378173828125,595.7857666015625,586.5179443359375,586.5179443359375,339.01690673828125,1247159,0.0022598987975838095,579.7246643066406,0.0041151277160806484,0.02234126948928182
2006-08-17,595.7857666015625,601.0816040039062,590.4898681640625,590.4898681640625,341.3127746582031,1861260,0.0067492141739723755,580.3866485595703,0.0011338355995022275,0.01691525588333164
2006-08-18,595.7857666015625,595.7857666015625,582.5460815429688,582.5460815429688,336.7210693359375,1292402,-0.01354418517182312,580.2542541503906,-0.00022675361001332816,0.016948399643053523
2006-08-21,582.5460815429688,585.1939697265625,549.4468383789062,550.7708129882812,318.3545227050781,1435,-0.05608951702272536,578.731689453125,-0.002690709622287522,0.021043312668092926
2006-08-22,556.0667114257812,567.982421875,553.4187622070312,567.982421875,328.3030700683594,793,0.03077169560598733,577.9373107910156,-0.0013793938053444823,0.022297722034590937
2006-08-23,567.982421875,567.982421875,556.0667114257812,562.6865234375,325.2419738769531,646125,-0.009367794504512257,577.6628387451171,-0.0004854245405019095,0.021551979177854386
2006-08-24,566.658447265625,571.9542846679688,566.658447265625,566.658447265625,327.53778076171875,546463,0.007034060111044844,577.7797729492188,0.00020678448035636097,0.02156047325119789
2006-08-25,573.2782592773438,577.2501831054688,566.658447265625,567.982421875,328.3030700683594,637062,0.002333734393467402,576.7205993652344,-0.001830866302498033,0.01907742973953483
2006-08-28,571.9542846679688,571.9542846679688,561.362548828125,567.982421875,328.3030700683594,440267,0.0,576.257211303711,-0.0008092647299258258,0.018569206987756125
2006-08-29,571.9542846679688,577.2501831054688,570.6303100585938,574.6022338867188,332.12945556640625,563948,0.011587563423415147,576.3234100341797,0.00011534085685548055,0.018709587285415906
2006-08-30,587.8419189453125,614.3212890625,587.8419189453125,614.3212890625,355.0876770019531,3059589,0.06684002911428942,578.2431640625,0.0032269260568785737,0.02393992738172122
2006-08-31,627.5609741210938,628.8849487304688,607.7014770507812,607.7014770507812,351.2613220214844,2323205,-0.010834293679323823,580.4277130126953,0.0037305452407182423,0.02350755396947409
2006-09-01,614.3212890625,626.2369995117188,609.025390625,618.293212890625,357.383544921875,2377775,0.01727902975782763,582.9432525634766,0.004243616430810429,0.023694312667110935
2006-09-04,628.8849487304688,630.2089233398438,612.997314453125,615.645263671875,355.8529968261719,1606571,-0.0042918724615263176,584.5982116699219,0.002763131736897211,0.023228707690942235
2006-09-05,616.96923828125,619.6171875,605.0535278320312,606.3775024414062,350.49609375,1339948,-0.015168193549421165,585.6573883056641,0.0017779684494128034,0.023564989729739052
2006-09-06,606.3775024414062,614.3212890625,602.4055786132812,610.349365234375,352.7919006347656,1375637,0.006528789668242889,586.3855682373047,0.00120751863382081,0.023289695505543797
2006-09-07,607.7014770507812,616.96923828125,605.0535278320312,616.96923828125,356.6182556152344,777888,0.010787642631327348,588.1067260742187,0.0028705436744046577,0.022689545357547983
2006-09-08,615.645263671875,616.96923828125,609.025390625,610.349365234375,352.7919006347656,740274,-0.010787642631327317,589.4968902587891,0.0023311615428382912,0.022888725416458547
2006-09-11,619.6171875,626.2369995117188,610.349365234375,612.997314453125,354.3224182128906,1522090,0.004329031824001188,590.8208587646484,0.002207864584145811,0.02287004835175419
2006-09-12,616.96923828125,619.6171875,601.0816040039062,601.0816040039062,347.4349060058594,1040621,-0.01962984924616333,591.6152404785156,0.0013393670617168358,0.023372928782303456
2006-09-13,607.7014770507812,609.025390625,601.0816040039062,606.3775024414062,350.49609375,931631,0.008772027753919233,592.6082183837891,0.001664973509533607,0.023431713633788393
2006-09-14,603.7295532226562,605.0535278320312,583.8699951171875,590.4898681640625,341.3127746582031,1256676,-0.026550256016699653,592.6082183837891,5.551115123125783e-18,0.02422120190293984
2006-09-15,590.4898681640625,601.0816040039062,586.5179443359375,598.4336547851562,345.90435791015625,710213,0.013363188936477635,593.4025970458985,0.0013453687054150432,0.024176538582019545
2006-09-18,620.941162109375,620.941162109375,609.025390625,620.941162109375,358.9140930175781,1306564,0.03692066407471995,596.9111145019531,0.005995877760287309,0.02132441915167417
2006-09-19,619.6171875,620.941162109375,614.3212890625,618.293212890625,357.383544921875,756513,-0.0042735309835503915,599.4266540527344,0.004243616430810423,0.020609268995001886
2006-09-20,609.025390625,609.025390625,602.4055786132812,605.0535278320312,349.7307434082031,1047834,-0.021645869582793718,601.5450042724609,0.0036297126768963495,0.021210169884025923
2006-09-21,606.3775024414062,609.025390625,593.1378173828125,595.7857666015625,344.3739013671875,821092,-0.015435779436326876,603.0013702392578,0.0025062206995277634,0.02161166053105094
2006-09-22,595.7857666015625,601.0816040039062,593.1378173828125,599.7576293945312,346.6696472167969,539136,0.0066444721606551535,604.5901306152343,0.0027217575878871513,0.021631336671723064
2006-09-25,598.4336547851562,601.0816040039062,593.1378173828125,595.7857666015625,344.3739013671875,576335,-0.0066444721606551535,605.9802978515625,0.002389533979854394,0.021726155281164002
2006-09-26,597.1096801757812,598.4336547851562,585.1939697265625,585.1939697265625,338.2515869140625,805344,-0.017937785980082655,606.5098846435546,0.0009132665096795035,0.02206867215255583
2006-09-27,590.4898681640625,590.4898681640625,583.8699951171875,590.4898681640625,341.3127746582031,712290,0.009009112971556148,605.3183135986328,-0.00197827929745716,0.015903464502192047
2006-09-28,590.4898681640625,590.4898681640625,570.6303100585938,574.6022338867188,332.12945556640625,1082389,-0.02727444316514619,603.6633514404297,-0.0028002867717482785,0.016785702672858397
2006-09-29,571.9542846679688,581.2221069335938,571.9542846679688,577.2501831054688,333.6600036621094,459678,0.004597731175101912,601.6111999511719,-0.0034343517008845643,0.01621718941962884
2006-10-02,577.2501831054688,587.8419189453125,577.2501831054688,587.8419189453125,339.7821350097656,397214,0.01818230098452266,600.2210327148438,-0.0023106430285821157,0.01691812688498524
2006-10-03,590.4898681640625,593.1378173828125,583.8699951171875,586.5179443359375,339.01690673828125,565610,-0.0022548031684508363,599.2280548095703,-0.0016649735095335988,0.0166458246049086
2006-10-04,589.1658935546875,590.4898681640625,583.8699951171875,589.1658935546875,340.5474548339844,490117,0.004504533635372402,598.1688812255859,-0.0017661863111771234,0.016599470888117047
2006-10-05,595.7857666015625,601.0816040039062,591.8138427734375,597.1096801757812,345.13909912109375,995605,0.013393018516696997,597.1759033203125,-0.0016359175169086409,0.01671301055160641
2006-10-11,593.1378173828125,598.4336547851562,586.5179443359375,587.8419189453125,339.7821350097656,507527,-0.0156427489836186,596.0505310058594,-0.0018786728345232054,0.01688728634918241
2006-10-12,593.1378173828125,609.025390625,593.1378173828125,598.4336547851562,345.90435791015625,921736,0.017857599941999144,595.3223480224609,-0.0012022444286233075,0.017411826172796636
2006-10-13,609.025390625,616.96923828125,606.3775024414062,611.67333984375,353.5571594238281,1357132,0.021882715223203012,595.8519348144531,0.0008733837948450097,0.017573059846696402
2006-10-16,620.941162109375,635.5047607421875,616.96923828125,624.9130249023438,361.2098693847656,1829915,0.021414098309134984,596.7787109375,0.0015054873226057973,0.018091838075577044
2006-10-17,630.2089233398438,630.2089233398438,609.025390625,610.349365234375,352.7919006347656,1053650,-0.02358095678387317,597.7716857910157,0.0016539522842471213,0.017860190369697534
2006-10-18,602.4055786132812,606.3775024414062,597.1096801757812,601.0816040039062,347.4349060058594,558699,-0.015300817422162091,597.9040832519531,0.00022075196631513513,0.018020482981125907
2006-10-19,601.0816040039062,606.3775024414062,598.4336547851562,602.4055786132812,348.2001953125,359374,0.0022002313985782407,596.9773040771485,-0.0015152696674919505,0.01583928776041117
2006-10-20,603.7295532226562,612.997314453125,601.0816040039062,609.025390625,352.0266418457031,588684,0.010929022075255868,596.5139129638671,-0.0007551420145516374,0.016063155305331478
2006-10-23,610.349365234375,615.645263671875,609.025390625,609.025390625,352.0266418457031,516137,0.0,596.7125061035156,0.0003271514645880484,0.015292231888553644
2006-10-24,614.3212890625,616.96923828125,610.349365234375,610.349365234375,352.7919006347656,602733,0.002171563948328126,597.4406860351562,0.0012075186338207985,0.014837054797652897
2006-10-25,611.67333984375,616.96923828125,594.4617919921875,602.4055786132812,348.2001953125,1044511,-0.013100586023583894,597.5730834960938,0.00022026572460884616,0.015110633647589966
2006-10-26,588.7435302734375,595.1708984375,587.458251953125,587.458251953125,339.5604553222656,1067394,-0.02512575410094399,597.1567077636719,-0.0007037983724055957,0.016086136465027073
2006-10-27,612.997314453125,639.4766845703125,612.997314453125,614.3212890625,355.0876770019531,3341205,0.04471288038872856,598.6130737304687,0.002428734946034965,0.018476045689466303
2006-10-30,614.3212890625,622.2650756835938,612.997314453125,622.2650756835938,359.6793212890625,972606,0.012848105273020017,600.2018341064453,0.0026206845611081585,0.01856772246332079
2006-10-31,624.9130249023438,626.2369995117188,616.96923828125,622.2650756835938,359.6793212890625,542800,0.0,602.5849761962891,0.003984406719365468,0.017208322030992616
2006-11-01,622.2650756835938,624.9130249023438,618.293212890625,619.6171875,358.1488037109375,508773,-0.004264320821094849,604.7033264160157,0.00354130411955563,0.01730551955787844
2006-11-02,616.96923828125,620.941162109375,614.3212890625,619.6171875,358.1488037109375,571690,0.0,606.29208984375,0.002632189070329497,0.01697023924157069
2006-11-03,622.2650756835938,634.1808471679688,622.2650756835938,628.8849487304688,363.50567626953125,1531116,0.014846480743078446,608.4104400634766,0.003487253265905961,0.01714101715148218
2006-11-06,619.6171875,639.4766845703125,616.96923828125,627.5609741210938,362.740478515625,1721604,-0.002107492372467387,610.3301940917969,0.003156651965513972,0.017184073540976823
2006-11-07,636.8287353515625,636.8287353515625,630.2089233398438,634.1808471679688,366.5668640136719,1255468,0.01049332546144094,612.1837524414062,0.0030116673127511687,0.01710521381364115
2006-11-08,635.5047607421875,642.1246337890625,630.2089233398438,630.2089233398438,364.2710266113281,1402223,-0.0062827729014471026,614.3021026611328,0.0034796661168597434,0.016690995628783484
2006-11-09,632.8568725585938,634.1808471679688,616.96923828125,616.96923828125,356.6182556152344,1043453,-0.021232223015403267,615.2288818359375,0.0015251749689896234,0.017199677379141427
2006-11-10,618.293212890625,624.9130249023438,616.96923828125,624.9130249023438,361.2098693847656,605112,0.012793314152545759,615.8908660888671,0.0010707049154567605,0.016747599658099237
2006-11-13,630.2089233398438,646.0965576171875,628.8849487304688,638.1527099609375,368.8626403808594,1761786,0.020965132112466422,616.5528503417969,0.0010482566056233323,0.016719173191667085
2006-11-14,646.0965576171875,681.8436889648438,638.1527099609375,681.8436889648438,394.11676025390625,3651295,0.06622282449910251,620.1275665283204,0.005538445669772117,0.02121193120482529
2006-11-15,691.1114501953125,717.5908203125,688.4635009765625,689.7874755859375,398.7083740234375,5229279,0.01158310724235306,624.5628601074219,0.0068826419029978745,0.020666652849929388
2006-11-16,693.7593994140625,703.0271606445312,685.8155517578125,691.1114501953125,399.4736328125,3147129,0.001917555282789238,628.9981536865234,0.0068685080972084225,0.020670120033892996
2006-11-17,696.4073486328125,704.3511352539062,684.4916381835938,701.7031860351562,405.5959167480469,2368901,0.01520940366672822,633.6320434570313,0.007082527176782041,0.020736428743819584
2006-11-20,712.294921875,714.94287109375,697.7313232421875,706.9990844726562,408.656982421875,2325244,0.007518868249078486,638.530728149414,0.007458470589235965,0.0206693156727765
2006-11-21,706.9990844726562,712.294921875,696.4073486328125,701.7031860351562,405.5959167480469,1547053,-0.0075188682490784165,643.0984191894531,0.006973948979365638,0.020911927684654514
2006-11-22,709.6470336914062,720.23876953125,704.3511352539062,704.3511352539062,407.12646484375,1769981,0.0037665007803616172,648.1956970214844,0.007817303319562914,0.020393421937088377
2006-11-23,709.6470336914062,716.266845703125,696.4073486328125,696.4073486328125,402.53472900390625,1591956,-0.011342243325992618,653.6431518554688,0.008506478858310481,0.019431777344782
2006-11-24,696.4073486328125,699.0552368164062,691.1114501953125,699.0552368164062,404.0653076171875,986201,0.00379500158459047,657.879849243164,0.006460584918103578,0.017474592549717026
2006-11-27,701.7031860351562,704.3511352539062,689.7874755859375,691.1114501953125,399.4736328125,1564501,-0.011428662705687905,661.32216796875,0.0052467465191681825,0.017846749669986565
2006-11-28,688.4635009765625,688.4635009765625,675.2238159179688,677.8717651367188,391.82086181640625,1421748,-0.01934296594793725,664.1025024414063,0.00427959822177132,0.018651994525033213
2006-11-29,683.1676635742188,685.8155517578125,673.8998413085938,677.8717651367188,391.82086181640625,803946,0.0,667.0152313232422,0.0044928142628260625,0.01857339393382654
2006-11-30,685.8155517578125,701.7031860351562,685.8155517578125,699.0552368164062,404.0653076171875,1637274,0.030771628653625094,670.9871337890625,0.006031395695507317,0.019436122544168776
2006-12-01,706.9990844726562,712.294921875,695.0833740234375,696.4073486328125,402.53472900390625,1427828,-0.0037950015845904985,674.3632537841797,0.00509932157912387,0.01943812240151422
2006-12-04,701.7031860351562,708.3230590820312,696.4073486328125,704.3511352539062,407.12646484375,1028347,0.0113422433259926,678.2027618408204,0.005771808364046869,0.019408303408207157
2006-12-05,712.294921875,717.5908203125,706.9990844726562,709.6470336914062,410.1874694824219,2168745,0.007490707296279716,681.9760711669921,0.005621677455788807,0.019381452998816655
2006-12-06,717.5908203125,717.5908203125,704.3511352539062,709.6470336914062,410.1874694824219,1160186,0.0,685.9479766845703,0.005935816100861162,0.01922866191789844
2006-12-07,714.94287109375,714.94287109375,693.7593994140625,693.7593994140625,401.00421142578125,1586971,-0.022642497102742905,689.787484741211,0.005865302396494181,0.019335821047984952
2006-12-08,693.7593994140625,696.4073486328125,684.4916381835938,688.4635009765625,397.9431457519531,891108,-0.007662909290033111,692.9650085449218,0.004842491224365237,0.019490480600945916
2006-12-11,688.4635009765625,693.7593994140625,688.4635009765625,691.1114501953125,399.4736328125,624561,0.0038387946494063793,695.6129455566406,0.003986174351212236,0.019117503873791342
2006-12-12,691.1114501953125,691.1114501953125,675.2238159179688,684.4916381835938,395.6473083496094,805041,-0.009624670327301684,695.7453430175781,0.00019379960989202532,0.01249907887255314
2006-12-13,685.8155517578125,689.7874755859375,676.5477905273438,676.5477905273438,391.0556640625,795600,-0.011673339795161795,695.0833587646484,-0.0009690227419837175,0.012465493495108997
2006-12-14,677.8717651367188,697.7313232421875,677.8717651367188,696.4073486328125,402.53472900390625,1145797,0.02893167124356095,695.3481536865235,0.00038168305605486806,0.014145136933575577
2006-12-15,704.3511352539062,713.618896484375,700.3792114257812,701.7031860351562,405.5959167480469,1377978,0.007575742545630962,695.3481536865235,5.204170427930421e-18,0.013823307230235726
2006-12-18,704.3511352539062,712.294921875,701.7031860351562,704.3511352539062,407.12646484375,891637,0.0037665007803616172,695.2157562255859,-0.00018761837343583823,0.013741105770544831
2006-12-19,701.7031860351562,704.3511352539062,693.7593994140625,695.0833740234375,401.7694396972656,658928,-0.013245202486776523,694.884765625,-0.0004739350853207435,0.013959821106334676
2006-12-20,701.7031860351562,706.9990844726562,697.7313232421875,701.7031860351562,405.5959167480469,590837,0.009478701706414832,694.7523681640625,-0.0001883250390180828,0.01410878360586008
2006-12-21,701.7031860351562,714.94287109375,696.4073486328125,696.4073486328125,402.53472900390625,1085109,-0.007575742545630907,694.7523681640625,2.8622937353617316e-18,0.013976582745813421
2006-12-22,703.0271606445312,704.3511352539062,697.7313232421875,701.7031860351562,405.5959167480469,538721,0.007575742545630962,694.884765625,0.00018903704805202747,0.014055955055159724
2006-12-25,701.7031860351562,703.0271606445312,693.7593994140625,696.4073486328125,402.53472900390625,623164,-0.007575742545630907,695.149560546875,0.00038168305605487733,0.013914033398020127
2006-12-26,696.4073486328125,704.3511352539062,693.7593994140625,697.7313232421875,403.300048828125,903986,0.0018993447841389151,696.1425384521484,0.0014437985926586858,0.013117055817665852
2006-12-27,701.7031860351562,708.3230590820312,697.7313232421875,699.0552368164062,404.0653076171875,794278,0.0018956568004517202,697.2017120361328,0.001538581432681272,0.013112922230179546
2006-12-28,703.0271606445312,714.94287109375,703.0271606445312,705.6751098632812,407.8917541503906,1066188,0.009425185507430397,697.5327056884765,0.000471259275371537,0.011359831821263057
2006-12-29,708.3230590820312,712.294921875,704.3511352539062,712.294921875,411.718017578125,839521,0.009337094518427508,698.3270843505859,0.0011278640805224374,0.01147915560934839
2007-01-02,714.94287109375,718.914794921875,704.3511352539062,704.3511352539062,407.12646484375,891826,-0.01121503828445592,698.3270843505859,1.1362438767648086e-17,0.01153078580493724
2007-01-03,705.6751098632812,718.914794921875,703.0271606445312,710.9710083007812,410.9527893066406,1585649,0.009354649543331331,698.3932830810547,9.31971123525921e-05,0.011601829398741378
2007-01-04,710.9710083007812,736.1264038085938,709.6470336914062,728.1825561523438,420.9013366699219,2963212,0.023920127682579076,699.3200592041015,0.0012892034964815458,0.012766221408222875
2007-01-05,736.1264038085938,737.4503173828125,714.94287109375,714.94287109375,413.2486267089844,1927689,-0.018349141772584752,700.3792327880859,0.0015038712629894535,0.012372653287685416
2007-01-08,712.294921875,714.94287109375,704.3511352539062,705.6751098632812,407.8917541503906,911162,-0.013047691687297492,701.2398132324219,0.0012346321431262347,0.01263836424018422
2007-01-09,708.3230590820312,712.294921875,705.6751098632812,706.9990844726562,408.656982421875,603564,0.0018744237026883193,702.0341949462891,0.0011364135957903315,0.012624686543067608
2007-01-10,704.3511352539062,717.5908203125,701.7031860351562,712.294921875,411.718017578125,995869,0.007462670815739273,703.4243591308593,0.001990780652942379,0.012434868711874872
2007-01-11,718.914794921875,725.5346069335938,691.1114501953125,693.7593994140625,401.00421142578125,1444672,-0.026366828090919177,704.2849395751953,0.0012561062381545103,0.013658512082569966
2007-01-12,701.7031860351562,705.6751098632812,697.7313232421875,703.0271606445312,406.3611755371094,702169,0.013270312731250204,704.6159301757813,0.000473038312538973,0.012377153072989797
2007-01-15,709.6470336914062,713.618896484375,704.3511352539062,704.3511352539062,407.12646484375,659494,0.0018814770752130963,704.7483276367187,0.00018832503901807974,0.012270200326540451
2007-01-16,704.3511352539062,708.3230590820312,699.0552368164062,700.3792114257812,404.8305969238281,631057,-0.0056550845116692125,704.5497314453125,-0.00028275422558346177,0.012306400314012065
2007-01-17,691.1114501953125,693.7593994140625,684.4916381835938,689.7874755859375,398.7083740234375,1121325,-0.015238375218209982,704.2849365234375,-0.00038241286215513466,0.012424401251187595
2007-01-18,691.1114501953125,701.7031860351562,689.7874755859375,693.7593994140625,401.00421142578125,771846,0.005741669923415817,703.8877471923828,-0.0005692644513050854,0.012295728230530933
2007-01-19,688.4635009765625,688.4635009765625,676.5477905273438,679.1957397460938,392.586181640625,1604154,-0.021215851154987725,703.0271667480469,-0.0012512698817729261,0.013059382391991907
2007-01-22,679.1957397460938,689.7874755859375,679.1957397460938,685.8155517578125,396.41259765625,754474,0.009699354065084808,702.2327850341796,-0.0011450893058002338,0.013143292127210687
2007-01-23,693.7593994140625,700.3792114257812,691.1114501953125,700.3792114257812,404.8305969238281,834007,0.021013202384697074,702.4313781738281,0.00028435794071616507,0.013937731129679536
2007-01-24,701.7031860351562,714.94287109375,701.7031860351562,714.94287109375,413.2486267089844,1950348,0.020580719964995005,703.2919555664063,0.0012184266997589696,0.014658985158751227
2007-01-25,714.94287109375,717.5908203125,701.7031860351562,701.7031860351562,405.5959167480469,1354904,-0.01869213623368745,703.4243530273437,0.00018903704805201105,0.015317018547357715
2007-01-26,699.0552368164062,704.3511352539062,696.4073486328125,700.3792114257812,404.8305969238281,507791,-0.0018885837313074721,703.1595581054687,-0.00037665141388488235,0.015166132781614508
2007-01-29,699.0552368164062,700.3792114257812,685.8155517578125,685.8155517578125,396.41259765625,575089,-0.02101320238469705,701.8355895996094,-0.00189416625904111,0.015653608020735236
2007-01-30,685.8155517578125,688.4635009765625,675.2238159179688,681.8436889648438,394.11676025390625,554847,-0.005808280075865843,700.7102172851562,-0.0016238283486116063,0.015530366548035216
2007-01-31,681.8436889648438,684.4916381835938,677.8717651367188,684.4916381835938,395.6473083496094,448991,0.0038759921978403994,699.3862487792969,-0.001897761215886153,0.015374061686582655
2007-02-01,685.8155517578125,688.4635009765625,671.251953125,672.575927734375,388.75982666015625,705417,-0.017561419908798188,696.6059173583984,-0.003971838595455015,0.014479794559206843
2007-02-02,672.575927734375,679.1957397460938,672.575927734375,676.5477905273438,391.0556640625,431354,0.005888080113636423,694.6861633300781,-0.0027599775011439573,0.014225188118494483
2007-02-05,679.1957397460938,680.5197143554688,676.5477905273438,679.1957397460938,392.586181640625,257407,0.0039062736081025605,693.3621948242187,-0.0019122792363739545,0.01408432042871983
2007-02-06,679.1957397460938,685.8155517578125,677.8717651367188,680.5197143554688,393.35150146484375,443213,0.0019474295505141782,692.0382263183594,-0.0019086289439826615,0.014085362919892236
2007-02-07,680.5197143554688,680.5197143554688,668.60400390625,669.927978515625,387.2292175292969,665537,-0.015686580215104582,689.9198791503907,-0.0030660914955248546,0.014225195982360649
2007-02-08,665.9560546875,669.927978515625,660.66015625,660.66015625,381.872314453125,1175745,-0.013930639994793105,688.2649169921875,-0.0024442820907185506,0.013400999498234046
2007-02-09,656.6882934570312,661.984130859375,654.0403442382812,661.984130859375,382.63763427734375,738159,0.002002012278723709,686.2127655029296,-0.0030076971133448757,0.012934289956562792
2007-02-12,656.6882934570312,664.632080078125,656.6882934570312,663.30810546875,383.40289306640625,564477,0.001998012232368015,684.1606140136719,-0.0030018703554871295,0.012936634435248593
2007-02-13,661.984130859375,671.251953125,661.984130859375,671.251953125,387.99456787109375,388491,0.011904959131730966,682.7042510986328,-0.0021238681733171207,0.013336791145427785
2007-02-14,671.251953125,672.575927734375,667.280029296875,669.927978515625,387.2292175292969,457488,-0.001974343648029558,681.7112762451172,-0.0014606665948080995,0.012975209761932538
2007-02-26,677.8717651367188,677.8717651367188,668.60400390625,676.5477905273438,391.0556640625,693067,0.009832877056487905,680.8506958007813,-0.0012561062381544951,0.013126106724364116
2007-02-27,675.2238159179688,685.8155517578125,672.575927734375,684.4916381835938,395.6473083496094,648165,0.011673339795161853,681.1154907226562,0.00038835330935298374,0.012541075859506758
2007-03-01,654.302490234375,660.7295532226562,653.0169067382812,655.5880737304688,378.94049072265625,577105657,-0.04314377338290363,679.604116821289,-0.0022538030630464383,0.0156558793461407
2007-03-02,675.2238159179688,688.4635009765625,675.2238159179688,688.4635009765625,397.9431457519531,754965,0.04892964906079905,679.0083312988281,-0.000857980729241339,0.01877351218153562
2007-03-05,683.1676635742188,683.1676635742188,661.984130859375,672.575927734375,388.75982666015625,845941,-0.02334729558669359,676.8899841308594,-0.0030543815068257685,0.01870282599074291
2007-03-06,669.927978515625,688.4635009765625,669.927978515625,687.1395263671875,397.1778564453125,627734,0.021422357952976395,676.1618011474609,-0.0010486567974925766,0.01908461914495699
2007-03-07,730.8305053710938,730.8305053710938,709.6470336914062,713.618896484375,412.4832763671875,2632993,0.0378116946645357,676.8237854003906,0.0009363571222995819,0.02096469074610421
2007-03-08,714.94287109375,717.5908203125,706.9990844726562,709.6470336914062,410.1874694824219,1161432,-0.005581350638042511,678.0153594970703,0.0017079497096323087,0.020390448167550184
2007-03-09,713.618896484375,716.266845703125,709.6470336914062,710.9710083007812,410.9527893066406,713083,0.001863942247051738,679.4717254638672,0.0020915608257781877,0.020313626003397416
2007-03-12,717.5908203125,721.562744140625,710.9710083007812,717.5908203125,414.77923583984375,1644601,0.009267865432493326,681.1266845703125,0.002361154487510834,0.020374243498193605
2007-03-13,717.5908203125,718.914794921875,712.294921875,712.294921875,411.718017578125,916524,-0.0074074766913688,683.1126342773438,0.002868851648382304,0.019974257407630525
2007-03-14,703.0271606445312,712.294921875,701.7031860351562,709.6470336914062,410.1874694824219,674336,-0.0037243309881763373,684.7675964355469,0.002388231093291666,0.020013393693031883
2007-03-15,717.5908203125,726.8585815429688,714.94287109375,718.914794921875,415.54449462890625,1061052,0.012975134945687925,686.753549194336,0.002841674160170934,0.020151855710472778
2007-03-16,718.914794921875,726.8585815429688,718.914794921875,726.8585815429688,420.13604736328125,925890,0.010989089564491452,689.0704925537109,0.003293757160869797,0.020231998634909754
2007-03-19,729.5065307617188,746.7181396484375,729.5065307617188,746.7181396484375,431.6152648925781,1484627,0.02695585554734666,692.9100006103515,0.005425878948992361,0.02037292376667798
2007-03-20,750.6900024414062,753.3379516601562,738.7742919921875,738.7742919921875,427.0235595703125,1242325,-0.010695340093060257,696.815707397461,0.005587643944079002,0.02022343605658724
2007-03-21,737.4503173828125,737.4503173828125,720.23876953125,721.562744140625,417.074951171875,1411740,-0.023573112842332843,699.7946380615234,0.004308887688026175,0.0212448737884192
2007-03-22,721.562744140625,726.8585815429688,714.94287109375,724.210693359375,418.6056213378906,863238,0.0036630250782889433,702.8397674560547,0.00439213833032222,0.021238603090130113
2007-03-23,721.562744140625,726.8585815429688,717.5908203125,726.8585815429688,420.13604736328125,785479,0.003649572309757442,705.6200988769531,0.003979368989223545,0.021165001299940776
2007-03-26,730.8305053710938,741.4222412109375,728.1825561523438,740.0982666015625,427.788818359375,914221,0.01805103480012006,709.12861328125,0.0049806379116310254,0.021341462752524454
2007-03-27,742.7462158203125,744.0701904296875,730.8305053710938,732.1544799804688,423.1972351074219,985219,-0.010791440166296818,711.9089477539062,0.003949422050491789,0.02159148067259089
2007-03-28,730.8305053710938,730.8305053710938,725.5346069335938,729.5065307617188,421.6666259765625,733703,-0.0036232096170966377,714.1596923828125,0.003184594579878865,0.0215743943488973
2007-03-29,725.5346069335938,730.8305053710938,721.562744140625,730.8305053710938,422.4319152832031,653301,0.001813245763641908,717.9218139648438,0.005432445537206142,0.018635198133281607
2007-03-30,733.4784545898438,742.7462158203125,730.8305053710938,730.8305053710938,422.4319152832031,957009,0.0,720.0401641845704,0.002985963084166189,0.01558666907150531
2007-04-02,733.4784545898438,746.7181396484375,733.4784545898438,740.0982666015625,427.788818359375,1130314,0.012601404019751475,723.4162811279297,0.004783398064488442,0.01441917864683477
2007-04-03,741.4222412109375,745.3941650390625,738.7742919921875,741.4222412109375,428.5541076660156,586116,0.0017873191155266767,726.1304168701172,0.0038016461226159557,0.013885218019491984
2007-04-04,745.3941650390625,749.3660888671875,742.7462158203125,744.0701904296875,430.0846862792969,942620,0.0035650831561683163,727.6529815673828,0.002089315547197587,0.01135067201755213
2007-04-09,741.4222412109375,745.3941650390625,736.1264038085938,745.3941650390625,430.8499450683594,995227,0.0017777866965645037,729.4403381347656,0.002457272413927938,0.011207298926039904
2007-04-10,745.3941650390625,754.6619262695312,741.4222412109375,754.6619262695312,436.2068176269531,1395086,0.012356710135149652,731.6248840332031,0.0029819108083328333,0.011421607760239351
2007-04-11,754.6619262695312,774.521484375,749.3660888671875,770.549560546875,445.39019775390625,1876517,0.020834106079976752,734.2728210449219,0.0035602228407070045,0.012033086201431542
2007-04-12,767.901611328125,775.8453979492188,763.9296875,769.2255859375,444.62481689453125,1219553,-0.0017196990595511029,737.1193542480469,0.0038446117222978903,0.011825658340676986
2007-04-13,773.197509765625,774.521484375,757.3098754882812,759.9578247070312,439.2679443359375,824037,-0.012121338276693011,739.6348937988281,0.003424761357872056,0.012249972905799695
2007-04-16,766.57763671875,770.549560546875,762.605712890625,762.605712890625,440.7984924316406,655340,0.003478200794506712,741.8194396972656,0.002949914650312995,0.01204259658977391
2007-04-17,762.605712890625,765.253662109375,750.6900024414062,752.0139770507812,434.67626953125,824717,-0.013986228447695995,743.0772094726562,0.001701148749703623,0.01245301655296849
2007-04-18,750.6900024414062,757.3098754882812,750.6900024414062,754.6619262695312,436.2068176269531,515835,0.0035149589094566704,743.474398803711,0.0005291039178091236,0.010965233849722568
2007-04-19,754.6619262695312,759.9578247070312,750.6900024414062,753.3379516601562,435.4416198730469,681662,-0.001755935088506463,744.2025817871094,0.0009760741680368134,0.01066160925450306
2007-04-20,754.6619262695312,757.3098754882812,752.0139770507812,753.3379516601562,435.4416198730469,620445,0.0,745.7913421630859,0.0021547298101534554,0.008974331470412652
2007-04-23,757.3098754882812,765.253662109375,754.6619262695312,758.6338500976562,438.5027770996094,604168,0.00700531595774645,747.5125,0.0023218443541263307,0.009034811527522266
2007-04-24,759.9578247070312,762.605712890625,755.9859008789062,757.3098754882812,437.7374572753906,462322,-0.0017467336335224462,749.0350646972656,0.0020520290569623367,0.009073567820424093
2007-04-25,757.3098754882812,766.57763671875,757.3098754882812,762.605712890625,440.7984924316406,1091831,0.006968622302521841,750.1604370117187,0.0014979084320824254,0.008355038624368873
2007-04-26,767.901611328125,770.549560546875,754.6619262695312,754.6619262695312,436.2068176269531,599750,-0.010471269538239283,751.2858093261718,0.001513916963485302,0.008330523281505547
2007-04-27,759.9578247070312,759.9578247070312,754.6619262695312,757.3098754882812,437.7374572753906,417306,0.003502647235717383,752.6759765625,0.0018702098061260033,0.008251254550630928
2007-04-30,757.3098754882812,758.6338500976562,746.7181396484375,750.6900024414062,433.9109802246094,639743,-0.008779729584029335,753.6689514160156,0.001340561038742441,0.008588205618916137
2007-05-02,750.6900024414062,754.6619262695312,750.6900024414062,753.3379516601562,435.4416198730469,320929,0.0035211472598055426,754.7943237304687,0.0015166184017327182,0.008595366462199288
2007-05-03,749.3660888671875,753.3379516601562,737.4503173828125,742.7462158203125,429.31939697265625,899643,-0.01415951459489433,754.9267211914063,0.00017857247100042792,0.008857906082157177
2007-05-04,744.0701904296875,762.605712890625,744.0701904296875,759.9578247070312,439.2679443359375,1045266,0.02290851842713349,755.8535003662109,0.0012346324365807688,0.010214913317071604
2007-05-07,765.253662109375,765.253662109375,757.3098754882812,759.9578247070312,439.2679443359375,476559,0.0,756.6478820800781,0.001056378278772353,0.010203205000163739
2007-05-08,759.9578247070312,761.2817993164062,754.6619262695312,757.3098754882812,437.7374572753906,328519,-0.003490421508015219,757.2436676025391,0.0007929678685433667,0.010251489520895283
2007-05-09,757.3098754882812,758.6338500976562,752.0139770507812,753.3379516601562,435.4416198730469,344532,-0.005258582324223888,757.1774688720703,-8.779675442531025e-05,0.009958212449634648
2007-05-10,754.6619262695312,758.6338500976562,749.3660888671875,752.0139770507812,434.67626953125,491816,-0.0017590238209501858,756.2506896972657,-0.0012174532494716572,0.008656298024860365
2007-05-11,749.3660888671875,749.3660888671875,744.0701904296875,745.3941650390625,430.8499450683594,537135,-0.008841751225692945,755.0591186523437,-0.0015735558577787494,0.008822936322993715
2007-05-14,745.3941650390625,746.7181396484375,734.8024291992188,738.7742919921875,427.0235595703125,944924,-0.008920708314093282,753.9999420166016,-0.0014135243596487628,0.008648859479066507
2007-05-15,738.7742919921875,741.4222412109375,737.4503173828125,738.7742919921875,427.0235595703125,294568,0.0,752.8083709716797,-0.0015874343993740984,0.008580016002859908
2007-05-16,738.7742919921875,742.7462158203125,732.1544799804688,733.4784545898438,423.96246337890625,596313,-0.007194227018375467,751.8815948486329,-0.0012478343279080722,0.008188940819069727
2007-05-17,730.8305053710938,738.7742919921875,729.5065307617188,733.4784545898438,423.96246337890625,1414006,0.0,750.8224212646485,-0.0014235822733809056,0.008118761337036973
2007-05-18,733.4784545898438,736.1264038085938,730.8305053710938,733.4784545898438,423.96246337890625,428220,0.0,749.8294464111328,-0.0013357855189555826,0.008124470476675846
2007-05-21,732.1544799804688,736.1264038085938,728.1825561523438,733.4784545898438,423.96246337890625,959992,0.0,748.8364715576172,-0.0013357855189555826,0.008124470476675846
2007-05-22,733.4784545898438,746.7181396484375,733.4784545898438,746.7181396484375,431.6152648925781,832232,0.01788956711143572,748.2406860351563,-0.0007915729612711188,0.009027007004599252
2007-05-23,741.4222412109375,741.4222412109375,734.8024291992188,736.1264038085938,425.4930725097656,1075743,-0.014285942546419395,747.1815124511719,-0.0014185334069159665,0.009518885229798074
2007-05-24,738.7742919921875,744.0701904296875,738.7742919921875,740.0982666015625,427.788818359375,628564,0.0053811217991929184,746.0561401367188,-0.0014979084320824127,0.009451647771903656
2007-05-25,736.1264038085938,736.1264038085938,726.8585815429688,732.1544799804688,423.1972351074219,714594,-0.010791440166296818,744.9307678222656,-0.0015139169634852893,0.0094679032958459
2007-05-28,732.1544799804688,740.0982666015625,730.8305053710938,737.4503173828125,426.2583312988281,503222,0.007207189763611202,743.9377899169922,-0.0013286898370905983,0.009606434981395873
2007-05-29,736.1264038085938,741.4222412109375,734.8024291992188,737.4503173828125,426.2583312988281,381617,0.0,743.2758056640625,-0.0008897033578891316,0.009447309582984413
2007-05-30,736.1264038085938,738.7742919921875,732.1544799804688,733.4784545898438,423.96246337890625,387849,-0.00540049596152359,742.2828308105469,-0.001335785518955588,0.009438703550670016
2007-05-31,741.4222412109375,783.7892456054688,738.7742919921875,783.7892456054688,453.0429382324219,2262894,0.06634194110857229,744.3349822998047,0.002689287266217743,0.017448413900423947
2007-06-01,781.1412963867188,781.1412963867188,763.9296875,765.253662109375,442.32904052734375,1196365,-0.023932801509963218,744.5997741699218,0.0003472212693629075,0.017732973515853817
2007-06-04,767.901611328125,773.197509765625,762.605712890625,762.605712890625,440.7984924316406,569462,-0.0034662245927512816,744.7321685791015,0.0001739100397253434,0.017753472181745913
2007-06-05,765.253662109375,765.253662109375,754.6619262695312,758.6338500976562,438.5027770996094,692690,-0.005221888668999362,744.7983673095703,8.733668167613625e-05,0.017776488219199336
2007-06-06,757.3098754882812,759.9578247070312,755.9859008789062,755.9859008789062,436.97216796875,493931,-0.003496523684957923,744.9307647705078,0.00017543961363943448,0.017752949491514153
2007-06-07,754.6619262695312,755.9859008789062,748.0421142578125,754.6619262695312,436.2068176269531,419420,-0.0017528571842820176,745.0631622314453,0.00017574794547284292,0.017752914179125546
2007-06-08,749.3660888671875,753.3379516601562,748.0421142578125,753.3379516601562,435.4416198730469,364057,-0.001755935088506463,745.4603515625,0.0005300387523321671,0.01763378775876439
2007-06-11,754.6619262695312,762.605712890625,754.6619262695312,762.605712890625,440.7984924316406,376368,0.012227204626745664,746.6519226074219,0.0015874343993741145,0.01767127359958165
2007-06-12,762.605712890625,762.605712890625,755.9859008789062,757.3098754882812,437.7374572753906,391021,-0.0069686223025218616,747.5787017822265,0.0012390032842480212,0.01777263179200291
2007-06-13,757.3098754882812,757.3098754882812,749.3660888671875,750.6900024414062,433.9109802246094,455939,-0.008779729584029335,748.4392791748047,0.0011597281559653277,0.017815712047600994
2007-06-14,752.0139770507812,761.2817993164062,752.0139770507812,755.9859008789062,436.97216796875,456166,0.007029939532593854,749.5646514892578,0.0015112251325950206,0.017860918419859474
2007-06-15,759.9578247070312,762.605712890625,757.3098754882812,758.6338500976562,438.5027770996094,358090,0.003496523684957945,750.8224212646485,0.0016860513168429178,0.01786245998008597
2007-06-20,762.605712890625,765.253662109375,759.9578247070312,762.605712890625,440.7984924316406,961918,0.005221888668999299,752.2787841796875,0.001947145750292883,0.01787467780340845
2007-06-21,773.197509765625,794.3809814453125,771.87353515625,789.0850830078125,456.1040344238281,2629594,0.03413301281523126,754.3971313476562,0.00275931803548266,0.018972493646809967
2007-06-22,804.9727172851562,823.50830078125,802.3247680664062,808.9446411132812,467.5831298828125,1999859,0.024856334388825015,758.0380432128907,0.00471643188224488,0.019139771377969423
2007-06-25,811.5925903320312,812.9165649414062,801.0008544921875,801.0008544921875,462.9915466308594,1073855,-0.009868472083016253,761.0831726074218,0.003953952188134422,0.019413690536820707
2007-06-26,801.0008544921875,801.0008544921875,786.4371948242188,787.7611694335938,455.3387756347656,870866,-0.016667054406185166,763.8635070800781,0.003660171476140005,0.019691047124159387
2007-06-27,787.7611694335938,794.3809814453125,786.4371948242188,790.4090576171875,456.86932373046875,388793,0.0033556464605513318,766.5114440917969,0.0034675943109870105,0.01967335772258372
2007-06-28,794.3809814453125,797.0289306640625,790.4090576171875,794.3809814453125,459.1650695800781,554356,0.005012565761653392,769.3579772949219,0.0037182225990696803,0.01965878069950876
2007-06-29,795.7049560546875,799.6768798828125,791.7330322265625,793.0570068359375,458.3998718261719,570519,-0.0016680650534243817,772.3369049072265,0.0039048441444746416,0.01958523883962788
2007-07-02,794.3809814453125,797.0289306640625,791.7330322265625,797.0289306640625,460.6956481933594,493893,0.004995870972290317,772.9988891601563,0.0008375406376605425,0.012983151579677369
2007-07-03,804.9727172851562,815.564453125,804.9727172851562,814.240478515625,470.6442565917969,1076385,0.021364772939677274,775.4482299804688,0.0031024193601425676,0.012371202080035199
2007-07-04,820.8603515625,830.1281127929688,820.8603515625,827.4801635742188,478.2970275878906,1307924,0.016129384928268473,778.6919525146484,0.004082199836193555,0.012597496681368071
2007-07-05,834.1000366210938,836.7479858398438,827.4801635742188,836.7479858398438,483.6539611816406,1241834,0.011137797513177033,782.5976593017579,0.0049001841453023744,0.012492260676056785
2007-07-06,839.3959350585938,844.6917724609375,831.4520874023438,840.7198486328125,485.9497375488281,1477792,0.004735554547060661,786.8343566894531,0.0053117880569033046,0.012335675699047817
2007-07-09,847.3397216796875,892.3546142578125,844.6917724609375,888.3827514648438,513.4996948242188,2849577,0.055144189038722244,793.5203979492187,0.008156640368053516,0.016483970341027082
2007-07-10,874.1172485351562,874.1172485351562,847.122314453125,859.9767456054688,497.08056640625,2164350451,-0.03249732766301311,798.8523376464843,0.006619570739328185,0.018736312322517282
2007-07-11,884.4108276367188,885.7348022460938,873.819091796875,876.467041015625,506.61212158203125,3760664,0.018993751817438512,804.5454040527344,0.006957898098862827,0.01890324962453992
2007-07-12,800.4456176757812,822.2635498046875,800.4456176757812,818.1726684570312,523.5105590820312,2946602,-0.06882570024526984,807.5885437011718,0.0038650442017254287,0.025284918517087765
2007-07-13,834.5361328125,835.8997802734375,807.2637329101562,807.2637329101562,516.5304565429688,1291854,-0.013422979000064453,810.4172302246094,0.0036328817309236724,0.02542804340608729
2007-07-16,807.2637329101562,812.7182006835938,786.8093872070312,786.8093872070312,503.442626953125,1688885,-0.02566440414858471,811.9584045410156,0.001998164546864744,0.02623624189886149
2007-07-17,785.44580078125,786.8093872070312,769.0823364257812,779.9912719726562,499.0800476074219,1093412,-0.00870328746945919,813.0262756347656,0.0013881739891438876,0.026341184100064904
2007-07-18,779.9912719726562,801.8092651367188,773.1732177734375,788.1730346679688,504.3151550292969,1331124,0.010434923051858192,814.3046417236328,0.0016488257082868322,0.026406826400184432
2007-07-19,785.44580078125,807.2637329101562,785.44580078125,793.6275024414062,507.80523681640625,1131105,0.006896557770049213,814.5317626953125,0.0002870029560277299,0.02532350082400238
2007-07-20,800.4456176757812,807.2637329101562,800.4456176757812,804.5364990234375,514.7853393554688,912350,0.013652123320050667,814.3113555908203,-0.0002732075974109874,0.024871259955480035
2007-07-23,803.1728515625,803.1728515625,786.8093872070312,788.1730346679688,504.3151550292969,1169569,-0.02054868109009974,813.6699645996093,-0.0008072180477651618,0.025200599664200234
2007-07-24,788.1730346679688,790.9002685546875,771.8095703125,774.5368041992188,495.5899658203125,1312607,-0.01745247421901231,813.0087463378907,-0.000846489038406519,0.025227213318731557
2007-07-25,769.0823364257812,773.1732177734375,764.991455078125,766.3551025390625,490.3548889160156,1125495,-0.010619536016606096,811.8060485839844,-0.0015452481622643907,0.025298140937490946
2007-07-26,766.3551025390625,773.1732177734375,747.264404296875,747.264404296875,478.13958740234375,1261237,-0.025226565271031388,809.4502197265625,-0.0030572047138986294,0.025784534703082253
2007-07-27,722.71923828125,737.7190551757812,719.991943359375,722.71923828125,462.4343566894531,1263510,-0.03339825944293288,805.9333312988281,-0.004643714433374054,0.026656007517323724
2007-07-30,711.8102416992188,722.71923828125,702.264892578125,709.0830078125,453.7091979980469,1054435,-0.01904822095595589,801.53603515625,-0.005845919029786364,0.026740442741327485
2007-07-31,717.2647094726562,730.9009399414062,714.5374755859375,730.9009399414062,467.66943359375,569513,0.03030534050229522,797.3690582275391,-0.0053988906516554665,0.02728839101824096
2007-08-01,722.71923828125,722.71923828125,700.9012451171875,700.9012451171875,448.4740295410156,802385,-0.041910937531473236,791.0401123046875,-0.008300906774642552,0.027956449561181842
2007-08-02,710.4465942382812,717.2647094726562,696.8104248046875,703.6285400390625,450.2191467285156,659970,0.003883574956526749,784.3841400146484,-0.008663617902475067,0.027737173946940648
2007-08-03,709.0830078125,732.2645874023438,709.0830078125,719.991943359375,460.6892395019531,890569,0.022989447252795277,778.3477447509765,-0.0077509232671883355,0.028491350519559613
2007-08-06,717.2647094726562,734.9918212890625,711.8102416992188,728.1737060546875,465.9244079589844,722121,0.011299604783639436,770.3372924804687,-0.009943152479942477,0.024851553083689183
2007-08-07,741.8099365234375,741.8099365234375,722.71923828125,722.71923828125,462.4343566894531,492145,-0.007518809007827491,763.4744171142578,-0.008694226547183196,0.024279495817760975
2007-08-08,728.1737060546875,733.628173828125,718.6283569335938,719.991943359375,460.6892395019531,574499,-0.0037807957758118943,755.6506622314453,-0.009832953926845715,0.023431836284097503
2007-08-09,724.0828247070312,728.1737060546875,719.991943359375,719.991943359375,460.6892395019531,686517,0.0,750.7416259765625,-0.006391668914582224,0.018934321517558306
2007-08-10,717.2647094726562,717.2647094726562,704.9921264648438,706.3557739257812,451.9640808105469,880193,-0.0191209825318774,745.6962280273438,-0.006676569091172871,0.019087933411771153
2007-08-13,707.7193603515625,710.4465942382812,695.44677734375,695.44677734375,444.9839782714844,734404,-0.0155645555096601,741.1280975341797,-0.006171576659226641,0.018688573643853894
2007-08-14,695.44677734375,702.264892578125,687.2650756835938,689.9923095703125,441.4939270019531,730701,-0.007874032148390397,736.6281494140625,-0.006130113893173201,0.018683580356530644
2007-08-15,683.1741943359375,683.1741943359375,655.9017944335938,662.7199096679688,424.0435791015625,864902,-0.04032801007668347,730.3554931640625,-0.008668260549600284,0.0197333530232141
2007-08-16,654.5381469726562,658.6290283203125,635.4474487304688,635.4474487304688,406.5931701660156,948723,-0.04202304748430511,722.4464904785157,-0.011114240812318,0.020710181912922922
2007-08-17,638.1746826171875,651.8109130859375,636.8110961914062,650.447265625,416.19085693359375,832379,0.023330832800367435,714.7420288085938,-0.010630305338302162,0.02142026523921344
2007-08-20,681.810546875,681.810546875,670.901611328125,677.7197265625,433.6413269042969,509892,0.04107359260475331,709.2193634033204,-0.007549191653559509,0.024173475186911986
2007-08-21,677.7197265625,679.0833129882812,670.901611328125,674.9924926757812,431.8962707519531,270273,-0.004032250974178383,704.2421478271484,-0.006878180491317813,0.024070149559160536
2007-08-22,674.9924926757812,681.810546875,672.2652587890625,681.810546875,436.2588195800781,331250,0.010050259897792636,700.0149200439453,-0.005844690695597877,0.024343249605643606
2007-08-23,684.537841796875,692.7195434570312,684.537841796875,692.7195434570312,443.2389221191406,1073758,0.015873389334212243,697.2876770019532,-0.0037896929653356954,0.024355740543027752
2007-08-24,662.7199096679688,669.5379638671875,659.9926147460938,662.7199096679688,424.0435791015625,1379965,-0.04427277617864189,694.287710571289,-0.004333418802121146,0.025159637593063774
2007-08-27,665.4471435546875,665.4471435546875,650.447265625,662.7199096679688,424.0435791015625,891266,0.0,691.9695556640625,-0.0033810077543233513,0.0249328057961273
2007-08-28,659.9926147460938,665.4471435546875,654.5381469726562,665.4471435546875,425.7886657714844,687837,0.00410676911933018,688.6968658447265,-0.004690936323471603,0.02372898491740539
2007-08-29,651.8109130859375,658.6290283203125,651.8109130859375,651.8109130859375,417.0633544921875,471135,-0.020704701760512874,686.2423492431641,-0.003630624534923585,0.022415756618443822
2007-08-30,654.5381469726562,658.6290283203125,649.0836791992188,649.0836791992188,415.3183898925781,495702,-0.004192865276427424,683.5151062011719,-0.004034446546571294,0.022345902988527688
2007-08-31,649.0836791992188,662.7199096679688,640.9019165039062,662.7199096679688,424.0435791015625,701184,0.020790797917610095,680.6515045166016,-0.004144379013330553,0.02221096037019738
2007-09-03,654.5381469726562,654.5381469726562,632.72021484375,639.538330078125,409.2107849121094,1552813,-0.03560588510622552,676.2197357177735,-0.0064896535078238,0.022958213679576615
2007-09-04,636.8110961914062,639.538330078125,617.7203979492188,628.6293334960938,402.2305603027344,862372,-0.01720476871683697,671.5152404785156,-0.006973951493274275,0.023082889053320184
2007-09-05,628.6293334960938,632.72021484375,621.8112182617188,627.2657470703125,401.3581237792969,633570,-0.0021714982130322975,666.8789306640625,-0.006893486615135296,0.023097406320613207
2007-09-06,621.8112182617188,627.2657470703125,620.4476318359375,625.902099609375,400.4856262207031,400367,-0.002176321396657686,662.1744384765625,-0.00700230268496818,0.023068328786791603
2007-09-07,627.2657470703125,646.3564453125,624.5385131835938,646.3564453125,413.57330322265625,1047358,0.032157156071973406,659.1744720458985,-0.004438395754775638,0.024458274351988663
2007-09-10,629.9929809570312,638.1746826171875,629.9929809570312,635.4474487304688,406.5931701660156,389367,-0.017021730123526087,656.1745056152344,-0.004511254485468938,0.02449530482005156
2007-09-11,635.4474487304688,635.4474487304688,621.8112182617188,627.2657470703125,401.3581237792969,715191,-0.012959104551789561,653.0381774902344,-0.004765508105638897,0.02455835607109918
2007-09-12,627.2657470703125,627.2657470703125,621.8112182617188,621.8112182617188,397.86798095703125,491302,-0.008733750812537666,650.9927429199219,-0.0031857951424316064,0.023124707392971865
2007-09-13,621.8112182617188,623.1748657226562,608.175048828125,612.265869140625,391.7604064941406,553379,-0.01546992417687023,649.8336639404297,-0.0018581389770598623,0.021481453428971276
2007-09-14,612.265869140625,617.7203979492188,610.9022827148438,614.9931640625,393.5054626464844,435164,0.004444537522478331,648.0609588623047,-0.0028024537409543178,0.02071740789947048
2007-09-17,614.9931640625,616.3567504882812,599.9932861328125,599.9932861328125,383.90771484375,386397,-0.02469268702431903,644.1746368408203,-0.006090767722407934,0.01848587441498419
2007-09-19,605.4478149414062,605.4478149414062,575.4481201171875,578.1753540039062,369.9474182128906,1384475,-0.03704126208351902,639.3337799072266,-0.007741218277874967,0.019724469673503695
2007-09-20,578.1753540039062,589.0843505859375,569.99365234375,572.7208862304688,366.4573974609375,677240,-0.00947871479846079,633.879296875,-0.008717667012687638,0.019275635739352436
2007-09-21,572.7208862304688,572.7208862304688,545.448486328125,552.2665405273438,353.36962890625,1534077,-0.036367695482602574,626.8566467285157,-0.011329721253528378,0.01930748423874267
2007-09-26,552.2665405273438,578.1753540039062,550.9029541015625,575.4481201171875,368.2024230957031,1048971,0.04111828359406883,622.4930572509766,-0.007060168264892842,0.02100597245296008
2007-09-27,580.902587890625,613.6295166015625,580.902587890625,613.6295166015625,392.6329345703125,1398298,0.06424227627078477,620.0385375976563,-0.003848054451353604,0.026369445848725068
2007-09-28,613.6295166015625,621.8112182617188,599.9932861328125,599.9932861328125,383.90771484375,954187,-0.02247288750027102,616.7658447265625,-0.005177037282333664,0.026616068646557117
2007-10-01,599.9932861328125,601.35693359375,590.4479370117188,594.538818359375,380.4176330566406,495042,-0.00913245556518154,613.9022399902344,-0.0045984249725670966,0.026385530543633875
2007-10-02,599.9932861328125,609.5386352539062,598.6296997070312,606.8114013671875,388.270263671875,852436,0.02043202682102025,611.7886260986328,-0.0033671803676947137,0.026973445023319848
2007-10-03,606.8114013671875,619.083984375,595.9024658203125,616.3567504882812,394.3779296875,1028071,0.015607899668757962,609.4704681396485,-0.0036263252801373206,0.02675313126576198
2007-10-04,605.4478149414062,609.5386352539062,601.35693359375,609.5386352539062,390.015380859375,621140,-0.0111236009475762,607.9704833984375,-0.0024022110722048545,0.025754323501951962
2007-10-05,609.5386352539062,610.9022827148438,602.7205200195312,604.0841674804688,386.5252990722656,362747,-0.008988796992201396,606.7432250976562,-0.0019914124859730757,0.02557065618151374
2007-10-08,601.35693359375,602.7205200195312,589.0843505859375,591.8115844726562,378.6726379394531,676214,-0.02052522360604953,604.9705169677734,-0.0029090987556239373,0.02590462004667163
2007-10-09,589.0843505859375,595.9024658203125,578.1753540039062,591.8115844726562,378.6726379394531,804072,0.0,603.2659912109375,-0.0028002826857910527,0.025912429987878197
2007-10-11,591.8115844726562,604.0841674804688,591.8115844726562,594.538818359375,380.4176330566406,538859,0.00459769505604914,600.6751098632812,-0.0041782557365872665,0.02465803796058631
2007-10-12,601.35693359375,601.35693359375,590.4479370117188,593.1752319335938,379.54522705078125,394684,-0.002296153732542574,598.5614990234375,-0.0034419769170380907,0.024473512243230956
2007-10-15,593.1752319335938,597.2660522460938,580.902587890625,580.902587890625,371.6924743652344,283803,-0.020906776121099552,596.2433410644531,-0.0038393604955035904,0.02469965741028692
2007-10-16,580.902587890625,620.4476318359375,580.902587890625,612.265869140625,391.7604064941406,1145149,0.05258353492066439,595.7660736083984,-0.0007734962088434876,0.02768524786882688
2007-10-17,612.265869140625,613.6295166015625,601.35693359375,602.7205200195312,385.6527404785156,471905,-0.015713008145462812,595.2888061523438,-0.0007856504072731165,0.027692091887494646
2007-10-18,602.7205200195312,614.9931640625,602.7205200195312,608.175048828125,389.1428527832031,693447,0.009009143053762624,594.947900390625,-0.0005574201307089017,0.027756202190714355
2007-10-19,608.175048828125,609.5386352539062,599.9932861328125,602.7205200195312,385.6527404785156,503732,-0.009009143053762549,595.084262084961,0.00022675706781892245,0.027255468090442027
2007-10-22,580.902587890625,587.720703125,578.1753540039062,579.5390014648438,370.82000732421875,722781,-0.039220644292335904,595.1524444580078,0.0001177879573780783,0.027416192884207196
2007-10-23,579.5390014648438,579.5390014648438,564.5391845703125,567.2664184570312,362.9673156738281,948137,-0.021403895245396314,594.8797210693359,-0.0004784710649686979,0.027763365201874227
2007-10-24,553.6301879882812,569.99365234375,546.8120727539062,553.6301879882812,354.2421569824219,1716092,-0.024332134051151852,594.9479034423828,0.00012330700660383823,0.027066198157121503
2007-10-25,553.6301879882812,568.6300048828125,553.6301879882812,553.6301879882812,354.2421569824219,819252,0.0,593.8570068359375,-0.001932607173099603,0.02529186889085912
2007-10-26,556.357421875,569.99365234375,554.9938354492188,569.99365234375,364.71234130859375,601890,0.029128291385164193,591.6752136230468,-0.0036883064173806315,0.021371289929252763
2007-10-29,578.1753540039062,579.5390014648438,568.6300048828125,571.3572387695312,365.5848693847656,586453,0.0023894265736599295,590.2434112548829,-0.0024451907136840843,0.02093986408536622
2007-10-30,571.3572387695312,572.7208862304688,552.2665405273438,553.6301879882812,354.2421569824219,762931,-0.031517717958824104,588.1979797363281,-0.0035644538333662124,0.02189270195745643
2007-10-31,556.357421875,569.99365234375,553.6301879882812,556.357421875,355.9871826171875,934863,0.004913999670713708,585.6752807617188,-0.0043403551908815395,0.021263423268305173
2007-11-01,561.8118896484375,561.8118896484375,550.9029541015625,554.9938354492188,355.11468505859375,550152,-0.0024539264270587373,582.6071350097657,-0.005243446495672375,0.020748930823557866
2007-11-02,548.1757202148438,563.175537109375,548.1757202148438,556.357421875,355.9871826171875,820095,0.00245392642705871,579.9480743408203,-0.004564570126940629,0.020768524194518752
2007-11-05,556.357421875,559.0846557617188,548.1757202148438,550.9029541015625,352.49713134765625,590633,-0.009852266029762066,577.289013671875,-0.004607743578818662,0.020779100092988657
2007-11-06,550.9029541015625,554.9938354492188,549.539306640625,550.9029541015625,352.49713134765625,299863,0.0,575.2435821533203,-0.0035814823985161857,0.02045592167909141
2007-11-07,556.357421875,556.357421875,545.448486328125,545.448486328125,349.0070495605469,493025,-0.00995029983165449,572.9254272460937,-0.004078997390098911,0.020485211994933642
2007-11-08,534.5394897460938,534.5394897460938,507.2670593261719,507.2670593261719,324.5765380859375,1489636,-0.07257075780846754,568.5618392944336,-0.007937420033324743,0.02543445864694205
2007-11-09,494.9944763183594,501.8125915527344,477.26739501953125,488.1763610839844,312.36126708984375,1517650,-0.03836087291385183,563.3118957519531,-0.009740655992390207,0.026277918935279275
2007-11-12,479.9946594238281,505.9034423828125,477.26739501953125,499.0853271484375,319.3414306640625,1334828,0.022100341193407508,559.2210327148438,-0.007590300126664855,0.02706399599378937
2007-11-13,496.35809326171875,504.5398254394531,488.1763610839844,493.630859375,315.85137939453125,819105,-0.010989087792714349,553.2892822265625,-0.010768931262333793,0.02306207312455933
2007-11-14,507.2670593261719,507.2670593261719,496.35809326171875,497.7217102050781,318.46893310546875,482868,0.008253116350143041,548.0393417358398,-0.009570625037553498,0.023411648879885703
2007-11-15,497.7217102050781,497.7217102050781,485.4491271972656,488.1763610839844,312.36126708984375,355230,-0.0193643697508362,542.0394073486328,-0.01098930067778344,0.023083894595200535
2007-11-16,485.4491271972656,485.4491271972656,478.6310119628906,478.6310119628906,306.2536926269531,537539,-0.019746765606348554,535.8349319458008,-0.01152618180541274,0.023160157422448386
2007-11-19,478.6310119628906,501.8125915527344,477.26739501953125,478.6310119628906,306.2536926269531,638227,0.0,530.7895324707031,-0.009565149590795945,0.022337626520073782
2007-11-20,474.5401611328125,486.812744140625,466.3584289550781,486.812744140625,311.48883056640625,460501,0.016949569565561855,526.7668487548829,-0.007647476350248037,0.02290684410776522
2007-11-21,482.7218933105469,496.35809326171875,471.81292724609375,471.81292724609375,301.89111328125,843672,-0.03129697374702087,522.6759857177734,-0.007995718335041488,0.02322458101995416
2007-11-22,470.4493103027344,479.9946594238281,469.0856628417969,471.81292724609375,301.89111328125,335247,0.0,518.5851226806641,-0.007995718335041488,0.02322458101995416
2007-11-23,474.5401611328125,478.6310119628906,459.54034423828125,460.9039611816406,294.9109802246094,531379,-0.023392872302818453,513.1306381225586,-0.010621776519440618,0.021727012932413973
2007-11-26,463.6311950683594,469.0856628417969,460.9039611816406,463.6311950683594,296.6559753417969,362674,0.005899703821394447,507.7443359375,-0.010446262657053892,0.02185147295137078
2007-11-27,460.9039611816406,463.6311950683594,448.63134765625,454.0858459472656,290.5483703613281,427794,-0.020803129804095245,502.7671188354492,-0.009910533249317451,0.02143505353552543
2007-11-28,456.8130798339844,458.17669677734375,448.63134765625,449.9949951171875,287.9308166503906,370007,-0.009049807415328742,497.4489974975586,-0.010608723603619573,0.021152321707325127
2007-11-29,466.3584289550781,473.1765441894531,460.9039611816406,466.3584289550781,298.4010314941406,845139,0.035718038580131,493.01722717285156,-0.008700125353260087,0.02351685486311871
2007-11-30,466.3584289550781,484.08551025390625,466.3584289550781,471.81292724609375,301.89111328125,1073795,0.011628067120717069,488.7900024414063,-0.008241418318577168,0.023833215527996224
2007-12-03,482.7218933105469,488.1763610839844,477.26739501953125,488.1763610839844,312.36126708984375,555212,0.034094169787807625,485.65367279052737,-0.006044096527698684,0.02563464330958764
2007-12-04,490.90362548828125,490.90362548828125,479.9946594238281,481.3582763671875,307.99871826171875,306866,-0.014064886079897298,482.1764389038086,-0.006747340831693549,0.025653023547833637
2007-12-05,493.630859375,514.085205078125,493.630859375,514.085205078125,328.93914794921875,1646351,0.06577717020207911,480.60827484130857,-0.0029609673300068683,0.030319602825317756
2007-12-06,520.9032592773438,524.994140625,499.0853271484375,500.448974609375,320.2139892578125,1511820,-0.026883375625825365,480.2673706054687,-0.0006765982208747593,0.02624648331119992
2007-12-07,508.63067626953125,512.7215576171875,503.17620849609375,507.2670593261719,324.5765380859375,464095,0.013531964417495455,481.22190551757814,0.0019180436456926052,0.02485305784712118
2007-12-10,496.35809326171875,500.448974609375,490.90362548828125,490.90362548828125,314.1063232421875,453425,-0.03278978271580999,480.8128204345703,-0.0008264625497682698,0.02552859799270731
2007-12-11,493.630859375,499.0853271484375,490.90362548828125,493.630859375,315.85137939453125,186195,0.005540163202651379,480.8128204345703,1.656660919557851e-17,0.025449714256188614
2007-12-12,479.9946594238281,485.4491271972656,479.9946594238281,485.4491271972656,310.6162414550781,374224,-0.016713491740610275,480.1991912841797,-0.0012483304045376492,0.02563522603085546
2007-12-13,484.08551025390625,485.4491271972656,463.6311950683594,463.6311950683594,296.6559753417969,318636,-0.04598509992931431,478.97193298339846,-0.0025793669134615547,0.027264673462735735
2007-12-14,463.6311950683594,477.26739501953125,456.8130798339844,475.9037780761719,304.5086669921875,640830,0.026126288938048723,478.8355712890625,-0.00028571418624169075,0.027670965407316922
2007-12-17,475.9037780761719,484.08551025390625,467.7220458984375,474.5401611328125,303.6361083984375,540472,-0.0028694335830533333,478.6310287475586,-0.00042918586539435736,0.027676844298130793
2007-12-18,471.81292724609375,494.9944763183594,458.17669677734375,484.08551025390625,309.7437438964844,862776,0.019915311874793614,478.49466705322266,-0.00028089874993276944,0.02778259978206334
2007-12-19,490.90362548828125,499.0853271484375,482.7218933105469,485.4491271972656,310.6162414550781,570539,0.0028129326995254074,479.1764770507813,0.0014245965723945443,0.026808271270045772
2007-12-20,485.4491271972656,494.9944763183594,477.26739501953125,477.26739501953125,305.3811340332031,397434,-0.016997587504590714,479.44920043945314,0.0005747171971650086,0.02712338887090304
2007-12-21,486.812744140625,486.812744140625,469.0856628417969,470.4493103027344,301.0185241699219,316363,-0.01438869297049601,479.9264678955078,0.0010249261637811306,0.02677714145757025
2007-12-24,481.3582763671875,481.3582763671875,473.1765441894531,478.6310119628906,306.2536926269531,273059,0.01724175320865532,480.67645874023435,0.0015920286331441741,0.027004951501250426
2007-12-25,481.3582763671875,482.7218933105469,475.9037780761719,477.26739501953125,305.3811340332031,134641,-0.002853060238159354,481.83553619384764,0.002489532111440969,0.02651532441704975
2007-12-26,477.26739501953125,484.08551025390625,471.81292724609375,482.7218933105469,308.8712463378906,390431,0.011363787189536368,483.4718811035156,0.003510211841684224,0.02644054547383913
2007-12-27,482.7218933105469,493.630859375,482.7218933105469,485.4491271972656,310.6162414550781,600900,0.005633800315054411,484.426416015625,0.002005999928430395,0.02534484159010195
2007-12-28,489.5400085449219,507.2670593261719,485.4491271972656,507.2670593261719,324.5765380859375,881696,0.04396311125376884,486.1991226196289,0.0036227521350829838,0.026970155210098747
2007-12-31,509.99432373046875,509.99432373046875,493.630859375,499.0853271484375,319.3414306640625,436778,-0.016260531720444293,486.74457092285155,0.0011050170596703878,0.026318348666395174
2008-01-02,499.0853271484375,509.99432373046875,490.90362548828125,490.90362548828125,314.1063232421875,541976,-0.01652925099536584,487.2218383789062,0.0009817988138969606,0.026398755799871887
2008-01-03,485.4491271972656,497.7217102050781,482.7218933105469,490.90362548828125,314.1063232421875,712587,0.0,486.06275939941406,-0.002307059696206995,0.021554317942587664
2008-01-04,494.9944763183594,496.35809326171875,488.1763610839844,488.1763610839844,312.36126708984375,296673,-0.005571090198041697,485.44912872314455,-0.0012414454248178114,0.020788574458568774
2008-01-07,474.5401611328125,478.6310119628906,463.6311950683594,464.99481201171875,297.52850341796875,650143,-0.04865048766829477,483.33551635742185,-0.004350568029107322,0.02299560886351823
2008-01-08,464.99481201171875,471.81292724609375,464.99481201171875,467.7220458984375,299.2735595703125,211605,0.005847951896377359,482.1764373779297,-0.0024186812984979553,0.022085646282919518
2008-01-09,462.267578125,484.08551025390625,458.17669677734375,482.7218933105469,308.8712463378906,545716,0.0315664971169458,481.63098907470703,-0.0011173646027832344,0.023311980550144114
2008-01-10,485.4491271972656,489.5400085449219,477.26739501953125,477.26739501953125,305.3811340332031,333817,-0.011363787189536293,481.22190246582034,-0.0008498793752295354,0.023153764424436268
2008-01-11,479.9946594238281,484.08551025390625,471.81292724609375,473.1765441894531,302.76361083984375,252599,-0.008608348001464579,481.699169921875,0.0010189582211629512,0.020697055416230892
2008-01-14,481.3582763671875,485.4491271972656,473.1765441894531,481.3582763671875,307.99871826171875,288239,0.017143287766075144,481.9718948364258,0.000569808162564272,0.02021538651516292
2008-01-15,488.1763610839844,500.448974609375,488.1763610839844,490.90362548828125,314.1063232421875,717024,0.019635976277939123,482.7900680541992,0.001695078655613895,0.020635866702061245
2008-01-16,482.7218933105469,488.1763610839844,474.5401611328125,474.5401611328125,303.6361083984375,308920,-0.03390157311227775,482.3128005981445,-0.0009957655937396731,0.02162025458659836
2008-01-17,486.812744140625,507.2670593261719,485.4491271972656,507.2670593261719,324.5765380859375,1019711,0.06669135582808781,483.40369720458983,0.0021981555626884473,0.02640204371675932
2008-01-18,504.5398254394531,518.176025390625,496.35809326171875,501.8125915527344,321.08642578125,1702855,-0.01081088275422281,484.63095703125,0.0025074908002068424,0.026200778510183518
2008-01-21,515.4487915039062,516.8124389648438,503.17620849609375,507.2670593261719,324.5765380859375,744818,0.010810882754222683,486.4718444824219,0.0037674695864427774,0.025950204803316713
2008-01-22,478.6310119628906,496.35809326171875,474.5401611328125,474.5401611328125,303.6361083984375,967680,-0.06669135582808787,486.26730194091795,-0.0004291858653943825,0.030109887235523037
2008-01-23,490.90362548828125,493.630859375,469.0856628417969,482.7218933105469,308.8712463378906,760218,0.017094444259264385,486.54002685546874,0.0005681893594768044,0.030354751796893793
2008-01-24,496.35809326171875,505.9034423828125,485.4491271972656,486.812744140625,311.48883056640625,1064848,0.008438842614184927,486.7445693969727,0.0004219421307092324,0.03030701035931988
2008-01-25,496.35809326171875,500.448974609375,488.1763610839844,490.90362548828125,314.1063232421875,610140,0.0083682862388284,487.0172943115234,0.0005586664268979319,0.03033791245443482
2008-01-28,485.4491271972656,488.1763610839844,469.0856628417969,469.0856628417969,300.14605712890625,647063,-0.04546242467709621,485.1082244873047,-0.00391261036964532,0.03019370654328063
2008-01-29,469.0856628417969,479.9946594238281,460.9039611816406,470.4493103027344,301.0185241699219,664847,0.0029028156640505264,483.67642364501955,-0.002954443000420579,0.030085103463516644
2008-01-30,475.9037780761719,485.4491271972656,469.0856628417969,474.5401611328125,303.6361083984375,597196,0.008658035900767799,482.8582504272461,-0.001695078655613897,0.030014040434498963
2008-01-31,484.08551025390625,484.08551025390625,474.5401611328125,482.7218933105469,308.8712463378906,384307,0.017094444259264385,482.44916381835935,-0.000840356442650678,0.03030682719625051
2008-02-01,488.1763610839844,488.1763610839844,478.6310119628906,482.7218933105469,308.8712463378906,322046,0.0,482.1764404296875,-0.0005618019327485933,0.03028665349982517
2008-02-12,477.26739501953125,482.7218933105469,462.267578125,466.3584289550781,298.4010314941406,408067,-0.034486198253552966,482.24462127685547,0.00014641253798849707,0.02925087298686335
2008-02-13,471.81292724609375,474.5401611328125,463.6311950683594,464.99481201171875,297.52850341796875,330443,-0.002928250759770156,482.1082595825195,-0.0002923975948188787,0.029226657583054174
2008-02-14,470.4493103027344,481.3582763671875,470.4493103027344,481.3582763671875,307.99871826171875,447154,0.03458560158839738,482.0400787353516,-0.00014144237124629963,0.02940710857602784
2008-02-15,471.81292724609375,477.26739501953125,470.4493103027344,477.26739501953125,305.3811340332031,171088,-0.008534939764610573,482.0400787353516,-1.3617579286417935e-17,0.029357050903826773
2008-02-18,471.81292724609375,482.7218933105469,471.81292724609375,474.5401611328125,303.6361083984375,295389,-0.005730657069728146,482.1082595825195,0.000143884546586808,0.029319667404508736
2008-02-19,478.6310119628906,481.3582763671875,473.1765441894531,479.9946594238281,307.1262512207031,335723,0.011428724324552006,482.0400787353516,-0.00014184362548934896,0.02917276138052725
2008-02-20,481.3582763671875,488.1763610839844,474.5401611328125,474.5401611328125,303.6361083984375,433001,-0.01142872432455203,481.22190551757814,-0.0016950786556139067,0.028889928002082555
2008-02-21,477.26739501953125,484.08551025390625,474.5401611328125,481.3582763671875,307.99871826171875,367844,0.014265596834338685,481.56281127929685,0.000713279841716915,0.028059534380369767
2008-02-22,477.26739501953125,477.26739501953125,469.0856628417969,473.1765441894531,302.76361083984375,388891,-0.017143287766075203,479.85828552246096,-0.0034784523379912365,0.023590531157715987
2008-02-25,477.26739501953125,482.7218933105469,477.26739501953125,478.6310119628906,306.2536926269531,476525,0.011461408239623959,478.69920654296874,-0.0023648377882988974,0.023751323726793772
2008-02-26,482.7218933105469,485.4491271972656,479.9946594238281,485.4491271972656,310.6162414550781,382804,0.014144527266431428,477.6083099365234,-0.0021981555626884603,0.023860103299874785
2008-02-27,489.5400085449219,496.35809326171875,484.08551025390625,496.35809326171875,317.5964050292969,885033,0.022223130567329587,478.69920654296874,0.0022475687570824125,0.0189993394640812
2008-02-29,493.630859375,496.35809326171875,486.812744140625,493.630859375,315.85137939453125,364470,-0.005509638826719239,479.2446548461914,0.0011173646027832313,0.018740219105147074
2008-03-03,485.4491271972656,489.5400085449219,481.3582763671875,482.7218933105469,308.8712463378906,441031,-0.022347292055664724,479.0401123046875,-0.0004219421307092512,0.019361270616064772
2008-03-04,490.90362548828125,496.35809326171875,484.08551025390625,494.9944763183594,316.7239074707031,497095,0.025105905979225067,479.2446548461914,0.0004149388563105821,0.020108538008711253
2008-03-05,490.90362548828125,493.630859375,486.812744140625,486.812744140625,311.48883056640625,292273,-0.016667063365040136,480.1310089111328,0.0018547069219133857,0.01751437964039112
2008-03-06,488.1763610839844,504.5398254394531,485.4491271972656,504.5398254394531,322.8315124511719,723001,0.03576723690462362,481.8355346679688,0.003497927983942041,0.01908881463371482
2008-03-07,496.35809326171875,499.0853271484375,490.90362548828125,493.630859375,315.85137939453125,368980,-0.021858787463143653,482.7900695800781,0.001972086815746468,0.019858773107576878
2008-03-10,496.35809326171875,496.35809326171875,486.812744140625,486.812744140625,311.48883056640625,330517,-0.013908449441479906,482.994612121582,0.00042194213070925355,0.01982620977088387
2008-03-11,485.4491271972656,490.90362548828125,484.08551025390625,490.90362548828125,314.1063232421875,180438,0.0083682862388284,483.40369873046876,0.0008403564426506735,0.019904982479264827
2008-03-12,504.5398254394531,504.5398254394531,493.630859375,494.9944763183594,316.7239074707031,431351,0.008298777126211769,484.8355010986328,0.00297960521163891,0.01812833357942856
2008-03-13,493.630859375,496.35809326171875,484.08551025390625,484.08551025390625,309.7437438964844,244606,-0.02228503836369592,485.7900360107422,0.002011765831442622,0.018958067690322745
2008-03-14,485.4491271972656,490.90362548828125,478.6310119628906,478.6310119628906,306.2536926269531,244239,-0.011331594566905938,485.65367279052737,-0.00028409397632254377,0.01753242008413833
2008-03-17,473.1765441894531,473.1765441894531,456.8130798339844,460.9039611816406,294.9109802246094,576846,-0.03774027648427746,484.8355010986328,-0.0017443608123058883,0.01937520240074778
2008-03-18,460.9039611816406,469.0856628417969,458.17669677734375,467.7220458984375,299.2735595703125,323623,0.014684506318708697,484.4945953369141,-0.000723602642884046,0.019689362698350428
2008-03-19,474.5401611328125,474.5401611328125,469.0856628417969,473.1765441894531,302.76361083984375,250179,0.011594361925944962,484.1536895751953,-0.0007153207628143984,0.01969477741951614
2008-03-20,473.1765441894531,477.26739501953125,466.3584289550781,473.1765441894531,302.76361083984375,195105,0.0,484.0855087280273,-0.00014388454658679676,0.019532705064252063
2008-03-21,473.1765441894531,481.3582763671875,471.81292724609375,477.26739501953125,305.3811340332031,331030,0.00860834800146467,483.8809646606445,-0.0004267469882304975,0.019353189555028183
2008-03-24,490.90362548828125,496.35809326171875,482.7218933105469,488.1763610839844,312.36126708984375,653627,0.022599825844507905,484.6309555053711,0.001560408692298658,0.01958541017128911
2008-03-25,488.1763610839844,493.630859375,481.3582763671875,493.630859375,315.85137939453125,339060,0.011111253400693227,485.3809478759766,0.0015429009503521213,0.0195762480306086
2008-03-26,493.630859375,494.9944763183594,482.7218933105469,490.90362548828125,314.1063232421875,307416,-0.005540163202651415,485.65367279052737,0.0005586664268979793,0.01940341086700794
2008-03-27,482.7218933105469,485.4491271972656,477.26739501953125,481.3582763671875,307.99871826171875,199028,-0.019635976277939084,484.90368194580077,-0.0015342889153654542,0.019200082316701714
2008-03-28,478.6310119628906,486.812744140625,478.6310119628906,481.3582763671875,307.99871826171875,361977,0.0,484.29005279541013,-0.0012588069740294924,0.019179557220003505
2008-03-31,484.08551025390625,493.630859375,482.7218933105469,493.630859375,315.85137939453125,378990,0.025176139480590384,484.8355010986328,0.001117364602783263,0.01937226891002431
2008-04-01,499.0853271484375,503.17620849609375,490.90362548828125,490.90362548828125,314.1063232421875,717941,-0.005540163202651415,484.6309585571289,-0.00041493885631056093,0.01857038493070911
2008-04-02,501.8125915527344,512.7215576171875,501.8125915527344,509.99432373046875,326.32159423828125,1066938,0.038151769288768206,485.79003753662107,0.002326002776379856,0.020033299828619004
2008-04-03,518.176025390625,531.812255859375,512.7215576171875,519.5396728515625,332.4292297363281,1544747,0.01854357928274784,486.54002990722654,0.001464819895286067,0.018855670467876263
2008-04-07,523.6304931640625,523.6304931640625,511.3579406738281,512.7215576171875,328.066650390625,429518,-0.013210249858613236,487.49456481933595,0.0018972467755125882,0.01838594574669302
2008-04-08,507.2670593261719,509.99432373046875,497.7217102050781,500.448974609375,320.2139892578125,682740,-0.024227280414588177,488.17637634277344,0.0013813052268571745,0.018987757819706012
2008-04-09,500.448974609375,504.5398254394531,496.35809326171875,499.0853271484375,319.3414306640625,379357,-0.0027285673029487827,488.58546142578126,0.0008264625497683154,0.018934902518059012
2008-04-10,504.5398254394531,514.085205078125,504.5398254394531,507.2670593261719,324.5765380859375,726411,0.01626053172044435,489.1990905761719,0.0012245502794799444,0.019182346137206603
2008-04-11,512.7215576171875,512.7215576171875,501.8125915527344,505.9034423828125,323.70404052734375,329563,-0.0026917833956322038,490.2899871826172,0.0022042130278831303,0.01840298573100485
2008-04-14,501.8125915527344,503.17620849609375,493.630859375,497.7217102050781,318.46893310546875,342690,-0.016304719767383395,491.24452209472656,0.0019555567678592573,0.01862772932988169
2008-04-15,501.8125915527344,511.3579406738281,499.0853271484375,504.5398254394531,322.8315124511719,521552,0.013605671113000525,493.4263153076172,0.004522854147723156,0.01625617189626865
2008-04-16,511.3579406738281,511.3579406738281,505.9034423828125,511.3579406738281,327.1941223144531,339720,0.013423038881169625,495.60811004638674,0.004459780775846203,0.016217070145764435
2008-04-17,518.176025390625,531.812255859375,518.176025390625,527.7213745117188,337.664306640625,1344471,0.03149862866094243,498.3353515625,0.005454994112596077,0.017255452186716876
2008-04-18,531.812255859375,531.812255859375,520.9032592773438,526.3577880859375,336.7917785644531,605703,-0.002587257645931647,500.9944137573242,0.005325631230299494,0.017308118160146296
2008-04-21,530.4486083984375,531.812255859375,520.9032592773438,523.6304931640625,335.0467529296875,423541,-0.005194917132068764,503.3125686645508,0.004635467973622823,0.017444992242827684
2008-04-22,527.7213745117188,533.1758422851562,524.994140625,526.3577880859375,336.7917785644531,387497,0.005194917132068689,505.2216400146484,0.003765222538000862,0.016928138549044496
2008-04-23,529.0850219726562,537.2667236328125,526.3577880859375,537.2667236328125,343.77191162109375,601926,0.020513476262467793,507.40343322753904,0.00423533368108959,0.01726998516383669
2008-04-24,537.2667236328125,537.2667236328125,520.9032592773438,526.3577880859375,336.7917785644531,780055,-0.020513476262467856,509.1761413574219,0.003486668028098768,0.018024148439951305
2008-04-25,527.7213745117188,563.175537109375,527.7213745117188,556.357421875,355.9871826171875,2501794,0.055429745823718644,512.9260986328125,0.007239954133181655,0.020588975246308133
2008-04-28,556.357421875,559.0846557617188,541.3576049804688,546.8120727539062,349.8795471191406,823322,-0.017305749286219748,516.1987884521484,0.0063746666688706665,0.021261915921930333
2008-04-29,539.9939575195312,549.539306640625,531.812255859375,533.1758422851562,341.1543273925781,713834,-0.025253903290816126,518.1760375976562,0.003853164530300342,0.021895714435120003
2008-04-30,533.1758422851562,538.63037109375,529.0850219726562,531.812255859375,340.2818908691406,304740,-0.002560755699141828,520.221469116211,0.004002134905475821,0.021838502726316746
2008-05-02,538.63037109375,539.9939575195312,533.1758422851562,533.1758422851562,341.1543273925781,295353,0.002560755699141884,521.3805450439453,0.002222584225994505,0.020305596659550465
2008-05-05,533.1758422851562,534.5394897460938,520.9032592773438,520.9032592773438,333.3016662597656,298323,-0.023286938492892668,521.4487243652344,0.00013105833721247968,0.020686760471298315
2008-05-06,531.812255859375,538.63037109375,526.3577880859375,537.2667236328125,343.77191162109375,467138,0.03093032150867768,522.6759826660157,0.0023380869055770253,0.021526096429851642
2008-05-07,545.448486328125,548.1757202148438,534.5394897460938,537.2667236328125,343.77191162109375,379980,0.0,524.5168701171875,0.0035494509263064343,0.020614868901055676
2008-05-08,534.5394897460938,544.0848388671875,530.4486083984375,531.812255859375,340.2818908691406,366340,-0.010204138714926907,526.1532165527344,0.003175672355707528,0.020801615680015588
2008-05-09,537.2667236328125,538.63037109375,522.2669067382812,522.2669067382812,334.1742248535156,309653,-0.018111751740981983,526.9032089233399,0.0014570581826362113,0.02108167733969113
2008-05-12,523.6304931640625,527.7213745117188,520.9032592773438,527.7213745117188,337.664306640625,153818,0.01038967183937266,527.9941055297852,0.0021111309443864546,0.021149004886864508
2008-05-13,530.4486083984375,531.812255859375,526.3577880859375,530.4486083984375,339.4093322753906,301366,0.005154634830644458,529.6304504394532,0.0031840986742878467,0.020705226787185678
2008-05-14,530.4486083984375,530.4486083984375,523.6304931640625,524.994140625,335.9193115234375,305583,-0.010335977650902614,530.6531661987304,0.0019870162360926904,0.020763004896530917
2008-05-15,529.0850219726562,535.9031372070312,527.7213745117188,534.5394897460938,342.0268859863281,305290,0.018018507578727225,531.8122436523438,0.00221678967097057,0.020921048653445334
2008-05-16,535.9031372070312,542.72119140625,533.1758422851562,534.5394897460938,342.0268859863281,361317,0.0,532.1531494140625,0.0006418582379234484,0.019753740671567682
2008-05-19,535.9031372070312,537.2667236328125,529.0850219726562,530.4486083984375,339.4093322753906,245046,-0.007682529927824577,532.3576904296875,0.00038709462382880203,0.019830286908815366
2008-05-20,534.5394897460938,542.72119140625,526.3577880859375,526.3577880859375,336.7917785644531,780348,-0.007741892476576108,532.4940551757812,0.00025974585660343486,0.019876146138019232
2008-05-21,526.3577880859375,534.5394897460938,526.3577880859375,529.0850219726562,338.53680419921875,502008,0.005167954020021518,532.6304168701172,0.0002583977010010763,0.019875794689448188
2008-05-22,526.3577880859375,526.3577880859375,509.99432373046875,516.8124389648438,330.6841735839844,452948,-0.023469119626252283,531.6077026367187,-0.0019407320934349277,0.019949806106607224
2008-05-23,518.176025390625,522.2669067382812,507.2670593261719,507.2670593261719,324.5765380859375,428161,-0.01864241223993474,530.6531661987304,-0.0018471788923082716,0.01986232185485618
2008-05-26,507.2670593261719,511.3579406738281,499.0853271484375,501.8125915527344,321.08642578125,302870,-0.01081088275422281,527.9259246826172,-0.0051592103212053445,0.01464678085366542
2008-05-27,504.5398254394531,507.2670593261719,499.0853271484375,505.9034423828125,323.70404052734375,206215,0.008119099358590648,525.8804931640625,-0.0038879678889648245,0.014640408303955537
2008-05-28,509.99432373046875,509.99432373046875,490.90362548828125,490.90362548828125,314.1063232421875,272216,-0.030097999320177784,523.7668823242187,-0.0041301726904329076,0.015046907077773891
2008-05-29,492.2672424316406,499.0853271484375,489.5400085449219,490.90362548828125,314.1063232421875,214429,0.0,521.7214508056641,-0.004002134905475816,0.015071838889672754
2008-05-30,490.90362548828125,499.0853271484375,479.9946594238281,479.9946594238281,307.1262512207031,331470,-0.022472848787725784,519.0623916625976,-0.0052538151298192,0.015530628301521354
2008-06-02,479.9946594238281,484.08551025390625,477.26739501953125,481.3582763671875,307.99871826171875,263416,0.0028368725097866806,517.0851425170898,-0.003947624579685232,0.015024455339193473
2008-06-03,479.9946594238281,482.7218933105469,471.81292724609375,471.81292724609375,301.89111328125,457128,-0.020029283707910184,513.8124526977539,-0.006495604840514625,0.01298025925321158
2008-06-04,469.0856628417969,493.630859375,463.6311950683594,488.1763610839844,312.36126708984375,644057,0.034094169787807625,511.3579345703125,-0.0047908963511242445,0.015808844587743304
2008-06-05,493.630859375,493.630859375,479.9946594238281,485.4491271972656,310.6162414550781,313466,-0.005602238339917215,509.039778137207,-0.004560801332373759,0.01575932136090529
2008-06-06,493.630859375,493.630859375,485.4491271972656,486.812744140625,311.48883056640625,154075,0.0028050422991305096,507.2670700073242,-0.0035149616303681353,0.015504701777798377
2008-06-09,477.26739501953125,479.9946594238281,474.5401611328125,475.9037780761719,304.5086669921875,215419,-0.022663853290396066,504.6761901855469,-0.005167637886856572,0.01570490069483049
2008-06-10,477.26739501953125,478.6310119628906,464.99481201171875,471.81292724609375,301.89111328125,433588,-0.008633120456624795,501.74440612792966,-0.005857025651220034,0.015529580189616875
2008-06-11,466.3584289550781,466.3584289550781,452.72222900390625,455.449462890625,291.4208679199219,759595,-0.03529780454526517,498.2671722412109,-0.007105116995938162,0.016855005764689273
2008-06-12,451.3586120605469,452.72222900390625,430.904296875,430.904296875,275.7156066894531,853572,-0.05539874546299882,493.0854125976563,-0.010775979648024464,0.018958828735977755
2008-06-13,430.904296875,437.7223815917969,418.6316833496094,430.904296875,275.7156066894531,736898,0.0,487.9036529541016,-0.010775979648024464,0.018958828735977755
2008-06-16,441.8132629394531,441.8132629394531,429.5406494140625,429.5406494140625,274.843017578125,425741,-0.0031696359156641626,482.85825500488284,-0.010550334947416444,0.019024326915194584
2008-06-17,429.5406494140625,436.3587646484375,425.4497985839844,429.5406494140625,274.843017578125,346027,0.0,478.01739807128905,-0.010163240323587638,0.019162738858170696
2008-06-18,428.1770324707031,430.904296875,425.4497985839844,426.81341552734375,273.0979919433594,306133,-0.006369428764576733,472.90381774902346,-0.01074010946281755,0.018847996649721453
2008-06-19,424.086181640625,424.086181640625,406.3591003417969,406.3591003417969,260.0102233886719,763335,-0.04910969947596139,467.3811508178711,-0.012022138455303005,0.02055418813480059
2008-06-20,406.3591003417969,411.8135986328125,403.6318664550781,403.6318664550781,258.2652282714844,443451,-0.006734011376608001,462.1993911743164,-0.01142671841213667,0.020524778491266587
2008-06-23,395.45013427734375,402.26824951171875,394.0865173339844,395.45013427734375,253.0301055908203,276909,-0.020478544379308804,456.8812683105469,-0.011910101493390968,0.020623118384234904
2008-06-24,395.45013427734375,398.1773681640625,373.6322021484375,373.6322021484375,239.06979370117188,557302,-0.05675279969352675,450.2677062988281,-0.01515369644599684,0.022337398138879132
2008-06-25,373.6322021484375,391.3592834472656,365.4504699707031,391.3592834472656,250.41253662109375,536769,0.04635412473956045,445.29048919677734,-0.011331090243009928,0.02590251082283863
2008-06-26,391.3592834472656,392.722900390625,384.5411682128906,385.90478515625,246.92245483398438,312110,-0.01403535311023286,440.0405471801758,-0.012032857898521569,0.02576914836973973
2008-06-27,365.4504699707031,373.6322021484375,359.9959716796875,373.6322021484375,239.06979370117188,521662,-0.03231877162932773,434.72242431640626,-0.012525154040601666,0.02607136856948072
2008-06-30,368.1777038574219,380.4502868652344,368.1777038574219,372.2685852050781,238.19729614257812,423064,-0.0036562998339940873,429.26793975830077,-0.012849812657790704,0.025909930603288566
2008-07-01,373.6322021484375,379.086669921875,370.90496826171875,372.2685852050781,238.19729614257812,288239,0.0,424.29072265625,-0.011848348472395197,0.026004736252789328
2008-07-02,373.6322021484375,394.0865173339844,372.2685852050781,394.0865173339844,252.15757751464844,579156,0.05695487534064399,419.58623046875,-0.010705313194753378,0.028511971515234196
2008-07-03,385.90478515625,388.63201904296875,368.1777038574219,384.5411682128906,246.04995727539062,916933,-0.024519619645768882,414.54083251953125,-0.01165118226004596,0.028647235742462276
2008-07-04,381.8139343261719,387.2684020996094,370.90496826171875,370.90496826171875,237.32481384277344,379577,-0.03610497313112477,408.7454437255859,-0.013596683031558723,0.028933612025882845
2008-07-07,370.90496826171875,379.086669921875,369.54132080078125,379.086669921875,242.55990600585938,188872,0.02181897991426597,403.9045883178711,-0.011372541371325623,0.029893709666888084
2008-07-08,377.7230529785156,377.7230529785156,353.1778869628906,353.1778869628906,225.98204040527344,497828,-0.07079300039464423,397.97283630371095,-0.014480535368226594,0.032694066470534064
2008-07-09,357.26873779296875,364.08685302734375,344.99615478515625,344.99615478515625,220.74696350097656,342763,-0.023438587658050535,392.4501708984375,-0.013887574523865862,0.032402886176513206
2008-07-10,340.9052734375,354.54150390625,340.9052734375,347.723388671875,222.4919891357422,324796,0.00787403214839043,388.29112548828124,-0.010723935643296401,0.031203248491210516
2008-07-11,359.9959716796875,359.9959716796875,354.54150390625,359.9959716796875,230.34461975097656,316986,0.0346855380415376,384.74570922851564,-0.00898965874121952,0.03275593541142455
2008-07-14,358.6323547363281,358.6323547363281,354.54150390625,355.9051208496094,227.72708129882812,162288,-0.011428660745554858,381.06393280029295,-0.009402609982714054,0.03273075190044488
2008-07-15,353.1778869628906,353.1778869628906,331.3599548339844,331.3599548339844,212.02178955078125,488295,-0.07145891952105658,376.15489807128904,-0.012975555958766882,0.035438603616511896
2008-07-16,331.3599548339844,335.4508056640625,310.9056091308594,312.2692565917969,199.80653381347656,536329,-0.0593394438080541,370.42769012451174,-0.015624056710940751,0.03686938250149324
2008-07-17,317.7237243652344,325.90545654296875,312.2692565917969,312.2692565917969,199.80653381347656,424201,0.0,365.7231979370117,-0.01316857173714268,0.03615020615969172
2008-07-18,308.1783752441406,308.1783752441406,290.4512939453125,290.4512939453125,185.8462371826172,917740,-0.07242991813811281,360.0641693115234,-0.016453367075217922,0.0384465566895259
2008-07-21,298.6330261230469,299.99664306640625,289.0876770019531,290.4512939453125,185.8462371826172,630233,0.0,354.81422729492186,-0.015429439856252484,0.03860608037815408
2008-07-22,291.81494140625,306.81475830078125,291.81494140625,305.4511413574219,195.44395446777344,445761,0.05035393633507184,351.4051742553711,-0.010074103054822555,0.0399765716065632
2008-07-23,306.81475830078125,317.7237243652344,301.3602600097656,312.2692565917969,199.80653381347656,515575,0.022075981803040975,347.45067291259767,-0.011288010201648527,0.03851480298056947
2008-07-24,317.7237243652344,317.7237243652344,308.1783752441406,317.7237243652344,203.2965850830078,497242,0.017316396323748876,344.0416198730469,-0.00972042272994944,0.03903165280559509
2008-07-25,305.4511413574219,310.9056091308594,302.7239074707031,304.0875244140625,194.57142639160156,292236,-0.043866644632897765,340.56438598632815,-0.010297816380127943,0.03946653473961791
2008-07-29,299.99664306640625,299.99664306640625,284.996826171875,286.3604431152344,183.22869873046875,418037,-0.06006426129212023,336.26897888183595,-0.013118214453034249,0.04095442673462181
2008-07-30,291.81494140625,294.54217529296875,280.90594482421875,282.26959228515625,180.61114501953125,466401,-0.014388692661596853,331.76902923583987,-0.013837649086114092,0.04083806992880266
2008-07-31,283.6332092285156,297.2694091796875,283.6332092285156,286.3604431152344,183.22869873046875,836628,0.014388692661596989,326.38272552490236,-0.015965958220066443,0.03796242048535969
2008-08-01,282.26959228515625,283.6332092285156,271.360595703125,275.45147705078125,176.24856567382812,708110,-0.038839821709574854,320.92824096679686,-0.01668196832325674,0.03826607478586551
2008-08-04,275.45147705078125,294.54217529296875,275.45147705078125,294.54217529296875,188.46380615234375,972187,0.06701071643802259,317.1101013183594,-0.011526183844799373,0.04225058530011897
2008-08-05,299.99664306640625,302.7239074707031,290.4512939453125,291.81494140625,186.71878051757812,840992,-0.009302363612720934,312.74651489257815,-0.01308225102114872,0.04152472043380617
2008-08-06,297.2694091796875,302.7239074707031,291.81494140625,299.99664306640625,191.953857421875,553082,0.027651445766253134,310.0874526977539,-0.00816002871310385,0.04013522127346551
2008-08-07,308.1783752441406,320.4509582519531,305.4511413574219,320.4509582519531,205.0416259765625,1253753,0.06595796346301441,308.8601928710938,-0.003690201157050603,0.04320473839747977
2008-08-08,320.4509582519531,328.6326904296875,312.2692565917969,321.8146057128906,205.91415405273438,1187386,0.004246372798162237,307.5647537231445,-0.003871584124562013,0.04316122693398032
2008-08-11,323.17822265625,327.2690734863281,313.63287353515625,313.63287353515625,200.67906188964844,417304,-0.025752511769928165,305.246598815918,-0.006893486615135301,0.04242915093369055
2008-08-12,314.9964904785156,325.90545654296875,313.63287353515625,323.17822265625,206.78665161132812,615086,0.02998083467531562,303.61025390625,-0.004823011844091778,0.04319955810008611
2008-08-13,325.90545654296875,325.90545654296875,310.9056091308594,316.360107421875,202.424072265625,470544,-0.02132279877454785,302.86026153564455,-0.0023162058067663404,0.04049954634408276
2008-08-14,316.360107421875,323.17822265625,312.2692565917969,319.08734130859375,204.16912841796875,320099,0.008583717307887416,303.2011657714844,0.0010799522490307352,0.03825161344268844
2008-08-15,324.5418395996094,335.4508056640625,319.08734130859375,319.08734130859375,204.16912841796875,886349,0.0,303.54207000732424,0.0010799522490307352,0.03825161344268844
2008-08-18,320.4509582519531,324.5418395996094,299.99664306640625,299.99664306640625,191.953857421875,673464,-0.06169357769990381,304.0193374633789,0.0016167692709411856,0.03722731330058848
2008-08-19,294.54217529296875,302.7239074707031,291.81494140625,295.9057922363281,189.33631896972656,442058,-0.013730150621230612,304.2920623779297,0.0009302617398796551,0.037384962084774466
2008-08-20,291.81494140625,299.99664306640625,290.4512939453125,298.6330261230469,191.08135986328125,341920,0.009174348020492818,303.95115661621094,-0.001128717675849296,0.0356116109354529
2008-08-21,294.54217529296875,294.54217529296875,287.72406005859375,287.72406005859375,184.10121154785156,332790,-0.037213586169775964,302.7238967895508,-0.004093196074490143,0.036043429102404774
2008-08-22,290.4512939453125,294.54217529296875,280.90594482421875,283.6332092285156,181.48365783691406,272216,-0.014320009410840849,301.01937103271484,-0.00567501636121963,0.03574737443704904
2008-08-25,286.3604431152344,291.81494140625,286.3604431152344,291.81494140625,186.71878051757812,195105,0.028437952415101365,300.4057418823242,-0.0020597865088196727,0.03533547288392969
2008-08-26,284.996826171875,287.72406005859375,280.90594482421875,283.6332092285156,181.48365783691406,165111,-0.02843795241510131,300.2693801879883,-0.0004784710649687267,0.033249135015041904
2008-08-27,283.6332092285156,294.54217529296875,279.5423278808594,293.1785583496094,187.59127807617188,322706,0.0330999509285593,300.81482849121096,0.0018959611145390812,0.033892905794675125
2008-08-28,295.9057922363281,297.2694091796875,289.0876770019531,295.9057922363281,189.33631896972656,302906,0.009259296631564577,301.29209594726564,0.0016394913130374608,0.03381270940915834
2008-08-29,297.2694091796875,297.2694091796875,290.4512939453125,291.81494140625,186.71878051757812,180365,-0.01392129514502251,302.1102691650391,0.002885417641265078,0.03268284893711461
2008-09-01,284.996826171875,286.3604431152344,272.17877197265625,272.7242431640625,174.50352478027344,492988,-0.06765865265695613,301.0193725585938,-0.003848050813483858,0.03264870726716512
2008-09-02,272.7242431640625,274.0878601074219,253.63352966308594,254.17898559570312,162.6372833251953,831389,-0.07042249983529411,299.13757476806643,-0.006904057624612517,0.0358861121209395
2008-09-03,254.17898559570312,261.81524658203125,239.99732971191406,247.63360595703125,158.44920349121094,761355,-0.02608842815059701,296.51942291259763,-0.009591051320455023,0.035167274242598384
2008-09-04,248.17904663085938,256.0880432128906,245.99725341796875,248.17904663085938,158.79820251464844,644533,0.0022001894909841643,292.905827331543,-0.012778940019056537,0.03054430209027312
2008-09-05,235.08828735351562,244.0881805419922,234.54283142089844,234.54283142089844,150.07302856445312,508022,-0.05651222670646685,288.54223861694334,-0.01581686999428799,0.0317592026702301
2008-09-08,239.1791534423828,250.9062957763672,239.1791534423828,250.63357543945312,160.3687286376953,473445,0.06635379250237547,285.3922737121582,-0.011211554780672808,0.036558111177194305
2008-09-09,246.8154296875,249.54266357421875,237.81553649902344,237.81553649902344,152.1670684814453,369494,-0.05249669725980981,281.1241394042969,-0.015335431377429081,0.03631799411974964
2008-09-10,235.90646362304688,253.0880889892578,235.63372802734375,243.54273986816406,155.83163452148438,987811,0.023797133759882953,277.4832710266113,-0.013079434750707542,0.03731421057864623
2008-09-11,247.63360595703125,251.17901611328125,235.3610076904297,236.9973602294922,151.6435546875,991624,-0.027243447391899343,273.37877197265624,-0.014870792985696879,0.03707872401817821
2008-09-12,240.27005004882812,247.63360595703125,238.63369750976562,246.2699737548828,157.57666015625,502302,0.03837938565686282,269.7379035949707,-0.012951823702853738,0.0388401554964497
2008-09-15,244.90635681152344,244.90635681152344,229.08834838867188,229.08834838867188,146.58294677734375,482465,-0.07232065848164612,266.192488861084,-0.013483177741940855,0.03960718244192118
2008-09-16,213.27035522460938,215.17941284179688,213.27035522460938,213.27035522460938,136.46176147460938,339720,-0.07154709575818338,262.060717010498,-0.01637402499878849,0.04168179379241223
2008-09-17,215.4521484375,221.4520721435547,198.54324340820312,198.54324340820312,127.03855895996094,764435,-0.0715537068938325,257.05622787475585,-0.02041042774450476,0.0429665069859522
2008-09-18,184.9070281982422,185.17974853515625,184.9070281982422,184.9070281982422,118.31340026855469,400954,-0.07115377884627865,251.91537628173828,-0.022107437378329896,0.04431421207392959
2008-09-19,197.72506713867188,197.72506713867188,191.45240783691406,197.72506713867188,126.51505279541016,690257,0.06702436748339231,247.6199691772461,-0.018040218533618237,0.048592953606504834
2008-09-22,207.27041625976562,211.3612823486328,207.27041625976562,211.3612823486328,135.24024963378906,599506,0.06669139192455066,243.59728622436523,-0.01612754655814577,0.05120150430471848
2008-09-23,205.90679931640625,221.4520721435547,201.81593322753906,219.54299926757812,140.47532653808594,1073538,0.037979201879679965,240.39277572631835,-0.012806688843406706,0.052498480696400486
2008-09-24,215.4521484375,226.36111450195312,212.7248992919922,217.3612060546875,139.0792999267578,735871,-0.009987596012193723,236.60190811157227,-0.014961066190444358,0.0513878031337489
2008-09-25,218.17938232421875,232.3610382080078,217.3612060546875,230.4519805908203,147.4554901123047,1471743,0.058481999825527806,233.32921752929687,-0.012499931030746194,0.05373401067071824
2008-09-26,229.90652465820312,230.4519805908203,214.3612518310547,214.3612518310547,137.15977478027344,709287,-0.07237982911542444,229.4565330505371,-0.015422857729266293,0.055380143725196035
2008-09-30,199.3614044189453,204.5431671142578,199.3614044189453,199.63414001464844,127.736572265625,587039,-0.07117629305449133,225.8020278930664,-0.015598739749143054,0.05556006453454917
2008-10-01,213.54307556152344,213.54307556152344,209.45220947265625,213.54307556152344,136.63626098632812,367037,0.06735217997954382,223.7702323913574,-0.008710005758401156,0.05692913967775121
2008-10-02,218.17938232421875,227.99745178222656,212.17945861816406,223.36114501953125,142.9183807373047,536989,0.04495137451346992,222.5566093444824,-0.0051580156251978095,0.05799401667606144
2008-10-03,238.90643310546875,238.90643310546875,221.72479248046875,237.27008056640625,151.81805419921875,868789,0.060409126853292014,222.01116104125975,-0.002247568757082417,0.05981476072230387
2008-10-06,229.08834838867188,229.08834838867188,220.90663146972656,220.90663146972656,141.3478546142578,508462,-0.07145894254554848,221.32935104370117,-0.0029949045490364977,0.06061643747396507
2008-10-07,205.90679931640625,225.81565856933594,205.90679931640625,220.36117553710938,140.9988250732422,281749,-0.0024722229982321563,219.81573104858398,-0.00643620532406688,0.05838478431084672
2008-10-08,205.088623046875,217.9066619873047,205.088623046875,206.1795196533203,131.92466735839844,476488,-0.06652066329017867,218.23393020629882,-0.007137403625585323,0.059047535414504256
2008-10-09,220.36117553710938,220.36117553710938,191.99786376953125,202.90682983398438,129.8306121826172,437804,-0.01600033657177681,216.20213470458984,-0.009127277142168311,0.05861921338378082
2008-10-13,195.8159942626953,217.08848571777344,195.8159942626953,195.8159942626953,125.29352569580078,523752,-0.035571493854308446,214.14306640625,-0.009543679465288765,0.058784022413917315
2008-10-14,209.45220947265625,209.45220947265625,208.634033203125,209.45220947265625,134.0187225341797,285159,0.06732018276876826,212.30217819213868,-0.008096639609693495,0.060360853117335835
2008-10-15,223.90658569335938,223.90658569335938,208.634033203125,211.63400268554688,135.41473388671875,312256,0.010362784031384345,211.42946090698243,-0.003962467484041971,0.058534478067386105
2008-10-16,204.27044677734375,204.27044677734375,204.27044677734375,204.27044677734375,130.703125,64057,-0.0354135449444917,210.97946548461914,-0.0021557899433573865,0.05687272214041393
2008-10-17,197.4523468017578,203.17955017089844,197.17962646484375,197.17962646484375,126.16605377197266,406711,-0.035329712592332786,210.91128463745116,-0.0003445902282824008,0.05509534956411631
2008-10-20,190.36151123046875,197.17962646484375,190.36151123046875,192.54330444335938,123.1994857788086,294619,-0.023794036182597685,211.29309844970703,0.0020233969049016473,0.05286439523606261
2008-10-21,205.90679931640625,205.90679931640625,191.72512817382812,191.72512817382812,122.67596435546875,261839,-0.004258364395620158,210.99310150146485,-0.0015407396890489765,0.05060607116974171
2008-10-22,185.72520446777344,188.7251739501953,185.17974853515625,186.27064514160156,119.18590545654297,301146,-0.02886202466572862,209.7385696411133,-0.006318410518562941,0.048282513126629525
2008-10-23,179.99798583984375,180.27072143554688,179.99798583984375,179.99798583984375,115.17230987548828,298616,-0.03425503646556316,207.76131896972657,-0.009930122435825096,0.04748967075962368
2008-10-24,173.725341796875,173.725341796875,173.725341796875,173.725341796875,111.15874481201172,116967,-0.0354701043911562,205.57952575683595,-0.011204247854773221,0.04783190259522025
2008-10-27,161.7254638671875,161.7254638671875,161.7254638671875,161.7254638671875,103.48057556152344,58043,-0.07157532648522874,202.1431999206543,-0.017707114170311046,0.04668634186872362
2008-10-28,150.5437774658203,150.5437774658203,150.5437774658203,150.5437774658203,96.32593536376953,386287,-0.07164630810951453,198.95232620239258,-0.017670438120015553,0.0466413978108625
2008-10-29,155.99826049804688,158.72549438476562,140.1802520751953,140.1802520751953,89.6948013305664,675664,-0.07132481276739147,195.97963180541993,-0.017677864105660558,0.04665037604005827
2008-10-30,131.18035888671875,149.72560119628906,131.18035888671875,149.72560119628906,95.80242919921875,556679,0.06587518418350809,192.78875808715821,-0.017751713895462345,0.04650964162314219
2008-10-31,154.6346435546875,160.08912658691406,152.45285034179688,160.08912658691406,102.43355560302734,510699,0.06692640783302423,189.62515716552736,-0.01665296222948463,0.04829424636828171
2008-11-03,162.54364013671875,170.9980926513672,156.27098083496094,170.17991638183594,108.89019775390625,394464,0.06112550775779179,186.27064895629883,-0.016617143184259643,0.04835463814525115
2008-11-04,158.45277404785156,160.08912658691406,158.45277404785156,158.45277404785156,101.38653564453125,795492,-0.07139961568428513,183.14795608520507,-0.016614176841196475,0.048351098465208645
2008-11-05,160.9073028564453,168.5435791015625,156.81643676757812,159.54367065429688,102.08456420898438,527382,0.006861088569201305,180.10708084106446,-0.0161475112628248,0.04853944864768574
2008-11-06,148.63470458984375,149.72560119628906,148.63470458984375,148.63470458984375,95.10440826416016,198772,-0.07082603326508537,177.22984008789064,-0.016362779761570138,0.04878354065507127
2008-11-07,138.27117919921875,147.8165283203125,138.27117919921875,145.90745544433594,93.35938262939453,474948,-0.018519094779608836,174.3798713684082,-0.016488717671961736,0.04878580685549983
2008-11-10,147.27108764648438,154.90736389160156,145.90745544433594,154.0891876220703,98.594482421875,331470,0.054559021269386866,172.29353103637695,-0.011982191915776973,0.05104100386445243
2008-11-11,144.54383850097656,149.452880859375,143.45294189453125,143.45294189453125,91.78883361816406,321093,-0.07152452480963156,168.9935676574707,-0.018924427294696962,0.04909230166310135
2008-11-12,141.8166046142578,142.08932495117188,134.18032836914062,135.27122497558594,86.55375671386719,339170,-0.058725213528203736,165.17542877197266,-0.02237882717267637,0.04935304173223188
2008-11-13,127.63494110107422,129.8167266845703,125.99859619140625,126.27131652832031,80.79512786865234,373894,-0.0688489391501282,161.27547225952148,-0.024050596882958193,0.05037355352331886
2008-11-14,130.63490295410156,130.90762329101562,117.54414367675781,118.08959197998047,75.56002807617188,471501,-0.06698930724589859,157.32097053527832,-0.025633576615636484,0.05123670605323797
2008-11-17,110.45331573486328,111.81693267822266,109.90786743164062,109.90786743164062,70.32492065429688,483932,-0.0718011444133197,153.18919868469237,-0.028033932027172588,0.05226029346194692
2008-11-18,102.2715835571289,103.63520812988281,102.2715835571289,102.2715835571289,65.4388198852539,568633,-0.07201058725176049,148.7165214538574,-0.031421543169979596,0.05283080121596221
2008-11-19,99.54434204101562,109.08969116210938,98.18072509765625,108.54424285888672,69.452392578125,422771381,0.05952599936963306,144.83020133972167,-0.02700214196821151,0.05661739541345511
2008-11-20,101.1806869506836,104.45337677001953,101.1806869506836,101.1806869506836,64.74081420898438,292566,-0.07024995991753874,140.88933639526368,-0.028801888140810295,0.05742640478209332
2008-11-21,95.45348358154297,107.99879455566406,94.36257934570312,107.99879455566406,69.10338592529297,482355379,0.06521216730754797,137.60300903320314,-0.023767774555875087,0.061106196980901
2008-11-24,108.54424285888672,114.54417419433594,103.63520812988281,104.45337677001953,66.83484649658203,474031,-0.03337924900314629,134.73940467834473,-0.021857970681770963,0.06012235344114037
2008-11-25,109.90786743164062,110.72603607177734,102.2715835571289,106.90789794921875,68.40538024902344,398681,0.023226880422529506,132.55761070251464,-0.01711431125516876,0.059728759467451514
2008-11-26,113.18055725097656,114.27145385742188,111.81693267822266,114.27145385742188,73.11697387695312,669687,0.06660909511985622,131.26217079162598,-0.010217615860806379,0.061087733111127876
2008-11-27,114.27145385742188,122.18045806884766,114.27145385742188,122.18045806884766,78.17758178710938,562692,0.06692232426623379,129.8849136352539,-0.010165258856670092,0.06115679284712329
2008-11-28,124.08952331542969,130.63490295410156,122.72590637207031,130.63490295410156,83.58718872070312,770668,0.06690731558852639,128.41220245361328,-0.010166213468894982,0.06115552630533281
2008-12-01,131.4530792236328,139.36207580566406,130.90762329101562,135.5439453125,86.72825622558594,685490,0.036889475454652695,126.68040390014649,-0.011378015084051939,0.05989566746368174
2008-12-02,126.27131652832031,127.63494110107422,126.27131652832031,126.27131652832031,80.79512786865234,523825,-0.07086300969731608,125.07133102416992,-0.011351184784703486,0.05986747921592095
2008-12-03,125.4531478881836,128.725830078125,117.81686401367188,119.45321655273438,76.43254852294922,313980,-0.05550809625613087,123.06680831909179,-0.014469644025970096,0.06049003243462388
2008-12-04,121.635009765625,124.08952331542969,117.54414367675781,117.54414367675781,75.21101379394531,307746765,-0.016110847539411142,121.5122802734375,-0.011733884739686385,0.059026666506422173
2008-12-05,117.27141571044922,122.18045806884766,114.54417419433594,119.9986572265625,76.78155517578125,319186,0.020666599044699405,120.21684036254882,-0.009774600048470972,0.05943850256777964
2008-12-08,125.4531478881836,128.18038940429688,124.08952331542969,128.18038940429688,82.01666259765625,489285,0.06595801107962572,118.92140045166016,-0.00920465055795903,0.06013838990654204
2008-12-09,136.36212158203125,136.36212158203125,127.08949279785156,128.725830078125,82.36566162109375,408031,0.004246230351860143,118.18504486083984,-0.005416112799884443,0.058366352948691344
2008-12-10,130.3621826171875,137.72573852539062,130.3621826171875,137.72573852539062,88.12428283691406,686884,0.06757951129116913,118.30777053833008,0.0008991234410841997,0.059122908871216136
2008-12-11,138.27117919921875,141.8166046142578,137.45301818847656,138.81663513183594,88.8222885131836,551399,0.007889584880855704,118.93503646850586,0.004736049642633394,0.056802744085345115
2008-12-12,136.36212158203125,138.81663513183594,129.2712860107422,130.90762329101562,83.76168823242188,364030,-0.058661981806881036,119.57593803405761,0.0051524159145842725,0.05627741405905727
2008-12-15,136.08938598632812,138.81663513183594,134.9984893798828,137.45301818847656,87.94977569580078,335137,0.04879026407928501,120.95319557189941,0.011181986339214509,0.0540132032033838
2008-12-16,135.27122497558594,146.9983673095703,135.27122497558594,146.9983673095703,94.0573959350586,834285,0.06713930716273024,123.18953475952148,0.018139481059939046,0.05164309659005662
2008-12-17,157.0891571044922,157.0891571044922,150.5437774658203,152.72557067871094,97.72197723388672,1369185,0.03822117519181287,125.39860115051269,0.017074239851048036,0.05095969245524686
2008-12-18,151.9073944091797,163.36181640625,146.45291137695312,163.36181640625,104.52761840820312,1510353,0.06732481822252576,128.507657623291,0.023952978758051257,0.04773511265854909
2008-12-19,174.5435028076172,174.5435028076172,174.5435028076172,174.5435028076172,111.68224334716797,905273,0.0662065369358019,131.83489303588868,0.024002697239463956,0.047780843843935744
2008-12-22,186.5433807373047,186.5433807373047,173.1798858642578,174.5435028076172,111.68224334716797,3048684,0.0,135.33939933776855,0.02567165968962127,0.046228781612023866
2008-12-23,169.08901977539062,169.08901977539062,162.54364013671875,162.54364013671875,104.00409698486328,366744,-0.07122748992664266,138.12118644714354,0.020948941172162665,0.051063578319013814
2008-12-24,151.36195373535156,162.2709197998047,151.36195373535156,157.6345977783203,100.86302947998047,733414,-0.030666838021878425,140.2893436431885,0.01608514451507593,0.05111828400306914
2008-12-25,160.9073028564453,166.36178588867188,157.6345977783203,160.9073028564453,102.95707702636719,594409,0.020548758135122094,142.22568588256837,0.013766466208520345,0.04972369965946132
2008-12-26,163.08909606933594,163.08909606933594,151.36195373535156,157.6345977783203,100.86302947998047,344450,-0.02054875813512198,143.5756706237793,0.009393662522337927,0.04863810308153484
2008-12-29,154.36190795898438,157.36187744140625,153.81646728515625,155.4528045654297,99.46699523925781,176661970,-0.01393750444734382,144.57111358642578,0.006852313527238101,0.048453336686521395
2008-12-30,155.4528045654297,166.08905029296875,155.4528045654297,166.08905029296875,106.27263641357422,771841,0.06618191413428537,146.5620002746582,0.013704559718818173,0.046536943655995644
2008-12-31,169.08901977539062,170.17991638183594,163.90725708007812,164.72543334960938,105.4001235961914,492365,-0.008244044525731553,148.82561111450195,0.01606776230533814,0.04396632103629434
2009-01-02,164.72543334960938,164.72543334960938,164.72543334960938,164.72543334960938,105.4001235961914,0,0.0,151.18467559814454,0.016873304682308698,0.0434907385224909
2009-01-05,174.8162384033203,174.8162384033203,165.27088928222656,167.17994689941406,106.97065734863281,623780,0.014790711103461212,153.54374008178712,0.016579510285246787,0.0434836110798575
2009-01-06,177.81619262695312,178.3616485595703,172.6344451904297,174.8162384033203,111.85675048828125,646403,0.04466459730520865,155.8755325317383,0.015514839596525934,0.04245959659491271
2009-01-07,178.63436889648438,179.7252655029297,174.5435028076172,176.99803161621094,113.25279235839844,722891,0.012403255748686446,158.28914260864258,0.015922690866367252,0.042384768281727346
2009-01-08,171.81626892089844,172.6344451904297,164.72543334960938,164.72543334960938,105.4001235961914,494528,-0.07185856415735636,159.6391273498535,0.008950787093940977,0.044837646222389504
2009-01-09,165.27088928222656,171.54354858398438,163.08909606933594,166.36178588867188,106.4471664428711,642847,0.009884802359408675,161.01638488769532,0.009050547967868623,0.04483738046145424
2009-01-12,156.543701171875,159.54367065429688,147.8165283203125,151.36195373535156,96.8494644165039,440481,-0.0944908368104347,162.03910140991212,0.007259105217690939,0.048269566186610456
2009-01-13,144.54383850097656,150.5437774658203,143.1802215576172,149.99832153320312,95.9769287109375,263782,-0.009049908836238574,162.66636657714844,0.004367096571914761,0.04737473337234078
2009-01-14,151.08921813964844,160.36184692382812,151.08921813964844,160.36184692382812,102.60806274414062,601560,0.06680870081284424,163.33454055786132,0.00435056625442046,0.04735172977032871
2009-01-15,152.45285034179688,152.45285034179688,149.18016052246094,149.18016052246094,95.45342254638672,680577,-0.07227809850936158,163.15727005004882,-0.0011743974306382624,0.04958552928333895
2009-01-16,152.45285034179688,156.81643676757812,149.99832153320312,150.5437774658203,96.32593536376953,461271,0.00909921550457256,162.51636810302733,-0.004085677566535923,0.04699365192791516
2009-01-19,154.0891876220703,159.81640625,152.18011474609375,159.81640625,102.25907897949219,497278879,0.0597717733959248,161.78001327514647,-0.004407415743529779,0.04650657645832612
2009-01-20,157.36187744140625,157.36187744140625,150.5437774658203,153.27101135253906,98.07097625732422,432451,-0.04181802496704027,160.71638870239258,-0.006498316991881792,0.04723238319980947
2009-01-21,142.634765625,156.81643676757812,142.634765625,153.27101135253906,98.07097625732422,731911,0.0,160.25275726318358,-0.0029369424955496583,0.044712977605580385
2009-02-02,163.90725708007812,163.90725708007812,158.99822998046875,163.90725708007812,104.87662506103516,870989,0.06709309176437032,160.56639022827147,0.0019510539937627792,0.04681608212195293
2009-02-03,168.81629943847656,175.36167907714844,167.9981231689453,173.99806213378906,111.3332290649414,1156479,0.05974339973406467,161.22092819213867,0.003910786073709908,0.04842815350711921
2009-02-04,176.7252960205078,176.7252960205078,166.36178588867188,167.72540283203125,107.31966400146484,692641,-0.03671602680317963,161.72546844482423,0.003102422640307026,0.04898959856460063
2009-02-05,168.27084350585938,175.08895874023438,164.4527130126953,169.90719604492188,108.71569061279297,707784,0.012924247184233087,162.44818801879882,0.0044455102218858705,0.048865909987960164
2009-02-06,174.5435028076172,178.63436889648438,172.6344451904297,177.54347229003906,113.60179138183594,773015,0.04396311086750413,163.02090911865236,0.0033345700585468083,0.04762531362068214
2009-02-09,181.63433837890625,182.72523498535156,171.81626892089844,172.0889892578125,110.11172485351562,754755,-0.03120377081417484,163.3890869140625,0.002186583744124644,0.0481924402648193
2009-02-10,174.5435028076172,184.08885192871094,173.725341796875,184.08885192871094,117.78986358642578,879166,0.06740680954683334,164.35725784301758,0.005556924221466311,0.050340643557304166
2009-02-11,185.45248413085938,196.90689086914062,185.45248413085938,195.8159942626953,125.29352569580078,3413484,0.06175688152354536,165.78906021118163,0.007905232742470519,0.05186638136590904
2009-02-12,195.8159942626953,195.8159942626953,186.81610107421875,186.81610107421875,119.53489685058594,1211516,-0.047050697227436745,166.38905334472656,0.003319468015838249,0.05249592836197419
2009-02-13,190.0887908935547,195.2705535888672,187.90699768066406,192.2705841064453,123.02497863769531,1057661,0.028778955860881007,167.15268096923828,0.004138253021447977,0.052772046797709506
2009-02-16,188.4524383544922,190.90696716308594,184.08885192871094,186.81610107421875,119.53489685058594,853829,-0.02877895586088092,168.25721435546876,0.006292233436271749,0.05032950548656354
2009-02-17,184.08885192871094,184.08885192871094,173.99806213378906,173.99806213378906,111.3332290649414,858119,-0.07108055427732476,168.6390281677246,0.0022439656044350776,0.05319972081755925
2009-02-18,168.5435791015625,173.99806213378906,167.4526824951172,173.1798858642578,110.80973052978516,809205,-0.00471330502938955,169.72992477416992,0.006732842193487335,0.048156421095629516
2009-02-19,172.90716552734375,176.45257568359375,167.72540283203125,173.1798858642578,110.80973052978516,412687,0.0,170.88900299072264,0.007185337635299263,0.04804269912960165
2009-02-20,167.9981231689453,184.08885192871094,167.9981231689453,177.81619262695312,113.77628326416016,879606,0.026419534114592864,171.7617202758789,0.005165879300386695,0.04621879458889835
2009-02-23,182.72523498535156,190.0887908935547,178.08892822265625,188.17971801757812,120.40743255615234,831059,0.056647062030122625,173.71169815063476,0.011612137327360904,0.04377515524455558
2009-02-24,185.45248413085938,187.63427734375,180.816162109375,181.9070587158203,116.39383697509766,1005924,-0.03390156285999281,175.27986221313478,0.009462098409132636,0.044945434109579706
2009-02-25,184.08885192871094,187.90699768066406,178.63436889648438,178.63436889648438,114.29981231689453,707454,-0.01815480528585105,176.22076034545898,0.0055657694750438445,0.04371543825086694
2009-02-26,179.99798583984375,181.3616180419922,171.81626892089844,174.27078247070312,111.50775909423828,618903,-0.024730774306553127,177.2707489013672,0.006420132008068201,0.042900011759577375
2009-02-27,174.5435028076172,178.08892822265625,174.5435028076172,174.8162384033203,111.85675048828125,537172,0.003125045297630822,178.34801025390624,0.006576384272949742,0.04288108427076242
2009-03-02,178.90708923339844,178.90708923339844,163.08909606933594,163.63453674316406,104.70211029052734,834872,-0.06609984927470544,178.33437423706056,-8.32627790040466e-05,0.04332830935301912
2009-03-03,152.18011474609375,165.27088928222656,152.18011474609375,163.08909606933594,104.35311126708984,606290,-0.0033388535493717687,177.7889259338379,-0.003237375443175869,0.04097618449928746
2009-03-04,164.99815368652344,173.45260620117188,163.63453674316406,173.45260620117188,110.98423767089844,444368,0.0616077458385783,178.0752861022949,0.0016788131889120283,0.04261368551490952
2009-03-05,176.7252960205078,179.99798583984375,172.36170959472656,174.5435028076172,111.68224334716797,878029,0.006269611364140163,178.30710144042968,0.001346081397907382,0.0425471868717893
2009-03-06,173.1798858642578,173.99806213378906,162.8163604736328,164.4527130126953,105.22563171386719,1035038,-0.05955094033776934,177.6525634765625,-0.0038296211623562912,0.043378066989383166
2009-03-09,163.63453674316406,163.63453674316406,157.6345977783203,158.72549438476562,101.56104278564453,760695,-0.035446810214895465,176.98438873291016,-0.004041773132392322,0.04352910679209155
2009-03-10,154.0891876220703,166.63450622558594,154.0891876220703,162.54364013671875,104.00409698486328,422368,0.023770260626022055,175.90712814331056,-0.006223600578432886,0.04076523380674428
2009-03-11,163.63453674316406,167.72540283203125,156.81643676757812,158.72549438476562,101.56104278564453,908353,-0.023770260626022076,174.05260314941407,-0.010499957685911259,0.03762353420040138
2009-03-12,160.9073028564453,162.2709197998047,157.6345977783203,158.72549438476562,101.56104278564453,387240,0.0,172.6480728149414,-0.00814742282453942,0.03667688238899035
2009-03-13,163.36181640625,164.99815368652344,161.18002319335938,163.36181640625,104.52761840820312,672804,0.028791213616862956,171.20263442993163,-0.008146809936740324,0.03667753201933617
2009-03-16,166.36178588867188,168.81629943847656,163.90725708007812,165.54360961914062,105.92362976074219,437328,0.013267188943181468,170.13900985717774,-0.006044502696537205,0.03663767526920976
2009-03-17,165.54360961914062,173.1798858642578,161.99819946289062,171.27081298828125,109.58821868896484,1432692,0.034011343118503484,170.00264739990234,-0.0007899078267457921,0.03427952677875781
2009-03-18,171.81626892089844,177.270751953125,169.08901977539062,175.6343994140625,112.38026428222656,1203523,0.025158552995787977,170.12537307739257,0.0007036850745130843,0.03474716674984636
2009-03-19,178.63436889648438,180.27072143554688,170.45263671875,171.54354858398438,109.76272583007812,955177,-0.023567396476005906,170.0435562133789,-0.00047468474928721096,0.03516933881709878
2009-03-20,171.81626892089844,174.27078247070312,167.4526824951172,168.5435791015625,107.84317779541016,509929,-0.017642815938855874,169.57992553710938,-0.002677802251959648,0.034773807936311595
2009-03-23,170.45263671875,173.1798858642578,170.45263671875,172.36170959472656,110.28622436523438,598626,0.022400885406120064,168.7890251159668,-0.004390111083159775,0.03246536427392492
2009-03-24,176.99803161621094,176.99803161621094,173.1798858642578,174.27078247070312,111.50775909423828,748191,0.0110150792107986,168.40721130371094,-0.0021442789796202056,0.03186444689008105
2009-03-25,174.5435028076172,186.27064514160156,174.27078247070312,186.27064514160156,119.18590545654297,1509840,0.0665903868612141,168.7890251159668,0.002092980627733052,0.03509426890732387
2009-03-26,199.08868408203125,199.08868408203125,199.08868408203125,199.08868408203125,127.38754272460938,687030,0.06654967659152543,170.0299201965332,0.00665700317263698,0.037289120949567434
2009-03-27,212.99761962890625,212.99761962890625,212.99761962890625,212.99761962890625,136.28724670410156,386287,0.06753061608978783,171.9389892578125,0.00987728171224483,0.039672879791682845
2009-03-30,227.7247314453125,227.7247314453125,205.088623046875,227.17929077148438,145.36141967773438,3456201,0.06445854272337213,175.11622695922853,0.01640520131214871,0.03717605720922049
2009-03-31,214.08851623535156,221.72479248046875,211.3612823486328,211.3612823486328,135.24024963378906,1297867,-0.07217062503342644,177.52983627319335,0.012963612737945976,0.04197623640697233
2009-04-02,226.08839416503906,226.08839416503906,210.2703857421875,216.81576538085938,138.7303009033203,3598983,0.025479077582244596,179.69799423217773,0.011157179325129291,0.04052497941597879
2009-04-03,211.3612823486328,223.6338653564453,205.36134338378906,216.2703094482422,138.3813018798828,3914943,-0.002518927542253805,181.784334564209,0.010717752379809592,0.040628283403711656
2009-04-06,214.9066925048828,215.17941284179688,201.27047729492188,202.6341094970703,129.65611267089844,1973385,-0.06512712146126148,183.69340438842772,0.010438943323634983,0.041151639895857496
2009-04-07,198.8159637451172,216.5430450439453,198.8159637451172,214.9066925048828,137.50875854492188,2406643,0.058802009113571446,186.5024642944336,0.015151384290058328,0.04101670623295544
2009-04-08,215.4521484375,224.99749755859375,212.99761962890625,212.99761962890625,136.28724670410156,2567978,-0.00892295538224641,189.02516326904296,0.013516723489644908,0.04130558780634474
2009-04-09,220.90663146972656,227.45201110839844,217.63394165039062,225.2702178955078,144.13990783691406,2450093,0.05601965984736225,192.35239944458007,0.017506219513314124,0.04136788669376421
2009-04-10,228.2701873779297,228.54290771484375,216.2703094482422,218.72483825683594,139.9518280029297,2527021,-0.029486156532975892,195.35236663818358,0.016031911686665325,0.04253362939092548
2009-04-13,218.72483825683594,224.99749755859375,212.17945861816406,222.81568908691406,142.56935119628906,2545575,0.018530429868511226,198.3250602722168,0.01551887249924774,0.04243339150476088
2009-04-14,223.90658569335938,235.63372802734375,223.6338653564453,234.81556701660156,150.24752807617188,3365304,0.05245546142608283,201.78865814208984,0.017478286123392812,0.04322141103485485
2009-04-15,234.81556701660156,239.45187377929688,227.7247314453125,227.99745178222656,145.8849334716797,2426370,-0.029465932306573978,204.6249900817871,0.014304422352138935,0.04426158279012867
2009-04-16,237.27008056640625,243.81546020507812,237.27008056640625,243.81546020507812,156.0061492919922,2967833,0.06707717601286002,208.0340431213379,0.01640035350299254,0.04576942172730395
2009-04-17,250.9062957763672,255.5426025390625,226.90655517578125,227.99745178222656,145.8849334716797,4018931,-0.06707717601286006,210.85673828125,0.014224864526149832,0.048708791592539394
2009-04-20,212.17945861816406,223.6338653564453,212.17945861816406,212.17945861816406,135.76373291015625,2241128,-0.07190203299189009,213.03853225708008,0.01151190367349812,0.05197847301163603
2009-04-21,201.81593322753906,218.17938232421875,201.81593322753906,213.27035522460938,136.46176147460938,2600722,0.005128214711597553,215.0839645385742,0.010648270138771995,0.05193150133120651
2009-04-22,216.81576538085938,227.99745178222656,216.2703094482422,227.99745178222656,145.8849334716797,2977513,0.06677381828029255,217.7702980041504,0.013436207092246693,0.05342738630284186
2009-04-23,235.3610076904297,243.81546020507812,232.906494140625,243.81546020507812,156.0061492919922,4174106,0.06707717601286002,220.6475387573242,0.013460546549828988,0.053452980522263126
2009-04-24,243.54273986816406,246.54270935058594,226.90655517578125,228.8156280517578,146.408447265625,4690268,-0.06349506691608094,222.13388595581054,0.006958309374448671,0.054553368537601406
2009-04-27,228.8156280517578,233.72467041015625,212.99761962890625,212.99761962890625,136.28724670410156,2275998,-0.07163557139918554,222.13388595581054,2.0816681711721684e-18,0.05529107795372839
2009-04-28,211.63400268554688,214.08851623535156,198.27052307128906,198.27052307128906,126.86407470703125,2252641,-0.07164861387217018,220.68844757080078,-0.006805357829777115,0.05531599414672819
2009-04-29,199.63414001464844,203.9977264404297,189.27061462402344,189.81607055664062,121.45445251464844,1719795,-0.0435768227277954,219.61118698120117,-0.005375667714495562,0.05388875830332213
2009-04-30,202.90682983398438,202.90682983398438,199.08868408203125,202.90682983398438,129.8306121826172,1272127,0.06669135375357921,218.9157402038574,-0.0033150539059288316,0.055881775980798895
2009-05-04,188.7251739501953,213.8157958984375,188.7251739501953,205.088623046875,131.2266387939453,4280257,0.010695285916706947,218.35665588378907,-0.0026543432329807935,0.05596973330644053
2009-05-05,190.90696716308594,190.90696716308594,190.90696716308594,190.90696716308594,122.15247344970703,576699,-0.07165596679872359,217.77029876708986,-0.002980785499853899,0.05637088396717059
2009-05-06,190.90696716308594,190.90696716308594,177.54347229003906,177.54347229003906,113.60179138183594,108644,-0.07257073322849582,215.90213775634766,-0.009549422616957261,0.05644678997384251
2009-05-07,165.27088928222656,171.81626892089844,165.27088928222656,165.54360961914062,105.92362976074219,4054058,-0.06998083090197688,213.52943725585936,-0.012602316392943786,0.058039787309014004
2009-05-08,154.0891876220703,171.81626892089844,154.0891876220703,170.45263671875,109.06470489501953,1189333,0.029222805289817685,210.78855819702147,-0.013942159120821012,0.05666530680768847
2009-05-11,168.81629943847656,173.1798858642578,161.18002319335938,168.27084350585938,107.66868591308594,950557,-0.012882622639080018,208.26585845947267,-0.01311198242612622,0.05654709532849058
2009-05-12,170.45263671875,173.99806213378906,169.3617401123047,173.99806213378906,111.3332290649414,590413,0.03346931700268167,205.8249771118164,-0.012365038069417697,0.05708319067489902
2009-05-13,171.54354858398438,172.0889892578125,166.9072265625,171.54354858398438,109.76272583007812,551839,-0.014207000015133718,202.66137619018554,-0.015698161141478525,0.05500757075913512
2009-05-14,165.27088928222656,169.90719604492188,164.17999267578125,169.6344757080078,108.54118347167969,603173,-0.011191182695091917,199.74322738647462,-0.014784423660904423,0.05491854589624314
2009-05-15,171.81626892089844,171.81626892089844,166.36178588867188,170.72537231445312,109.23921203613281,718161,0.006410276349235638,196.08872299194337,-0.01781776864408564,0.05174266139444819
2009-05-18,159.54367065429688,166.36178588867188,159.54367065429688,164.99815368652344,105.57462310791016,304703,-0.034121971570059674,192.9387580871582,-0.01617000842194562,0.050603615795069425
2009-05-19,176.45257568359375,176.45257568359375,167.9981231689453,171.81626892089844,109.93722534179688,675224,0.04049141786940129,190.92059860229492,-0.010550335878881054,0.05032872831173086
2009-05-20,171.81626892089844,172.90716552734375,166.36178588867188,170.45263671875,109.06470489501953,307930,-0.00796823430195311,188.77971267700195,-0.011205158329558585,0.05019903093379053
2009-05-21,166.63450622558594,171.81626892089844,163.90725708007812,167.72540283203125,107.31966400146484,294436,-0.016129332439577915,185.7661102294922,-0.01535031586555211,0.046723594571932175
2009-05-22,164.99815368652344,171.27081298828125,164.99815368652344,167.4526824951172,107.14517211914062,433368,-0.001627316397083427,181.94797134399414,-0.01878554048604928,0.04269648416309808
2009-05-25,166.36178588867188,169.90719604492188,163.90725708007812,166.63450622558594,106.62165832519531,513559,-0.004897990302204515,178.83891525268555,-0.01585568665535546,0.041459585181507275
2009-05-26,166.63450622558594,168.81629943847656,163.63453674316406,166.36178588867188,106.4471664428711,350683,-0.0016379785862336536,176.50712356567382,-0.012355807014707867,0.03940665946642569
2009-05-27,166.36178588867188,168.5435791015625,159.81640625,164.99815368652344,105.57462310791016,364764,-0.008230565842348483,174.84350509643554,-0.00918490461321678,0.03685326495901799
2009-06-01,156.81643676757812,164.4527130126953,153.5437469482422,158.1800537109375,101.2120361328125,349950,-0.042200319412308576,173.2617042541504,-0.00911607944744244,0.03678688157864188
2009-06-02,158.1800537109375,162.2709197998047,155.4528045654297,160.9073028564453,102.95707702636719,307893,0.017094475869160505,171.16172790527344,-0.011595923341663376,0.032870921588943246
2009-06-03,163.63453674316406,163.63453674316406,155.99826049804688,160.08912658691406,102.43355560302734,112531,-0.0050977392039807,168.9117530822754,-0.01238557459769776,0.03249478471579084
2009-06-04,160.08912658691406,167.9981231689453,158.45277404785156,166.36178588867188,106.4471664428711,246842,0.03843414858947731,167.6844940185547,-0.006881068828287713,0.031225818297511268
2009-06-05,161.45274353027344,168.27084350585938,161.45274353027344,167.17994689941406,106.97065734863281,146154,0.004905908744052401,167.16631774902345,-0.0030072367296603017,0.027192928809320185
2009-06-08,166.9072265625,170.17991638183594,160.6345672607422,163.63453674316406,104.70211029052734,104244,-0.021435251969496704,167.07086410522462,-0.0005799577830362934,0.022694710646192155
2009-06-09,162.54364013671875,164.72543334960938,158.1800537109375,159.81640625,102.25907897949219,152571,-0.02360981121724922,166.5390525817871,-0.003221588608389639,0.022110432318667182
2009-06-10,158.1800537109375,163.08909606933594,152.72557067871094,154.0891876220703,98.594482421875,119754,-0.03649412027938341,165.82996978759766,-0.0044021634904048085,0.023254205927737828
2009-06-11,155.4528045654297,163.63453674316406,154.0891876220703,162.2709197998047,103.82959747314453,122614,0.051735707685136426,165.24361267089844,-0.0034888439562820706,0.02510497147999757
2009-06-12,154.0891876220703,159.54367065429688,154.0891876220703,158.1800537109375,101.2120361328125,89284,-0.02553331821771671,164.5754379272461,-0.004055159866411221,0.025484358432057666
2009-06-15,153.27101135253906,153.81646728515625,147.27108764648438,147.27108764648438,94.23190307617188,142378,-0.07145894254554848,163.45726852416993,-0.0070685478589340486,0.029602929196239205
2009-06-16,139.08935546875,144.2711181640625,137.72573852539062,139.08935546875,88.99679565429688,138528,-0.05715845040826051,161.87546768188477,-0.010246984196808856,0.031435485653570835
2009-06-17,137.45301818847656,140.45297241210938,129.54400634765625,129.54400634765625,82.88916778564453,167715,-0.07109593092204079,160.1027603149414,-0.01209568216440791,0.033903757763495954
2009-06-18,121.3622817993164,128.18038940429688,120.54411315917969,120.54411315917969,77.13055419921875,247539,-0.07200487052442665,157.53915252685547,-0.01772049658409931,0.034051638830722514
2009-06-19,112.6351089477539,122.72590637207031,112.36238098144531,122.72590637207031,78.52658081054688,373930,0.017937695060773296,155.15281600952147,-0.016425200115962987,0.03492368536278464
2009-06-22,122.72590637207031,125.99859619140625,117.54414367675781,125.4531478881836,80.2716064453125,99514,0.02197889996158729,153.0392032623291,-0.01451978849590473,0.03596473981064779
2009-06-23,134.18032836914062,134.18032836914062,125.72586822509766,134.18032836914062,85.85572052001953,92071,0.06725226409129585,151.37558555603027,-0.011075809471485763,0.040300855809377534
2009-06-24,142.90750122070312,143.45294189453125,139.36207580566406,143.45294189453125,91.78883361816406,158365,0.06682242100956856,150.21650733947754,-0.00748978890589711,0.04390887609155745
2009-06-25,152.72557067871094,153.27101135253906,149.99832153320312,153.27101135253906,98.07097625732422,131194,0.06620062012197465,149.5619686126709,-0.004097858970486695,0.04690288259449924
2009-06-26,161.99819946289062,163.63453674316406,153.27101135253906,153.27101135253906,98.07097625732422,264626,0.0,148.9756114959717,-0.0036863306783692707,0.046900821218903384
2009-06-29,147.27108764648438,158.1800537109375,146.18019104003906,146.18019104003906,93.53388214111328,99037,-0.04736762455835825,148.37561836242676,-0.003944695935671755,0.04713778607436063
2009-06-30,150.27105712890625,155.4528045654297,139.90753173828125,139.90753173828125,89.52030181884766,102007,-0.043858329126002564,147.32562980651855,-0.006992336185429908,0.04767330478107255
2009-07-01,140.7257080078125,149.452880859375,139.90753173828125,149.452880859375,95.62792205810547,55220,0.06599944814591087,146.7938175201416,-0.003437476817935329,0.050395074094038636
2009-07-02,159.81640625,159.81640625,151.36195373535156,159.81640625,102.25907897949219,174241,0.06704453050549021,146.466548538208,-0.0020069577221346843,0.05202588374541685
2009-07-03,159.81640625,163.63453674316406,152.998291015625,161.99819946289062,103.65510559082031,93134,0.013559525285033602,146.20746116638185,-0.0015742768950856244,0.05212229668709431
2009-07-06,155.99826049804688,166.36178588867188,155.4528045654297,163.63453674316406,104.70211029052734,86387,0.010050285932215693,146.20746116638185,-4.597017211338539e-18,0.05196610616140185
2009-07-07,160.9073028564453,163.63453674316406,154.90736389160156,155.99826049804688,99.81600952148438,60830,-0.04779065014241059,146.01655387878418,-0.0012090419462580729,0.0528186246102978
2009-07-08,156.27098083496094,158.1800537109375,149.452880859375,149.452880859375,95.62792205810547,67907,-0.04286369158032885,145.7847385406494,-0.001527520511305345,0.05306122556958542
2009-07-09,146.7256317138672,154.36190795898438,146.45291137695312,149.99832153320312,95.9769287109375,65047,0.003642939301510395,145.17110862731934,-0.003932158930486646,0.051589725608176415
2009-07-10,147.27108764648438,149.99832153320312,144.2711181640625,147.27108764648438,94.23190307617188,72967,-0.018349082153532197,144.62566032409669,-0.003572947127277421,0.05145624247766627
2009-07-13,137.72573852539062,145.63473510742188,137.72573852539062,137.9984588623047,88.29877471923828,112677,-0.06503250467108465,144.1620288848877,-0.00325162523355423,0.051028298027895456
2009-07-14,139.08935546875,144.2711181640625,138.54391479492188,141.8166046142578,90.74182891845703,60977,0.027292188643262355,144.2983913421631,0.0009709067190219134,0.049812405998994926
2009-07-15,140.45297241210938,147.27108764648438,140.45297241210938,144.54383850097656,92.48685455322266,94967,0.0190481360978354,145.0483829498291,0.005478110070015723,0.04694403136224654
2009-07-16,147.54380798339844,149.452880859375,143.1802215576172,149.452880859375,95.62792205810547,112494,0.03339832278200869,146.49382133483886,0.01074826973533749,0.04358387791517739
2009-07-17,148.08926391601562,152.18011474609375,145.08929443359375,150.81649780273438,96.50045776367188,62370,0.009082686511309975,147.89835090637206,0.010305519307864323,0.04355196511399508
2009-07-20,152.72557067871094,155.4528045654297,149.99832153320312,151.63467407226562,97.02395629882812,82427,0.005410316384163715,149.20742721557616,0.009477090128993147,0.04347574577200708
2009-07-21,157.0891571044922,157.6345977783203,144.54383850097656,154.0891876220703,98.594482421875,150738,0.016057407330633253,150.20287017822267,0.0069173472909600155,0.041350207228128516
2009-07-22,158.99822998046875,160.6345672607422,147.54380798339844,160.6345672607422,102.78256225585938,163608,0.04160044140888774,151.06195144653321,0.005656248310925974,0.03978193511341186
2009-07-23,161.7254638671875,165.8163299560547,152.72557067871094,152.72557067871094,97.72197723388672,199505,-0.05048936141723613,151.0346794128418,-0.00017825076603456488,0.03898402223999363
2009-07-24,155.4528045654297,163.36181640625,155.4528045654297,162.2709197998047,103.82959747314453,117737,0.06062462769348489,151.48467483520508,0.0028529806186396796,0.04128751359076014
2009-07-27,173.1798858642578,173.45260620117188,168.81629943847656,173.45260620117188,110.98423767089844,246622,0.06663711610070243,152.84829559326172,0.008553217651592714,0.041854993729510626
2009-07-28,179.99798583984375,183.5434112548828,174.8162384033203,182.4525146484375,116.74286651611328,353763,0.050585546493659414,154.97554473876954,0.013275411432575813,0.04094844875412484
2009-07-29,182.72523498535156,182.72523498535156,169.90719604492188,169.90719604492188,108.71569061279297,455478,-0.07123756308766684,155.99826049804688,0.006413560870896927,0.04309087863201897
2009-07-30,161.45274353027344,163.63453674316406,158.1800537109375,163.08909606933594,104.35311126708984,258246,-0.04095572924457073,156.16189498901366,0.00101354788339388,0.04184192367911998
2009-07-31,163.08909606933594,163.63453674316406,158.45277404785156,159.81640625,102.25907897949219,158108,-0.020270957667877485,156.05280532836915,-0.0006779762642516744,0.04199159597308854
2009-08-03,158.1800537109375,165.8163299560547,158.1800537109375,162.2709197998047,103.82959747314453,266862,0.015241587405753146,155.98462448120117,-0.00041841119057480164,0.04207735853983878
2009-08-04,168.81629943847656,173.45260620117188,167.72540283203125,168.81629943847656,108.01768493652344,442058,0.039543855289922006,156.62552642822266,0.003948314081041828,0.04142911883351309
2009-08-05,168.81629943847656,171.81626892089844,165.27088928222656,165.27088928222656,105.74913024902344,222459,-0.021225257232068244,157.41642684936522,0.005030235798454859,0.04041234802544851
2009-08-06,163.63453674316406,163.90725708007812,154.6346435546875,157.36187744140625,100.68852233886719,220295,-0.04903777604484629,157.78460464477538,0.0023962000311370238,0.042185468943898706
2009-08-07,157.36187744140625,157.36187744140625,157.36187744140625,157.36187744140625,100.68852233886719,0,0.0,158.28914413452148,0.0033136541388136343,0.041909176618009025
2009-08-10,155.4528045654297,166.08905029296875,154.36190795898438,163.63453674316406,104.70211029052734,230672,0.039087401798488776,159.57094802856446,0.008519649462292304,0.0393618292676244
2009-08-11,152.72557067871094,161.18002319335938,152.18011474609375,160.08912658691406,102.43355560302734,283326,-0.021904805364033084,160.48457412719728,0.006059799761927533,0.0396630150377355
2009-08-12,160.9073028564453,162.54364013671875,158.1800537109375,162.2709197998047,103.82959747314453,337227,0.013536581552537078,161.37092819213868,0.005784222034662617,0.0395870971797653
2009-08-13,162.27130126953125,162.27130126953125,162.27130126953125,162.27130126953125,103.82984161376953,0,2.350817254587166e-06,162.0118492126465,0.004114423436424913,0.03906186316654784
2009-08-14,162.27130126953125,162.27130126953125,162.27130126953125,162.27130126953125,103.82984161376953,0,0.0,162.58458938598633,0.003660289110859414,0.0390538589031527
2009-08-17,162.27130126953125,162.27130126953125,162.27130126953125,162.27130126953125,103.82984161376953,0,0.0,163.1164207458496,0.0033897732916512283,0.039059836387716707
2009-08-18,162.27130126953125,162.27130126953125,162.27130126953125,162.27130126953125,103.82984161376953,0,0.0,163.52552642822266,0.0025869029251195655,0.03895062674205768
2009-08-19,162.27130126953125,162.27130126953125,162.27130126953125,162.27130126953125,103.82984161376953,0,0.0,163.60736312866212,0.0005068808546751781,0.03785288780878979
2009-08-20,162.27130126953125,162.27130126953125,162.27130126953125,162.27130126953125,103.82984161376953,0,0.0,164.08464965820312,0.0030313489255369844,0.03590643001744882
2009-08-21,162.27130126953125,162.27130126953125,162.27130126953125,162.27130126953125,103.82984161376953,0,0.0,164.08466873168945,1.1754086274020032e-07,0.033249138222530755
2009-08-24,162.27130126953125,162.27130126953125,162.27130126953125,162.27130126953125,103.82984161376953,0,0.0,163.5256034851074,-0.0033317382641723813,0.029327626475566804
2009-08-25,162.27130126953125,162.27130126953125,162.27130126953125,162.27130126953125,103.82984161376953,0,0.0,162.51654281616212,-0.005861015588855352,0.026475575464763836
2009-08-26,155.6409912109375,155.6409912109375,151.0633087158203,151.0633087158203,96.65837097167969,366561,-0.07157062171457045,161.57434844970703,-0.005877668520200533,0.026518930334412955
2009-08-27,140.53465270996094,146.4856414794922,140.53465270996094,145.11233520507812,92.85061645507812,344497,-0.040190843939517655,160.67551040649414,-0.00583942425494788,0.026466179079450414
2009-08-28,135.4992218017578,149.23223876953125,135.4992218017578,146.4856414794922,93.7293472290039,288137,0.00941924524699479,160.00897216796875,-0.004354914109204265,0.026446765295300927
2009-08-31,136.4147491455078,156.5565185546875,136.4147491455078,155.6409912109375,99.58740997314453,301135,0.06062460343424061,159.6774757385254,-0.002085763307779892,0.02993372540733328
2009-09-01,147.85894775390625,162.96527099609375,147.85894775390625,162.04974365234375,103.68807983398438,412654,0.040351330972468805,159.33914794921876,-0.0020453895236525513,0.029993314732297705
2009-09-02,160.2186737060547,164.7963409423828,156.0987548828125,164.3385772705078,105.15259552001953,185137,0.014025447552049663,159.29253234863282,-0.0002828542844466564,0.029842263842440896
2009-09-03,162.04974365234375,167.08517456054688,162.04974365234375,166.62741088867188,106.61709594726562,421174,0.013831452109810016,159.75580902099608,0.002860607123286159,0.027668334332804776
2009-09-04,173.95169067382812,173.95169067382812,167.54295349121094,171.66285705566406,109.83905792236328,591675,0.029772172497162325,160.470858001709,0.004349215748144275,0.0283000166777745
2009-09-07,171.20509338378906,171.66285705566406,167.54295349121094,171.20509338378906,109.546142578125,149639,-0.002670205502007763,160.84938583374023,0.0022613353831194482,0.027117942935036082
2009-09-08,171.20509338378906,173.03616333007812,169.831787109375,171.66285705566406,109.83905792236328,213754,0.0026702055020078213,161.42807235717774,0.0034900859264214933,0.026515379856484115
2009-09-09,170.747314453125,174.4094696044922,169.3740234375,173.95169067382812,111.3035659790039,256898,0.013245201019248054,162.0121109008789,0.0034755168997570424,0.02650964865132495
2009-09-10,173.95169067382812,178.5293731689453,173.95169067382812,177.15606689453125,113.3539047241211,425106,0.018253457082405066,162.7563491821289,0.004388072213014567,0.026697267207010048
2009-09-11,175.7827606201172,184.4803466796875,174.8672332763672,184.0225830078125,117.7474594116211,350396,0.03802740587364555,163.84391326904296,0.0062894425066968435,0.0277034891034914
2009-09-14,182.64927673339844,192.7201690673828,181.27597045898438,192.2624053955078,123.01976776123047,431223,0.043802649902886376,165.3434684753418,0.008479575001841164,0.02888628603481409
2009-09-15,190.43133544921875,201.41775512695312,187.68472290039062,187.68472290039062,120.09068298339844,510521,-0.024097584486248356,166.61413955688477,0.007274695777528745,0.029748300567129963
2009-09-16,184.93812561035156,188.14248657226562,178.5293731689453,183.10704040527344,117.16165161132812,430458,-0.024692647142919803,167.6559265136719,0.006040063420382755,0.0305672423730867
2009-09-17,182.19151306152344,184.93812561035156,182.19151306152344,184.0225830078125,117.7474594116211,211570,0.004987581726281787,168.74349060058594,0.006289442506696845,0.03053570073883826
2009-09-18,189.5157928466797,196.84007263183594,189.5157928466797,196.84007263183594,125.94879913330078,304084,0.06733310117099066,170.47192916870117,0.009656097565246376,0.033384707516307434
2009-09-21,199.58668518066406,210.57310485839844,199.58668518066406,210.57310485839844,134.73590087890625,548313,0.06744129933261588,172.88701934814452,0.013028162531877172,0.03568481034909079
2009-09-22,210.57310485839844,217.8973846435547,205.99542236328125,205.99542236328125,131.80685424804688,1027158,-0.02197893731432514,175.07322540283204,0.011929215666160915,0.036437631241813
2009-09-23,208.28427124023438,211.9464111328125,191.80462646484375,196.38230895996094,125.65586853027344,384693,-0.047790631720592856,177.33917541503905,0.013118215165859795,0.03386683004827451
2009-09-24,195.92454528808594,201.41775512695312,192.7201690673828,198.21337890625,126.82749938964844,101143,0.009280806382807521,179.99422760009764,0.015591797681976053,0.031491668979390305
2009-09-25,196.84007263183594,201.41775512695312,192.2624053955078,194.55123901367188,124.4842529296875,92623,-0.018648553644075583,182.39750747680665,0.014188407737422531,0.032393704940508486
2009-09-28,193.6356964111328,194.09347534179688,189.5157928466797,189.5157928466797,121.26229858398438,125281,-0.026223207413100642,184.09124755859375,0.00984601719505547,0.03165383616189171
2009-09-29,186.76919555664062,186.76919555664062,182.19151306152344,184.0225830078125,117.7474594116211,217031,-0.029413876794319786,185.18988952636718,0.006357756806716042,0.031957823709066066
2009-09-30,184.0225830078125,187.68472290039062,183.10704040527344,187.68472290039062,120.09068298339844,120694,0.019705065416638138,186.35719680786133,0.006641737699945464,0.03205463402822323
2009-10-01,182.64927673339844,189.5157928466797,182.64927673339844,188.6002655029297,120.67652130126953,157175,0.004866228722585308,187.45583953857422,0.00619347653058423,0.032011456311351154
2009-10-02,188.6002655029297,191.80462646484375,184.0225830078125,188.6002655029297,120.67652130126953,144614,0.0,188.3027099609375,0.004704867905726114,0.031546138727424115
2009-10-05,194.09347534179688,194.09347534179688,188.6002655029297,189.5157928466797,121.26229858398438,116653,0.0048425826550963285,189.21824493408204,0.005080507313581318,0.03149839065385632
2009-10-06,192.2624053955078,196.84007263183594,190.43133544921875,196.84007263183594,125.94879913330078,114796,0.03791922437667087,190.47710571289062,0.00684295825731447,0.0323315641593567
2009-10-07,196.84007263183594,198.671142578125,184.93812561035156,194.09347534179688,124.19136047363281,83776,-0.014051710308443212,191.48419494628905,0.005478112690929906,0.03262192770168872
2009-10-08,192.2624053955078,198.671142578125,192.2624053955078,197.755615234375,126.53459167480469,146799,0.018692127188769354,192.51417236328126,0.005500046196248122,0.032631115523429885
2009-10-09,197.755615234375,197.755615234375,193.1779327392578,194.09347534179688,124.19136047363281,78860,-0.018692127188769402,193.01771697998046,0.0026640695431273736,0.032116056944620615
2009-10-12,201.41775512695312,201.41775512695312,194.09347534179688,197.755615234375,126.53459167480469,114577,0.018692127188769354,193.29237747192383,0.0014085434074215225,0.03089061352925243
2009-10-13,192.2624053955078,196.38230895996094,187.68472290039062,193.1779327392578,123.60554504394531,127138,-0.023420306388500827,193.5670379638672,0.0014424073123088987,0.030861538289966396
2009-10-14,193.1779327392578,197.755615234375,193.1779327392578,196.84007263183594,125.94879913330078,132818,0.01877988950817464,194.25368957519532,0.003616034144863621,0.030452128533511265
2009-10-15,196.84007263183594,199.12892150878906,193.1779327392578,199.12892150878906,127.4133071899414,202613,0.011560876753275384,195.00900650024414,0.003944698896213301,0.03050314003088955
2009-10-16,198.671142578125,199.12892150878906,195.46678161621094,199.12892150878906,127.4133071899414,97975,0.0,195.1234489440918,0.000578043837663768,0.026605473579999244
2009-10-19,198.671142578125,199.58668518066406,195.92454528808594,199.58668518066406,127.70620727539062,113267,0.0022961924004215634,194.5741279602051,-0.002679211508945948,0.02148345276957034
2009-10-20,199.58668518066406,202.7910614013672,196.84007263183594,198.21337890625,126.82749938964844,221400,-0.006904532473191455,194.1850257873535,-0.0019254912668892634,0.021030364203577526
2009-10-21,194.09347534179688,201.41775512695312,194.09347534179688,198.671142578125,127.12041473388672,318829,0.002306786231687587,194.29946746826172,0.0005793796307247586,0.018052644728069354
2009-10-22,198.671142578125,199.12892150878906,194.55123901367188,198.671142578125,127.12041473388672,238112,0.0,194.32235565185547,0.00011533931158438256,0.01793610859156349
2009-10-23,195.00900268554688,201.41775512695312,195.00900268554688,200.50221252441406,128.29200744628906,299715,0.00917437382111071,194.6199043273926,0.001506485684843697,0.01747728224614286
2009-10-26,192.2624053955078,204.1643524169922,192.2624053955078,201.41775512695312,128.87782287597656,233196,0.004555853203594992,195.21500244140626,0.003045438715678479,0.016216703107487324
2009-10-27,201.87551879882812,207.3687286376953,201.87551879882812,205.07989501953125,131.2210693359375,276887,0.018018500091469693,196.2678680419922,0.0054170575599679525,0.01460847198066067
2009-10-28,204.62213134765625,213.31971740722656,204.62213134765625,210.57310485839844,134.73590087890625,457765,0.02643324930424739,197.41228713989258,0.005753466754348416,0.01502631261029515
2009-10-29,205.99542236328125,213.31971740722656,203.2488250732422,210.57310485839844,134.73590087890625,490532,0.0,198.51092910766602,0.00551015531821915,0.015080734523946605
2009-10-30,210.57310485839844,217.8973846435547,207.82650756835938,215.15078735351562,137.6649627685547,348320,0.021506234514574202,199.8384552001953,0.0065854670439478595,0.015429857170483187
2009-11-02,200.50221252441406,207.82650756835938,200.50221252441406,205.99542236328125,131.80685424804688,367872,-0.0434851718288994,200.66243667602538,0.004169079319748074,0.01907158535650357
2009-11-03,205.99542236328125,212.4041748046875,204.1643524169922,210.57310485839844,134.73590087890625,212880,0.02197893731432514,201.3490882873535,0.0033720649666307877,0.017882947044659463
2009-11-04,217.8973846435547,225.22166442871094,213.31971740722656,225.22166442871094,144.1088409423828,464755,0.06725220815696749,202.9054977416992,0.007437260889901323,0.022387454776856296
2009-11-05,240.7857666015625,240.7857666015625,235.2925567626953,237.58139038085938,152.01724243164062,2368669,0.05342516863167564,204.89678649902345,0.009173912962046638,0.02454926403763059
2009-11-06,237.58139038085938,240.3280029296875,229.34158325195312,233.46148681640625,149.38111877441406,985325,-0.017493136290874567,206.8651870727539,0.009233862506941378,0.02447899676974326
2009-11-09,238.03916931152344,238.95469665527344,232.5459442138672,233.46148681640625,149.38111877441406,475896,0.0,208.65048065185547,0.00829925614750291,0.02445569575167613
2009-11-10,235.7503204345703,238.03916931152344,235.7503204345703,238.03916931152344,152.3101806640625,603144,0.019418112252047,210.89354248046874,0.010441177079530304,0.02338384715465089
2009-11-11,239.8702392578125,239.8702392578125,236.66586303710938,239.8702392578125,153.48179626464844,431987,0.0076628702989275784,213.04505081176757,0.009885326119067948,0.023307201626021075
2009-11-12,239.41246032714844,239.41246032714844,233.91925048828125,234.8347930908203,150.2598419189453,588398,-0.021215848574373555,214.83034439086913,0.008246489852685503,0.024313789910371475
2009-11-13,233.46148681640625,235.2925567626953,230.71487426757812,231.6304168701172,148.20950317382812,500035,-0.013739188082486179,216.45541915893554,0.007559530448561193,0.02474924176534272
2009-11-16,230.71487426757812,232.5459442138672,228.88380432128906,232.0881805419922,148.50241088867188,489440,0.0019743172826099556,218.08049392700195,0.007543436692670613,0.024752948883069156
2009-11-17,233.46148681640625,233.46148681640625,226.594970703125,227.51051330566406,145.57337951660156,388515,-0.019920938338190253,219.54535064697265,0.006892616399420673,0.0253174974146598
2009-11-18,227.51051330566406,230.25711059570312,227.51051330566406,230.25711059570312,147.33079528808594,435810,0.012000107068766412,221.12464904785156,0.007377282441274615,0.025317870150976515
2009-11-19,229.79934692382812,246.2789764404297,229.79934692382812,241.70130920410156,154.6533966064453,1199298,0.04850614761932173,223.2761573791504,0.009802589822240701,0.026850868228072266
2009-11-20,243.37408447265625,246.74090576171875,240.48822021484375,240.9691925048828,154.18495178222656,834448,-0.003033610954414988,225.29950637817382,0.009192190583464415,0.027004224833050886
2009-11-23,240.9691925048828,240.9691925048828,224.13502502441406,229.90673828125,147.10659790039062,988406,-0.04699535243158095,226.72395553588868,0.006614630301705618,0.02978696557352673
2009-11-24,229.90673828125,230.8686981201172,225.0969696044922,227.9828338623047,145.87557983398438,504390,-0.008403404915540072,227.86910247802734,0.0052935350513551305,0.02984044440713011
2009-11-25,223.17306518554688,230.38771057128906,222.21112060546875,230.38771057128906,147.41433715820312,378604,0.010493251822407448,228.85983276367188,0.004496535177263133,0.029456511822028332
2009-11-26,230.38771057128906,231.8306427001953,228.46380615234375,228.46380615234375,146.183349609375,125473,-0.008385787659500273,229.75436782836914,0.00407724579428812,0.02958329456319396
2009-11-27,223.17306518554688,223.65403747558594,214.51548767089844,214.51548767089844,137.25845336914062,500440,-0.06299586084984699,229.72260284423828,-0.00014785897393293919,0.03282028962320981
2009-11-30,217.40135192871094,219.32525634765625,209.22474670410156,216.43939208984375,138.48947143554688,828522,0.008928624737649063,230.24480133056642,0.0024728308543944836,0.031231863263785
2009-12-01,216.43939208984375,216.43939208984375,209.22474670410156,210.6676788330078,134.79641723632812,489317,-0.02702865403883063,230.24953002929686,2.2451286736695394e-05,0.03154188409817771
2009-12-02,211.629638671875,214.03451538085938,211.14865112304688,212.11061096191406,135.7196807861328,849313,0.006825978373981615,229.59397735595704,-0.0029988602024125987,0.027383052679100878
2009-12-03,212.59158325195312,213.5535430908203,211.629638671875,211.629638671875,135.4119415283203,673941,-0.002270128915115772,228.2963897705078,-0.005783625079752169,0.02396111061642621
2009-12-04,213.5535430908203,218.36329650878906,213.5535430908203,214.99647521972656,137.56622314453125,901603,0.0157838741532871,227.37313919067384,-0.004119774557544085,0.024258734744458922
2009-12-07,216.43939208984375,229.90673828125,216.43939208984375,229.90673828125,147.10659790039062,2314874,0.06705210729150848,227.195401763916,-0.0007671691929686614,0.029023495913299793
2009-12-08,236.15943908691406,245.77896118164062,231.8306427001953,245.77896118164062,157.2624969482422,2259466,0.06675885927082718,227.58239135742187,0.0015998681579703481,0.032480896897635184
2009-12-09,250.1077423095703,257.8033752441406,248.183837890625,249.1457977294922,159.4167938232422,2190751,0.013605657928530824,228.04616928100586,0.0018970075394505106,0.03256635150696954
2009-12-10,250.1077423095703,250.1077423095703,232.7926025390625,236.64041137695312,151.4151611328125,1210350,-0.05149652078795407,228.1364501953125,0.00038297392877148506,0.034352351143821715
2009-12-11,237.60235595703125,241.93115234375,234.7165069580078,238.56431579589844,152.64617919921875,691406,0.008097204512538576,228.48314514160157,0.0014747935585227227,0.03422666630798832
2009-12-14,238.56431579589844,240.48822021484375,235.67845153808594,236.15943908691406,151.10740661621094,620508,-0.01013177561268487,228.68670806884765,0.0008694889137579812,0.03432427719507678
2009-12-15,219.8062286376953,227.0208740234375,219.8062286376953,222.21112060546875,142.1825408935547,5408580,-0.06087924258662122,228.4217384338379,-0.001178426298663567,0.03676507849388352
2009-12-16,221.24916076660156,225.0969696044922,214.03451538085938,223.17306518554688,142.79803466796875,2537650,0.004319623850698334,228.0675361633301,-0.0015624504595669708,0.03666014202973908
2009-12-17,221.24916076660156,224.61599731445312,220.28721618652344,220.7681884765625,141.25927734375,1394974,-0.010834317438581473,227.02088012695313,-0.004529473712462131,0.034745990092912744
2009-12-18,218.36329650878906,220.7681884765625,217.88232421875,220.7681884765625,141.25927734375,669055,0.0,226.0108299255371,-0.004377793164741382,0.034759482697190064
2009-12-21,221.24916076660156,224.61599731445312,219.32525634765625,220.7681884765625,141.25927734375,928215,0.0,225.55390243530275,-0.0020280255431623343,0.03328401834591357
2009-12-22,224.61599731445312,226.05892944335938,222.6920928955078,224.13502502441406,143.41354370117188,1195588,0.015135430442830373,225.36151199340821,-0.0008510837752438119,0.033462411424502674
2009-12-23,226.53990173339844,239.52626037597656,226.53990173339844,239.52626037597656,153.26168823242188,3178949,0.0664143969664856,225.81843948364258,0.001944973481960096,0.036645182647470964
2009-12-24,250.1077423095703,255.8794708251953,250.1077423095703,255.8794708251953,163.725341796875,2466752,0.06604345901731608,227.18922271728516,0.005666435815800913,0.03922903355409912
2009-12-25,271.2707214355469,273.67559814453125,262.6131286621094,273.67559814453125,175.11224365234375,7124777,0.06723694006856626,230.1472282409668,0.012178075861721576,0.03802202359503713
2009-12-28,272.232666015625,283.7760925292969,270.3087463378906,275.1185302734375,176.03553771972656,4415600,0.00525856739074363,233.0811851501465,0.011994572994376305,0.03804737938675615
2009-12-29,275.1185302734375,294.3575744628906,270.3087463378906,289.5478210449219,185.26815795898438,4161950,0.0511184443474444,237.0251922607422,0.015901927913690057,0.0378410631165696
2009-12-30,288.58587646484375,296.281494140625,283.7760925292969,294.3575744628906,188.34567260742188,2930289,0.016474799659997635,241.137540435791,0.01638436897799086,0.03778072150576812
2009-12-31,297.2434387207031,314.55859375,294.83856201171875,314.55859375,201.27137756347656,3842807,0.06637509843047733,246.28398818969725,0.019816630345270515,0.03909216492376712
2010-01-04,312.6346740722656,314.55859375,298.6863708496094,304.9390563964844,195.11627197265625,3049629,-0.03105842487032207,250.78111724853517,0.017474515394090052,0.0407159918678721
2010-01-05,306.86297607421875,326.1020202636719,302.5341796875,314.0776062011719,200.963623046875,4566855,0.02952816732955143,254.98966064453126,0.0155983183959922,0.039145476639291334
2010-01-06,316.48248291015625,327.06396484375,316.48248291015625,323.6971435546875,207.11871337890625,3194855,0.030168227655550387,258.8855697631836,0.013768786815228359,0.037446759456561944
2010-01-07,323.6971435546875,329.9498291015625,315.0395812988281,315.5205383300781,201.8868865966797,2968440,-0.025584558952664916,262.2043067932129,0.011809275971168574,0.038467212039187584
2010-01-08,313.11566162109375,314.55859375,300.1293029785156,307.8249206542969,196.9628143310547,2874465,-0.024692595664132247,265.7635322570801,0.013149472227359665,0.03656547253234439
2010-01-11,303.0151672363281,310.7107849121094,303.0151672363281,305.4200439453125,195.424072265625,1749669,-0.007843159506646387,269.10631866455077,0.012352454026400415,0.036853980907989886
2010-01-12,303.97711181640625,326.1020202636719,298.6863708496094,317.4444580078125,203.1178741455078,3994686,0.03861484521141812,273.1705696105957,0.014789785067605565,0.0369006227466824
2010-01-13,308.786865234375,321.7732238769531,307.8249206542969,307.8249206542969,196.9628143310547,2602934,-0.030771685704771675,277.4512596130371,0.016295162911698045,0.0341638357935951
2010-01-14,307.8249206542969,313.5966491699219,302.5341796875,306.86297607421875,196.3472900390625,1785742,-0.0031298659709096278,281.6357551574707,0.01592268842061765,0.0343414199142893
2010-01-15,312.6346740722656,328.02593994140625,310.7107849121094,326.1020202636719,208.65750122070312,2907003,0.06080896205791739,286.9024467468262,0.019504852395442588,0.03513098163078165
2010-01-18,319.36834716796875,328.9878845214844,318.4064025878906,327.06396484375,209.2729949951172,2396479,0.002945484907320368,292.21723556518555,0.019652126640808606,0.035050993774541316
2010-01-19,322.25421142578125,325.14007568359375,304.4580993652344,307.34393310546875,196.65509033203125,2969895,-0.06218833911993281,296.54602279663084,0.016542709684811967,0.03937749651593011
2010-01-20,307.34393310546875,312.6346740722656,300.1293029785156,307.34393310546875,196.65509033203125,1537601,0.0,300.7064682006836,0.01578593816267045,0.03955102244436341
2010-01-21,296.281494140625,301.09124755859375,286.18096923828125,286.18096923828125,183.1138458251953,3492374,-0.0713430535045898,303.0392036437988,0.008898065639116678,0.042178036652657576
2010-01-22,270.78973388671875,283.7760925292969,270.78973388671875,278.00439453125,177.88206481933594,1950823,-0.028987449054267932,304.14544982910155,0.0041465202355374774,0.040729480662933755
2010-01-25,270.3087463378906,277.04241943359375,269.3468017578125,272.232666015625,174.18899536132812,1402667,-0.02097983081006973,304.07330322265625,-0.00026431830839432227,0.03823799695764202
2010-01-26,278.00439453125,280.8902282714844,264.53704833984375,265.4989929199219,169.8804168701172,2139397,-0.025046042892498486,303.59232635498046,-0.001779548822556428,0.03860628320283729
2010-01-27,265.4989929199219,270.78973388671875,247.22189331054688,250.1077423095703,160.0322723388672,2459372,-0.059719253269537004,301.6203224182129,-0.007321433703405498,0.03856847557905713
2010-01-28,252.9936065673828,261.1701965332031,247.22189331054688,260.208251953125,166.49513244628906,1866099,0.03959048520152457,299.9128562927246,-0.006165649426329151,0.039650293374177574
2010-01-29,254.91751098632812,256.8414306640625,249.1457977294922,252.51263427734375,161.57106018066406,1134151,-0.030020995255909462,296.8105583190918,-0.01098545411064849,0.0360650556995586
2010-02-01,257.3223876953125,260.6892395019531,254.43653869628906,255.8794708251953,163.725341796875,1028948,0.013245232315741179,294.35757904052736,-0.008770271251345328,0.036127797955536535
2010-02-02,261.65118408203125,263.5751037597656,250.58872985839844,250.58872985839844,160.3400421142578,1143195,-0.020893447702735626,291.18313522338866,-0.011291352002959682,0.03505801354718605
2010-02-03,254.91751098632812,258.76531982421875,250.1077423095703,254.91751098632812,163.10983276367188,855239,0.01712693767873314,287.7441535949707,-0.011943416501800544,0.03436064199233143
2010-02-04,256.8414306640625,261.1701965332031,254.43653869628906,257.8033752441406,164.9563446044922,610736,0.011257176412916438,284.8582954406738,-0.010101329733521475,0.034577709366288276
2010-02-05,243.37408447265625,249.1457977294922,240.0072479248047,240.0072479248047,153.56944274902344,1367530,-0.07152806033755302,281.46741180419923,-0.012443102967192515,0.03711107216611562
2010-02-08,229.90673828125,229.90673828125,220.28721618652344,220.7681884765625,141.25927734375,1201098,-0.08355589247799321,277.23481903076174,-0.016228739615759855,0.040338469509182635
2010-02-09,220.28721618652344,231.34967041015625,220.28721618652344,228.46380615234375,146.183349609375,1645714,0.03426457011061385,272.7857864379883,-0.01644625337080007,0.040037784529298986
2010-02-10,232.7926025390625,244.33602905273438,231.34967041015625,244.33602905273438,156.33924865722656,2067149,0.06716664591036771,269.61134185791013,-0.011549336790043097,0.04398789467745737
2010-02-22,251.55067443847656,252.03164672851562,245.29798889160156,248.183837890625,158.80125427246094,1582717,0.01562530725269037,266.6773849487305,-0.010611578128863099,0.04437504552928086
2010-02-23,245.29798889160156,250.1077423095703,240.0072479248047,243.8550567626953,156.031494140625,1041319,-0.017595734241759906,262.56503677368164,-0.014531812943846964,0.04107391841465103
2010-02-24,242.89309692382812,250.1077423095703,241.45018005371094,244.81700134277344,156.64697265625,950774,0.0039369790296716325,258.4526885986328,-0.0144822382377294,0.041096715125797253
2010-02-25,245.77896118164062,246.2599334716797,229.90673828125,229.90673828125,147.10659790039062,1791563,-0.0628372571983366,254.58082885742186,-0.01451468414164959,0.041136598272387324
2010-02-26,230.8686981201172,233.75454711914062,227.0208740234375,228.9447784423828,146.49107360839844,879980,-0.004192908656139661,250.66087112426757,-0.014724329574456574,0.04106936276487383
2010-03-01,236.64041137695312,244.81700134277344,233.75454711914062,244.81700134277344,156.64697265625,1224904,0.06703016585447633,248.5926727294922,-0.007805668606503266,0.04265400507629072
2010-03-02,257.8033752441406,257.8033752441406,250.1077423095703,252.9936065673828,161.87881469726562,1928057,0.03285321976729689,247.34213333129884,-0.004713635165425026,0.04327463265480462
2010-03-03,252.9936065673828,254.91751098632812,245.77896118164062,249.1457977294922,159.4167938232422,1436556,-0.015325959766275484,246.1877899169922,-0.004430941613235313,0.04318114646862516
2010-03-04,254.91751098632812,254.91751098632812,243.37408447265625,244.81700134277344,156.64697265625,904929,-0.017527260001021325,245.15369033813477,-0.004055002468661455,0.043024669390028504
2010-03-05,247.22189331054688,251.0697021484375,247.22189331054688,249.1457977294922,159.4167938232422,759392,0.017527260001021408,245.10559310913087,-0.00019267680513353463,0.041192906512349685
2010-03-08,249.1457977294922,266.4609375,249.1457977294922,266.4609375,170.4959259033203,2490766,0.06718939872031131,245.4182273864746,0.001187268870805802,0.04301763072659635
2010-03-09,267.90386962890625,270.78973388671875,263.5751037597656,268.3848571777344,171.72694396972656,1991677,0.007194327767423503,246.21183853149415,0.00304803502197245,0.042397054581572786
2010-03-10,272.232666015625,272.232666015625,265.01800537109375,270.3087463378906,172.95797729492188,1275634,0.007142826004701303,246.9333023071289,0.002742914706420457,0.04234172821664308
2010-03-11,273.67559814453125,288.58587646484375,273.67559814453125,281.3712158203125,180.0363311767578,2456981,0.04011003960290594,248.4724266052246,0.005793089071702536,0.04274475661349368
2010-03-12,282.3331604003906,282.3331604003906,275.5994873046875,278.00439453125,177.88206481933594,819790,-0.012037929020565732,249.62677078247071,0.0043348457367375914,0.04283513667814367
2010-03-15,283.7760925292969,283.7760925292969,274.6375427246094,275.1185302734375,176.03553771972656,744319,-0.010434897251438948,250.49252853393554,0.0032502420535198222,0.042925166887100505
2010-03-16,278.4853515625,290.509765625,276.0804748535156,288.58587646484375,184.65264892578125,1567228,0.04779068306338298,252.9214599609375,0.009216179223566623,0.04018970629137098
2010-03-17,296.281494140625,298.20538330078125,289.06683349609375,293.3956298828125,187.73020935058594,2291172,0.016529263812338265,256.55283203125,0.014220437038083197,0.033744402527535695
2010-03-18,295.8005065917969,313.5966491699219,293.3956298828125,308.786865234375,197.57835388183594,3324799,0.05112931152686626,260.56898498535156,0.015063674108895817,0.034474465078949426
2010-03-19,305.9010009765625,308.305908203125,303.4961242675781,303.97711181640625,194.50079345703125,1416701,-0.015698873889042446,263.55103912353513,0.010920398118925308,0.03282294293655736
2010-03-22,302.0531921386719,306.86297607421875,295.31951904296875,297.72442626953125,190.49998474121094,2173807,-0.02078409389031358,266.02806854248047,0.009099928061775111,0.03354990195008091
2010-03-23,303.0151672363281,312.6346740722656,300.1293029785156,301.09124755859375,192.65428161621094,1312850,0.01124505224013256,268.8898780822754,0.010541967385869735,0.03295665104985184
2010-03-24,305.9010009765625,309.74884033203125,286.6619567871094,289.06683349609375,184.96038818359375,2795459,-0.04075544769556332,271.1023696899414,0.008307346049607988,0.034886737332578424
2010-03-25,294.3575744628906,297.72442626953125,289.06683349609375,297.2434387207031,190.19219970703125,1304845,0.02789354290955549,274.4692047119141,0.01284388605500259,0.03080931593925547
2010-03-26,298.20538330078125,300.1293029785156,290.509765625,294.83856201171875,188.65347290039062,1240601,-0.008123502930584817,277.76389389038087,0.012647356341280336,0.030935987876945764
2010-03-29,298.20538330078125,305.9010009765625,294.83856201171875,294.83856201171875,188.65347290039062,1570451,0.0,280.2649719238281,0.009295848048556517,0.02824841408466845
2010-03-30,303.0151672363281,303.0151672363281,295.31951904296875,296.281494140625,189.57672119140625,1169703,0.004882037006950276,282.4293663024902,0.007897288910539186,0.0277079673892627
2010-03-31,295.31951904296875,296.762451171875,290.509765625,291.4717102050781,186.49916076660156,936844,-0.01636704409254584,284.54566192626953,0.00784523469422567,0.027754830840011263
2010-04-01,293.3956298828125,300.1293029785156,293.3956298828125,296.281494140625,189.57672119140625,1144650,0.016367044092545833,287.11888656616213,0.009539949898904028,0.02715229816778796
2010-04-02,297.2434387207031,301.5722351074219,293.8766174316406,296.762451171875,189.88442993164062,851289,0.0016219949313910533,289.4997192382813,0.008744686645422509,0.02713896658177779
2010-04-06,298.20538330078125,304.9390563964844,296.762451171875,303.97711181640625,194.50079345703125,2011429,0.024020417428432323,291.3755279541016,0.006586237580828559,0.023751268298057144
2010-04-07,305.4200439453125,305.9010009765625,297.2434387207031,297.72442626953125,190.49998474121094,1467223,-0.02078409389031358,292.8425064086914,0.005187316497941706,0.024524915190369853
2010-04-08,297.2434387207031,301.09124755859375,291.4717102050781,293.8766174316406,188.03793334960938,1121988,-0.0130083039505494,294.0208999633789,0.004179760000179171,0.02485210043114295
2010-04-09,293.3956298828125,294.3575744628906,286.6619567871094,286.6619567871094,183.42161560058594,986638,-0.02485634002124386,294.2854370117187,0.0009314410189716803,0.024144291696516672
2010-04-12,290.509765625,297.72442626953125,289.5478210449219,295.8005065917969,189.26895141601562,1083940,0.03138159225911525,295.1752426147461,0.0031024170829557296,0.024858265615623105
2010-04-13,296.281494140625,297.2434387207031,286.18096923828125,287.1429443359375,183.72940063476562,968862,-0.02970510723592321,295.7764633178711,0.0021389065837315166,0.02576742307012751
2010-04-14,281.8522033691406,283.7760925292969,276.0804748535156,277.5234069824219,177.57427978515625,2188256,-0.034074876539779496,295.22333984375,-0.0019543713964266076,0.024610114140045766
2010-04-15,283.2951354980469,283.2951354980469,278.9663391113281,281.3712158203125,180.0363311767578,769268,0.013769571137153646,294.622119140625,-0.0020923560301858387,0.024508552153784904
2010-04-16,281.8522033691406,283.7760925292969,275.5994873046875,277.04241943359375,177.2665252685547,1109721,-0.015504217040396763,293.03489685058594,-0.005424032458548989,0.021198366628436667
2010-04-19,269.3468017578125,274.1565856933594,257.8033752441406,257.8033752441406,164.9563446044922,1917973,-0.07197345030200393,290.72621002197263,-0.008237761279197064,0.025856848281417672
2010-04-20,259.7272644042969,262.6131286621094,259.2463073730469,259.7272644042969,166.1873779296875,1024998,0.007434914477113535,288.82635192871095,-0.006826810860825708,0.025906067303593922
2010-04-21,262.1321716308594,275.1185302734375,262.1321716308594,275.1185302734375,176.03553771972656,1001608,0.057569926593282465,287.5277160644531,-0.004510567143168213,0.029437185577027025
2010-04-22,274.1565856933594,286.6619567871094,272.232666015625,284.738037109375,182.19056701660156,1459946,0.034367565556766635,287.3112762451172,-0.0007544164805517145,0.029361677923515683
2010-04-23,286.18096923828125,286.6619567871094,280.4092712402344,283.7760925292969,181.5750732421875,1106810,-0.0033840689190923093,286.6379089355469,-0.0023182970719841044,0.02857800914196476
2010-04-26,286.18096923828125,288.58587646484375,280.8902282714844,281.3712158203125,180.0363311767578,1081030,-0.008510670365669628,285.96454162597655,-0.002337655443738345,0.028582279291880987
2010-04-27,282.3331604003906,282.3331604003906,272.232666015625,274.1565856933594,175.42001342773438,543685,-0.02597542646473132,284.9304428100586,-0.003636426766974911,0.02905668737931779
2010-04-28,264.53704833984375,277.5234069824219,262.6131286621094,274.1565856933594,175.42001342773438,844428,0.0,283.82419738769534,-0.003880528617322425,0.029001813199237392
2010-04-29,276.0804748535156,276.56146240234375,269.3468017578125,269.3468017578125,172.34243774414062,475595,-0.017699648658665943,282.717951965332,-0.003947158845628429,0.029033523660075694
2010-04-30,271.2707214355469,274.6375427246094,265.01800537109375,265.97998046875,170.18820190429688,651695,-0.012578730575491172,281.20287628173827,-0.0053944475790302805,0.02868697551727056
2010-05-03,264.53704833984375,265.4989929199219,259.7272644042969,260.6892395019531,166.80287170410156,668223,-0.020091999870997832,279.3992156982422,-0.006480147319149724,0.028818051197488495
2010-05-04,261.65118408203125,266.9419250488281,261.65118408203125,263.0941162109375,168.34165954589844,607929,0.009182779795073159,277.3550659179688,-0.007222029200817682,0.02817534988615456
2010-05-05,255.8794708251953,258.76531982421875,254.91751098632812,255.8794708251953,163.725341796875,785381,-0.02780530795650156,275.26281814575196,-0.007573089904127081,0.028396101823166646
2010-05-06,255.8794708251953,258.28436279296875,238.56431579589844,245.29798889160156,156.95474243164062,1002128,-0.04223276385712677,272.83388671875,-0.009034312899455952,0.029423836890876843
2010-05-07,230.8686981201172,243.37408447265625,230.8686981201172,243.37408447265625,155.7237091064453,1184361,-0.007874050775895718,270.6694931030273,-0.008185198437188543,0.029187299985826316
2010-05-10,245.29798889160156,260.208251953125,245.29798889160156,260.208251953125,166.49513244628906,694940,0.06688257757319066,268.88988037109374,-0.006410149171484772,0.03260020600517375
2010-05-11,264.53704833984375,270.3087463378906,260.208251953125,261.1701965332031,167.1106414794922,1212117,0.003690009337250421,267.591242980957,-0.004740393342826091,0.03219700185465656
2010-05-12,264.53704833984375,264.53704833984375,255.8794708251953,256.3604431152344,164.0330810546875,692653,-0.018587853676003827,266.53309478759763,-0.003966042199637308,0.03163570559346698
2010-05-13,262.1321716308594,264.53704833984375,259.2463073730469,261.1701965332031,167.1106414794922,723424,0.01858785367600396,265.5230438232422,-0.0037251280726947915,0.03179581646259683
2010-05-14,259.7272644042969,263.5751037597656,259.2463073730469,261.65118408203125,167.4183807373047,330369,0.0018399694517473746,264.75348205566405,-0.002857918748087585,0.03169400348333679
2010-05-17,258.76531982421875,259.7272644042969,250.1077423095703,252.51263427734375,161.57106018066406,731636,-0.035550974044907334,264.4889450073242,-0.0010367949352327551,0.02838757753059853
2010-05-18,252.51263427734375,252.51263427734375,239.0452880859375,241.93115234375,154.8004608154297,1519097,-0.042808092972423904,263.59913940429686,-0.0035489453077096273,0.029787042478342476
2010-05-19,228.9447784423828,235.19747924804688,225.0969696044922,234.2355194091797,149.8763885498047,2509270,-0.03232608884849604,261.554988861084,-0.008043746079798552,0.0267016980544474
2010-05-20,235.19747924804688,240.48822021484375,233.75454711914062,234.2355194091797,149.8763885498047,1079158,0.0,259.02986297607424,-0.009762124357636884,0.024871838777149904
2010-05-21,224.13502502441406,232.7926025390625,223.17306518554688,228.9447784423828,146.49107360839844,716043,-0.022846270082863895,256.28829727172854,-0.010735234415825464,0.024989613983085777
2010-05-24,235.19747924804688,236.64041137695312,230.8686981201172,234.7165069580078,150.1841583251953,690990,0.024897600242235033,253.95556182861327,-0.00906482088543023,0.02623184076326243
2010-05-25,232.7926025390625,234.7165069580078,223.65403747558594,230.8686981201172,147.7221221923828,714068,-0.01652929003281297,251.79116744995116,-0.008592514063834314,0.0259953114909036
2010-05-26,233.75454711914062,246.74090576171875,230.8686981201172,246.74090576171875,157.87799072265625,1194964,0.06648967904098314,250.42038345336914,-0.005268030111785156,0.03093442021201443
2010-05-27,246.2599334716797,250.1077423095703,240.0072479248047,250.1077423095703,160.0322723388672,951501,0.013552972707763372,249.45843048095702,-0.00370539904346369,0.03106248152687443
2010-05-28,254.43653869628906,254.43653869628906,245.77896118164062,249.1457977294922,159.4167938232422,857318,-0.003853536102671147,248.61672134399413,-0.003269139319822689,0.030992492210315185
2010-05-31,249.1457977294922,253.95556640625,246.74090576171875,253.95556640625,162.49432373046875,628201,0.019121058149801088,248.280037689209,-0.0013084864187827426,0.031112348203820632
2010-06-01,250.1077423095703,252.51263427734375,246.2599334716797,246.2599334716797,157.57025146484375,489109,-0.030771698097196806,247.4383285522461,-0.0033062103133962408,0.031680794584677985
2010-06-02,242.41212463378906,248.66482543945312,239.52626037597656,241.93115234375,154.8004608154297,622171,-0.017734426976741855,246.74091262817382,-0.002802666264408256,0.03134920353507473
2010-06-03,250.1077423095703,252.03164672851562,246.74090576171875,247.22189331054688,158.18576049804688,525805,0.021633095600837503,246.83710784912108,0.00039062670848995804,0.0303584811222375
2010-06-04,252.03164672851562,252.51263427734375,247.70286560058594,251.55067443847656,160.95555114746094,518944,0.01735817123064052,247.2459373474121,0.00165223780881677,0.0305208035752981
2010-06-07,242.41212463378906,243.8550567626953,239.0452880859375,243.8550567626953,156.031494140625,396589,-0.031070438938033202,246.42827758789062,-0.003245413016744423,0.027178654784763324
2010-06-08,242.41212463378906,244.81700134277344,240.9691925048828,240.9691925048828,154.18495178222656,249492,-0.011904925737084222,245.4182273864746,-0.004025159770461155,0.027192910472753188
2010-06-09,240.48822021484375,243.37408447265625,232.31161499023438,234.7165069580078,150.1841583251953,483599,-0.026290660845485436,244.33603057861328,-0.0044103001289352356,0.027463226170381574
2010-06-10,238.56431579589844,240.48822021484375,234.7165069580078,240.48822021484375,153.877197265625,455739,0.02429267540655189,243.30193176269532,-0.00412505904240784,0.027742865862123114
2010-06-11,247.22189331054688,247.70286560058594,240.0072479248047,240.48822021484375,153.877197265625,440666,0.0,242.24378356933593,-0.004217057514995208,0.027725089142678072
2010-06-14,242.89309692382812,243.8550567626953,240.48822021484375,240.48822021484375,153.877197265625,329745,0.0,241.64256286621094,-0.0024395088127498413,0.0267323049714284
2010-06-15,243.37408447265625,245.29798889160156,242.41212463378906,244.33602905273438,156.33924865722656,588802,0.015873338165087184,241.76280670166017,0.0004945627441257131,0.025247478990337698
2010-06-17,248.183837890625,260.6892395019531,247.22189331054688,257.8033752441406,164.9563446044922,2225680,0.05365273679456476,242.9411994934082,0.004793504026278752,0.026646069213861288
2010-06-18,256.3604431152344,258.28436279296875,254.43653869628906,256.8414306640625,164.3408660888672,940586,-0.0037382897457974218,244.07149505615234,0.004606589538988882,0.02669453144279392
2010-06-21,259.7272644042969,261.65118408203125,257.3223876953125,259.7272644042969,166.1873779296875,944328,0.011173204222910972,245.61061935424806,0.006307563254277626,0.025925964292520424
2010-06-22,259.7272644042969,259.7272644042969,255.8794708251953,257.3223876953125,164.64859008789062,462288,-0.00930237179808448,246.74091339111328,0.00459756465226165,0.025762636713487188
2010-06-23,259.7272644042969,262.6131286621094,257.3223876953125,258.76531982421875,165.57186889648438,1123443,0.005591824287773059,248.13574447631837,0.005703620368290951,0.025278171295231834
2010-06-24,259.7272644042969,261.1701965332031,257.8033752441406,258.76531982421875,165.57186889648438,668016,0.0,248.73696517944336,0.002379136416241794,0.020846904884478688
2010-06-25,256.8414306640625,259.2463073730469,254.91751098632812,255.8794708251953,163.725341796875,606370,-0.011215033355716124,249.02555160522462,0.001140736113067819,0.02088382596285383
2010-06-28,259.7272644042969,261.65118408203125,256.3604431152344,259.7272644042969,166.1873779296875,502519,0.014925580866027447,249.55462493896485,0.0020796919615027488,0.021068804550155838
2010-06-29,264.0560607910156,265.4989929199219,252.9936065673828,256.3604431152344,164.0330810546875,1051194,-0.01304766226461272,249.67486877441405,0.0004712559407820583,0.020926793872606098
2010-06-30,250.1077423095703,251.0697021484375,240.9691925048828,242.89309692382812,155.4159698486328,1409528,-0.053963018934547316,249.50652694702148,-0.0006883101010854674,0.023261397398874503
2010-07-01,242.41212463378906,242.89309692382812,238.08334350585938,239.52626037597656,153.26168823242188,258744,-0.01395835868418359,249.38628234863282,-0.000499506686457554,0.023130716333926247
2010-07-02,236.64041137695312,241.45018005371094,235.67845153808594,238.08334350585938,152.3384246826172,626434,-0.0060422623344814855,248.92935485839843,-0.0018832745832235032,0.022557697377607176
2010-07-05,236.64041137695312,243.37408447265625,236.64041137695312,242.41212463378906,155.10821533203125,384634,0.018018476891019087,248.47242736816406,-0.001850259300204575,0.022587804328385055
2010-07-06,238.56431579589844,242.89309692382812,238.08334350585938,240.9691925048828,154.18495178222656,619469,-0.005970178671026021,248.32813415527343,-0.000595246286854216,0.021552412085611605
2010-07-07,241.93115234375,243.8550567626953,239.52626037597656,239.52626037597656,153.26168823242188,502831,-0.00600603588551155,248.25598754882813,-0.00030030179427558237,0.02142950599572107
2010-07-08,243.37408447265625,247.22189331054688,241.93115234375,242.41212463378906,155.10821533203125,619988,0.011976214556537542,248.6407684326172,0.0016130419758255666,0.02068211434223649
2010-07-09,243.37408447265625,244.33602905273438,238.08334350585938,240.48822021484375,153.877197265625,554600,-0.007968164109959567,248.6407684326172,-6.245004513516506e-18,0.020069147398605602
2010-07-12,240.48822021484375,244.81700134277344,238.08334350585938,241.93115234375,154.8004608154297,960442,0.0059820832825729356,248.7129150390625,0.00029910416412864054,0.020113675530020365
2010-07-13,240.48822021484375,243.8550567626953,236.64041137695312,237.60235595703125,152.03065490722656,663961,-0.018054688149748907,248.56862182617186,-0.0006036302433588048,0.020528686686019815
2010-07-14,240.48822021484375,241.93115234375,238.08334350585938,239.52626037597656,153.26168823242188,544413,0.008064554420598008,248.328133392334,-0.0009940694305832637,0.020271461202311637
2010-07-15,238.56431579589844,240.48822021484375,237.60235595703125,238.56431579589844,152.64617919921875,393574,-0.004024115622126875,247.36618041992188,-0.003877912051417845,0.01566808259242649
2010-07-16,238.56431579589844,240.0072479248047,231.34967041015625,231.8306427001953,148.33763122558594,751180,-0.02863182514803038,246.11564102172852,-0.005122588821529493,0.01661647841642077
2010-07-19,229.90673828125,237.60235595703125,229.42576599121094,236.64041137695312,151.4151611328125,395757,0.020534620635491708,244.96129837036133,-0.004654518000900457,0.017220546883876378
2010-07-20,237.60235595703125,239.52626037597656,236.15943908691406,237.1213836669922,151.72293090820312,463016,0.0020304400241304968,243.9512481689453,-0.0040878774097897076,0.017245994122667332
2010-07-21,238.56431579589844,242.41212463378906,237.1213836669922,238.56431579589844,152.64617919921875,702633,0.006066764488408151,242.9411979675293,-0.004064130399757953,0.017260345183197683
2010-07-22,240.0072479248047,240.0072479248047,232.31161499023438,233.27357482910156,149.2609100341797,1045789,-0.02242703618307868,241.66661071777344,-0.005185482208911887,0.017705190075114303
2010-07-23,234.2355194091797,237.1213836669922,232.31161499023438,233.27357482910156,149.2609100341797,863763,0.0,240.53631591796875,-0.00462473054112608,0.017681757245327466
2010-07-26,231.8306427001953,233.75454711914062,227.0208740234375,228.9447784423828,146.49107360839844,824676,-0.018731073397003403,238.99719161987304,-0.006307563254277624,0.017321088394471693
2010-07-27,227.9828338623047,227.9828338623047,213.5535430908203,214.99647521972656,137.56622314453125,2098439,-0.06285919863536896,236.92899322509766,-0.008798140072815435,0.021434086272053676
2010-07-28,214.99647521972656,223.17306518554688,214.51548767089844,219.32525634765625,140.3360137939453,1808820,0.019934183150062,235.75060119628907,-0.00510327996858497,0.01952275504100585
2010-07-29,219.8062286376953,220.7681884765625,212.11061096191406,213.5535430908203,136.64295959472656,1389153,-0.02666822827905089,234.45196533203125,-0.005738773448328334,0.020026533531856603
2010-07-30,212.11061096191406,212.59158325195312,207.7818145751953,208.26280212402344,133.25765991210938,998385,-0.02508683459475071,232.96093826293946,-0.006691002061341796,0.020489149167742176
2010-08-02,209.7057342529297,212.59158325195312,209.7057342529297,211.629638671875,135.4119415283203,755130,0.016037005570452616,231.42181396484375,-0.006790075627370119,0.020367811432084174
2010-08-03,215.9584197998047,215.9584197998047,211.14865112304688,211.629638671875,135.4119415283203,1034042,0.0,229.95483627319337,-0.006491566693818817,0.020424131563659822
2010-08-04,211.629638671875,213.5535430908203,209.22474670410156,209.7057342529297,134.18092346191406,500024,-0.009132476948466984,228.46380996704102,-0.006647888746966589,0.020432182802711932
2010-08-05,209.7057342529297,214.99647521972656,209.7057342529297,211.629638671875,135.4119415283203,700450,0.009132476948467024,226.9246856689453,-0.006790075627370116,0.020305257503036984
2010-08-06,213.5535430908203,214.51548767089844,210.6676788330078,211.629638671875,135.4119415283203,468733,0.0,225.48175659179688,-0.006391667421872138,0.02035902595076766
2010-08-09,211.629638671875,215.47744750976562,211.629638671875,214.03451538085938,136.95071411132812,573208,0.011299529329841193,224.08692474365233,-0.006125795119508724,0.02056282259706041
2010-08-10,215.47744750976562,215.47744750976562,211.14865112304688,213.0725555419922,136.33518981933594,752843,-0.004504544789557973,222.86043472290038,-0.005448287951499177,0.020371436962540873
2010-08-11,214.51548767089844,223.65403747558594,213.5535430908203,221.73013305664062,141.87478637695312,1564525,0.039828281495376754,221.9706283569336,-0.0038601015977602405,0.022596969462014775
2010-08-12,219.8062286376953,225.0969696044922,219.32525634765625,222.21112060546875,142.1825408935547,1045685,0.0021668981337721444,221.1529685974121,-0.0035505509099652893,0.022636973645919184
2010-08-13,225.0969696044922,232.7926025390625,221.24916076660156,231.34967041015625,148.0298614501953,2082430,0.04030236703210878,221.12891998291016,-0.00010384130095833152,0.023833447188802804
2010-08-16,230.8686981201172,230.8686981201172,226.05892944335938,226.53990173339844,144.95233154296875,731428,-0.02100919471372759,220.62389450073243,-0.002181032068419296,0.023750262218662783
2010-08-17,229.42576599121094,229.42576599121094,220.7681884765625,220.7681884765625,141.25927734375,640987,-0.025807865906264233,219.80623474121094,-0.003572947364939033,0.02429984445457113
2010-08-18,219.32525634765625,221.73013305664062,214.99647521972656,215.47744750976562,137.8739776611328,1023750,-0.02425697795411714,218.6518913269043,-0.005089134487065297,0.02461075393830396
2010-08-19,215.47744750976562,216.92037963867188,212.59158325195312,214.99647521972656,137.56622314453125,680490,-0.002234618474144706,217.73803634643554,-0.004079513601618599,0.02427393416666477
2010-08-20,212.59158325195312,214.51548767089844,211.14865112304688,212.11061096191406,135.7196807861328,665729,-0.013513745238171306,216.67988815307618,-0.004755200863527163,0.024342387709348046
2010-08-23,211.629638671875,213.5535430908203,210.6676788330078,210.6676788330078,134.79641723632812,503662,-0.0068259783739817,215.76603317260742,-0.004159946112376079,0.024127251997975704
2010-08-24,212.59158325195312,214.99647521972656,211.14865112304688,211.629638671875,135.4119415283203,543061,0.004555849458865938,215.59769134521486,-0.0007891937076643341,0.019819560912745865
2010-08-25,210.6676788330078,210.6676788330078,202.97206115722656,203.9340057373047,130.4878692626953,883619,-0.03704131929446927,214.82812881469727,-0.0036379688298908974,0.020756651144481775
2010-08-26,203.9340057373047,204.89596557617188,194.31448364257812,196.7193603515625,125.8715591430664,1080822,-0.036018293883915094,213.98641967773438,-0.004105472110134107,0.02139804981510981
2010-08-27,194.31448364257812,195.75741577148438,188.5427703857422,191.42861938476562,122.48625946044922,868961,-0.027263151927704937,213.14471054077148,-0.004214287976781819,0.02151557321774413
2010-08-30,194.31448364257812,194.31448364257812,184.21397399902344,184.21397399902344,117.86992645263672,845363,-0.03841701027642359,211.7739273071289,-0.006936988769125629,0.022250874917335885
2010-08-31,178.92323303222656,181.80909729003906,175.07542419433594,176.03738403320312,112.63813018798828,1144650,-0.04540160236856323,209.99431457519532,-0.00920706888755379,0.023770023878429455
2010-09-01,177.4803009033203,183.73300170898438,176.99932861328125,180.84713745117188,115.71565246582031,624458,0.026955748206505207,208.55138473510743,-0.007402657629805182,0.025108074235948602
2010-09-02,183.73300170898438,184.6949462890625,178.92323303222656,179.40420532226562,114.79238891601562,431102,-0.008010739580334205,206.94011306762695,-0.008259818456245243,0.024804665350026747
2010-09-03,180.84713745117188,191.9095916748047,180.84713745117188,191.9095916748047,122.79399871826172,1010548,0.06738299404858288,205.95411071777343,-0.0048906687538161,0.030014684237598753
2010-09-06,197.20033264160156,204.89596557617188,197.20033264160156,204.89596557617188,131.10336303710938,1289876,0.06547798089322074,205.49718322753907,-0.0021817461756471223,0.03376357679063226
2010-09-07,207.30084228515625,211.14865112304688,199.605224609375,202.49107360839844,129.5645751953125,1245695,-0.011806560701212476,204.96810913085938,-0.0025468469712298476,0.033829432004872505
2010-09-08,195.75741577148438,196.7193603515625,191.42861938476562,192.3905792236328,123.10174560546875,838606,-0.0511682321301486,203.501131439209,-0.007096672652506115,0.03394930294089769
2010-09-09,194.7954559326172,197.20033264160156,189.5047149658203,191.42861938476562,122.48625946044922,491708,-0.0050125780916265026,201.96200637817384,-0.007455646463776047,0.033884090891842925
2010-09-10,194.31448364257812,197.6813201904297,193.35252380371094,195.75741577148438,125.25605010986328,529443,0.022361223636377534,200.18239364624023,-0.00835270363356261,0.03277244056725085
2010-09-13,197.6813201904297,198.16229248046875,193.35252380371094,198.16229248046875,126.79481506347656,601900,0.012210135906394923,198.76351318359374,-0.006691737102556485,0.032938612568715636
2010-09-14,200.08619689941406,202.97206115722656,195.27642822265625,198.6432647705078,127.1025619506836,463432,0.002424222729749907,197.65726699829102,-0.005280132670755777,0.032680199673159396
2010-09-15,197.20033264160156,197.6813201904297,192.3905792236328,197.20033264160156,126.17929077148438,522894,-0.007290447688917441,196.7434112548828,-0.004431806157495792,0.032380501861277236
2010-09-16,197.20033264160156,197.20033264160156,191.9095916748047,192.3905792236328,123.10174560546875,369040,-0.024692556491978483,195.6131164550781,-0.005554703058387482,0.03268823507687125
2010-09-17,189.98568725585938,193.83351135253906,187.580810546875,187.580810546875,120.02421569824219,699202,-0.025317830354205755,194.38662643432616,-0.006144907314189203,0.03294505918007556
2010-09-20,187.580810546875,189.5047149658203,182.7710418701172,182.7710418701172,116.94666290283203,737770,-0.02597550995054102,192.99179458618164,-0.007102383893017169,0.033242818993729384
2010-09-21,183.73300170898438,191.9095916748047,183.73300170898438,190.4666748046875,121.87074279785156,868441,0.04124301166138341,191.93364639282225,-0.005268025782891296,0.03489132055491289
2010-09-23,190.4666748046875,191.42861938476562,187.580810546875,188.5427703857422,120.63973236083984,309058,-0.010152364106734318,191.16408462524413,-0.003923578023504549,0.03411192455184344
2010-09-24,189.5047149658203,189.98568725585938,186.6188507080078,189.98568725585938,121.56297302246094,285980,0.007623859342129108,190.827400970459,-0.0017414703622023382,0.033337891499191155
2010-09-27,197.20033264160156,197.20033264160156,190.94764709472656,191.42861938476562,122.48625946044922,638284,0.007566255316342024,190.827400970459,9.75781955236954e-18,0.03284053042198773
2010-09-28,191.42861938476562,191.42861938476562,188.06178283691406,188.5427703857422,120.63973236083984,293569,-0.01519011465847129,191.04384078979493,0.0011613447808976247,0.03180483809630296
2010-09-29,189.5047149658203,198.16229248046875,189.5047149658203,193.83351135253906,124.02501678466797,1136438,0.027674721955401323,191.93364715576172,0.004815160997095852,0.030337791668780128
2010-09-30,194.31448364257812,205.85791015625,193.35252380371094,203.45303344726562,130.18011474609375,2016003,0.048435582670740294,193.0639419555664,0.005889152720307606,0.03152001610005461
2010-10-01,202.97206115722656,203.45303344726562,197.6813201904297,200.08619689941406,128.0258331298828,669887,-0.01668692617675034,194.09804153442383,0.005455343390486799,0.03178002136870393
2010-10-04,197.20033264160156,197.20033264160156,191.42861938476562,191.42861938476562,122.48625946044922,986638,-0.044233263790920074,194.07399291992186,-0.00012546950148834766,0.030087976023481657
2010-10-05,184.6949462890625,188.5427703857422,184.6949462890625,185.6569061279297,118.79318237304688,877173,-0.03061461475632376,193.11203994750977,-0.004930099283965572,0.026521615464757266
2010-10-06,186.13787841796875,187.580810546875,184.6949462890625,185.6569061279297,118.79318237304688,649823,0.0,192.27033157348632,-0.004339771248904949,0.026491881640167157
2010-10-07,185.6569061279297,191.42861938476562,185.17593383789062,188.5427703857422,120.63973236083984,824052,0.015424500097852484,192.07794113159179,-0.0010101346375048943,0.024398628237948205
2010-10-08,188.5427703857422,189.5047149658203,186.6188507080078,188.06178283691406,120.33197784423828,757209,-0.002554338795083744,191.90959930419922,-0.0008872226726777566,0.02438359133756849
2010-10-11,189.02374267578125,189.02374267578125,185.17593383789062,187.580810546875,120.02421569824219,561046,-0.002560798809024264,191.50076904296876,-0.002133323794947846,0.023761851608024798
2010-10-12,187.580810546875,188.5427703857422,183.73300170898438,184.21397399902344,117.86992645263672,646601,-0.018111758013844254,190.8033531188965,-0.0036494184909598047,0.023765843365207606
2010-10-13,184.21397399902344,185.6569061279297,181.80909729003906,183.2520294189453,117.2544174194336,886321,-0.005235568833394339,190.03379135131837,-0.004032408069117017,0.023724497711086277
2010-10-14,184.6949462890625,185.6569061279297,181.328125,181.328125,116.02340698242188,1143091,-0.010554179948361348,189.24018096923828,-0.004195594682089214,0.023759286417260612
2010-10-15,181.328125,182.29006958007812,175.07542419433594,175.556396484375,112.3303451538086,1033626,-0.03234789657467467,188.3984718322754,-0.0045783616862240225,0.02416507546996959
2010-10-18,173.15151977539062,175.556396484375,167.86077880859375,169.78468322753906,108.6373062133789,1132072,-0.03342927375045135,187.5086654663086,-0.004983933856036302,0.024595706051780502
2010-10-19,170.26565551757812,173.15151977539062,169.3037109375,172.18955993652344,110.17605590820312,462600,0.014064897585645466,186.9795913696289,-0.0029819134792269776,0.02442612532354099
2010-10-20,170.74664306640625,183.2520294189453,170.26565551757812,180.3661651611328,115.40790557861328,1326260,0.046393072889411066,186.47456588745118,-0.002724410417825595,0.02493865683166477
2010-10-21,177.96128845214844,181.328125,176.03738403320312,176.03738403320312,112.63813018798828,884970,-0.02429265373673821,185.84929656982422,-0.003431424899325789,0.025357250308656647
2010-10-22,177.96128845214844,179.40420532226562,175.07542419433594,176.5183563232422,112.94585418701172,488797,0.0027284910348784578,185.17593002319336,-0.0036761933146883218,0.025268390638998387
2010-10-25,177.4803009033203,179.40420532226562,176.99932861328125,179.40420532226562,114.79238891601562,378396,0.016216517591292407,184.57470932006837,-0.0032436802009408023,0.02554348787986944
2010-10-26,179.40420532226562,180.3661651611328,176.99932861328125,179.40420532226562,114.79238891601562,333800,0.0,184.11778106689454,-0.0024841744680172383,0.025394977615914045
2010-10-27,179.40420532226562,180.3661651611328,176.03738403320312,176.99932861328125,113.25361633300781,219761,-0.01349545096689734,183.27607192993165,-0.004542683114132171,0.024473544141288602
2010-10-28,178.4422607421875,180.3661651611328,176.99932861328125,178.4422607421875,114.1768798828125,439106,0.008119140239463401,182.02553329467773,-0.006558505235696016,0.0213399640438036
2010-10-29,178.92323303222656,178.92323303222656,176.5183563232422,176.5183563232422,112.94585418701172,199593,-0.010840206863858446,180.84714126586914,-0.006266169270051421,0.02123369478987659
2010-11-01,174.3453826904297,174.3453826904297,172.3973846435547,172.88438415527344,110.62064361572266,929366,-0.020801801391432242,179.91992950439453,-0.00509459615007703,0.019613178648773818
2010-11-02,171.4233856201172,172.3973846435547,165.57940673828125,165.57940673828125,105.94654846191406,1040660,-0.04317219263228587,178.91605453491212,-0.005722475043875135,0.020646914034176515
2010-11-03,166.06640625,167.0404052734375,163.14442443847656,163.14442443847656,104.38851165771484,644663,-0.014815030767884955,177.79043045043946,-0.006463226582269383,0.020696503284234943
2010-11-04,163.14442443847656,168.50140380859375,163.14442443847656,164.60540771484375,105.32333374023438,977621,0.008915293372593796,176.59356231689452,-0.0067886869185323166,0.02038300055885245
2010-11-05,167.52740478515625,168.50140380859375,164.60540771484375,165.0924072265625,105.63493347167969,634909,0.002954219554002256,175.44509353637696,-0.006513259001078017,0.020480214888378628
2010-11-08,165.0924072265625,165.57940673828125,160.22242736816406,160.22242736816406,102.51886749267578,650310,-0.02994234004024849,174.0771743774414,-0.007882336062639227,0.021107690407414035
2010-11-09,160.7094268798828,163.6314239501953,160.7094268798828,162.6574249267578,104.07689666748047,439426,0.015083280704531991,172.9993469238281,-0.006222584126720417,0.02156122279834136
2010-11-10,162.6574249267578,163.6314239501953,161.6834259033203,162.6574249267578,104.07689666748047,452363,0.0,171.96961669921876,-0.005960805685050699,0.02160557437525518
2010-11-11,162.6574249267578,163.14442443847656,160.7094268798828,161.19642639160156,103.14208984375,662322,-0.009022640556007029,170.96303176879883,-0.005884228715432983,0.021591146458697547
2010-11-12,161.19642639160156,161.6834259033203,160.22242736816406,160.22242736816406,102.51886749267578,982447,-0.0060606401485250325,170.1963333129883,-0.0045698658941255,0.020676109929509905
2010-11-15,160.22242736816406,161.19642639160156,158.27442932128906,158.7614288330078,101.58402252197266,1200620,-0.009160393061358203,169.64517059326172,-0.003356421859670844,0.019576150236941314
2010-11-16,158.27442932128906,158.7614288330078,148.5344696044922,149.02146911621094,95.35188293457031,2490768,-0.0633122442362852,168.48676605224608,-0.007225278950767378,0.023252758371405568
2010-11-17,149.5084686279297,153.89144897460938,149.5084686279297,151.4564666748047,96.9099349975586,1896721,0.016207851381686365,167.0412811279297,-0.008734540026153613,0.020393176398707923
2010-11-18,152.91744995117188,152.91744995117188,149.5084686279297,149.99546813964844,95.97510528564453,616429,-0.009693153738215715,165.73918533325195,-0.008004565026227487,0.020065626535465373
2010-11-19,151.94345092773438,151.94345092773438,149.99546813964844,150.96946716308594,96.59832763671875,613657,0.006472530913413152,164.46174087524415,-0.007817363032300753,0.020188121728615806
2010-11-22,151.4564666748047,152.43045043945312,150.4824676513672,151.4564666748047,96.9099349975586,620228,0.003220622824802674,163.0643539428711,-0.008467157770625238,0.019573626146010843
2010-11-23,151.4564666748047,157.30044555664062,150.96946716308594,156.81344604492188,100.33760070800781,2416641,0.034758622101531154,161.9348159790039,-0.006729226665548682,0.021783355746382675
2010-11-24,158.27442932128906,159.24842834472656,157.30044555664062,158.7614288330078,101.58402252197266,4241390,0.012345770753067678,161.02292098999024,-0.005437165579550431,0.022124602240992934
2010-11-25,158.7614288330078,164.60540771484375,158.27442932128906,163.6314239501953,104.70011138916016,4070035,0.03021385582889843,160.28237915039062,-0.00433242980007868,0.02335456175351818
2010-11-26,163.6314239501953,163.6314239501953,158.27442932128906,158.27442932128906,101.27243041992188,1635940,-0.033286062850510924,159.37018280029298,-0.005454722599411303,0.024207487338074315
2010-11-29,157.78744506835938,158.27442932128906,153.89144897460938,155.83944702148438,99.71440887451172,1093330,-0.015504129294212575,158.5179359436035,-0.00518983899455032,0.02405924803285693
2010-11-30,154.37844848632812,157.30044555664062,153.89144897460938,153.89144897460938,98.46796417236328,1185733,-0.012578814431563948,157.93353805541992,-0.003660170084514224,0.02243498317698951
2010-12-01,153.89144897460938,157.30044555664062,153.89144897460938,156.81344604492188,100.33760070800781,576901,0.01880937999432131,157.6169891357422,-0.001978949546403911,0.022811770561441177
2010-12-02,158.7614288330078,159.24842834472656,157.30044555664062,157.30044555664062,100.64923095703125,505237,0.0031007855108778604,157.25174102783203,-0.0022696749394897076,0.022702410492464867
2010-12-03,159.7354278564453,167.52740478515625,158.7614288330078,164.118408203125,105.01170349121094,2829989,0.04243052595712671,157.20304107666016,-0.00029585961933348525,0.02479971280537896
2010-12-06,164.60540771484375,166.55340576171875,160.22242736816406,161.6834259033203,103.45368957519531,1042816,-0.014947906267407756,157.27609100341797,0.0004538620693085516,0.024072277532877294
2010-12-07,161.6834259033203,166.55340576171875,160.7094268798828,162.6574249267578,104.07689666748047,941584,0.006006039318360934,157.27609100341797,-1.2143064331837649e-18,0.023866628688145777
2010-12-08,160.7094268798828,160.7094268798828,158.7614288330078,159.24842834472656,101.89564514160156,1017560,-0.02118087629953774,157.10564117431642,-0.0010590438149768882,0.024332025007767828
2010-12-09,159.7354278564453,162.6574249267578,159.24842834472656,160.7094268798828,102.8304672241211,955958,0.00913250708211747,157.08129119873047,-0.00015128643307066322,0.024357933697193218
2010-12-10,160.7094268798828,166.06640625,160.7094268798828,162.6574249267578,104.07689666748047,1825365,0.01204836921742032,157.20304107666016,0.0007541640352266043,0.02446305923071697
2010-12-13,164.118408203125,164.118408203125,159.7354278564453,159.7354278564453,102.20723724365234,928442,-0.01812743092522984,157.25174102783203,0.0003058121420330226,0.024734995312429685
2010-12-14,160.7094268798828,161.6834259033203,158.7614288330078,159.24842834472656,101.89564514160156,671460,-0.003053445374307889,157.76308898925782,0.003318752085131888,0.01974448789263296
2010-12-15,159.24842834472656,160.7094268798828,157.30044555664062,157.78744506835938,100.96082305908203,804006,-0.009216582354589331,158.07963790893555,0.002047530398318104,0.01968934640865857
2010-12-16,156.32644653320312,157.30044555664062,154.86544799804688,156.81344604492188,100.33760070800781,768380,-0.006191985864830783,158.42053680419923,0.00222258879198735,0.019594803195901234
2010-12-17,157.30044555664062,160.7094268798828,157.30044555664062,160.22242736816406,102.51886749267578,839530,0.021506163814425883,158.88318481445313,0.0029742704370379867,0.02004949623351426
2010-12-20,161.19642639160156,161.6834259033203,159.7354278564453,160.22242736816406,102.51886749267578,534909,0.0,159.32148284912108,0.0028132392957978527,0.02006034404346447
2010-12-21,160.22242736816406,161.19642639160156,159.7354278564453,160.22242736816406,102.51886749267578,400412,0.0,159.4919319152832,0.0010753081907212952,0.01859956055212592
2010-12-22,160.22242736816406,162.17042541503906,160.22242736816406,161.6834259033203,103.45368957519531,713452,0.009077241386171012,159.63803176879884,0.0009118817223764619,0.018509461088853492
2010-12-23,161.6834259033203,164.60540771484375,161.19642639160156,161.6834259033203,103.45368957519531,1150825,0.0,159.54063186645507,-0.0005988110690684597,0.017177072898319854
2010-12-24,161.19642639160156,162.6574249267578,160.22242736816406,160.7094268798828,102.8304672241211,996718,-0.006042329899059293,159.66238174438476,0.0007633755785041217,0.015440972925274675
2010-12-27,160.22242736816406,162.17042541503906,159.7354278564453,159.7354278564453,102.20723724365234,438605,-0.006079061707809538,159.8571807861328,0.0012346289578242737,0.015057424975537916
2010-12-28,160.7094268798828,161.6834259033203,159.7354278564453,160.22242736816406,102.51886749267578,495278,0.0030441502206978196,160.17372970581056,0.002015777190437362,0.014704195943743004
2010-12-29,161.6834259033203,161.6834259033203,159.7354278564453,159.7354278564453,102.20723724365234,508728,-0.0030441502206978058,160.31982879638673,0.0009231006796864063,0.01419368488154647
2010-12-30,159.7354278564453,160.7094268798828,156.81344604492188,157.30044555664062,100.64923095703125,580186,-0.015361228082850144,160.31982879638673,5.984795992119985e-18,0.014637996473744547
2010-12-31,157.78744506835938,159.24842834472656,157.78744506835938,158.27442932128906,101.27243041992188,505751,0.006172778220577197,160.02762985229492,-0.0018128873868274696,0.010865615294800533
2011-01-03,158.7614288330078,161.6834259033203,158.27442932128906,159.24842834472656,101.89564514160156,494252,0.006135004487965063,159.90587997436523,-0.0007587418490588287,0.01054211136078763
2011-01-04,161.6834259033203,169.96238708496094,161.6834259033203,163.6314239501953,104.70011138916016,4360179,0.02715105836254596,159.9545799255371,0.0002985091031504227,0.012188055453493838
2011-01-05,163.6314239501953,164.60540771484375,159.7354278564453,159.7354278564453,102.20723724365234,1341688,-0.024097612988237965,159.97892990112305,0.00015267226871541127,0.012472721028385213
2011-01-06,159.7354278564453,166.55340576171875,159.7354278564453,163.6314239501953,104.70011138916016,4084203,0.02409761298823808,160.12502975463866,0.0009009275640214417,0.01345036031650596
2011-01-07,164.60540771484375,168.014404296875,161.6834259033203,161.6834259033203,103.45368957519531,3651245,-0.011976221381369147,160.0763298034668,-0.00030030196591803165,0.013475178198424876
2011-01-10,161.6834259033203,163.6314239501953,159.7354278564453,159.7354278564453,102.20723724365234,814068,-0.01212139160686884,160.0763298034668,1.8388068845354155e-17,0.013119202739856228
2011-01-11,160.22242736816406,162.17042541503906,159.7354278564453,161.6834259033203,103.45368957519531,770228,0.012121391606868764,160.19807968139648,0.0007587418490588511,0.013369735957756656
2011-01-12,161.6834259033203,162.6574249267578,156.81344604492188,158.27442932128906,101.27243041992188,1263659,-0.021309841469141787,160.22242889404296,0.00015407889333122812,0.014098245286347523
2011-01-13,161.6834259033203,165.57940673828125,161.19642639160156,161.19642639160156,103.14208984375,2607401,0.01829324023149574,160.44157791137695,0.0013783401981475544,0.014573281616159848
2011-01-14,161.19642639160156,163.14442443847656,159.7354278564453,159.7354278564453,102.20723724365234,674129,-0.009104790369222779,160.417227935791,-0.00015220751103487868,0.01394188203971457
2011-01-17,160.22242736816406,162.17042541503906,159.24842834472656,159.24842834472656,101.89564514160156,633472,-0.003053445374307889,160.36852798461913,-0.0003048797797502731,0.01395683808814872
2011-01-18,159.7354278564453,166.06640625,159.7354278564453,161.6834259033203,103.45368957519531,2769825,0.0151748369811767,160.44157791137695,0.00045386206930856185,0.014380337735594202
2011-01-19,163.6314239501953,164.60540771484375,161.6834259033203,161.6834259033203,103.45368957519531,2216845,0.0,160.44157791137695,1.1275702593849246e-17,0.01423637235501424
2011-01-20,161.6834259033203,163.14442443847656,160.7094268798828,160.7094268798828,102.8304672241211,837887,-0.006042329899059293,160.39287796020508,-0.00030211649495295336,0.014300342141398822
2011-01-21,159.7354278564453,165.57940673828125,156.81344604492188,163.6314239501953,104.70011138916016,2403088,0.018018551280428435,160.5389778137207,0.000900927564021433,0.014795529978438936
2011-01-24,163.6314239501953,163.6314239501953,158.27442932128906,158.27442932128906,101.27243041992188,1788815,-0.033286062850510924,160.4659278869629,-0.0004594224931136363,0.016610499940707006
2011-01-25,158.7614288330078,162.17042541503906,158.7614288330078,161.19642639160156,103.14208984375,2167153,0.01829324023149574,160.51462783813477,0.0003030320074262598,0.017121894351536607
2011-01-26,162.6574249267578,171.4233856201172,161.6834259033203,169.96238708496094,108.75100708007812,7423743,0.052953499088717326,161.02597579956054,0.0031029144728970163,0.020741653078463405
2011-01-27,169.96238708496094,170.93638610839844,166.55340576171875,168.014404296875,107.50458526611328,3332866,-0.011527444538765037,161.56167373657226,0.0032946036501012715,0.020579109522187146
2011-01-28,172.3973846435547,179.70236206054688,172.3973846435547,179.70236206054688,114.983154296875,5844065,0.06725222257900455,162.63307037353516,0.00634857586802264,0.025070693133656303
2011-02-08,183.11134338378906,187.9813232421875,178.72836303710938,187.9813232421875,120.28046417236328,6064395,0.0450406752693496,164.0697151184082,0.008293859407091866,0.026520700764971043
2011-02-09,186.03334045410156,186.03334045410156,174.83238220214844,174.83238220214844,111.86709594726562,2546107,-0.07251491450156904,164.62976303100587,0.0033105607638861173,0.03165721211007686
2011-02-10,174.3453826904297,178.72836303710938,174.3453826904297,175.80636596679688,112.49030303955078,1956577,0.005555497073742718,165.43330993652344,0.0047932162669851505,0.03099343639925348
2011-02-11,177.75436401367188,177.75436401367188,165.0924072265625,168.014404296875,107.50458526611328,2007604,-0.04533348042052781,165.65245895385743,0.0013216615965468566,0.03256593396746329
2011-02-14,169.96238708496094,172.88438415527344,167.0404052734375,172.3973846435547,110.30903625488281,1135527,0.025752472243359314,166.18815689086915,0.0032080962777832796,0.03284662856153142
2011-02-15,172.3973846435547,178.72836303710938,168.50140380859375,176.29336547851562,112.80192565917969,1586247,0.022347268862861425,167.01605377197265,0.004931529301269793,0.032904190622593844
2011-02-16,176.29336547851562,183.11134338378906,174.83238220214844,178.72836303710938,114.35995483398438,1933477,0.013717671604844977,167.8683006286621,0.005011343301168604,0.03292447835269573
2011-02-17,179.21536254882812,179.21536254882812,171.4233856201172,171.4233856201172,109.68583679199219,1219511,-0.04173069258731908,168.5257484436035,0.003990300745259739,0.03408006580054015
2011-02-18,174.3453826904297,177.26736450195312,171.91038513183594,171.91038513183594,109.99744415283203,798052,0.002836888647824449,169.06144638061522,0.003217483166076174,0.03391349533873643
2011-02-21,175.3193817138672,176.29336547851562,171.4233856201172,172.88438415527344,110.62064361572266,1099593,0.00564974704377482,169.71889419555663,0.003955210036726054,0.033791598784233726
2011-02-22,170.4493865966797,170.4493865966797,161.19642639160156,161.6834259033203,103.45368957519531,2227626,-0.06698280912765228,169.84064407348632,0.0007587418490588346,0.03732806475893497
2011-02-23,157.78744506835938,159.7354278564453,151.94345092773438,152.43045043945312,97.53314208984375,2553705,-0.05893183295071597,169.37799530029298,-0.0029465916475357986,0.03944006442088467
2011-02-24,153.40444946289062,156.32644653320312,152.91744995117188,153.89144897460938,98.46796417236328,1022077,0.009539047755797682,168.98839645385743,-0.0024696392597459145,0.03953513698119521
2011-02-25,157.78744506835938,160.7094268798828,153.89144897460938,154.37844848632812,98.77957916259766,1361503,0.0031595684227860286,168.67184753417968,-0.0020095443436536483,0.03954491395895909
2011-03-01,156.81344604492188,157.30044555664062,153.89144897460938,153.89144897460938,98.46796417236328,886553,-0.003159568422785978,168.1848487854004,-0.0030684503288143693,0.03926293047737676
2011-03-02,151.94345092773438,152.91744995117188,148.5344696044922,149.5084686279297,95.66349792480469,1539533,-0.02889443951586911,167.7465507507324,-0.0028488691620822786,0.039096971061140774
2011-03-03,151.94345092773438,153.89144897460938,150.96946716308594,153.40444946289062,98.15635681152344,561398,0.02572485657053805,167.35695190429686,-0.002477288345130163,0.03934302408808718
2011-03-04,157.30044555664062,158.27442932128906,154.86544799804688,155.35244750976562,99.40279388427734,964274,0.012618496387554835,166.6264549255371,-0.004494038480188287,0.03733459115854216
2011-03-07,155.35244750976562,155.35244750976562,152.91744995117188,153.40444946289062,98.15635681152344,340658,-0.01261849638755481,165.89595718383788,-0.004548591072627776,0.03734620444205761
2011-03-08,153.40444946289062,156.32644653320312,152.91744995117188,156.32644653320312,100.0260009765625,583369,0.01886853264382878,164.7271614074707,-0.0069677755693865655,0.03385417373620317
2011-03-09,160.7094268798828,162.17042541503906,157.78744506835938,157.78744506835938,100.96082305908203,1222591,0.009302416160654515,163.21746749877929,-0.00875468852482132,0.03184830453220109
2011-03-10,156.32644653320312,156.81344604492188,151.94345092773438,152.43045043945312,97.53314208984375,1077621,-0.034540413614949965,162.09737091064454,-0.006855963480490365,0.028836571805041483
2011-03-11,149.99546813964844,150.96946716308594,149.02146911621094,150.96946716308594,96.59832763671875,894767,-0.00963081717621469,160.85552597045898,-0.0076152791929882365,0.028692135222407496
2011-03-14,161.19642639160156,161.19642639160156,153.40444946289062,154.86544799804688,99.09117889404297,2454628,0.025479050338964693,160.19807815551758,-0.004074652655013611,0.028156877318729363
2011-03-15,156.81344604492188,157.78744506835938,144.1514892578125,146.09947204589844,93.48224639892578,1821772,-0.058268957388642705,158.88318252563477,-0.008275724136613713,0.02969828129041316
2011-03-16,150.96946716308594,151.94345092773438,146.09947204589844,146.5864715576172,93.79383850097656,962631,0.0033277987671843237,157.39783782958983,-0.009226697641397568,0.028961460191345236
2011-03-17,143.177490234375,145.61248779296875,136.35951232910156,136.8465118408203,87.56170654296875,2196311,-0.06875555763007811,155.3037452697754,-0.013350359103143722,0.03129966097538339
2011-03-18,138.7945098876953,141.2294921875,137.8205108642578,139.28150939941406,89.1197509765625,1231729,0.017637186321205988,153.69665145874023,-0.010381965157717468,0.031281627495647966
2011-03-21,139.7685089111328,145.12548828125,138.7945098876953,142.2034912109375,90.98938751220703,1178135,0.02076193592126678,152.2113067626953,-0.009485712794045352,0.03193035453118042
2011-03-22,144.1514892578125,144.63848876953125,140.74249267578125,141.71649169921875,90.67777252197266,1585015,-0.0034305439464793358,150.65291213989258,-0.00993972734355806,0.03176796102853304
2011-03-23,141.2294921875,143.177490234375,140.2554931640625,140.2554931640625,89.74295806884766,654930,-0.010362813953354599,149.58151550292968,-0.007108727584843176,0.02880135069975305
2011-03-24,142.69049072265625,149.99546813964844,142.69049072265625,149.99546813964844,95.97510528564453,2009042,0.06713937065652,149.45976638793945,-0.0008051674044813765,0.030602104042060707
2011-03-25,152.91744995117188,154.37844848632812,150.4824676513672,150.4824676513672,96.28671264648438,2091999,0.0032415021546185934,149.28931732177733,-0.001120044684540331,0.030522361481232527
2011-03-28,150.96946716308594,152.91744995117188,149.02146911621094,149.02146911621094,95.35188293457031,832035,-0.009756199798089246,149.02146835327147,-0.0017658330955840947,0.030563655480935988
2011-03-29,149.02146911621094,150.96946716308594,147.5604705810547,148.5344696044922,95.04027557373047,598462,-0.0032733337378565677,148.7536193847656,-0.0017715213613376242,0.03056393910932021
2011-03-30,149.99546813964844,150.96946716308594,148.5344696044922,150.96946716308594,96.59832763671875,474642,0.016260562294740398,148.82666931152343,0.00048622872919285124,0.03011948813609153
2011-03-31,150.96946716308594,151.94345092773438,149.5084686279297,149.5084686279297,95.66349792480469,497948,-0.009724574583856692,148.6318702697754,-0.001286242828526886,0.029594564585008334
2011-04-01,151.94345092773438,153.89144897460938,149.99546813964844,151.4564666748047,96.9099349975586,389426,0.012945197408659468,148.43707122802735,-0.0012699077774716544,0.02960273243827321
2011-04-06,151.94345092773438,153.40444946289062,150.96946716308594,152.43045043945312,97.53314208984375,694663,0.006410194351412113,148.38837127685548,-0.0003184732405233082,0.02952447917463448
2011-04-07,153.89144897460938,156.81344604492188,152.43045043945312,152.91744995117188,97.8447494506836,424334,0.003189803656907358,148.2179214477539,-0.0011024096898693794,0.029194518433743592
2011-04-08,152.43045043945312,154.37844848632812,151.94345092773438,152.43045043945312,97.53314208984375,464067,-0.003189803656907304,147.9500717163086,-0.0017270206807474704,0.029093653006311112
2011-04-11,152.43045043945312,152.91744995117188,149.02146911621094,150.4824676513672,96.28671264648438,219097,-0.012861845935009083,147.8526725769043,-0.0006430922967504259,0.028196808164397614
2011-04-12,150.96946716308594,151.4564666748047,147.07347106933594,148.04747009277344,94.72868347167969,304107,-0.01631361718523973,147.70657272338866,-0.000977232297201678,0.028348111404197216
2011-04-13,148.5344696044922,149.02146911621094,146.09947204589844,147.5604705810547,94.41706085205078,225873,-0.0032949044007195855,147.34132385253906,-0.0024159300341858917,0.02765647604088168
2011-04-14,147.5604705810547,149.02146911621094,147.07347106933594,147.5604705810547,94.41706085205078,369097,0.0,147.41437377929688,0.0004975178352462433,0.024332396810697716
2011-04-15,148.5344696044922,149.02146911621094,145.12548828125,145.12548828125,92.85902404785156,285421,-0.0166392572373552,147.34132461547853,-0.0005008349649807328,0.024618103693669076
2011-04-18,145.12548828125,145.12548828125,142.2034912109375,142.2034912109375,90.98938751220703,503903,-0.020339736087990216,147.6091735839844,0.001919956112123662,0.019375295994848756
2011-04-19,141.2294921875,144.1514892578125,140.2554931640625,142.69049072265625,91.30098724365234,640967,0.003418815538068141,147.77962265014648,0.0012090375729667696,0.019025947591892217
2011-04-20,143.66448974609375,146.5864715576172,142.69049072265625,145.12548828125,92.85902404785156,615402,0.016920920549922055,147.92572250366212,0.0010169868043995332,0.01883663384349985
2011-04-21,147.07347106933594,148.04747009277344,144.1514892578125,145.12548828125,92.85902404785156,784397,0.0,148.09617233276367,0.0011885140017235001,0.01880960283488962
2011-04-22,145.12548828125,147.07347106933594,144.1514892578125,145.61248779296875,93.1706314086914,390145,0.003350095324776434,148.364022064209,0.0018741594656300515,0.018615300836686326
2011-04-25,146.09947204589844,147.07347106933594,143.177490234375,143.177490234375,91.61260223388672,249795,-0.01686384882359261,148.02312316894532,-0.002326001508375579,0.011056784528944602
2011-04-26,143.177490234375,147.07347106933594,143.177490234375,145.61248779296875,93.1706314086914,417044,0.016863848823592684,147.77962417602538,-0.0016448841749268743,0.011811617921525778
2011-04-27,147.07347106933594,149.02146911621094,146.5864715576172,149.02146911621094,95.35188293457031,673513,0.023141483700448866,147.77962417602538,3.122502256758253e-17,0.01286617301481204
2011-04-28,150.4824676513672,150.4824676513672,145.12548828125,145.12548828125,92.85902404785156,304929,-0.026491579025225268,147.6091751098633,-0.0011609122643684037,0.014159550343502804
2011-04-29,146.09947204589844,146.09947204589844,140.74249267578125,141.2294921875,90.36616516113281,448153,-0.02721263313616508,147.12217636108397,-0.003334572035913678,0.014671944048696013
2011-05-03,141.2294921875,142.2034912109375,131.48953247070312,131.97653198242188,84.44562530517578,893740,-0.06776205266439396,146.2455795288086,-0.0062364459399405405,0.02056018582967717
2011-05-04,132.46353149414062,140.74249267578125,131.48953247070312,140.74249267578125,90.05457305908203,898257,0.06430780882391782,145.70988082885742,-0.003668315369177623,0.025658028528822815
2011-05-05,140.2554931640625,140.2554931640625,137.33351135253906,137.8205108642578,88.1849136352539,487578,-0.020979734920176542,144.97938385009766,-0.005037811832757057,0.025822218716221663
2011-05-06,137.33351135253906,139.28150939941406,136.8465118408203,137.8205108642578,88.1849136352539,249795,0.0,144.22453689575195,-0.005197302015602425,0.025778540400258464
2011-05-09,137.33351135253906,139.28150939941406,135.8725128173828,135.8725128173828,86.9384765625,546203,-0.014235152330023638,143.39664001464843,-0.005749569449258241,0.025851481134873393
2011-05-10,133.9245147705078,134.8985137939453,129.05453491210938,130.51553344726562,83.51080322265625,1208320,-0.040224790415514446,142.39829330444337,-0.007117716673283508,0.026948491128347494
2011-05-11,130.51553344726562,131.97653198242188,129.05453491210938,130.02853393554688,83.1991958618164,614375,-0.003738331743778611,141.49734649658203,-0.006488952401210453,0.026869226257518884
2011-05-12,130.02853393554688,131.97653198242188,130.02853393554688,130.51553344726562,83.51080322265625,371151,0.003738331743778551,140.64509963989258,-0.006137290593985547,0.026959104654522847
2011-05-13,131.48953247070312,132.46353149414062,128.56753540039062,130.02853393554688,83.1991958618164,560782,-0.003738331743778611,139.76850280761718,-0.0063242071811744766,0.02692725391359334
2011-05-16,128.56753540039062,130.02853393554688,126.13255310058594,126.13255310058594,80.70632934570312,415196,-0.03042055546979199,138.818856048584,-0.007013272092796316,0.02737767107598502
2011-05-17,126.13255310058594,126.61955261230469,118.82757568359375,120.28857421875,76.96705627441406,1421257,-0.047439721643140934,137.7231101989746,-0.008368271370553852,0.028710151622112046
2011-05-18,120.28857421875,122.72356414794922,118.82757568359375,122.23656463623047,78.2134780883789,694355,0.016064580519577955,136.7004138946533,-0.007735983121478361,0.029119731402592882
2011-05-19,122.23656463623047,125.64555358886719,122.23656463623047,123.69755554199219,79.14830017089844,587887,0.011881296433526518,135.62901725769044,-0.007987964327298137,0.028916232238130717
2011-05-20,122.72356414794922,123.21056365966797,119.3145751953125,120.77556610107422,77.27865600585938,451130,-0.02390552035615276,134.41152114868163,-0.009183240345105776,0.029062372644477773
2011-05-23,117.85357666015625,119.80157470703125,112.49659729003906,112.49659729003906,71.9813232421875,1367664,-0.0710110227904148,132.75572662353517,-0.012901296250865339,0.031984305325158884
2011-05-24,110.5486068725586,110.5486068725586,106.16561889648438,109.08760833740234,69.80006408691406,1096307,-0.030771669263455495,131.0512325286865,-0.013596687272858482,0.03222527366326563
2011-05-25,109.08760833740234,109.08760833740234,105.1916275024414,107.13961791992188,68.55364227294922,1036245,-0.018018481342198217,129.1275890350342,-0.015340803781148027,0.03142389816884557
2011-05-26,107.13961791992188,108.60061645507812,107.13961791992188,108.11361694335938,69.1768569946289,552466,0.009049858614999311,127.0821964263916,-0.016045385035420502,0.030664444877983314
2011-05-27,108.11361694335938,113.95759582519531,107.62661743164062,112.49659729003906,71.9813232421875,963145,0.0397402919906545,125.45075187683105,-0.012733791484626517,0.03296684232863009
2011-05-30,112.49659729003906,112.49659729003906,108.11361694335938,108.11361694335938,69.1768569946289,764376,-0.0397402919906545,123.79495811462402,-0.013360174427350987,0.0333729391411723
2011-05-31,109.08760833740234,113.95759582519531,109.08760833740234,113.95759582519531,72.91615295410156,1677726,0.052643729866534685,122.89401130676269,-0.007339885300804555,0.03389875147092366
2011-06-01,113.95759582519531,117.85357666015625,112.49659729003906,114.93158721923828,73.53936004638672,818483,0.008510644845840803,121.60346603393555,-0.010129743499708407,0.02973175046770322
2011-06-02,112.98359680175781,114.93158721923828,112.49659729003906,113.47059631347656,72.60454559326172,408933,-0.01279331755663056,120.38597030639649,-0.009720422631531108,0.029630695475675057
2011-06-03,115.90558624267578,116.39258575439453,112.98359680175781,114.93158721923828,73.53936004638672,316633,0.01279331755663064,119.24152412414551,-0.009080756753699574,0.029987526007966468
2011-06-07,114.44459533691406,114.44459533691406,110.5486068725586,112.49659729003906,71.9813232421875,287270,-0.021414082721720896,118.07272834777832,-0.00943970327328444,0.030095242576551984
2011-06-08,112.49659729003906,112.49659729003906,109.08760833740234,110.06160736083984,70.42328643798828,296407,-0.021882698946080532,117.05003204345704,-0.008522598699812742,0.029378683486029292
2011-06-09,110.06160736083984,111.03560638427734,109.5746078491211,111.03560638427734,71.04650115966797,234087,0.008810652180526804,116.10038566589355,-0.00789514950359747,0.02961926146949782
2011-06-10,111.52259826660156,112.49659729003906,107.62661743164062,107.62661743164062,68.86524963378906,358317,-0.031182937074916654,114.9559398651123,-0.009641212944532232,0.029925100152151402
2011-06-13,106.16561889648438,109.08760833740234,103.73062896728516,104.2176284790039,66.68399810791016,479981,-0.03218669676466846,113.66539459228515,-0.011063631195576724,0.03030347393999335
2011-06-14,104.2176284790039,105.1916275024414,98.86064910888672,101.29563903808594,64.81436157226562,635936,-0.02843793391271863,112.42354888916016,-0.010964500117723056,0.030239995702748337
2011-06-15,100.32164001464844,102.26963806152344,97.39965057373047,101.29563903808594,64.81436157226562,1027211,0.0,111.47390213012696,-0.00859251403556601,0.029066114816476075
2011-06-16,101.29563903808594,101.29563903808594,97.39965057373047,97.88665008544922,62.63309860229492,405340,-0.03423318288374901,110.25640640258788,-0.011107402205732359,0.028996297328850406
2011-06-17,97.88665008544922,99.34764862060547,91.06867218017578,91.06867218017578,58.270599365234375,1014479,-0.07219631621233347,108.62496223449708,-0.015311282838025358,0.031476677095778914
2011-06-20,91.16607666015625,92.33486938476562,85.32209777832031,85.906494140625,54.96756362915039,864582,-0.05835443395833675,106.8815086364746,-0.017033728518134554,0.032882852975433995
2011-06-21,86.39349365234375,87.95188903808594,81.81570434570312,84.73770141601562,54.21969985961914,624745,-0.01369880760901023,105.49356384277344,-0.014168117759064328,0.030329503853803685
2011-06-22,85.22469329833984,88.14668273925781,85.22469329833984,87.17269134521484,55.77773666381836,580597,0.028330489524525933,104.39781799316407,-0.011213009819665257,0.031483912112425586
2011-06-23,87.17269134521484,87.27008819580078,85.22469329833984,85.7116928100586,54.842918395996094,401952,-0.01690185406556157,103.3264217376709,-0.011157178455833423,0.03147219648443447
2011-06-24,84.9324951171875,85.22469329833984,79.96511840820312,80.45211029052734,51.47755432128906,1109346,-0.06332715097783925,101.9433464050293,-0.014776028935475352,0.03314318536721577
2011-06-27,78.01712036132812,78.01712036132812,76.5561294555664,76.65352630615234,49.04701232910156,770741,-0.048366494617717304,100.15119285583496,-0.019181368265893943,0.031320998366266166
2011-06-28,76.65352630615234,82.01050567626953,76.65352630615234,79.47811889648438,50.854339599609375,911502,0.03618614021156668,98.71941795349122,-0.015385046655782882,0.033240546206059644
2011-06-29,79.47811889648438,79.47811889648438,76.1665267944336,76.75092315673828,49.109336853027344,930290,-0.03491633527417572,96.85908432006836,-0.019763049912818402,0.029347252071724842
2011-06-30,76.84832763671875,78.89372253417969,76.5561294555664,78.89372253417969,50.480411529541016,477106,0.02753624788634663,95.05719108581543,-0.01881176976079311,0.03059384695404352
2011-07-01,78.89372253417969,79.67291259765625,77.62752532958984,77.62752532958984,49.67023468017578,388810,-0.016179590231387493,93.2650375366211,-0.018981083394530956,0.03056814580185958
2011-07-04,77.62752532958984,82.98450469970703,77.62752532958984,82.98450469970703,53.09791564941406,875157,0.06673182785205382,91.66768341064453,-0.016284157879759797,0.03550051272530139
2011-07-05,81.81570434570312,81.81570434570312,79.18592071533203,79.18592071533203,50.667381286621094,752466,-0.04685538573097085,90.00214958190918,-0.017556223030222296,0.036143982916234885
2011-07-06,78.40672302246094,81.1339111328125,78.11451721191406,79.67291259765625,50.97898483276367,479262,0.0061311467257828866,88.48271484375,-0.016155530746629128,0.03650846825671038
2011-07-07,78.89372253417969,80.9391098022461,78.89372253417969,79.57551574707031,50.91666030883789,295483,-0.0012232065803392917,86.90971031188965,-0.01665722368467243,0.0362150934901797
2011-07-08,80.84171295166016,81.3287124633789,78.69892120361328,78.99111938476562,50.54273223876953,259343,-0.007371021120124257,85.47793540954589,-0.01546662788693281,0.03610366199173026
2011-07-11,79.86771392822266,79.86771392822266,77.04312133789062,77.1405258178711,49.3586311340332,377208,-0.023706664130257356,84.12408027648925,-0.015042626255212254,0.03594641898670715
2011-07-12,74.99773406982422,75.97172546386719,72.95233917236328,73.82893371582031,47.23968505859375,435217,-0.04387805862433014,82.75074501037598,-0.015814632490792832,0.03641203079196802
2011-07-13,73.82893371582031,74.90032958984375,69.64075469970703,70.41995239257812,45.05844497680664,380904,-0.04727407286561832,81.20696067810059,-0.01817833613407375,0.03686300072824589
2011-07-14,70.41995239257812,72.07574462890625,66.816162109375,68.27715301513672,43.6873664855957,564375,-0.03090143635613583,79.72648582458496,-0.018011748807693087,0.036794092617588085
2011-07-15,68.17975616455078,73.04973602294922,67.40055847167969,73.04973602294922,46.74112319946289,828955,0.06756532322048416,78.82553901672364,-0.011023666836052206,0.039157644880205726
2011-07-18,72.95233917236328,72.95233917236328,69.73815155029297,69.73815155029297,44.6221923828125,409036,-0.0463929885161032,78.01712188720703,-0.01042559456394053,0.03848221427155212
2011-07-19,69.73815155029297,70.32254791259766,68.47195434570312,69.25115203857422,44.31058120727539,390761,-0.007007755160032699,77.24279441833497,-0.010091041941491654,0.03848134522965921
2011-07-20,66.23176574707031,66.23176574707031,64.47856903076172,64.47856903076172,41.25682830810547,1145383,-0.07140687536401114,76.1080883026123,-0.015077910185918508,0.039683952035100244
2011-07-21,59.99818420410156,62.335777282714844,59.99818420410156,60.67998123168945,38.82628631591797,1823723,-0.06071906032064544,74.85650272369385,-0.0172687704986727,0.040978361022362936
2011-07-22,60.87478256225586,64.86817169189453,60.582584381103516,64.86817169189453,41.50611877441406,1410887,0.06674323746189904,74.0773057937622,-0.010765251076685783,0.04352617067639546
2011-07-25,64.57596588134766,66.0369644165039,64.28376770019531,64.77076721191406,41.44379806518555,624334,-0.0015027043438236886,73.4831678390503,-0.008422061562991103,0.042647979933322304
2011-07-26,64.57596588134766,68.47195434570312,64.57596588134766,67.69275665283203,43.31344223022461,558215,0.04412480406152291,72.89389972686767,-0.008025128370493292,0.0431193472009486
2011-07-27,66.91355895996094,67.49795532226562,64.86817169189453,65.45256805419922,41.88005065917969,499796,-0.03365345388778046,72.32898197174072,-0.007961984301173529,0.04307880066887015
2011-07-28,64.28376770019531,65.64736938476562,63.699371337890625,64.67337036132812,41.38147735595703,240555,-0.011976198068626326,71.61796436309814,-0.009937606598922177,0.04226346314848346
2011-07-29,64.67337036132812,66.32916259765625,64.67337036132812,65.0629653930664,41.630760192871094,277927,0.00600596896133806,70.98973636627197,-0.0088283286392859,0.042381991780834814
2011-08-01,61.264381408691406,66.23176574707031,61.264381408691406,65.74476623535156,42.067012786865234,437989,0.010424567541266527,70.1277494430542,-0.011643691654825265,0.038818906613755734
2011-08-02,64.28376770019531,64.86817169189453,62.23837661743164,62.335777282714844,39.88575744628906,252464,-0.05324453174433945,69.28524227142334,-0.011963148955493694,0.03914881737822898
2011-08-03,58.43979263305664,63.30977249145508,58.43979263305664,61.1669807434082,39.137901306152344,409036,-0.018928021579012994,68.35994567871094,-0.013216107370733487,0.038939680721272726
2011-08-04,61.1669807434082,61.1669807434082,59.413787841796875,59.413787841796875,38.01611328125,334087,-0.029081195600922913,67.35185928344727,-0.014609006821762669,0.03898632954496825
2011-08-05,55.323001861572266,56.88139724731445,55.323001861572266,55.323001861572266,35.39860916137695,594047,-0.07133754907177858,66.1684534072876,-0.017807333219345384,0.04093634157558965
2011-08-08,52.10881423950195,52.5958137512207,51.524417877197266,51.524417877197266,32.968074798583984,410576,-0.0711329400685356,64.88764801025391,-0.020178647016259297,0.042634463961523775
2011-08-09,47.92062759399414,47.92062759399414,47.92062759399414,47.92062759399414,30.662174224853516,284395,-0.07250977841756319,63.5922327041626,-0.021610233005920947,0.04393305269486073
2011-08-10,50.16082000732422,50.16082000732422,48.018028259277344,48.40762710571289,30.97378158569336,1234911,0.01011133571203118,62.49161643981934,-0.018740962577038476,0.04404251549558686
2011-08-11,46.751834869384766,47.8232307434082,45.096038818359375,46.16743469238281,29.540390014648438,781522,-0.0473827133791822,61.38613052368164,-0.019565026428190795,0.04443446469048288
2011-08-12,47.92062759399414,47.92062759399414,43.82984161376953,43.82984161376953,28.0446720123291,1202673,-0.051959771981690404,59.92513580322266,-0.025541281188299524,0.039906087574577295
2011-08-15,44.21944046020508,46.07003402709961,44.21944046020508,45.68043518066406,29.228784561157227,631624,0.04135519124913644,58.72224998474121,-0.02115387220003754,0.042247876220785484
2011-08-16,45.777835845947266,45.87523651123047,44.414241790771484,44.609039306640625,28.543243408203125,424128,-0.023733578497450683,57.49014434814453,-0.02199016336690844,0.0421184622958208
2011-08-17,44.609039306640625,45.48563766479492,43.927242279052734,44.70643997192383,28.605566024780273,628647,0.0021810486755704955,56.50153789520264,-0.018310767164929357,0.04076686567086471
2011-08-18,44.70643997192383,44.70643997192383,41.58964920043945,41.58964920043945,26.61127471923828,1014582,-0.07226624319263403,55.547021293640135,-0.018888126308528787,0.04147470541076263
2011-08-19,38.76506042480469,41.58964920043945,38.76506042480469,38.76506042480469,24.803953170776367,1254727,-0.07033198259380949,54.241865730285646,-0.025741887311314215,0.037736713716243396
2011-08-22,37.10926818847656,38.57026290893555,36.42747116088867,36.42747116088867,23.308238983154297,708216,-0.06219614419572543,52.824700927734376,-0.0287765593039093,0.03812329157652278
2011-08-23,37.49886703491211,38.959861755371094,37.01186752319336,38.959861755371094,24.92860221862793,423820,0.06720873817421234,51.38805618286133,-0.02762236259827483,0.04070836394252327
2011-08-24,41.58964920043945,41.687049865722656,41.20005416870117,41.687049865722656,26.67359733581543,911502,0.0676585953991942,50.1997802734375,-0.022556760133926095,0.04589182207327555
2011-08-25,42.174049377441406,44.51164245605469,41.88185119628906,44.414241790771484,28.41860580444336,1336144,0.06336965326496115,49.18682384490967,-0.018789467567246722,0.04973756268297692
2011-08-26,43.82984161376953,45.97263717651367,41.687049865722656,41.88185119628906,26.798240661621094,991173,-0.058707591638646514,48.0277681350708,-0.022025145597245954,0.05014291596168858
2011-08-29,43.53764343261719,44.80384063720703,43.34284591674805,44.80384063720703,28.667888641357422,501644,0.06744127683543052,46.98072185516357,-0.01917431013253775,0.05358742979314611
2011-08-30,47.92062759399414,47.92062759399414,47.92062759399414,47.92062759399414,30.662174224853516,294046,0.0672521861686022,46.25996437072754,-0.013149474236890672,0.056262274130182394
2011-08-31,50.64781951904297,51.232215881347656,48.79722595214844,51.232215881347656,32.78110885620117,1829985,0.06682250018022469,45.76322612762451,-0.008861948148928786,0.058999506598910845
2011-09-01,50.64781951904297,50.94001770019531,47.725830078125,47.725830078125,30.537532806396484,1827111,-0.07089578820248686,45.17882823944092,-0.010952677779006983,0.06047611539665768
2011-09-02,44.414241790771484,44.414241790771484,44.414241790771484,44.414241790771484,28.41860580444336,205750,-0.07191258334312403,44.633390235900876,-0.010981429492574255,0.060506463773040975
2011-09-05,41.39485168457031,41.39485168457031,41.39485168457031,41.39485168457031,26.486637115478516,114579,-0.0704036614054346,44.12691192626953,-0.010944965559419205,0.060468513701723715
2011-09-06,38.57026290893555,39.44685745239258,38.57026290893555,38.57026290893555,24.6793155670166,1292407,-0.07067492904637501,43.6593936920166,-0.010853223090859798,0.060371505939605
2011-09-07,38.57026290893555,39.154659271240234,36.62226867675781,37.10926818847656,23.744491577148438,574232,-0.03861483379149889,43.094475746154785,-0.0132895315660363,0.06046405551716312
2011-09-08,38.472862243652344,38.472862243652344,36.037872314453125,36.33007049560547,23.24591827392578,339323,-0.02122096816018318,42.602607536315915,-0.01198144430508635,0.0599686229258034
2011-09-09,36.037872314453125,38.86246109008789,35.64827346801758,38.86246109008789,24.86627769470215,232649,0.06738298750910394,42.354238510131836,-0.006014306330546631,0.06169397762042228
2011-09-13,37.10926818847656,41.492252349853516,37.10926818847656,39.93385696411133,25.551809310913086,391274,0.027195735386717903,42.066909599304196,-0.006722279123667558,0.061201050764263416
2011-09-14,40.42085647583008,40.810455322265625,38.1806640625,38.2780647277832,24.49234962463379,314785,-0.042347499944864815,41.75036087036133,-0.007652975196038266,0.06161350323074739
2011-09-15,40.810455322265625,40.90785217285156,38.2780647277832,39.93385696411133,25.551809310913086,270534,0.04234749994486471,41.511731719970705,-0.005644652632573555,0.06259768119354756
2011-09-16,39.93385696411133,40.03125762939453,37.206668853759766,37.206668853759766,23.806814193725586,197023,-0.07073649407662566,41.29258270263672,-0.005568165176773136,0.06251286966974279
2011-09-19,39.73905944824219,39.73905944824219,37.59626770019531,38.86246109008789,24.86627769470215,274230,0.043540758689907755,41.297452735900876,0.00012547188741272587,0.0614809781918558
2011-09-20,38.959861755371094,40.42085647583008,37.888465881347656,39.05725860595703,24.99091911315918,178337,0.004999964641846119,41.428942108154295,0.003485277329291303,0.059706437061665986
2011-09-21,38.959861755371094,40.323455810546875,38.76506042480469,39.25205993652344,25.115564346313477,154620,0.0049751865042365045,41.443552017211914,0.0003735997457925114,0.05780193200422382
2011-09-22,38.2780647277832,39.73905944824219,38.2780647277832,38.76506042480469,24.803953170776367,184292,-0.012484588894337007,41.29745254516602,-0.003633559468884049,0.05562899632035385
2011-09-23,36.62226867675781,38.76506042480469,36.62226867675781,38.76506042480469,24.803953170776367,147228,0.0,41.01499347686767,-0.006802042132132107,0.05337065327578632
2011-09-26,36.13526916503906,36.13526916503906,36.13526916503906,36.13526916503906,23.121274948120117,356572,-0.07024996283555304,40.727664375305174,-0.007379160691977432,0.0540199267551345
2011-09-27,34.47947692871094,36.914466857910156,34.47947692871094,35.45347213745117,22.685026168823242,187475,-0.01904818075973255,40.26014595031738,-0.011703633571735586,0.05109791637000551
2011-09-28,34.57687759399414,37.3040657043457,34.187278747558594,36.037872314453125,23.0589542388916,123511,0.016349201396683312,39.666008186340335,-0.01424878281033153,0.04814032584441774
2011-09-29,38.37546157836914,38.37546157836914,35.84307098388672,38.2780647277832,24.49234962463379,66119,0.06030661538870983,39.01830062866211,-0.014574577049907273,0.04758159756663977
2011-09-30,38.76506042480469,38.76506042480469,37.206668853759766,37.985862731933594,24.305383682250977,80287,-0.007662952471593844,38.531302261352536,-0.011412935263362624,0.04570611629333024
2011-10-03,35.356075286865234,37.10926818847656,35.356075286865234,36.52486801147461,23.370561599731445,99487,-0.03922071315328127,38.136833572387694,-0.009778341753870486,0.043980593471704695
2011-10-04,34.77167510986328,38.86246109008789,34.77167510986328,38.1806640625,24.430025100708008,199179,0.04433586710632398,37.97612419128418,-0.004041365328282556,0.04313151228504156
2011-10-05,37.69366455078125,38.0832633972168,36.13526916503906,37.985862731933594,24.305383682250977,132135,-0.005115153953042727,37.94690418243408,-0.0007633765736159416,0.04019193208555162
2011-10-06,37.985862731933594,38.66766357421875,37.985862731933594,38.472862243652344,24.61699104309082,184908,0.012739058828409212,38.01508388519287,0.0018043180573794637,0.039276455063354275
2011-10-07,38.1806640625,39.25205993652344,38.1806640625,39.25205993652344,25.115564346313477,719612,0.02005080934741415,38.16118335723877,0.00386790693275933,0.03908678682556419
2011-10-11,38.0832633972168,40.03125762939453,38.0832633972168,39.34946060180664,25.177888870239258,642302,0.0024783417539626183,38.185533332824704,0.0006226746450022637,0.03611742250619675
2011-10-12,39.34946060180664,40.810455322265625,38.86246109008789,39.93385696411133,25.551809310913086,227413,0.014742242486672571,38.185533332824704,-2.949029909160572e-18,0.035740568226503344
2011-10-13,39.154659271240234,40.518253326416016,39.154659271240234,40.03125762939453,25.614133834838867,90452,0.002436080131864967,38.273192977905275,0.0022391790038364862,0.03432255772621478
2011-10-14,39.05725860595703,39.05725860595703,37.59626770019531,38.76506042480469,24.803953170776367,224846,-0.0321412532668374,38.21475315093994,-0.0014852586567486194,0.03377840278949332
2011-10-17,37.985862731933594,38.959861755371094,37.79106521606445,37.79106521606445,24.180742263793945,114784,-0.025446631675741422,38.24397296905518,0.0007792344632955925,0.03022240769705857
2011-10-18,37.10926818847656,37.49886703491211,36.33007049560547,36.81706619262695,23.557523727416992,68480,-0.02611121183228935,38.14170322418213,-0.0027033640628142627,0.02902491027326321
2011-10-19,36.62226867675781,37.69366455078125,35.745670318603516,37.401466369628906,23.931453704833984,86345,0.01574841848788174,38.05891361236572,-0.002165941370512482,0.029273495695280698
2011-10-20,34.869075775146484,35.45347213745117,34.869075775146484,34.869075775146484,22.31109619140625,331828,-0.0701095559307217,37.83976440429687,-0.005920178492260392,0.03289958132757706
2011-10-21,33.115882873535156,33.99247741699219,32.434085845947266,32.434085845947266,20.75305938720703,346510,-0.0723904533827903,37.523215675354,-0.008915471716683058,0.03610003419531663
2011-10-24,30.680889129638672,32.04448318481445,30.193891525268555,30.193891525268555,19.319664001464844,456880,-0.071570265535653,37.094657230377194,-0.012493984993465707,0.038628500056906455
2011-10-25,29.219894409179688,29.219894409179688,28.14849853515625,28.14849853515625,18.010910034179688,321253,-0.07014562138873538,36.69531869888306,-0.012488767921124824,0.03862029530160606
2011-10-26,27.856300354003906,28.245899200439453,26.20050621032715,27.077102661132812,17.325376510620117,241581,-0.03880556467212233,36.27650022506714,-0.013476637116744314,0.03904723668231837
2011-10-27,26.29790687561035,28.927696228027344,26.29790687561035,28.440698623657227,18.197877883911133,61601,0.04913271897358462,35.89664154052734,-0.01183746123789925,0.041004274510011755
2011-10-28,27.758901596069336,30.388690948486328,27.758901596069336,30.388690948486328,19.444305419921875,147433,0.06624936146692342,35.5021728515625,-0.011540323933988567,0.041572180924796615
2011-10-31,29.414695739746094,30.193891525268555,28.343299865722656,29.122495651245117,18.634126663208008,117043,-0.04255960896096288,35.05900449752808,-0.01328515675845702,0.04212946931621797
2011-11-01,27.174503326416016,28.343299865722656,27.174503326416016,27.36930274963379,17.51234245300293,53798,-0.062088874223376826,34.601226234436034,-0.014428564811961798,0.04316794231213171
2011-11-02,25.8109073638916,28.830297470092773,25.518709182739258,28.538097381591797,18.260194778442383,167454,0.04181789710860466,34.11909790039063,-0.014554463311847765,0.04299084519257346
2011-11-03,27.271902084350586,28.14849853515625,27.271902084350586,28.05109977722168,17.948589324951172,122690,-0.017212105906531418,33.62235975265503,-0.015159310909522198,0.042936114309350175
2011-11-04,28.343299865722656,28.73289680480957,28.343299865722656,28.73289680480957,18.38484001159668,151643,0.024014857533922032,33.13536148071289,-0.014595520974246556,0.043393322057847114
2011-11-07,28.635498046875,29.122495651245117,28.440698623657227,28.440698623657227,18.197877883911133,226489,-0.010221527018579167,32.59479341506958,-0.016109137792546222,0.04264268338921176
2011-11-08,28.440698623657227,28.440698623657227,28.05109977722168,28.245899200439453,18.07323455810547,211089,-0.006872883450358637,32.03961534500122,-0.016576699052762284,0.04247910459319919
2011-11-09,28.73289680480957,28.73289680480957,28.245899200439453,28.343299865722656,18.135555267333984,138090,0.0034423799266817398,31.460087490081786,-0.01714169218076183,0.04211420268814193
2011-11-10,27.856300354003906,27.856300354003906,27.46670150756836,27.46670150756836,17.574661254882812,189323,-0.03141624920991382,30.83185968399048,-0.018834308647850767,0.04196595743962276
2011-11-11,27.46670150756836,27.46670150756836,25.616107940673828,26.590105056762695,17.01376724243164,134292,-0.03243526049112832,30.22311191558838,-0.01884900900906531,0.041970915297067285
2011-11-14,24.739511489868164,25.908306121826172,24.739511489868164,25.22650909423828,16.141265869140625,177618,-0.05264376644314761,29.59488410949707,-0.020208865747435623,0.04263132631540304
2011-11-15,24.349912643432617,24.349912643432617,24.349912643432617,24.349912643432617,15.580375671386719,214374,-0.03536712780820435,28.971526432037354,-0.02067166154623137,0.04274885120350391
2011-11-16,24.447311401367188,26.005706787109375,24.447311401367188,26.005706787109375,16.639835357666016,477106,0.06578774376511544,28.401738452911378,-0.018169695282369686,0.04630870734228666
2011-11-17,26.395305633544922,26.590105056762695,24.349912643432617,24.349912643432617,15.580375671386719,526182,-0.06578774376511555,27.875780296325683,-0.01795360467408938,0.046063015563163556
2011-11-18,26.005706787109375,26.005706787109375,26.005706787109375,26.005706787109375,16.639835357666016,1550518,0.06578774376511544,27.55436134338379,-0.011044694816694092,0.04779826515537257
2011-11-21,24.252513885498047,24.252513885498047,24.252513885498047,24.252513885498047,15.51805305480957,975054,-0.06979572835660695,27.257292461395263,-0.01095596795774179,0.047681504009441336
2011-11-22,22.59671974182129,23.37591552734375,22.59671974182129,22.69411849975586,14.520909309387207,679057,-0.06641448340307607,26.984573459625246,-0.010769411058458824,0.04744444200160574
2011-11-23,22.401920318603516,24.252513885498047,22.401920318603516,24.252513885498047,15.51805305480957,174230,0.06641448340307614,26.843344020843507,-0.0055084086546989,0.049940117398099886
2011-11-24,25.908306121826172,25.908306121826172,25.323909759521484,25.908306121826172,16.577518463134766,371459,0.06604333958477761,26.716724395751953,-0.004662877624139251,0.051044868076576176
2011-11-25,27.36930274963379,27.661500930786133,27.36930274963379,27.661500930786133,17.699304580688477,176694,0.06547797137355367,26.580364894866943,-0.004701447128807739,0.05098872727595961
2011-11-28,29.512094497680664,29.512094497680664,26.395305633544922,26.395305633544922,16.889123916625977,566942,-0.04685541092051015,26.444005393981932,-0.0049162372267851015,0.051165340563983704
2011-11-29,24.642112731933594,24.836910247802734,24.642112731933594,24.642112731933594,15.767339706420898,582137,-0.06872929844946729,26.307645893096925,-0.005248258438089624,0.0515757700278312
2011-11-30,22.986318588256836,22.986318588256836,22.986318588256836,22.986318588256836,14.707874298095703,1827829,-0.06955768402988476,26.030056953430176,-0.010817037495014096,0.05223499242724631
2011-12-01,23.473316192626953,23.473316192626953,21.42792320251465,21.42792320251465,13.710729598999023,1644667,-0.07020430091637093,25.698898124694825,-0.013466647245506069,0.05389411439583063
2011-12-02,21.42792320251465,22.888917922973633,20.35652732849121,20.648725509643555,13.212157249450684,2232964,-0.03704129519303116,25.294689559936522,-0.01651945488185373,0.053386103011204236
2011-12-05,22.01232147216797,22.01232147216797,20.843524932861328,21.817522048950195,13.960017204284668,441069,0.05505981182224644,24.96353073120117,-0.013255387939812452,0.05573541289748917
2011-12-06,20.35652732849121,21.52532386779785,20.35652732849121,21.330524444580078,13.648407936096191,211089,-0.022574291300846427,24.6177619934082,-0.01404045833233684,0.055751359507657076
2011-12-07,22.01232147216797,22.69411849975586,21.622722625732422,21.622722625732422,13.835372924804688,575464,0.013605615804937117,24.281733131408693,-0.013532296538424072,0.055965007330956024
2011-12-08,21.720121383666992,21.914920806884766,21.135723114013672,21.135723114013672,13.523764610290527,497435,-0.02278008768074263,23.965184211730957,-0.013100488461965511,0.055852962782028816
2011-12-09,20.35652732849121,20.45392608642578,19.674728393554688,19.674728393554688,12.588942527770996,707702,-0.07162965792624258,23.619415378570558,-0.015060208333721226,0.05723751797200968
2011-12-12,20.35652732849121,21.0383243560791,19.479930877685547,19.77212905883789,12.651264190673828,266325,0.0049383332167472335,23.346696376800537,-0.012181103350726483,0.056693157817113024
2011-12-13,19.09033203125,19.479930877685547,18.992931365966797,19.18773078918457,12.277334213256836,266428,-0.030002269401233423,23.088587284088135,-0.011912860430377935,0.056590278068817765
2011-12-14,18.311134338378906,19.479930877685547,18.311134338378906,19.18773078918457,12.277334213256836,639427,0.0,22.747688484191894,-0.015202247618633707,0.05367291920121354
2011-12-15,18.50593376159668,18.50593376159668,18.213735580444336,18.213735580444336,11.654119491577148,571767,-0.05209504171545399,22.44087963104248,-0.01451761251615063,0.05307773553821719
2011-12-16,18.213735580444336,18.311134338378906,17.531936645507812,17.531936645507812,11.217869758605957,465299,-0.03815184275929724,22.0171911239624,-0.019714591842371267,0.04978751106178253
2011-12-19,17.92153549194336,18.700733184814453,17.92153549194336,18.700733184814453,11.965726852416992,264169,0.06453856193487358,21.739602088928223,-0.012997877327797235,0.05170020742413038
2011-12-20,19.382530212402344,19.966928482055664,19.382530212402344,19.966928482055664,12.775904655456543,183470,0.06551459815512133,21.603242588043212,-0.0064014232498873684,0.0529279193959398
2011-12-21,21.330524444580078,21.330524444580078,21.330524444580078,21.330524444580078,13.648407936096191,185832,0.06606179037129056,21.457143115997315,-0.0064190579014766465,0.05290243414311986
2011-12-22,22.207120895385742,22.207120895385742,20.843524932861328,21.233123779296875,13.58608627319336,210883,-0.004576714608027207,21.22338399887085,-0.009950060611116886,0.05009355395222277
2011-12-23,22.69411849975586,22.69411849975586,20.843524932861328,22.499319076538086,14.396265983581543,437373,0.05792264073304822,20.96527490615845,-0.010327827143142159,0.04952000139833994
2011-12-26,22.304519653320312,22.499319076538086,21.622722625732422,21.720121383666992,13.897692680358887,141889,-0.03524596187071968,20.73151569366455,-0.009747354690652637,0.0491358430260154
2011-12-27,21.720121383666992,21.817522048950195,21.720121383666992,21.817522048950195,13.960017204284668,137269,0.0044743270465451256,20.59028615951538,-0.006087173415852016,0.04719931886788055
2011-12-28,21.817522048950195,23.083717346191406,21.817522048950195,22.59671974182129,14.458587646484375,213245,0.03509134091332249,20.570806217193603,-0.0008547221686916545,0.045565067260093024
2011-12-29,21.52532386779785,22.207120895385742,21.52532386779785,22.10972023010254,14.146978378295898,149076,-0.0217874103331005,20.604896068572998,0.0015661223604718673,0.042894568010008356
2011-12-30,22.59671974182129,22.59671974182129,22.01232147216797,22.10972023010254,14.146978378295898,268070,0.0,20.677945804595947,0.0034181871201234256,0.041928669065297824
2012-01-02,22.10972023010254,22.10972023010254,22.10972023010254,22.10972023010254,14.146978378295898,0,0.0,20.692555713653565,0.0006651965290111035,0.04012841227305961
2012-01-03,22.10972023010254,22.10972023010254,22.10972023010254,22.10972023010254,14.146978378295898,0,0.0,20.73151550292969,0.0017939110940534248,0.03975609103945916
2012-01-04,22.10972023010254,22.10972023010254,22.10972023010254,22.10972023010254,14.146978378295898,0,0.0,20.755865383148194,0.0011136303038065689,0.0396596273768772
2012-01-05,22.10972023010254,22.10972023010254,22.10972023010254,22.10972023010254,14.146978378295898,0,0.0,20.804565238952637,0.0022526346878437007,0.03926242252183141
2012-01-06,23.96031379699707,24.934310913085938,23.37591552734375,23.37591552734375,14.957157135009766,262013,0.055688900109426884,20.98962459564209,0.008618562589627173,0.036903543662857224
2012-01-09,21.914920806884766,21.914920806884766,21.817522048950195,21.817522048950195,13.960017204284668,165400,-0.068992830689649,21.091894245147706,0.0049220043943073635,0.04078973851307622
2012-01-10,21.0383243560791,21.330524444580078,20.746126174926758,20.746126174926758,13.274478912353516,551952,-0.050353871780367813,21.169814014434813,0.003904424275350643,0.04194436214050311
2012-01-11,20.746126174926758,21.0383243560791,20.35652732849121,20.35652732849121,13.025191307067871,363553,-0.01895792518182507,21.228253841400146,0.002956528016259389,0.04225033985507649
2012-01-12,20.45392608642578,21.233123779296875,20.45392608642578,21.233123779296875,13.58608627319336,79877,0.04216079105331909,21.379223251342772,0.007669319654698042,0.04102555298022155
2012-01-13,21.52532386779785,21.52532386779785,20.94092559814453,21.42792320251465,13.710729598999023,209549,0.009132489279658408,21.574022579193116,0.010033536256645827,0.03958308748821203
2012-01-16,21.42792320251465,21.720121383666992,21.233123779296875,21.42792320251465,13.710729598999023,87885,0.0,21.710382080078126,0.0068066081599021475,0.03748066744735673
2012-01-17,21.135723114013672,22.10972023010254,21.135723114013672,22.10972023010254,14.146978378295898,88090,0.03132244720943714,21.81752166748047,0.005097000612617937,0.035382980840033156
2012-01-18,22.401920318603516,22.59671974182129,20.648725509643555,20.648725509643555,13.212157249450684,192403,-0.0683637424024684,21.783431720733642,-0.001624276026070011,0.03595568567170812
2012-01-30,22.01232147216797,22.01232147216797,22.01232147216797,22.01232147216797,14.0846586227417,148152,0.06394876465506351,21.8223916053772,0.0018019979370845248,0.03881110463413139
2012-01-31,22.986318588256836,23.473316192626953,22.986318588256836,23.473316192626953,15.019479751586914,239836,0.06426193134204926,21.871091461181642,0.002118962467534577,0.039316156059334945
2012-02-01,23.668115615844727,25.031709671020508,23.668115615844727,25.031709671020508,16.016624450683594,322280,0.06427911314783094,22.036670875549316,0.007095216218462108,0.040614961692433456
2012-02-02,26.492704391479492,26.687503814697266,25.616107940673828,26.20050621032715,16.764480590820312,532137,0.045635323599274434,22.255820083618165,0.009153266046098573,0.04150820247873101
2012-02-03,26.395305633544922,26.395305633544922,25.518709182739258,26.395305633544922,16.889123916625977,289118,0.007407445844536052,22.445749378204347,0.007769071292659251,0.04105684816609435
2012-02-06,29.31729507446289,29.31729507446289,28.440698623657227,28.440698623657227,18.197877883911133,507599,0.0746349920297412,22.76229829788208,0.012590191410801338,0.04301788649497319
2012-02-07,26.88230323791504,27.46670150756836,26.88230323791504,27.46670150756836,17.574661254882812,167865,-0.034846752733590815,23.030147361755372,0.010847853774121797,0.04424291114945172
2012-02-08,27.856300354003906,29.31729507446289,27.856300354003906,29.31729507446289,18.758769989013672,337886,0.06520320073191332,23.39052610397339,0.014108013810717463,0.04577721996956689
2012-02-09,29.99909210205078,31.362688064575195,29.99909210205078,31.362688064575195,20.067522048950195,227618,0.06744129069578772,23.853174495697022,0.01748007834550685,0.04714675268148919
2012-02-10,32.141883850097656,33.5054817199707,32.141883850097656,32.628883361816406,20.877700805664062,670844,0.03957898065292254,24.379132652282713,0.019459027378152978,0.047205035992790384
2012-02-13,32.628883361816406,34.869075775146484,32.628883361816406,34.869075775146484,22.31109619140625,278029,0.0664024666586835,25.017100429534914,0.022779150711087152,0.04809122986278834
2012-02-14,37.3040657043457,37.3040657043457,37.3040657043457,37.3040657043457,23.86913299560547,181314,0.06750196536094608,25.71350793838501,0.02336980397366311,0.048586690035661566
2012-02-15,39.836456298828125,39.836456298828125,39.836456298828125,39.836456298828125,25.489492416381836,158111,0.06568015961147797,26.614454650878905,0.030103453488719456,0.04425115622647924
2012-02-16,42.56364822387695,42.56364822387695,37.10926818847656,37.10926818847656,23.744491577148438,1190353,-0.07091572562221989,27.432611751556397,0.02907536079662686,0.0464052433444795
2012-02-17,36.52486801147461,38.472862243652344,36.52486801147461,37.985862731933594,24.305383682250977,396715,0.02334730231918013,28.314078521728515,0.031190622171677118,0.04504478068117299
2012-02-20,40.61565399169922,40.61565399169922,39.05725860595703,40.323455810546875,25.801097869873047,337270,0.059719272542598546,29.268595123291014,0.03206854624614109,0.045439223340963106
2012-02-21,40.90785217285156,41.10265350341797,38.959861755371094,38.959861755371094,24.92860221862793,263450,-0.034401399282625464,30.145192050933836,0.029891851818026893,0.04758768544571632
2012-02-22,39.93385696411133,39.93385696411133,38.959861755371094,39.836456298828125,25.489492416381836,233368,0.022250550043066638,31.06561870574951,0.031004379320180225,0.04710977139359149
2012-02-23,40.61565399169922,40.61565399169922,38.959861755371094,38.959861755371094,24.92860221862793,180596,-0.02225055004306664,31.908125782012938,0.028325729457555036,0.04859053605435612
2012-02-24,37.985862731933594,38.959861755371094,37.985862731933594,37.985862731933594,24.305383682250977,204312,-0.025317873259973072,32.774982643127444,0.030478022914679805,0.044895140100588565
2012-02-29,40.61565399169922,40.61565399169922,40.61565399169922,40.61565399169922,25.98806381225586,164168,0.06693950145947901,33.705149269104005,0.030627559754900578,0.04501730668839764
2012-03-01,43.44024658203125,43.44024658203125,43.44024658203125,43.44024658203125,27.795387268066406,692712,0.0672327933973913,34.703495788574216,0.03077610285766768,0.04513886818822153
2012-03-02,43.732444763183594,43.732444763183594,40.42085647583008,42.36885070800781,27.10984992980957,333471,-0.02497291285645435,35.57035284042358,0.026313501557453416,0.04605490764880334
2012-03-05,42.661048889160156,42.661048889160156,41.39485168457031,41.58964920043945,26.61127471923828,236037,-0.018562120125120166,36.3398099899292,0.02310362937123369,0.04686737102977013
2012-03-06,40.518253326416016,40.518253326416016,38.76506042480469,38.76506042480469,24.803953170776367,136242,-0.07033198259380949,36.95829772949219,0.01921665794931641,0.051255875836148566
2012-03-07,36.13526916503906,36.232669830322266,36.13526916503906,36.13526916503906,23.121274948120117,396818,-0.07024996283555304,37.34302625656128,0.011972410206051696,0.053212401266296165
2012-03-08,35.16127395629883,35.16127395629883,35.063873291015625,35.063873291015625,22.435739517211914,303902,-0.030098024119469637,37.722884845733645,0.012209846636757756,0.05300267780066336
2012-03-09,35.063873291015625,37.49886703491211,35.063873291015625,37.49886703491211,23.993776321411133,208316,0.06713937065652,38.131963443756106,0.012306655132988089,0.05310623058889753
2012-03-12,38.472862243652344,38.76506042480469,34.96647644042969,34.96647644042969,22.373416900634766,328440,-0.06992093361477461,38.31215286254883,0.005438543917459973,0.05446548501434703
2012-03-13,34.08987808227539,36.232669830322266,34.08987808227539,36.037872314453125,23.0589542388916,150411,0.030180607714674988,38.48260231018067,0.0049686252705475956,0.05419529787763985
2012-03-14,37.49886703491211,37.985862731933594,37.01186752319336,37.01186752319336,23.682170867919922,205339,0.02666821086947868,38.58974189758301,0.0029819124810873537,0.05252733149322449
2012-03-15,37.01186752319336,37.01186752319336,34.47947692871094,34.47947692871094,22.06180763244629,251027,-0.07087432968757938,38.44851245880127,-0.003936902271338919,0.05269465060949182
2012-03-16,32.434085845947266,32.434085845947266,32.141883850097656,32.141883850097656,20.56609344482422,536038,-0.07020430292794944,38.06378383636475,-0.01073112539831029,0.05200172141931976
2012-03-19,29.90169334411621,29.90169334411621,29.90169334411621,29.90169334411621,19.13269805908203,414888,-0.07224486009596577,37.70340509414673,-0.010797582121997584,0.05208346879026189
2012-03-20,27.953699111938477,29.512094497680664,27.856300354003906,29.512094497680664,18.883413314819336,548461,-0.013114950077556855,37.279716682434085,-0.012620694741834434,0.051459789601890245
2012-03-21,29.804292678833008,29.804292678833008,28.927696228027344,29.219894409179688,18.69644546508789,218686,-0.00995036963080214,36.72453861236572,-0.016104176850504463,0.04858278652763359
2012-03-22,28.343299865722656,29.99909210205078,28.05109977722168,28.05109977722168,17.948589324951172,306263,-0.040821953722952616,36.17910051345825,-0.016425204572520828,0.0487310420670235
2012-03-23,29.219894409179688,29.99909210205078,29.219894409179688,29.99909210205078,19.19502067565918,230596,0.06713927899504941,35.68723230361938,-0.01418076812492169,0.051557853951349805
2012-03-26,29.804292678833008,32.04448318481445,29.804292678833008,32.04448318481445,20.50377082824707,205647,0.06595791909205949,35.34146337509155,-0.009770344668165381,0.05451898987586186
2012-03-27,32.141883850097656,32.72628402709961,32.04448318481445,32.141883850097656,20.56609344482422,437475,0.0030349354401687434,35.049264430999756,-0.00835270423315829,0.05446202943330175
2012-03-28,32.141883850097656,32.141883850097656,30.778289794921875,30.778289794921875,19.693592071533203,49281,-0.043350407822634385,34.557396221160886,-0.01386719969726396,0.05196348422532899
2012-03-29,30.778289794921875,30.778289794921875,28.635498046875,28.830297470092773,18.44716453552246,200206,-0.06538273497708218,33.82689876556397,-0.02049797611598763,0.04947150574921375
2012-03-30,28.73289680480957,30.291292190551758,28.73289680480957,30.291292190551758,19.381982803344727,86755,0.049433455089735734,33.22302083969116,-0.01677765771867813,0.051857462728895916
2012-04-02,29.31729507446289,30.291292190551758,29.31729507446289,30.291292190551758,19.381982803344727,40759,0.0,32.65810298919678,-0.01584955171242212,0.0519897815112516
2012-04-03,28.343299865722656,29.706893920898438,28.245899200439453,28.245899200439453,18.07323455810547,181930,-0.06991199875231242,32.132144927978516,-0.015828552520347268,0.051966696995611544
2012-04-05,26.687503814697266,27.758901596069336,26.687503814697266,27.758901596069336,17.761625289916992,168378,-0.017391719018336853,31.71332654953003,-0.01318564032948646,0.05037296070202784
2012-04-06,28.245899200439453,29.609493255615234,28.245899200439453,29.609493255615234,18.94573402404785,70328,0.06453846101523182,31.44060754776001,-0.008453816072751384,0.05307317303116549
2012-04-09,30.193891525268555,30.193891525268555,28.440698623657227,29.609493255615234,18.94573402404785,84394,0.0,31.046138858795167,-0.011810784605577385,0.050079003157654144
2012-04-10,29.609493255615234,29.99909210205078,29.609493255615234,29.706893920898438,19.008056640625,103901,0.0032841094160111794,30.783159732818604,-0.008150532454038096,0.04825008430830773
2012-04-11,27.856300354003906,29.122495651245117,27.856300354003906,29.025096893310547,18.57180404663086,44456,-0.023218271572877494,30.432520961761476,-0.010820476418415718,0.04748879675054607
2012-04-12,29.90169334411621,30.680889129638672,29.219894409179688,29.99909210205078,19.19502067565918,137166,0.033006252090036464,30.081882190704345,-0.01050357435738783,0.04777243338465637
2012-04-13,30.388690948486328,31.265287399291992,30.388690948486328,31.167888641357422,19.94287872314453,194661,0.038221236662777,29.91630277633667,-0.0050487960398700096,0.046733448755054544
2012-04-16,29.90169334411621,31.167888641357422,29.90169334411621,30.97308921813965,19.818235397338867,151129,-0.006269616862397469,29.85786304473877,-0.0018520617365924128,0.04415770633095595
2012-04-17,30.97308921813965,30.97308921813965,30.388690948486328,30.388690948486328,19.444305419921875,116632,-0.01904820681316241,29.882212924957276,0.0008077709275477555,0.041197358556366394
2012-04-18,30.5834903717041,30.5834903717041,29.122495651245117,29.219894409179688,18.69644546508789,179569,-0.03922073825931376,29.867602920532228,-0.00049751848154009,0.04206610616331447
2012-04-19,27.174503326416016,27.174503326416016,27.174503326416016,27.174503326416016,17.387697219848633,325976,-0.07257063668370983,29.765333366394042,-0.003628531834185474,0.04503256222321482
2012-04-20,25.323909759521484,25.323909759521484,25.323909759521484,25.323909759521484,16.203590393066406,185216,-0.07053015674489908,29.628973865509032,-0.005113941985282798,0.04678002805118582
2012-04-23,23.570716857910156,23.570716857910156,23.570716857910156,23.570716857910156,15.081804275512695,218789,-0.07174386875595366,29.307555103302,-0.012058099372832951,0.04578763463729839
2012-04-24,22.01232147216797,25.031709671020508,22.01232147216797,24.739511489868164,15.829658508300781,466018,0.04839649052562166,28.942306518554688,-0.012936170801154842,0.0443588716231524
2012-04-25,24.642112731933594,25.12911033630371,24.642112731933594,24.934310913085938,15.954301834106445,204826,0.007843182279604819,28.581927871704103,-0.01269575845918304,0.044462893849464835
2012-04-26,24.642112731933594,24.642112731933594,23.37591552734375,23.37591552734375,14.957157135009766,105647,-0.06453856193487366,28.211809158325195,-0.013755166164795002,0.045472693663222076
2012-04-27,23.8629150390625,24.447311401367188,23.8629150390625,24.447311401367188,15.642694473266602,60061,0.04481400538729279,27.992659854888917,-0.008245329146576254,0.045563909671372756
2012-04-30,24.447311401367188,24.447311401367188,24.252513885498047,24.252513885498047,15.51805305480957,88193,-0.007999969348255328,27.69072093963623,-0.011117000368475807,0.043500523629393585
2012-05-02,22.69411849975586,22.69411849975586,22.59671974182129,22.59671974182129,14.458587646484375,226284,-0.070715525815364,27.305992317199706,-0.014652776659244008,0.04538257132614532
2012-05-03,21.0383243560791,21.0383243560791,21.0383243560791,21.0383243560791,13.461441993713379,331007,-0.0714590077493652,26.94561357498169,-0.014730127109096647,0.04548292011743589
2012-05-04,21.0383243560791,22.499319076538086,21.0383243560791,22.499319076538086,14.396265983581543,134805,0.06713930166021731,26.68263444900513,-0.010503576075168938,0.0490131395102893
2012-05-07,23.27851676940918,24.057714462280273,22.59671974182129,24.057714462280273,15.393411636352539,244867,0.0669706672917452,26.40504550933838,-0.01038196576134327,0.04921174673724105
2012-05-08,25.71350860595703,25.71350860595703,25.71350860595703,25.71350860595703,16.4528751373291,179877,0.06656076771958454,26.210246276855468,-0.007053927375364042,0.052115765143902225
2012-05-09,27.46670150756836,27.46670150756836,26.590105056762695,26.590105056762695,17.01376724243164,493020,0.03352267573602567,26.05440683364868,-0.005541999059363317,0.052864710010234725
2012-05-10,26.687503814697266,28.440698623657227,26.687503814697266,28.440698623657227,18.197877883911133,113450,0.0672820132247191,26.025186920166014,-0.0010169848194834872,0.055098115739400884
2012-05-11,28.440698623657227,28.440698623657227,26.492704391479492,26.492704391479492,16.951444625854492,106160,-0.07095178035291133,25.84986753463745,-0.006214886441630877,0.05660257393889176
2012-05-14,25.616107940673828,25.616107940673828,24.642112731933594,24.739511489868164,15.829658508300781,98357,-0.06846776809841991,25.52844867706299,-0.011549336679690722,0.05721837264965632
2012-05-15,24.349912643432617,25.908306121826172,24.349912643432617,25.908306121826172,16.577518463134766,74640,0.04616199596854636,25.275209522247316,-0.008927756038143532,0.05865607608778636
2012-05-16,24.642112731933594,24.642112731933594,24.155113220214844,24.155113220214844,15.455732345581055,69507,-0.07006753174415183,24.96353063583374,-0.011478722284693002,0.06020826576055475
2012-05-17,23.473316192626953,25.12911033630371,23.473316192626953,23.570716857910156,15.081804275512695,62525,-0.024490954750016107,24.681071758270264,-0.01074223310922812,0.05994054970036743
2012-05-18,23.37591552734375,23.37591552734375,22.10972023010254,22.888917922973633,14.645551681518555,72998,-0.029352270550592568,24.466792488098143,-0.008581314802572255,0.058352247562225304
2012-05-21,24.252513885498047,24.447311401367188,24.155113220214844,24.155113220214844,15.455732345581055,55133,0.05384322530060869,24.408352661132813,-0.002362645700296867,0.05802922965682568
2012-05-22,24.642112731933594,25.71350860595703,24.642112731933594,25.71350860595703,16.4528751373291,39630,0.06252039526619182,24.515492248535157,0.0043505675008104075,0.05734252975686296
2012-05-23,25.031709671020508,25.031709671020508,24.836910247802734,25.031709671020508,16.016624450683594,41786,-0.026873072512806816,24.530102157592772,0.0005870893488889837,0.05676671822560994
2012-05-24,25.031709671020508,25.031709671020508,23.37591552734375,23.570716857910156,15.081804275512695,39835,-0.0601382775034012,24.461922454833985,-0.0028119836402613176,0.05832332340858462
2012-05-25,23.37591552734375,23.570716857910156,22.401920318603516,22.401920318603516,14.333944320678711,41786,-0.05085844678697918,24.41322269439697,-0.0021279778828665933,0.05763749049033686
2012-05-28,22.10972023010254,22.499319076538086,21.622722625732422,22.401920318603516,14.333944320678711,57905,0.0,24.31095314025879,-0.004368678152231233,0.05657788745709256
2012-05-29,22.401920318603516,23.96031379699707,22.401920318603516,23.96031379699707,15.331087112426758,41786,0.0672521861686022,24.29634313583374,-0.0006060703763883568,0.05878296710776428
2012-05-30,24.642112731933594,24.642112731933594,22.499319076538086,23.37591552734375,14.957157135009766,33470,-0.024692628511270246,24.335302925109865,0.0016950744888163311,0.056759987947812056
2012-05-31,23.8629150390625,24.155113220214844,23.37591552734375,24.155113220214844,15.455732345581055,39733,0.032789843879663286,24.491142368316652,0.0069075170702677545,0.05442725816070106
2012-06-01,23.570716857910156,24.349912643432617,23.570716857910156,24.349912643432617,15.580375671386719,38911,0.00803217675086566,24.583672046661377,0.003952160824800173,0.0525571951910713
2012-06-04,23.37591552734375,23.765514373779297,22.79151725769043,22.79151725769043,14.583229064941406,56160,-0.06613984535217421,24.520362186431885,-0.002703364807395797,0.052585045555030116
2012-06-05,22.79151725769043,24.349912643432617,22.79151725769043,24.349912643432617,15.580375671386719,130903,0.06613984535217414,24.452182388305665,-0.002724410925766317,0.052555941111425516
2012-06-06,25.22650909423828,25.518709182739258,25.22650909423828,25.421308517456055,16.265911102294922,91478,0.04305947835607772,24.393742561340332,-0.002247570794763715,0.052943951332934655
2012-06-07,24.934310913085938,25.421308517456055,24.54471206665039,24.739511489868164,15.829658508300781,75564,-0.02718611933133789,24.208683204650878,-0.006970977422566564,0.0505753915706132
2012-06-08,23.181116104125977,24.349912643432617,23.181116104125977,24.349912643432617,15.580375671386719,61909,-0.015873359024739863,24.101543617248534,-0.0042170563561579905,0.048359161787866076
2012-06-11,24.057714462280273,25.22650909423828,24.057714462280273,25.22650909423828,16.141265869140625,43531,0.03536712780820432,24.12589349746704,0.0009746884391732206,0.04664153978897773
2012-06-12,25.031709671020508,25.031709671020508,24.739511489868164,25.031709671020508,16.016624450683594,41273,-0.007751981805684979,24.082063674926758,-0.001721010449538346,0.04543483338265651
2012-06-13,24.54471206665039,24.836910247802734,24.057714462280273,24.155113220214844,15.455732345581055,36755,-0.035647322753384995,24.082063674926758,-4.8572257327350596e-18,0.04331200621184317
2012-06-14,22.499319076538086,23.473316192626953,22.499319076538086,23.37591552734375,14.957157135009766,72690,-0.0327898438796633,24.072323608398438,-0.0004149444564823645,0.04359779761388614
2012-06-15,23.37591552734375,23.37591552734375,22.401920318603516,22.401920318603516,14.333944320678711,78337,-0.04255955765733206,24.047973728179933,-0.0010753088118193393,0.044155627368364
2012-06-18,23.181116104125977,23.96031379699707,22.59671974182129,23.96031379699707,15.331087112426758,114579,0.0672521861686022,24.038233757019043,-0.00040486076841966394,0.04512455295433678
2012-06-19,23.765514373779297,23.765514373779297,23.181116104125977,23.473316192626953,15.019479751586914,22792,-0.02053457502605288,23.926224136352538,-0.004557609283031899,0.04279018053356487
2012-06-20,23.668115615844727,23.668115615844727,22.888917922973633,23.668115615844727,15.144123077392578,29671,0.008264514865698071,23.85804443359375,-0.0028007299141066546,0.0425463746479516
2012-06-21,22.888917922973633,24.349912643432617,22.888917922973633,24.349912643432617,15.580375671386719,23922,0.02839945227961342,23.897004222869874,0.001626156575044076,0.040838318205747286
2012-06-22,24.349912643432617,25.12911033630371,23.37591552734375,25.12911033630371,16.07894515991211,86961,0.031498686490271946,24.03336372375488,0.0057440132389066315,0.03939422615120171
2012-06-25,24.54471206665039,24.739511489868164,24.252513885498047,24.739511489868164,15.829658508300781,14989,-0.015625327465532062,24.150243282318115,0.004962746865630029,0.039668125556475545
2012-06-26,24.155113220214844,25.12911033630371,24.155113220214844,25.031709671020508,16.016624450683594,33367,0.01174178697777955,24.203813076019287,0.0021872269060888966,0.03692777761592222
2012-06-27,24.54471206665039,24.836910247802734,24.54471206665039,24.739511489868164,15.829658508300781,30698,-0.011741786977779544,24.271992874145507,0.002834768982763432,0.03654316770980136
2012-06-28,23.083717346191406,24.836910247802734,23.083717346191406,24.739511489868164,15.829658508300781,52669,0.0,24.301212787628174,0.0011952767887802673,0.03585763497139238
2012-06-29,24.447311401367188,24.54471206665039,24.349912643432617,24.54471206665039,15.705018997192383,80390,-0.007905184402177606,24.310952758789064,0.00039840873112810397,0.03587478585878597
2012-07-02,24.54471206665039,24.739511489868164,24.155113220214844,24.739511489868164,15.829658508300781,32751,0.007905184402177684,24.40835247039795,0.004100660218845699,0.03228808159678843
2012-07-03,24.934310913085938,25.031709671020508,24.934310913085938,25.031709671020508,16.016624450683594,83059,0.01174178697777955,24.442442321777342,0.0013807573001259693,0.02890042154055157
2012-07-04,24.836910247802734,25.031709671020508,24.349912643432617,24.349912643432617,15.580375671386719,40143,-0.027615146002519426,24.38887252807617,-0.0021529739178038883,0.02783726623022403
2012-07-05,25.12911033630371,25.12911033630371,24.252513885498047,24.447311401367188,15.642694473266602,52566,0.003991984756763905,24.374262523651122,-0.0005940687133987984,0.027227939280090527
2012-07-06,24.642112731933594,24.739511489868164,24.349912643432617,24.739511489868164,15.829658508300781,41683,0.01188137426797599,24.3937424659729,0.0007936679512369942,0.027115267184763796
2012-07-09,24.447311401367188,24.739511489868164,24.447311401367188,24.739511489868164,15.829658508300781,101129,0.0,24.369392585754394,-0.0009746884391732219,0.025866337269841704
2012-07-10,24.739511489868164,24.739511489868164,23.570716857910156,24.642112731933594,15.767339706420898,115195,-0.003944742027877372,24.34991273880005,-0.0007843264502828415,0.025827815921878692
2012-07-11,24.252513885498047,24.642112731933594,24.252513885498047,24.642112731933594,15.767339706420898,39219,0.0,24.374262714385985,0.0009980396873864083,0.0244907023242558
2012-07-12,24.447311401367188,24.642112731933594,24.252513885498047,24.642112731933594,15.767339706420898,59651,0.0,24.43757257461548,0.002637531881369573,0.023171797536712276
2012-07-13,23.8629150390625,24.642112731933594,23.765514373779297,24.54471206665039,15.705018997192383,44148,-0.003960442374300261,24.544712162017824,0.004567487645521163,0.020683038559527023
2012-07-16,24.155113220214844,24.155113220214844,23.181116104125977,23.181116104125977,14.832514762878418,50308,-0.05715845040895948,24.505752277374267,-0.0016530441833569204,0.019513548966560944
2012-07-17,22.59671974182129,22.888917922973633,22.59671974182129,22.59671974182129,14.458587646484375,38193,-0.025533234620458166,24.461922454833985,-0.0019029771630771845,0.019798053108162145
2012-07-18,22.59671974182129,22.59671974182129,21.0383243560791,21.0383243560791,13.461441993713379,106057,-0.0714590077493652,24.330432891845703,-0.005889153293830348,0.02498859395009974
2012-07-19,21.42792320251465,21.720121383666992,19.77212905883789,19.77212905883789,12.651264190673828,82546,-0.06207242105010461,24.101543712615968,-0.010412746960316249,0.02659220288856831
2012-07-20,19.966928482055664,19.966928482055664,19.18773078918457,19.479930877685547,12.464301109313965,91992,-0.014888572942475102,23.81908473968506,-0.0127321099319536,0.024699920847224836
2012-07-23,20.648725509643555,20.648725509643555,19.479930877685547,19.77212905883789,12.651264190673828,63963,0.014888572942475206,23.570715618133544,-0.011206414911553239,0.025443034633814234
2012-07-24,18.700733184814453,18.992931365966797,18.408533096313477,18.60333251953125,11.90340518951416,85010,-0.06093259038986588,23.249296760559083,-0.01484013377993551,0.027126998124445335
2012-07-25,18.01893424987793,19.479930877685547,18.01893424987793,19.18773078918457,12.277334213256836,57289,0.030930320988632364,22.9717077255249,-0.012706528381614915,0.028997183034264216
2012-07-26,19.479930877685547,19.479930877685547,18.60333251953125,18.60333251953125,11.90340518951416,47433,-0.030930320988632482,22.664898777008055,-0.014253044431046538,0.029108429209800703
2012-07-27,19.285131454467773,19.382530212402344,19.09033203125,19.382530212402344,12.401976585388184,60883,0.04103142346890388,22.406789684295653,-0.011806214037492466,0.03161865692969375
2012-07-30,19.674728393554688,19.674728393554688,19.18773078918457,19.18773078918457,12.277334213256836,32854,-0.010101102480271455,22.129200649261474,-0.01270652838161492,0.03128242041494183
2012-07-31,19.09033203125,19.479930877685547,18.60333251953125,18.60333251953125,11.90340518951416,63963,-0.030930320988632482,21.807781791687013,-0.014840133779935524,0.03098093451623242
2012-08-01,18.311134338378906,19.285131454467773,18.311134338378906,19.285131454467773,12.3396577835083,35934,0.035993675659736345,21.55454273223877,-0.011659692696822734,0.0328113578711952
2012-08-02,19.285131454467773,19.285131454467773,19.285131454467773,19.285131454467773,12.3396577835083,0,0.0,21.2964337348938,-0.01185929193466093,0.03272315736538843
2012-08-03,19.09033203125,19.09033203125,18.213735580444336,18.213735580444336,11.654119491577148,47433,-0.05715839638655806,20.970144939422607,-0.015311280467387634,0.033713468077966185
2012-08-06,18.213735580444336,18.895532608032227,17.531936645507812,18.408533096313477,11.778761863708496,114271,0.010638300687694849,20.653596019744874,-0.01477936543300289,0.034049999959451245
2012-08-07,17.629337310791016,18.408533096313477,17.629337310791016,18.213735580444336,11.654119491577148,23819,-0.010638300687694738,20.33217716217041,-0.01511404336599376,0.03397070457262543
2012-08-08,18.01893424987793,18.213735580444336,17.92153549194336,17.92153549194336,11.467155456542969,46612,-0.01617292185015575,19.996148300170898,-0.015922689458501546,0.03378396954082139
2012-08-09,17.629337310791016,18.116334915161133,17.629337310791016,18.116334915161133,11.591797828674316,44148,0.010810922970521714,19.669859409332275,-0.01538214330997546,0.034136787959701986
2012-08-10,18.01893424987793,18.60333251953125,18.01893424987793,18.408533096313477,11.778761863708496,22587,0.01600029956732863,19.36305046081543,-0.014384106212894016,0.03477413320244598
2012-08-13,18.408533096313477,19.285131454467773,18.408533096313477,18.798133850097656,12.028050422668457,88090,0.02094328926815482,19.143901348114014,-0.0104790192290383,0.034096575474509117
2012-08-14,18.992931365966797,19.18773078918457,18.50593376159668,18.50593376159668,11.841085433959961,19507,-0.015666177089247744,18.939362049102783,-0.009985666352477779,0.033938304695965975
2012-08-15,18.311134338378906,18.311134338378906,17.629337310791016,18.116334915161133,11.591797828674316,31930,-0.02127741174623575,18.793262577056886,-0.007476586552321307,0.030870684586339917
2012-08-16,18.311134338378906,18.311134338378906,17.82413673400879,18.116334915161133,11.591797828674316,53388,0.0,18.710472869873048,-0.004372965499816077,0.028087765738063507
2012-08-17,18.01893424987793,18.408533096313477,17.92153549194336,18.01893424987793,11.5294771194458,48870,-0.005390904975703759,18.637423038482666,-0.003898082101477509,0.027980704832003583
2012-08-20,18.01893424987793,18.116334915161133,17.82413673400879,18.116334915161133,11.591797828674316,36858,0.005390904975703712,18.554633331298827,-0.004372965499816084,0.027724503320839602
2012-08-21,17.726736068725586,18.01893424987793,17.726736068725586,17.82413673400879,11.40483283996582,45174,-0.01626047772286267,18.515673542022704,-0.0021393598664659237,0.024545184434984765
2012-08-22,18.01893424987793,18.01893424987793,17.82413673400879,18.01893424987793,11.5294771194458,39219,0.010869572747158935,18.457233715057374,-0.003142397278539595,0.02351076165110726
2012-08-23,17.82413673400879,18.213735580444336,17.82413673400879,18.213735580444336,11.654119491577148,37987,0.010752903855337557,18.437753868103027,-0.001058236036341093,0.022753135680606728
2012-08-24,18.213735580444336,18.213735580444336,18.01893424987793,18.01893424987793,11.5294771194458,30287,-0.010752903855337647,18.369574069976807,-0.003647452402553169,0.020551302688552882
2012-08-27,17.044939041137695,17.531936645507812,17.044939041137695,17.434537887573242,11.155548095703125,85215,-0.03296993289980764,18.28191442489624,-0.004790893923529979,0.021541604659334596
2012-08-28,18.01893424987793,18.60333251953125,17.629337310791016,18.60333251953125,11.90340518951416,175462,0.06488755748196681,18.28191442489624,-1.457167719820518e-17,0.02567974580330853
2012-08-29,19.869529724121094,19.869529724121094,19.869529724121094,19.869529724121094,12.713584899902344,141068,0.06584665626280826,18.311134338378906,0.0014926490301535819,0.028585251052429546
2012-08-30,20.746126174926758,20.746126174926758,19.674728393554688,20.45392608642578,13.087512016296387,106879,0.0289874600783314,18.369574069976807,0.002942022034070152,0.029233126458501624
2012-08-31,19.09033203125,20.45392608642578,19.09033203125,19.674728393554688,12.588942527770996,58008,-0.03883985916802079,18.442623710632326,0.0038579488949970152,0.027485713830236968
2012-09-03,19.09033203125,19.479930877685547,19.09033203125,19.479930877685547,12.464301109313965,42710,-0.009950239725728003,18.496193599700927,0.0028285218743258718,0.027603702395770386
2012-09-04,19.09033203125,19.382530212402344,19.09033203125,19.09033203125,12.215012550354004,54722,-0.020202719306930364,18.540023422241212,0.0023503009433640913,0.027930206425440824
2012-09-05,18.60333251953125,18.700733184814453,18.60333251953125,18.700733184814453,11.965726852416992,29774,-0.020619299691705454,18.578983306884766,0.002127982051286606,0.028102571941922536
2012-09-06,18.50593376159668,19.18773078918457,18.50593376159668,19.18773078918457,12.277334213256836,45277,0.025708322539877558,18.632553100585938,0.002872852029754398,0.02853887359386197
2012-09-07,19.577329635620117,19.577329635620117,19.18773078918457,19.285131454467773,12.3396577835083,44969,0.00506335467110399,18.676383018493652,0.002326004784943166,0.028378426200668563
2012-09-10,19.479930877685547,19.479930877685547,18.50593376159668,19.285131454467773,12.3396577835083,67454,0.0,18.700732898712157,0.001278840321535425,0.028039673347608658
2012-09-11,19.18773078918457,19.18773078918457,18.700733184814453,18.798133850097656,12.028050422668457,36242,-0.02557680643070843,18.715342903137206,0.0007833088544623905,0.028439616055317588
2012-09-12,18.01893424987793,18.311134338378906,18.01893424987793,18.116334915161133,11.591797828674316,79466,-0.03694358883548343,18.715342903137206,6.591949208711867e-18,0.02928246774433257
2012-09-13,18.01893424987793,18.01893424987793,17.629337310791016,17.629337310791016,11.280191421508789,79569,-0.02724960580178631,18.6909930229187,-0.001362480290089309,0.029909696889395498
2012-09-14,17.92153549194336,17.92153549194336,17.531936645507812,17.531936645507812,11.217869758605957,108932,-0.005540238077877019,18.666643142700195,-0.001369946945197972,0.029910774094719712
2012-09-17,17.629337310791016,17.629337310791016,17.142337799072266,17.434537887573242,11.155548095703125,72279,-0.00557099399584806,18.6325532913208,-0.0019180418937755606,0.0298807852783216
2012-09-18,17.434537887573242,17.531936645507812,17.33713722229004,17.33713722229004,11.093225479125977,65092,-0.0056023139366239,18.608203315734862,-0.001385133704463622,0.02970606337215879
2012-09-19,17.33713722229004,17.82413673400879,17.23973846435547,17.82413673400879,11.40483283996582,75667,0.02770267408927261,18.598463439941405,-0.0005434786373579379,0.030303993906773706
2012-09-20,17.531936645507812,17.82413673400879,17.23973846435547,17.33713722229004,11.093225479125977,158522,-0.02770267408927259,18.55463352203369,-0.002466257534588445,0.03076599366162437
2012-09-21,17.23973846435547,17.33713722229004,16.65534019470215,16.75274085998535,10.719298362731934,141376,-0.03428898265213325,18.49132385253906,-0.0036430614744282263,0.03154003381682288
2012-09-24,16.65534019470215,17.33713722229004,16.65534019470215,17.33713722229004,11.093225479125977,38193,0.03428898265213335,18.486453819274903,-0.0002801156968311763,0.0318328590809773
2012-09-25,17.044939041137695,17.044939041137695,16.16834259033203,16.16834259033203,10.345369338989258,220021,-0.06979569168487394,18.36470432281494,-0.007014278155173215,0.03156605290599853
2012-09-26,15.876143455505371,16.460540771484375,15.486543655395508,16.460540771484375,10.532333374023438,86858,0.017910879100075133,18.194254875183105,-0.009411067013309871,0.02727014367837911
2012-09-27,16.070941925048828,16.460540771484375,15.876143455505371,16.460540771484375,10.532333374023438,76283,0.0,17.994585609436037,-0.010860440017226441,0.02585553147168362
2012-09-28,15.973543167114258,16.65534019470215,15.973543167114258,16.65534019470215,10.656974792480469,57803,0.011764849033469056,17.843616199493407,-0.008330204607151948,0.02544620293252849
2012-10-01,15.583944320678711,15.973543167114258,15.583944320678711,15.973543167114258,10.220726013183594,74230,-0.04179709585906598,17.668296813964844,-0.009922547413818848,0.026526424575057574
2012-10-02,16.2657413482666,16.2657413482666,14.902146339416504,15.486543655395508,9.909117698669434,140554,-0.03096230595944573,17.48810739517212,-0.010460526746444616,0.026852985607061373
2012-10-03,15.486543655395508,15.583944320678711,15.486543655395508,15.486543655395508,9.909117698669434,96304,0.0,17.327397918701173,-0.009429561761859342,0.02683824653100277
2012-10-04,15.486543655395508,15.778742790222168,15.486543655395508,15.681344032287598,10.033761024475098,51848,0.012500231994859286,17.152078580856323,-0.010089966289110255,0.02607989780264976
2012-10-05,15.681344032287598,16.2657413482666,15.681344032287598,16.2657413482666,10.407690048217773,78337,0.03658941065144611,17.001109075546264,-0.008513663490093151,0.027931030474223423
2012-10-08,16.557941436767578,17.044939041137695,16.557941436767578,16.65534019470215,10.656974792480469,72998,0.023669759172206314,16.869619512557982,-0.007330175531482836,0.028798742806041586
2012-10-09,16.65534019470215,16.65534019470215,16.070941925048828,16.16834259033203,10.345369338989258,27618,-0.029675728133544396,16.738129949569704,-0.007535121616624634,0.028949618923884715
2012-10-11,16.070941925048828,16.16834259033203,15.583944320678711,15.583944320678711,9.971439361572266,25667,-0.03681399524173507,16.61151041984558,-0.007528641936937215,0.028942703778138387
2012-10-12,15.583944320678711,15.876143455505371,15.096945762634277,15.583944320678711,9.971439361572266,34702,0.0,16.509240770339964,-0.0061661616468479,0.02860489369305681
2012-10-15,15.096945762634277,15.194345474243164,15.096945762634277,15.194345474243164,9.722152709960938,40554,-0.025317823675559844,16.392361211776734,-0.0071550409267320415,0.02892221478577421
2012-10-16,15.096945762634277,15.096945762634277,14.512548446655273,14.512548446655273,9.28590202331543,83470,-0.04590966507725355,16.246261739730834,-0.009171974480802316,0.030184909896130586
2012-10-17,14.512548446655273,14.902146339416504,14.512548446655273,14.902146339416504,9.535188674926758,73614,0.026491566913273333,16.124512195587158,-0.007567280438307454,0.031220010260188166
2012-10-18,14.902146339416504,14.902146339416504,14.512548446655273,14.512548446655273,9.28590202331543,45174,-0.02649156691327336,15.958932781219483,-0.010276992488434753,0.03033705386816221
2012-10-19,14.512548446655273,14.512548446655273,14.12294864654541,14.512548446655273,9.28590202331543,49897,0.0,15.817703342437744,-0.008891858783971123,0.030131283095257522
2012-10-22,14.609947204589844,15.486543655395508,14.609947204589844,15.194345474243164,9.722152709960938,92300,0.04590966507725358,15.739783573150635,-0.0048819263975017815,0.031860379751446274
2012-10-23,15.194345474243164,15.583944320678711,14.804746627807617,14.804746627807617,9.472867012023926,59343,-0.02597550292038721,15.613164043426513,-0.00789515067612781,0.030792668816411642
2012-10-24,14.220349311828613,15.194345474243164,14.220349311828613,14.220349311828613,9.098938941955566,66427,-0.04027385854653623,15.515764379501343,-0.006419059019210924,0.028273762636145068
2012-10-25,13.538551330566406,14.12294864654541,13.538551330566406,13.928150177001953,8.911974906921387,105955,-0.02076200411087353,15.389144849777221,-0.008352703179758355,0.027841375881683113
2012-10-26,13.635951042175293,13.830750465393066,13.635951042175293,13.635951042175293,8.725008010864258,108419,-0.021202220855723795,15.247915363311767,-0.009412814222544547,0.027910163923365205
2012-10-29,13.830750465393066,13.830750465393066,13.246352195739746,13.635951042175293,8.725008010864258,69712,0.0,15.096945905685425,-0.010001056674217999,0.02756213537418894
2012-10-30,13.246352195739746,13.635951042175293,13.246352195739746,13.635951042175293,8.725008010864258,25975,0.0,14.980066299438477,-0.007911201881264698,0.026591884384210517
2012-10-31,13.635951042175293,13.830750465393066,13.635951042175293,13.635951042175293,8.725008010864258,23203,0.0,14.887536668777466,-0.006363086583292413,0.026075536512043987
2012-11-01,13.538551330566406,13.635951042175293,13.246352195739746,13.635951042175293,8.725008010864258,34907,0.0,14.795007038116456,-0.006363086583292413,0.026075536512043987
2012-11-02,12.759353637695312,13.44115161895752,12.759353637695312,12.954153060913086,8.288759231567383,188809,-0.05129332751618757,14.658647489547729,-0.009552764558844757,0.027509002673938666
2012-11-05,12.077555656433105,12.077555656433105,12.077555656433105,12.077555656433105,7.727865219116211,214271,-0.0700676107066759,14.449238204956055,-0.014885615626750856,0.028416377408190502
2012-11-06,11.687957763671875,12.174956321716309,11.687957763671875,12.077555656433105,7.727865219116211,112218,0.0,14.220348978042603,-0.01606910358536117,0.027192657045631643
2012-11-07,12.174956321716309,12.856754302978516,12.174956321716309,12.661953926086426,8.101794242858887,62320,0.04725291765036405,14.045029544830323,-0.012222671296165749,0.030416415808002327
2012-11-08,12.272356033325195,13.148953437805176,12.272356033325195,13.148953437805176,8.413402557373047,58008,0.03774042561741678,13.923280000686646,-0.008494950253208157,0.03178187866480099
2012-11-09,12.467155456542969,13.635951042175293,12.272356033325195,13.635951042175293,8.725008010864258,103183,0.03636759495508264,13.825880336761475,-0.006676570505454024,0.03329771772046146
2012-11-12,12.954153060913086,14.512548446655273,12.954153060913086,14.512548446655273,9.28590202331543,83983,0.06230392135626726,13.79179048538208,-0.0022954832538626692,0.0363411869646918
2012-11-13,15.29174518585205,15.29174518585205,14.12294864654541,14.41514778137207,9.223581314086914,56571,-0.006734102335239457,13.78692045211792,-0.00033670511676196454,0.03489361559570002
2012-11-14,14.220349311828613,14.609947204589844,14.220349311828613,14.41514778137207,9.223581314086914,57392,0.0,13.762570524215699,-0.0016612834624256314,0.0343196972841293
2012-11-15,13.830750465393066,14.512548446655273,13.830750465393066,14.12294864654541,9.036616325378418,23614,-0.020478545031359374,13.743090534210205,-0.0013606323683299317,0.03411646411223564
2012-11-16,13.830750465393066,13.830750465393066,13.148953437805176,13.148953437805176,8.413402557373047,46406,-0.07145886894475109,13.6749107837677,-0.004933575815567486,0.03753687471221275
2012-11-19,12.954153060913086,13.44115161895752,12.954153060913086,12.954153060913086,8.288759231567383,34394,-0.014925732561104847,13.562901163101197,-0.007975345697485408,0.03561569957764625
2012-11-20,12.564555168151855,13.148953437805176,12.369754791259766,12.564555168151855,8.039472579956055,39630,-0.030536668503014352,13.450891590118408,-0.008203403976616765,0.03575137132946634
2012-11-21,12.467155456542969,12.467155456542969,12.174956321716309,12.272356033325195,7.852509498596191,67043,-0.023530511867709686,13.353491926193238,-0.007366236642675437,0.0351518807491853
2012-11-22,11.785358428955078,12.174956321716309,11.785358428955078,11.980156898498535,7.665543556213379,45277,-0.02409756674182091,13.256092262268066,-0.007533014774222807,0.03522661539071007
2012-11-23,12.077555656433105,12.564555168151855,12.077555656433105,12.564555168151855,8.039472579956055,58111,0.04762807860953068,13.202522468566894,-0.004091499800960083,0.03713162414976161
2012-11-26,12.272356033325195,12.467155456542969,12.272356033325195,12.467155456542969,7.977150917053223,45996,-0.007782145185927222,13.144082689285279,-0.004480607060256444,0.03712726699194741
2012-11-27,12.272356033325195,12.564555168151855,12.272356033325195,12.467155456542969,7.977150917053223,21355,0.0,13.085642910003662,-0.004480607060256444,0.03712726699194741
2012-11-28,12.272356033325195,12.467155456542969,12.272356033325195,12.467155456542969,7.977150917053223,34497,0.0,13.027203130722047,-0.004480607060256444,0.03712726699194741
2012-11-29,12.467155456542969,12.759353637695312,12.467155456542969,12.564555168151855,8.039472579956055,86037,0.0077821451859273055,12.973633337020875,-0.004091499800960079,0.037217367405535516
2012-11-30,12.272356033325195,12.661953926086426,12.272356033325195,12.661953926086426,8.101794242858887,62217,0.007721975446702348,12.959023380279541,-0.0011407346528155826,0.035581575402204677
2012-12-03,11.882757186889648,12.954153060913086,11.882757186889648,12.954153060913086,8.288759231567383,125051,0.02281469305631198,13.00285325050354,0.003503380535333811,0.031992197906199914
2012-12-04,12.856754302978516,13.830750465393066,12.856754302978516,13.830750465393066,8.849652290344238,95380,0.06547797137355367,13.090512990951538,0.006777279104011495,0.03483851604803104
2012-12-05,14.609947204589844,14.70734691619873,14.609947204589844,14.70734691619873,9.410544395446777,76180,0.061452751358402426,13.192782640457153,0.007487270789413414,0.03583718297991942
2012-12-06,15.681344032287598,15.681344032287598,15.681344032287598,15.681344032287598,10.033761024475098,50616,0.06412456844493897,13.319402170181274,0.008806477930789524,0.03745839372861055
2012-12-07,16.75274085998535,16.75274085998535,16.75274085998535,16.75274085998535,10.719298362731934,65708,0.06609015072284889,13.475241661071777,0.010292605719177835,0.039160349465322264
2012-12-10,17.92153549194336,17.92153549194336,17.92153549194336,17.92153549194336,11.467155456542969,294970,0.06744121149374664,13.645691013336181,0.010549470226051804,0.03953452390989255
2012-12-11,19.09033203125,19.09033203125,18.01893424987793,18.700733184814453,11.965726852416992,575874,0.042559641025732176,13.8599702835083,0.013014157394100386,0.03993483410986867
2012-12-12,18.311134338378906,18.60333251953125,18.311134338378906,18.408533096313477,11.778761863708496,176181,-0.015748418487881673,14.05963954925537,0.012226736469706304,0.040357967567049104
2012-12-13,18.50593376159668,19.674728393554688,18.50593376159668,19.674728393554688,12.588942527770996,153285,0.06652067721224539,14.337228536605835,0.01657669758188654,0.04132432615202357
2012-12-14,20.064327239990234,21.0383243560791,20.064327239990234,21.0383243560791,13.461441993713379,286962,0.06701075426685171,14.731697082519531,0.023500178742466682,0.03719149590039697
2012-12-17,22.499319076538086,22.499319076538086,22.499319076538086,22.499319076538086,14.396265983581543,95893,0.06713930166021731,15.208955383300781,0.02760343045353279,0.03725589241725035
2012-12-18,24.057714462280273,24.057714462280273,24.057714462280273,24.057714462280273,15.393411636352539,275052,0.0669706672917452,15.783613348007203,0.03247879724327077,0.03558988108645943
2012-12-19,25.71350860595703,25.71350860595703,25.71350860595703,25.71350860595703,16.4528751373291,120328,0.06656076771958454,16.455670976638793,0.03698336122263547,0.03378326364745318
2012-12-20,27.46670150756836,27.46670150756836,27.46670150756836,27.46670150756836,17.574661254882812,785834,0.06595793622715401,17.229998207092287,0.041486136371084226,0.03110932818789154
2012-12-21,29.31729507446289,29.31729507446289,25.616107940673828,25.616107940673828,16.390554428100586,1089120,-0.06975304668151439,17.882575845718385,0.03561708010653197,0.039759495170969404
2012-12-24,22.207120895385742,25.518709182739258,22.207120895385742,25.323909759521484,16.203590393066406,650310,-0.01147237080589399,18.52541356086731,0.03543256882553363,0.039979451571860655
2012-12-25,23.8629150390625,24.836910247802734,23.8629150390625,24.54471206665039,15.705018997192383,289220,-0.03125256263250958,19.129291391372682,0.033869940693908154,0.041997103974211344
2012-12-26,24.54471206665039,25.323909759521484,24.155113220214844,24.155113220214844,15.455732345581055,117248,-0.016000351373427868,19.713689279556274,0.03306992312523676,0.04282058696238634
2012-12-27,24.155113220214844,24.739511489868164,24.155113220214844,24.642112731933594,15.767339706420898,107803,0.019960793747728165,20.317567157745362,0.0336788555533268,0.04252764566735345
2012-12-28,25.616107940673828,25.616107940673828,24.349912643432617,24.349912643432617,15.580375671386719,290452,-0.011928616996862566,20.90196509361267,0.03269632593114856,0.04337740553774196
2013-01-02,24.155113220214844,25.12911033630371,24.155113220214844,25.12911033630371,16.07894515991211,164066,0.031498686490271946,21.510712957382204,0.03313052560284656,0.04331670639019208
2013-01-03,24.642112731933594,25.323909759521484,24.642112731933594,25.323909759521484,16.203590393066406,149897,0.007722050764799906,22.08537092208862,0.030242729572408866,0.04297052234707357
2013-01-04,24.934310913085938,25.421308517456055,24.934310913085938,25.323909759521484,16.203590393066406,112936,0.0,22.61619906425476,0.027170092004488743,0.04281821133980162
2013-01-07,26.005706787109375,26.29790687561035,26.005706787109375,26.005706787109375,16.639835357666016,135729,0.026567006510043623,23.13241720199585,0.025292213907743978,0.04192649400072236
2013-01-08,26.005706787109375,26.492704391479492,26.005706787109375,26.492704391479492,16.951444625854492,124333,0.018553383358044337,23.619415378570558,0.022915375539503752,0.04082487635646538
2013-01-09,26.88230323791504,26.88230323791504,26.88230323791504,26.88230323791504,17.200733184814453,125975,0.014598808811836284,24.06745376586914,0.02027325540540823,0.03947933456722362
2013-01-10,26.492704391479492,27.856300354003906,26.492704391479492,27.856300354003906,17.823949813842773,157598,0.03559096743020165,24.525232124328614,0.019924821725631706,0.039302645214725714
2013-01-11,28.440698623657227,28.927696228027344,28.440698623657227,28.440698623657227,18.197877883911133,259959,0.02076200411087361,25.0268404006958,0.021750342855569472,0.03839595013986404
2013-01-14,27.758901596069336,29.219894409179688,27.758901596069336,29.219894409179688,18.69644546508789,193327,0.027028623207609688,25.50409870147705,0.019775740155337684,0.03696102288706628
2013-01-15,29.219894409179688,29.804292678833008,28.440698623657227,28.440698623657227,18.197877883911133,245072,-0.02702862320760962,25.874217414855956,0.01507377128161462,0.0366157563799299
2013-01-16,28.538097381591797,29.31729507446289,28.538097381591797,29.219894409179688,18.69644546508789,229364,0.027028623207609688,26.21024618148804,0.013068237358984236,0.03466016551338074
2013-01-17,29.219894409179688,29.219894409179688,27.174503326416016,27.174503326416016,17.387697219848633,130185,-0.07257063668370983,26.366085624694826,0.006091172160211486,0.037190951371033995
2013-01-18,27.271902084350586,28.73289680480957,27.271902084350586,28.635498046875,18.322519302368164,134394,0.05236798265246271,26.512185096740723,0.005381532906855395,0.03609568414104612
2013-01-21,26.687503814697266,26.979703903198242,26.687503814697266,26.687503814697266,17.07608985900879,256879,-0.07045170470758658,26.47322521209717,-0.0014389491398816346,0.03692515163312833
2013-01-22,24.836910247802734,24.836910247802734,24.836910247802734,24.836910247802734,15.891983032226562,373923,-0.07186457075894113,26.434265327453613,-0.001544525343752972,0.03713318771684011
2013-01-23,26.20050621032715,26.20050621032715,24.836910247802734,25.031709671020508,16.016624450683594,186037,0.00781254481661347,26.419655323028564,-0.000580279562627599,0.03711220271597806
2013-01-24,25.22650909423828,25.8109073638916,24.836910247802734,25.8109073638916,16.515195846557617,142916,0.030653760643516284,26.482965087890626,0.002515036601173694,0.037000819972427205
2013-01-25,25.8109073638916,26.492704391479492,25.8109073638916,25.908306121826172,16.577518463134766,120534,0.0037664483472504,26.57062473297119,0.003503376587207607,0.03674332235426253
2013-01-28,25.908306121826172,27.077102661132812,25.518709182739258,27.077102661132812,17.325376510620117,117864,0.04412483350920035,26.692374229431152,0.004711578575281217,0.03769784592264764
2013-01-29,28.05109977722168,28.05109977722168,27.56410026550293,27.953699111938477,17.886266708374023,201335,0.0318610878334425,26.872563552856445,0.00690106381679647,0.037951317145695086
2013-01-30,27.953699111938477,27.953699111938477,27.271902084350586,27.271902084350586,17.450016021728516,172587,-0.024692593826455247,26.97970314025879,0.004091499800960111,0.03811408784417766
2013-01-31,27.271902084350586,27.271902084350586,26.687503814697266,26.687503814697266,17.07608985900879,86139,-0.021661510564626743,27.04788284301758,0.002622321734488778,0.038530819592174394
2013-02-01,26.590105056762695,26.590105056762695,26.20050621032715,26.20050621032715,16.764480590820312,120123,-0.018416702343053103,27.09171266555786,0.0017014866173361229,0.038815801399244135
2013-02-04,26.103107452392578,27.271902084350586,26.103107452392578,27.271902084350586,17.450016021728516,175667,0.04007821290768003,27.155022430419923,0.0023770469372179433,0.039384751078878406
2013-02-05,26.492704391479492,26.492704391479492,25.8109073638916,26.103107452392578,16.702163696289062,127413,-0.04380257777266256,27.135542583465575,-0.0007407511193174017,0.04048942962596144
2013-02-06,26.492704391479492,26.78490447998047,26.395305633544922,26.395305633544922,16.889123916625977,76694,0.0111318107095186,27.11119270324707,-0.0009141010244332858,0.040427673520279594
2013-02-18,26.590105056762695,27.856300354003906,26.492704391479492,27.856300354003906,17.823949813842773,216325,0.0538729879188676,27.11119270324707,1.1449174941446926e-17,0.0414892709132387
2013-02-19,27.758901596069336,27.856300354003906,26.590105056762695,27.856300354003906,17.823949813842773,115195,0.0,27.081972789764404,-0.001038100205543669,0.04120118710725601
2013-02-20,27.758901596069336,28.440698623657227,27.758901596069336,28.343299865722656,18.135555267333984,351438,0.017331500587196656,27.03814306259155,-0.0015229563365643207,0.04090953956608582
2013-02-21,28.245899200439453,28.245899200439453,27.56410026550293,28.05109977722168,17.948589324951172,98973,-0.010362826991666008,27.018663120269775,-0.0006896665257671401,0.040530647893817925
2013-02-22,27.271902084350586,27.758901596069336,26.590105056762695,27.36930274963379,17.51234245300293,59343,-0.024605791202073252,26.92613353729248,-0.0032713872462512873,0.04031605841177926
2013-02-25,27.46670150756836,27.46670150756836,27.36930274963379,27.46670150756836,17.574661254882812,191171,0.003552368983825321,26.940743446350098,0.0005347630371254705,0.0368758577622109
2013-02-26,26.590105056762695,27.271902084350586,26.590105056762695,27.174503326416016,17.387697219848633,141786,-0.01069526074250941,26.86769371032715,-0.002618399132623136,0.03485105976890659
2013-02-27,27.174503326416016,27.758901596069336,27.174503326416016,27.758901596069336,17.761625289916992,190349,0.021277411007404684,26.92126359939575,0.0019680566531264272,0.03131022351685357
2013-03-01,27.758901596069336,27.856300354003906,27.661500930786133,27.661500930786133,17.699304580688477,129877,-0.003514978640535649,27.062493133544923,0.005385536259046702,0.026128725174006055
2013-03-04,27.661500930786133,29.31729507446289,27.661500930786133,29.219894409179688,18.69644546508789,309036,0.05480820431684082,27.27190237045288,0.007735319234058069,0.028375096060097405
2013-03-05,30.388690948486328,31.265287399291992,30.388690948486328,31.265287399291992,20.005199432373047,630084,0.06765866067487739,27.5446213722229,0.009585564235626124,0.031030425827304475
2013-03-06,32.141883850097656,33.4080810546875,31.362688064575195,31.362688064575195,20.067522048950195,994562,0.0031104548116231276,27.817340469360353,0.00955276455884476,0.03103724640984863
2013-03-07,32.434085845947266,33.5054817199707,32.434085845947266,33.5054817199707,21.438596725463867,590761,0.06609015072284889,28.138759422302247,0.010651030419527188,0.03267062655799093
2013-03-08,35.84307098388672,35.84307098388672,35.84307098388672,35.84307098388672,22.934310913085938,694150,0.06744121149374664,28.53322801589966,0.012430036602542396,0.03478655807023233
2013-03-11,38.2780647277832,38.2780647277832,38.2780647277832,38.2780647277832,24.49234962463379,1392818,0.06572673923598876,29.08353614807129,0.016951003255664596,0.035574720368880285
2013-03-12,38.959861755371094,38.959861755371094,35.64827346801758,35.64827346801758,22.80966567993164,639324,-0.0711762939883296,29.531574630737303,0.01447526408447945,0.039867255040149895
2013-03-13,34.57687759399414,34.57687759399414,33.4080810546875,33.60287857055664,21.50091552734375,477106,-0.0590889805755966,29.901693248748778,0.012441650172852278,0.042578514096343
2013-03-14,35.94047164916992,35.94047164916992,33.60287857055664,34.187278747558594,21.874845504760742,439631,0.01724187338392459,30.24746208190918,0.011299833196664506,0.042101915829226975
2013-03-15,36.33007049560547,36.33007049560547,31.849685668945312,31.849685668945312,20.37912940979004,578852,-0.07082609556365135,30.534790992736816,0.009948657307115067,0.044337660104770395
2013-03-18,29.804292678833008,31.849685668945312,29.804292678833008,31.849685668945312,20.37912940979004,731008,0.0,30.807509994506837,0.009392066771639136,0.04439186390456914
2013-03-19,31.849685668945312,33.115882873535156,31.849685668945312,33.115882873535156,21.189308166503906,367352,0.03898549955349495,31.070489120483398,0.008647692353370503,0.043726573330744645
2013-03-20,34.869075775146484,34.869075775146484,33.115882873535156,33.115882873535156,21.189308166503906,597640,0.0,31.33346824645996,0.008647692353370503,0.043726573330744645
2013-03-21,34.47947692871094,34.47947692871094,33.115882873535156,33.115882873535156,21.189308166503906,217967,0.0,31.572097396850587,0.007781117324010671,0.04371715675597135
2013-03-22,33.115882873535156,33.115882873535156,32.04448318481445,32.82368469238281,21.00234603881836,241273,-0.008862663330645705,31.810726642608643,0.007856125507061686,0.04368566324881997
2013-03-25,33.99247741699219,33.99247741699219,33.5054817199707,33.60287857055664,21.50091552734375,382444,0.02346138595687743,32.122405433654784,0.01025948436500922,0.04312438053716554
2013-03-26,33.89508056640625,34.382076263427734,33.79767990112305,34.382076263427734,21.99948501586914,473512,0.02292365469529337,32.46817417144776,0.011228048650582623,0.043183308919488274
2013-03-27,36.037872314453125,36.719669342041016,36.037872314453125,36.719669342041016,23.495206832885742,976389,0.06577717112777332,32.945432472229,0.01505167024409676,0.044505315378562976
2013-03-28,37.206668853759766,37.3040657043457,35.45347213745117,35.45347213745117,22.685026168823242,650823,-0.03509136804453365,33.330160999298094,0.012233231291499844,0.04585470837337297
2013-03-29,35.64827346801758,37.49886703491211,35.64827346801758,37.401466369628906,23.931453704833984,686347,0.05348871857513648,33.817159271240236,0.015083416152283449,0.04659002002929303
2013-04-01,37.49886703491211,37.69366455078125,37.401466369628906,37.401466369628906,23.931453704833984,1063864,0.0,34.2262378692627,0.012343005936441408,0.04573448718610887
2013-04-02,37.888465881347656,38.472862243652344,37.888465881347656,37.985862731933594,24.305383682250977,1363146,0.015504145738662857,34.56226663589477,0.009735280189630682,0.043863058140707414
2013-04-03,38.66766357421875,38.66766357421875,38.1806640625,38.1806640625,24.430025100708008,509755,0.005115153953042852,34.90316543579102,0.009835515146701668,0.043849410866754215
2013-04-08,38.1806640625,38.1806640625,37.49886703491211,37.79106521606445,24.180742263793945,803596,-0.010256506347297887,35.117444610595705,0.006018182293194329,0.04197763222397069
2013-04-09,37.985862731933594,38.57026290893555,37.985862731933594,38.1806640625,24.430025100708008,1014479,0.010256506347297818,35.234324264526364,0.0031589470358718867,0.03944481880789741
2013-04-10,38.472862243652344,38.472862243652344,36.42747116088867,37.01186752319336,23.682170867919922,561706,-0.031090606000680122,35.171014404296876,-0.0016819202259615574,0.03724146262493349
2013-04-11,37.01186752319336,37.59626770019531,37.01186752319336,37.59626770019531,24.056100845336914,836963,0.015666177089247824,35.26841411590576,0.002660203327917314,0.033596688423221374
2013-04-12,38.1806640625,38.1806640625,37.59626770019531,37.59626770019531,24.056100845336914,847333,0.0,35.4680835723877,0.0056146523566971435,0.03031896364606434
2013-04-15,37.69366455078125,40.22605514526367,37.69366455078125,40.22605514526367,25.73877716064453,1042303,0.06761014143993073,35.77002239227295,0.008133065759497451,0.0332826427431234
2013-04-16,40.22605514526367,42.9532470703125,40.22605514526367,42.9532470703125,27.483781814575195,1158525,0.06559732312788509,36.32520046234131,0.014954236694074275,0.030073573038757587
2013-04-17,45.777835845947266,45.87523651123047,45.777835845947266,45.87523651123047,29.353424072265625,1676289,0.06581321517554185,37.02647800445557,0.018244897452851367,0.03189655454377903
2013-04-18,47.04403305053711,48.99202346801758,47.04403305053711,48.99202346801758,31.34770965576172,2056064,0.06573203657289782,37.82028503417969,0.019582224303821512,0.03333995594644269
2013-04-19,50.64781951904297,52.4010124206543,50.64781951904297,52.4010124206543,33.528961181640625,1394152,0.06726841365270154,38.78454151153564,0.022945644986456588,0.0346286751877146
2013-04-22,56.004798889160156,56.004798889160156,56.004798889160156,56.004798889160156,35.83485794067383,960373,0.06651146936767699,39.92898731231689,0.026271218454840435,0.035492065393599295
2013-04-23,59.900787353515625,59.900787353515625,59.900787353515625,59.900787353515625,38.32772445678711,985527,0.06725226798817487,41.28284244537353,0.030076965020781464,0.0356070883283391
2013-04-24,64.08897399902344,64.08897399902344,55.71260070800781,55.71260070800781,35.64789962768555,3979788,-0.07248330359244819,42.388328552246094,0.02527973054331518,0.04236682148012816
2013-04-25,51.81661605834961,59.608585357666016,51.81661605834961,59.51118850708008,38.078433990478516,2055654,0.06595799110107244,43.644784164428714,0.027431447363604138,0.0433228855087985
2013-04-26,61.36178207397461,61.36178207397461,57.46579360961914,57.46579360961914,36.76968002319336,1397951,-0.03497445997161976,44.68209037780762,0.022393865808634485,0.04447183256863179
2013-04-29,57.95279312133789,61.36178207397461,57.95279312133789,61.36178207397461,39.26253890991211,847846,0.06559732252577988,45.97750587463379,0.027428300337150158,0.04330565168473643
2013-04-30,63.30977249145508,63.991573333740234,63.30977249145508,63.30977249145508,40.50897216796875,1727726,0.03125250142161311,47.2729211807251,0.026316489479473994,0.04288477004625626
2013-05-02,63.30977249145508,63.30977249145508,61.36178207397461,61.36178207397461,39.26253890991211,694047,-0.031252501421613024,48.470936965942386,0.02475386440839334,0.0444355012699223
2013-05-03,62.43317794799805,62.62797546386719,62.335777282714844,62.335777282714844,39.88575744628906,509447,0.015748335598124157,49.688432693481445,0.024766073901366405,0.04443285943943378
2013-05-06,62.335777282714844,62.335777282714844,60.38778305053711,60.38778305053711,38.63932800292969,629879,-0.03174871805521033,50.7987886428833,0.022922880300953748,0.046026946777451554
2013-05-07,61.36178207397461,61.36178207397461,58.244991302490234,58.244991302490234,37.268253326416016,972488,-0.036128714581312345,51.82148494720459,0.02162926988925302,0.04735302322659623
2013-05-08,57.27099609375,57.27099609375,54.25160598754883,54.25160598754883,34.713069915771484,948052,-0.07102550708592262,52.62503204345703,0.017565169217592,0.051671582857822286
2013-05-09,52.5958137512207,54.54380416870117,50.550418853759766,54.54380416870117,34.90003204345703,1587479,0.005371529613364775,53.50162887573242,0.019388275998294246,0.05049435770650284
2013-05-10,54.54380416870117,54.73860549926758,51.6218147277832,52.5958137512207,33.65361022949219,798154,-0.036367594955082676,54.251606178283694,0.01678658739607772,0.05201386985950848
2013-05-13,52.5958137512207,55.51780319213867,52.5958137512207,54.73860549926758,35.02468490600586,452876,0.03993269820426379,55.1087230682373,0.018783222306290908,0.05210194076965133
2013-05-14,54.836002349853516,58.244991302490234,54.836002349853516,58.050193786621094,37.14360809326172,716429,0.05873881810708605,55.99993000030518,0.018339656139648677,0.051700595024648036
2013-05-15,57.95279312133789,59.413787841796875,56.10219955444336,56.10219955444336,35.897178649902344,545381,-0.03413302690501284,56.65737762451172,0.01335313863800378,0.051712193020602426
2013-05-16,56.004798889160156,58.43979263305664,52.5958137512207,58.43979263305664,37.39289474487305,539632,0.04082201899863582,57.28560543060303,0.012103578829158477,0.050669267648476256
2013-05-17,56.978797912597656,57.3683967590332,56.58919906616211,57.076194763183594,36.520389556884766,335216,-0.023609913092104404,57.68981399536133,0.007636481345908367,0.04961985056054546
2013-05-20,56.58919906616211,56.58919906616211,53.56980895996094,53.56980895996094,34.27682113647461,547024,-0.06340148169998407,57.74825382232666,0.0011029865782740858,0.04995637865012568
2013-05-21,52.4010124206543,55.323001861572266,52.4010124206543,53.18021011352539,34.02753448486328,397742,-0.007299306915923652,57.607024383544925,-0.0025875522359059466,0.04753784252640014
2013-05-22,55.03080368041992,55.03080368041992,52.5958137512207,53.56980895996094,34.27682113647461,405032,0.007299306915923543,57.29047546386719,-0.005585200289518513,0.044708126299554354
2013-05-23,53.56980895996094,53.56980895996094,52.4010124206543,52.5958137512207,33.65361022949219,444149,-0.018349113612884493,57.134636116027835,-0.0028784907905403277,0.04200159791363892
2013-05-24,54.73860549926758,54.73860549926758,51.719215393066406,51.719215393066406,33.09271240234375,474026,-0.016807146590216936,56.74503746032715,-0.007016747675104795,0.03881914417221399
2013-05-27,51.6218147277832,54.05680847167969,51.6218147277832,54.05680847167969,34.58842849731445,325360,0.044206118818100694,56.574588203430174,-0.003057718735618774,0.039841966305743416
2013-05-28,53.56980895996094,54.25160598754883,52.5958137512207,52.5958137512207,33.65361022949219,374539,-0.027398972227883827,56.13628978729248,-0.007707533473301958,0.036711413464112004
2013-05-29,54.73860549926758,56.19960021972656,54.73860549926758,56.19960021972656,35.959503173828125,560474,0.06627311324854859,55.78078117370605,-0.005956502881955186,0.039403953381582306
2013-05-30,60.095584869384766,60.095584869384766,56.978797912597656,56.978797912597656,36.45807647705078,1775673,0.013769588845869844,55.561631965637204,-0.0037053983685810415,0.039168086513864456
2013-05-31,58.53718948364258,60.67998123168945,58.53718948364258,58.926788330078125,37.70450210571289,1196410,0.03361656542830504,55.39118251800537,-0.002811986877071997,0.039833309624073866
2013-06-03,58.43979263305664,62.335777282714844,58.43979263305664,60.582584381103516,38.76396560668945,953494,0.02771166770091032,55.40092258453369,0.00016103241073403535,0.039778823221160345
2013-06-04,61.45918273925781,61.45918273925781,56.58919906616211,58.43979263305664,37.39289474487305,682445,-0.03601042681866085,55.41066265106201,0.00016694679886660978,0.0397731520042984
2013-06-05,57.85539245605469,58.43979263305664,57.27099609375,57.95279312133789,37.08129119873047,566429,-0.008368271063387141,55.59572200775146,0.003299808599993384,0.03617527272606801
2013-06-06,57.85539245605469,57.85539245605469,56.10219955444336,57.46579360961914,36.76968002319336,594868,-0.008438890401326622,55.741821479797366,0.002609287599258814,0.03626534188634757
2013-06-07,57.75799560546875,58.43979263305664,54.54380416870117,54.73860549926758,35.02468490600586,759858,-0.048620648735995295,55.84896106719971,0.001996634910213183,0.03705339501275309
2013-06-10,56.68659973144531,58.43979263305664,56.491798400878906,58.43979263305664,37.39289474487305,664068,0.06542781020070901,56.03402042388916,0.0032713905100354443,0.03882348490360538
2013-06-11,58.43979263305664,59.51118850708008,57.46579360961914,57.46579360961914,36.76968002319336,432445,-0.01680716146471368,56.004800415039064,-0.0005059084685545421,0.03676321788421607
2013-06-13,56.297000885009766,56.297000885009766,53.472408294677734,53.56980895996094,34.27682113647461,779058,-0.0702042333273747,55.87818088531494,-0.0023094687896726353,0.039297225288409586
2013-06-14,55.03080368041992,55.42040252685547,54.836002349853516,54.93340301513672,35.149322509765625,432239,0.025135953575204734,55.70286140441895,-0.0030937720608441898,0.03854033412135125
2013-06-17,56.297000885009766,58.43979263305664,56.297000885009766,58.050193786621094,37.14360809326172,627312,0.055186449123260595,55.75156135559082,0.0008460460499240604,0.0403191338494695
2013-06-18,58.14759063720703,59.99818420410156,57.75799560546875,57.75799560546875,36.95664978027344,973104,-0.005046254548096003,55.96097068786621,0.0037638074075184635,0.037433257300667884
2013-06-19,61.1669807434082,61.751380920410156,61.1669807434082,61.751380920410156,39.5118293762207,1346822,0.06685454648054957,56.38952922821045,0.007471500077342125,0.039872715542673756
2013-06-20,61.36178207397461,61.36178207397461,58.43979263305664,60.38778305053711,38.63932800292969,1355548,-0.022329521234850373,56.73042793273926,0.005990058669803429,0.04042602945867406
2013-06-21,56.19960021972656,60.38778305053711,56.19960021972656,58.43979263305664,37.39289474487305,939531,-0.03278977860398018,57.022626876831055,0.005268025420248646,0.0410083862600294
2013-06-24,59.413787841796875,61.9461784362793,59.413787841796875,61.9461784362793,39.636470794677734,1049182,0.058268879796793106,57.5339750289917,0.009021826739599148,0.04229720905800342
2013-06-25,62.335777282714844,62.335777282714844,60.48518371582031,60.777381896972656,38.88861083984375,707292,-0.01904820681316241,57.87000370025635,0.005859110458035991,0.041890810998963676
2013-06-26,62.72537612915039,62.72537612915039,59.51118850708008,60.38778305053711,38.63932800292969,595279,-0.006430894379650458,58.25960216522217,0.006907514350447659,0.04127247203989949
2013-06-27,60.38778305053711,60.38778305053711,58.43979263305664,58.43979263305664,37.39289474487305,625874,-0.03278977860398018,58.371611785888675,0.001954369757821222,0.03968683324391206
2013-06-28,59.51118850708008,59.51118850708008,56.978797912597656,57.076194763183594,36.520389556884766,592815,-0.023609913092104404,58.37648162841797,8.539466092250953e-05,0.039980206762680805
2013-07-01,58.050193786621094,60.38778305053711,58.050193786621094,60.19298553466797,38.514686584472656,524847,0.05316870075752569,58.43979148864746,0.001063001427383542,0.0410675344923105
2013-07-02,60.095584869384766,60.095584869384766,58.43979263305664,59.51118850708008,38.078433990478516,256674,-0.0113914891585153,58.386221694946286,-0.0008921564155877391,0.04066086666047844
2013-07-03,60.38778305053711,60.38778305053711,58.244991302490234,58.244991302490234,37.268253326416016,294046,-0.021506234484238308,58.37648162841797,-0.00016694679886661187,0.04012739200464618
2013-07-04,56.978797912597656,56.978797912597656,54.446407318115234,54.54380416870117,34.90003204345703,900311,-0.06565397747255788,58.20603218078613,-0.003031232119325149,0.042705325103441244
2013-07-05,54.54380416870117,54.54380416870117,51.42701721191406,54.54380416870117,34.90003204345703,626388,0.0,58.059932708740234,-0.002609287599258818,0.04269077054705682
2013-07-08,53.56980895996094,53.56980895996094,52.4010124206543,52.5958137512207,33.65361022949219,421767,-0.036367594955082676,57.95279312133789,-0.001996634910213187,0.04207925292240997
2013-07-09,53.37500762939453,53.37500762939453,50.64781951904297,50.64781951904297,32.40718078613281,435730,-0.03774035029931927,57.56319446563721,-0.0071550429352146006,0.039631181854104205
2013-07-10,47.14143371582031,47.725830078125,47.14143371582031,47.14143371582031,30.16360855102539,1131934,-0.07174386875595366,57.046976470947264,-0.0099018782997766,0.04215861769075064
2013-07-11,47.14143371582031,48.505027770996094,46.751834869384766,48.505027770996094,31.03610610961914,475874,0.02851514690939033,56.79373741149902,-0.004965909287938348,0.04047211507135651
2013-07-12,48.60242462158203,48.60242462158203,45.19343948364258,45.19343948364258,28.91717529296875,472280,-0.070715525815364,56.306739234924315,-0.009758483257466786,0.04235151428923691
2013-07-15,43.927242279052734,43.927242279052734,42.36885070800781,42.36885070800781,27.10984992980957,786142,-0.06453849300150209,55.52267208099365,-0.01574473036370492,0.04113243477925124
2013-07-16,42.46624755859375,45.290836334228516,42.46624755859375,45.290836334228516,28.979494094848633,378338,0.06669128446324833,54.89931411743164,-0.012157853413137704,0.04505528303453558
2013-07-17,48.40762710571289,48.40762710571289,48.40762710571289,48.40762710571289,30.97378158569336,330801,0.06655266253788177,54.23212642669678,-0.012172947610271092,0.04502746149485367
2013-07-18,51.719215393066406,51.719215393066406,48.40762710571289,48.699825286865234,31.160751342773438,760064,0.0060180564072273394,53.647728538513185,-0.010755568728167207,0.045136955839221345
2013-07-19,49.57642364501953,49.57642364501953,46.751834869384766,48.21282958984375,30.849140167236328,371664,-0.01005028284173549,53.13638038635254,-0.009618593940054973,0.044838122675475434
2013-07-22,48.79722595214844,48.79722595214844,47.725830078125,48.699825286865234,31.160751342773438,392403,0.010050282841735602,52.47406272888183,-0.01202952378780785,0.04221535741074942
2013-07-23,48.21282958984375,48.21282958984375,45.290836334228516,48.21282958984375,30.849140167236328,480083,-0.01005028284173549,51.84583511352539,-0.011579627589236502,0.04218455627643308
2013-07-24,44.901241302490234,44.901241302490234,44.901241302490234,44.901241302490234,28.730209350585938,957806,-0.07115971940041049,51.07150802612305,-0.014816068840274504,0.044203468441959846
2013-07-25,42.46624755859375,42.46624755859375,41.78445053100586,41.78445053100586,26.735919952392578,848052,-0.07194116684443733,50.23874092102051,-0.016773638252297364,0.045876588940183614
2013-07-26,38.86246109008789,41.492252349853516,38.86246109008789,40.323455810546875,25.801097869873047,597024,-0.0355909437795916,49.40110397338867,-0.01737268978667172,0.046048456126900436
2013-07-29,37.59626770019531,37.59626770019531,37.59626770019531,37.59626770019531,24.056100845336914,460473,-0.07002854750098812,48.27126808166504,-0.023532552199597413,0.04432322629487558
2013-07-30,34.96647644042969,40.22605514526367,34.96647644042969,40.22605514526367,25.73877716064453,1166739,0.06761014143993073,47.307011413574216,-0.01958247066967511,0.04876039252507529
2013-07-31,37.985862731933594,37.985862731933594,37.49886703491211,37.49886703491211,23.993776321411133,620125,-0.0702042034985575,46.26970520019531,-0.022017369120391067,0.050060082880930765
2013-08-01,36.037872314453125,39.73905944824219,36.037872314453125,37.49886703491211,23.993776321411133,619406,0.0,45.41745834350586,-0.018734670246763174,0.04919312894868246
2013-08-02,38.37546157836914,38.37546157836914,36.13526916503906,36.13526916503906,23.121274948120117,277619,-0.03704134653705037,44.49703159332275,-0.020586737573615694,0.049147928284950876
2013-08-05,34.382076263427734,38.57026290893555,34.382076263427734,38.57026290893555,24.6793155670166,461911,0.06521221502638543,43.7957540512085,-0.015507747074542288,0.052561422794329175
2013-08-06,39.641658782958984,39.641658782958984,37.69366455078125,38.0832633972168,24.367706298828125,594355,-0.012706683899367644,43.16752624511719,-0.014256063754544707,0.052301546340836176
2013-08-07,36.232669830322266,37.985862731933594,36.232669830322266,36.52486801147461,23.370561599731445,237885,-0.04178156072623247,42.636697959899905,-0.012757948353058646,0.05098064726094085
2013-08-08,35.063873291015625,35.45347213745117,33.99247741699219,34.57687759399414,22.12413215637207,648154,-0.054808162944929704,41.940290451049805,-0.01692411384577465,0.0508346726701633
2013-08-09,35.45347213745117,35.45347213745117,34.57687759399414,34.869075775146484,22.31109619140625,222382,0.008415174428826533,41.424072265625,-0.012967578833565122,0.04948928385157569
2013-08-12,35.84307098388672,37.01186752319336,35.356075286865234,37.01186752319336,23.682170867919922,206058,0.05963824962174714,41.156223106384275,-0.00675874170240266,0.0504587632959796
2013-08-13,37.59626770019531,38.57026290893555,37.59626770019531,38.57026290893555,24.6793155670166,225462,0.041242983519956276,40.82019443511963,-0.008031156749567264,0.04880278656484218
2013-08-14,41.20005416870117,41.20005416870117,39.05725860595703,39.05725860595703,24.99091911315918,435935,0.012547150199267948,40.35267601013184,-0.010731432366497954,0.0458644561395785
2013-08-15,38.76506042480469,38.76506042480469,37.79106521606445,37.79106521606445,24.180742263793945,252670,-0.03295603406584184,39.807238006591795,-0.012680136890151414,0.04594324700547191
2013-08-16,36.232669830322266,37.79106521606445,35.84307098388672,37.79106521606445,24.180742263793945,265504,0.0,39.28614978790283,-0.01217762274806464,0.0460284101585139
2013-08-19,37.888465881347656,37.888465881347656,36.914466857910156,36.914466857910156,23.619842529296875,134600,-0.02346917475775627,38.69688186645508,-0.013853595628039233,0.04578606887107958
2013-08-20,36.52486801147461,36.52486801147461,35.84307098388672,35.84307098388672,22.934310913085938,109035,-0.029453259612383452,38.07839393615723,-0.014823744466571632,0.045906643541438634
2013-08-22,36.914466857910156,36.914466857910156,35.063873291015625,35.84307098388672,22.934310913085938,196099,0.0,37.62548542022705,-0.011265758496551107,0.04402977135660318
2013-08-23,36.81706619262695,36.81706619262695,36.42747116088867,36.42747116088867,23.308238983154297,98562,0.016172921850155803,37.35763645172119,-0.006860054061821448,0.042000605207570915
2013-08-26,37.10926818847656,37.10926818847656,36.42747116088867,36.42747116088867,23.308238983154297,80801,0.0,37.162837219238284,-0.005080506872841869,0.04146985364920476
2013-08-27,37.79106521606445,37.79106521606445,36.42747116088867,36.42747116088867,23.308238983154297,158522,0.0,37.10439739227295,-0.0015790794977924634,0.03855112133493554
2013-08-28,36.42747116088867,36.62226867675781,36.33007049560547,36.62226867675781,23.43288230895996,114271,0.005333296957328633,36.924208068847655,-0.004692921721922568,0.035022025065280994
2013-08-29,36.037872314453125,36.62226867675781,35.94047164916992,36.62226867675781,23.43288230895996,162731,0.0,36.88037815093994,-0.0011827115469946934,0.031445999259061753
2013-08-30,36.914466857910156,37.59626770019531,34.382076263427734,34.382076263427734,21.99948501586914,208727,-0.06312109944012839,36.72453861236572,-0.004338766519001113,0.034354129413237317
2013-09-02,35.063873291015625,36.719669342041016,35.063873291015625,36.719669342041016,23.495206832885742,150205,0.06577717112777332,36.75375862121582,0.0008021593642400713,0.03680826676355074
2013-09-03,37.888465881347656,37.888465881347656,37.401466369628906,37.79106521606445,24.180742263793945,159754,0.028760143875010503,36.71479873657226,-0.0010204441933286748,0.034265739751428666
2013-09-04,37.79106521606445,38.2780647277832,35.16127395629883,35.16127395629883,22.498058319091797,290966,-0.07212739946550485,36.568699264526366,-0.003991479971635535,0.037732972675194695
2013-09-05,37.59626770019531,37.59626770019531,37.59626770019531,37.59626770019531,24.056100845336914,140554,0.0669594769013703,36.622269248962404,0.0014455719097446035,0.03977997692953513
2013-09-06,40.22605514526367,40.22605514526367,38.959861755371094,40.128658294677734,25.67646026611328,1189018,0.0651859675710078,36.89985828399658,0.0074452784355414775,0.0398978369759388
2013-09-09,39.73905944824219,39.73905944824219,38.37546157836914,38.959861755371094,24.92860221862793,377414,-0.029558819352645083,37.10439758300781,0.005546578746467898,0.040743854464916296
2013-09-10,38.959861755371094,40.71305465698242,38.472862243652344,38.472862243652344,24.61699104309082,285113,-0.012578814431563948,37.17744731903076,0.0019357255438023433,0.0388539963800122
2013-09-11,38.472862243652344,38.959861755371094,37.985862731933594,38.959861755371094,24.92860221862793,197741,0.012578814431563962,37.19692726135254,0.0005025170893827276,0.037843278441804185
2013-09-12,39.34946060180664,39.93385696411133,39.34946060180664,39.93385696411133,25.551809310913086,288604,0.0246925791564856,37.24075717926026,0.0011097885372436105,0.03814299348303165
2013-09-13,39.93385696411133,40.90785217285156,39.93385696411133,40.90785217285156,26.175024032592773,374950,0.024097519737263245,37.39659652709961,0.003962466227398865,0.03759064217336024
2013-09-16,43.14804458618164,44.80384063720703,43.14804458618164,44.80384063720703,28.667888641357422,698359,0.09097183496719062,37.74723529815674,0.008511057975758397,0.04229545612843528
2013-09-17,46.751834869384766,46.751834869384766,44.80384063720703,44.80384063720703,28.667888641357422,624540,0.0,38.14170398712158,0.00968451671364621,0.041682616146253244
2013-09-18,46.55703353881836,46.55703353881836,43.82984161376953,44.80384063720703,28.667888641357422,305647,0.0,38.589742469787595,0.011157179694265381,0.04073665030945577
2013-09-23,44.609039306640625,44.609039306640625,42.46624755859375,43.44024658203125,27.795387268066406,300206,-0.030907512264042165,38.969601249694826,0.009611804081063272,0.041755687179846256
2013-09-24,43.44024658203125,43.44024658203125,41.88185119628906,43.34284591674805,27.733064651489258,306469,-0.002244693139550615,39.31536998748779,0.008690923331577952,0.041806432807850735
2013-09-25,43.34284591674805,43.34284591674805,42.36885070800781,42.36885070800781,27.10984992980957,154004,-0.02272821971690376,39.61243896484375,0.0075545123457327655,0.04236034668935214
2013-09-26,41.88185119628906,41.88185119628906,40.90785217285156,41.58964920043945,26.61127471923828,274744,-0.018562120125120166,39.87054786682129,0.006626406339476756,0.04273625398014814
2013-09-27,41.88185119628906,42.9532470703125,41.88185119628906,42.9532470703125,27.483781814575195,225462,0.032260927734130425,40.187096786499026,0.007972787878316847,0.043115855168405215
2013-09-30,42.8558464050293,43.82984161376953,42.56364822387695,43.82984161376953,28.0446720123291,247742,0.020202654031247238,40.54747543334961,0.008982920579879209,0.04315587371696967
2013-10-01,42.8558464050293,44.80384063720703,42.8558464050293,44.31684112548828,28.356279373168945,296920,0.011049864879193471,41.044213676452635,0.0126914687958453,0.03968055021869792
2013-10-02,44.99863815307617,44.99863815307617,44.31684112548828,44.31684112548828,28.356279373168945,399693,0.0,41.424072265625,0.009402610239456636,0.037726875122424175
2013-10-03,44.31684112548828,46.55703353881836,44.31684112548828,46.07003402709961,29.478071212768555,533882,0.038797951888658935,41.838020706176756,0.009904500640139058,0.03806321552523723
2013-10-04,46.55703353881836,46.55703353881836,44.99863815307617,44.99863815307617,28.792531967163086,312629,-0.0235304914957558,42.329888916015626,0.01233434603862651,0.03387122846533428
2013-10-07,44.99863815307617,46.264835357666016,44.99863815307617,45.87523651123047,29.353424072265625,410371,0.01929323587219799,42.74383735656738,0.009951033987167892,0.03141308806726894
2013-10-08,47.725830078125,47.725830078125,45.583038330078125,45.777835845947266,29.29110336303711,550823,-0.002125421427668762,43.02629623413086,0.006585464537234065,0.02866986467525079
2013-10-09,45.777835845947266,45.777835845947266,42.661048889160156,42.661048889160156,27.296815872192383,443738,-0.07051374056955004,43.21135559082031,0.004537718476388818,0.03258291008378981
2013-10-11,43.82984161376953,43.82984161376953,43.34284591674805,43.34284591674805,27.733064651489258,341171,0.015855358929570566,43.454854774475095,0.005959427144445544,0.032416664604019416
2013-10-14,40.90785217285156,41.005252838134766,40.323455810546875,40.323455810546875,25.801097869873047,393841,-0.07220832917472121,43.523034477233885,0.0017200699641312842,0.03675874517560079
2013-10-15,40.323455810546875,41.88185119628906,40.323455810546875,41.88185119628906,26.798240661621094,349693,0.03791925774288327,43.62043418884277,0.002381403893451168,0.03730866934439423
2013-10-16,40.518253326416016,40.90785217285156,40.22605514526367,40.90785217285156,26.175024032592773,248768,-0.023530558131759985,43.62043418884277,6.4184768611141866e-18,0.037369575124915046
2013-10-17,40.71305465698242,40.71305465698242,39.44685745239258,39.93385696411133,25.551809310913086,278748,-0.024097519737263234,43.37693500518799,-0.0057534677352226865,0.030929449121220996
2013-10-18,39.05725860595703,40.22605514526367,39.05725860595703,40.22605514526367,25.73877716064453,265812,0.0072904140650826045,43.14804573059082,-0.005388947031968556,0.031043575986430018
2013-10-21,42.661048889160156,42.661048889160156,41.88185119628906,42.174049377441406,26.985206604003906,456675,0.04729016460786051,43.01655616760254,-0.003024438801575531,0.0332016158929019
2013-10-22,42.36885070800781,42.36885070800781,40.42085647583008,40.42085647583008,25.863422393798828,309344,-0.04245918706607431,42.86558666229248,-0.0036020225416771383,0.0338071622632111
2013-10-23,41.39485168457031,41.39485168457031,39.54425811767578,39.641658782958984,25.364849090576172,348358,-0.01946534638201965,42.68052730560303,-0.00446305520380059,0.03398957683945836
2013-10-24,41.10265350341797,41.687049865722656,41.10265350341797,41.58964920043945,26.61127471923828,492917,0.0479707642339881,42.64156723022461,-0.0009281060062559972,0.03562694663958945
2013-10-25,39.73905944824219,40.90785217285156,39.73905944824219,40.90785217285156,26.175024032592773,290350,-0.01652928972157391,42.60747737884522,-0.0008264644860786847,0.035576854591407754
2013-10-28,40.71305465698242,40.71305465698242,40.03125762939453,40.03125762939453,25.614133834838867,209549,-0.021661439605398212,42.461377906799314,-0.003522582853055117,0.034975539308929514
2013-10-29,39.73905944824219,40.03125762939453,39.73905944824219,39.73905944824219,25.427169799804688,190041,-0.007326020472933046,42.25683879852295,-0.00489901657826413,0.0345315771017692
2013-10-30,41.687049865722656,41.687049865722656,39.93385696411133,40.42085647583008,25.863422393798828,301849,0.01701133194793676,42.06203956604004,-0.004600943224826966,0.03470180195828465
2013-10-31,40.03125762939453,40.03125762939453,39.44685745239258,39.641658782958984,25.364849090576172,151540,-0.01946534638201965,41.828280448913574,-0.005574210543927949,0.034838667976425756
2013-11-01,41.005252838134766,41.005252838134766,39.44685745239258,39.44685745239258,25.240205764770508,158316,-0.004926169658460703,41.49712162017822,-0.007760416621283931,0.03324301601274835
2013-11-04,39.93385696411133,39.93385696411133,39.44685745239258,39.93385696411133,25.551809310913086,239733,0.012270124433611581,41.24388256072998,-0.005970385824815562,0.03331295564887341
2013-11-05,39.93385696411133,39.93385696411133,39.44685745239258,39.44685745239258,25.240205764770508,168891,-0.012270124433611612,40.92246360778809,-0.0075485538401060415,0.03279676741677604
2013-11-06,39.54425811767578,39.54425811767578,38.959861755371094,39.154659271240234,25.053241729736328,250206,-0.007434959002239032,40.591304779052734,-0.007814030718834556,0.03277203885693888
2013-11-07,40.90785217285156,40.90785217285156,39.44685745239258,40.323455810546875,25.801097869873047,485320,0.029413903561990636,40.47442512512207,-0.0028176485122575214,0.03022852683558422
2013-11-08,40.128658294677734,42.36885070800781,40.128658294677734,42.36885070800781,27.10984992980957,501541,0.049480109457817445,40.42572536468506,-0.0011364109858451779,0.03219296747960296
2013-11-11,44.80384063720703,44.80384063720703,42.8558464050293,42.9532470703125,27.483781814575195,914068,0.01369880760901028,40.55721492767334,0.0031589458533413974,0.027616947786596763
2013-11-12,42.661048889160156,42.661048889160156,40.518253326416016,42.0766487121582,26.922883987426758,434601,-0.0206193223568734,40.5669548034668,0.00023201684835356395,0.026829881989969915
2013-11-13,41.88185119628906,42.661048889160156,41.39485168457031,42.661048889160156,27.296815872192383,297434,0.013793375535196311,40.65461463928223,0.002098213531701379,0.026384410731027326
2013-11-14,42.8558464050293,42.8558464050293,39.73905944824219,39.73905944824219,25.427169799804688,277003,-0.07095173071235847,40.64487476348877,-0.0002444970170533828,0.0305794199121463
2013-11-15,41.687049865722656,41.78445053100586,41.20005416870117,41.20005416870117,26.36199188232422,278029,0.03610500191889222,40.69357471466064,0.0011962323756370978,0.03161438270731202
2013-11-18,42.27145004272461,42.36885070800781,41.005252838134766,41.10265350341797,26.299673080444336,157495,-0.002366889583814297,40.64000492095947,-0.0012866203339466423,0.02969553287621306
2013-11-19,40.71305465698242,40.71305465698242,39.93385696411133,39.93385696411133,25.551809310913086,163552,-0.028848171994009887,40.615654945373535,-0.0006060695803434213,0.028846111363649216
2013-11-20,39.93385696411133,40.42085647583008,39.93385696411133,39.93385696411133,25.551809310913086,171663,0.0,40.630264854431154,0.0003671977387575612,0.028502645019128324
2013-11-21,39.154659271240234,39.836456298828125,39.154659271240234,39.44685745239258,25.240205764770508,349795,-0.012270124433611612,40.52312526702881,-0.002644846694622424,0.026305661611835656
2013-11-22,39.93385696411133,39.93385696411133,39.34946060180664,39.34946060180664,25.177888870239258,207803,-0.002472118053061064,40.44520568847656,-0.0019419881111967824,0.0261021683885909
2013-11-25,39.54425811767578,39.54425811767578,38.76506042480469,38.76506042480469,24.803953170776367,183060,-0.014962930648299655,40.38189582824707,-0.0016070626633418543,0.025877835845972297
2013-11-26,38.86246109008789,39.154659271240234,38.86246109008789,38.959861755371094,24.92860221862793,234292,0.005012593978486849,40.342935943603514,-0.0009901319407708594,0.025881396162057032
2013-11-27,38.959861755371094,38.959861755371094,37.59626770019531,37.59626770019531,24.056100845336914,298769,-0.03562714821836267,40.20170650482178,-0.003622055949085831,0.02662034875944606
2013-11-28,37.59626770019531,39.73905944824219,37.59626770019531,39.44685745239258,25.240205764770508,372896,0.04804960294123655,40.191966438293456,-0.00024630848292302133,0.02870471578260795
2013-11-29,41.10265350341797,41.10265350341797,39.54425811767578,39.54425811767578,25.302528381347656,266530,0.002466118219601209,40.19683647155762,0.00012330591098007446,0.02868887306498388
2013-12-02,39.836456298828125,39.836456298828125,39.34946060180664,39.34946060180664,25.177888870239258,166838,-0.004938236272662218,40.16761665344238,-0.0007371121243336155,0.02856317554049138
2013-12-03,39.641658782958984,39.73905944824219,38.959861755371094,39.54425811767578,25.302528381347656,192505,0.004938236272662331,40.17248668670654,0.00012330591098008167,0.02845646514717289
2013-12-04,39.44685745239258,39.44685745239258,38.959861755371094,38.959861755371094,24.92860221862793,228748,-0.014888572942475102,40.162746810913085,-0.0002493747860317219,0.02860906102779231
2013-12-05,39.05725860595703,39.54425811767578,38.959861755371094,38.959861755371094,24.92860221862793,190247,0.0,40.094567108154294,-0.0017200699641312539,0.027746960292730504
2013-12-06,39.93385696411133,39.93385696411133,38.959861755371094,38.959861755371094,24.92860221862793,222177,0.0,39.92411766052246,-0.004194075437022126,0.025012700469208782
2013-12-09,39.05725860595703,39.05725860595703,38.86246109008789,38.86246109008789,24.86627769470215,269405,-0.0025031562302323587,39.71957836151123,-0.005004173628984258,0.024662615297500145
2013-12-10,38.86246109008789,39.154659271240234,38.86246109008789,39.154659271240234,25.053241729736328,372793,0.0074906519508672505,39.573478889465335,-0.0035986749135972253,0.02452649108792476
2013-12-11,39.44685745239258,39.54425811767578,38.86246109008789,38.959861755371094,24.92860221862793,324949,-0.004987495720634883,39.38841953277588,-0.004537718476388785,0.024182677450473634
2013-12-12,38.66766357421875,38.959861755371094,38.66766357421875,38.959861755371094,24.92860221862793,231006,0.0,39.349459648132324,-0.0009901319407708618,0.01845235450378931
2013-12-13,38.86246109008789,38.86246109008789,37.59626770019531,37.79106521606445,24.180742263793945,352362,-0.030459225654228237,39.179010200500485,-0.004318343319426885,0.017381383047966572
2013-12-16,38.66766357421875,38.66766357421875,37.01186752319336,37.401466369628906,23.931453704833984,250000,-0.010362793344407609,38.993950843811035,-0.00471813850745655,0.017426035477981418
2013-12-17,37.59626770019531,38.472862243652344,37.59626770019531,38.472862243652344,24.61699104309082,267557,0.02824320456707182,38.92090110778808,-0.0018635696794024649,0.017933925355461584
2013-12-18,38.86246109008789,38.86246109008789,37.401466369628906,38.1806640625,24.430025100708008,141581,-0.007623904875366428,38.83324146270752,-0.0022447649231707857,0.017973211451596995
2013-12-19,38.1806640625,38.1806640625,35.64827346801758,37.01186752319336,23.682170867919922,433266,-0.031090606000680122,38.71149196624756,-0.0031857890015242114,0.01898968481158992
2013-12-20,36.914466857910156,37.01186752319336,35.550872802734375,35.550872802734375,22.747346878051758,241581,-0.040273897726065086,38.521562576293945,-0.005075877985174412,0.02071755448233951
2013-12-23,35.64827346801758,36.13526916503906,35.64827346801758,36.13526916503906,23.121274948120117,438091,0.016304666219635763,38.39007301330567,-0.0035124981417776423,0.021108260967389623
2013-12-24,36.13526916503906,36.13526916503906,35.550872802734375,35.550872802734375,22.747346878051758,375155,-0.016304666219635746,38.21962356567383,-0.004578361151683771,0.02119316676075782
2013-12-25,35.64827346801758,36.62226867675781,35.64827346801758,36.62226867675781,23.43288230895996,277927,0.029691781816791916,38.17092361450195,-0.001312414649926042,0.02118954983173178
2013-12-26,36.62226867675781,36.62226867675781,35.25867462158203,36.62226867675781,23.43288230895996,264271,0.0,38.029694175720216,-0.003714894796987869,0.01774174211727219
2013-12-27,36.719669342041016,37.49886703491211,36.719669342041016,37.3040657043457,23.86913299560547,363142,0.01844583164847237,37.91768455505371,-0.0029159091255443114,0.018382978634961897
2013-12-30,38.0832633972168,38.86246109008789,38.0832633972168,38.86246109008789,24.86627769470215,401644,0.04092645333817894,37.893334579467776,-0.0006226746450022538,0.02081703328126352
2013-12-31,38.86246109008789,39.05725860595703,38.86246109008789,39.05725860595703,24.99091911315918,452054,0.004999964641846119,37.868984603881835,-0.0006195882265430644,0.020817905716281407
2014-01-02,39.73905944824219,41.29745101928711,39.73905944824219,41.29745101928711,26.424314498901367,828750,0.055772040594762325,37.985864067077635,0.002913442450318807,0.02401872573294155
2014-01-03,41.687049865722656,43.82984161376953,41.687049865722656,43.82984161376953,28.0446720123291,718791,0.05951412137432427,38.22936305999756,0.00588914851903502,0.027124602064944516
2014-01-06,46.8492317199707,46.8492317199707,46.8492317199707,46.8492317199707,29.976638793945312,1114480,0.06661970905472113,38.623831558227536,0.009220133971771077,0.0302713572604645
2014-01-07,50.063419342041016,50.063419342041016,50.063419342041016,50.063419342041016,32.03324890136719,954418,0.06635597871589828,39.1838794708252,0.01266309071907761,0.03268730361568139
2014-01-08,53.472408294677734,53.472408294677734,53.472408294677734,53.472408294677734,34.214500427246094,519406,0.06587519951036394,39.89976692199707,0.015582318097052444,0.03474347584733258
2014-01-09,57.1735954284668,57.1735954284668,57.1735954284668,57.1735954284668,36.58272171020508,2336969,0.06692638536744751,40.81045360565186,0.019178012151456564,0.03619362320531969
2014-01-10,61.069583892822266,61.069583892822266,53.56980895996094,56.978797912597656,36.45807647705078,3895188,-0.003412941231521351,41.71140041351318,0.019007365089880497,0.03629670238039063
2014-01-13,58.34239196777344,58.43979263305664,57.95279312133789,57.95279312133789,37.08129119873047,1733784,0.01694953524716734,42.71948680877686,0.021377803134950274,0.034394363830987575
2014-01-14,57.95279312133789,57.95279312133789,56.491798400878906,57.66059494018555,36.89432907104492,1144767,-0.005054757207687839,43.732443237304686,0.021643204941786266,0.03415620389240316
2014-01-15,57.75799560546875,58.34239196777344,57.66059494018555,57.66059494018555,36.89432907104492,1763045,0.0,44.69182987213135,0.02023104471343267,0.03445153989174423
2014-01-16,57.66059494018555,57.66059494018555,53.66720962524414,53.66720962524414,34.339141845703125,1169511,-0.0717718167259481,45.46615715026856,0.017023649120903588,0.03975857668745746
2014-01-17,49.96602249145508,49.96602249145508,49.96602249145508,49.96602249145508,31.970928192138672,1090660,-0.07145896924737431,46.11386489868164,0.015005230958568877,0.04320505328258971
2014-01-20,46.751834869384766,51.232215881347656,46.751834869384766,51.232215881347656,32.78110885620117,1424029,0.025025326345999237,46.897932052612305,0.018270192162172093,0.04122995638335713
2014-01-21,50.550418853759766,50.550418853759766,48.699825286865234,48.699825286865234,31.160751342773438,738298,-0.05069310806096589,47.526159858703615,0.01492030344814201,0.044025061739163054
2014-01-22,51.42701721191406,51.42701721191406,48.699825286865234,48.699825286865234,31.160751342773438,490556,0.0,48.183607482910155,0.0157355367591238,0.04356497855823472
2014-01-23,48.699825286865234,49.186824798583984,47.92062759399414,49.186824798583984,31.472354888916016,404005,0.009950356446406183,48.811835289001465,0.014748465490604512,0.04345563080234695
2014-01-24,49.28422546386719,49.28422546386719,47.92062759399414,49.186824798583984,31.472354888916016,385832,0.0,49.440063095092775,0.014748465490604512,0.04345563080234695
2014-01-27,46.8492317199707,48.99202346801758,46.8492317199707,48.699825286865234,31.160751342773438,573821,-0.009950356446406038,50.00985107421875,0.013328656085860594,0.04379106447776679
2014-02-05,47.8232307434082,49.47902297973633,47.8232307434082,49.47902297973633,31.659317016601562,712322,0.015873359024740005,50.540679168701175,0.012076001370188645,0.04331581907277112
2014-02-06,51.232215881347656,52.88801193237305,50.94001770019531,52.88801193237305,33.840572357177734,774232,0.06662789407899156,51.23221683502197,0.015157397842045917,0.04494726856343191
2014-02-07,53.66720962524414,54.836002349853516,53.66720962524414,54.05680847167969,34.58842849731445,1009449,0.02185880667854347,51.8701847076416,0.013461736146234976,0.04396334380851161
2014-02-10,54.54380416870117,55.810001373291016,54.54380416870117,54.54380416870117,34.90003204345703,784191,0.008968622727198937,52.405882835388184,0.01093446121387871,0.042608598025953306
2014-02-11,55.51780319213867,55.51780319213867,52.5958137512207,52.5958137512207,33.65361022949219,483677,-0.036367594955082676,52.69321193695068,0.005785096013388518,0.041738962196996215
2014-02-12,53.56980895996094,53.56980895996094,52.303611755371094,52.303611755371094,33.466644287109375,463246,-0.00557110299124684,52.80522155761719,0.0021887419280312618,0.03927107849073885
2014-02-13,51.232215881347656,51.232215881347656,50.25822067260742,50.25822067260742,32.15789031982422,386551,-0.03989129807287235,52.64451217651367,-0.003099582951130553,0.037316266946220235
2014-02-14,48.699825286865234,50.25822067260742,48.699825286865234,48.99202346801758,31.34770965576172,542301,-0.02551663054117956,52.23543357849121,-0.007721733746561906,0.03373985151233641
2014-02-17,45.583038330078125,45.583038330078125,45.583038330078125,45.583038330078125,29.166461944580078,1523106,-0.0721218176144926,51.665645599365234,-0.011157177565710469,0.03665050703030048
2014-02-18,42.8558464050293,47.725830078125,42.8558464050293,47.04403305053711,30.10128402709961,1112734,0.03154835565575162,51.12020759582519,-0.010427236545281254,0.037377908357676015
2014-02-19,45.777835845947266,45.87523651123047,45.583038330078125,45.583038330078125,29.166461944580078,453184,-0.03154835565575156,50.516329765319824,-0.011751916467684441,0.03764599316835944
2014-02-20,44.901241302490234,46.946632385253906,44.901241302490234,46.751834869384766,29.914318084716797,344354,0.025317822629474577,49.97089176177978,-0.010486025336210712,0.03847843116942562
2014-02-21,47.725830078125,47.725830078125,45.096038818359375,45.777835845947266,29.29110336303711,427311,-0.02105346301554871,49.57642307281494,-0.007950107650690742,0.03580525437964444
2014-02-24,46.55703353881836,46.55703353881836,44.609039306640625,44.901241302490234,28.730209350585938,383676,-0.01933460019067169,49.3231840133667,-0.005343889197855611,0.032701756156961574
2014-02-25,45.48563766479492,46.55703353881836,45.290836334228516,46.55703353881836,29.789676666259766,473820,0.03621264843793881,49.08942489624023,-0.004784523093258633,0.033338053978176796
2014-02-26,46.264835357666016,47.33623123168945,46.07003402709961,47.33623123168945,30.288246154785156,355032,0.016597901524593634,49.02124519348145,-0.0014199726139806563,0.03182211820022564
2014-02-27,47.433631896972656,47.433631896972656,46.36223220825195,46.36223220825195,29.665029525756836,293943,-0.020790823506783872,48.90436553955078,-0.00245951378931985,0.0321115633814492
2014-03-03,45.87523651123047,45.87523651123047,44.901241302490234,45.096038818359375,28.854854583740234,336859,-0.027690755184258554,48.69982624053955,-0.004341569370853086,0.03244725724524117
2014-03-04,41.979251861572266,41.979251861572266,41.979251861572266,41.979251861572266,26.860563278198242,677107,-0.07161891864511007,48.339447593688966,-0.00792251530310859,0.03572894637877628
2014-03-05,39.05725860595703,39.05725860595703,39.05725860595703,39.05725860595703,24.99091911315918,908216,-0.07214675412142078,47.85731925964355,-0.011032335186859327,0.03851302971265812
2014-03-06,36.33007049560547,41.39485168457031,36.33007049560547,41.005252838134766,26.237350463867188,3272188,0.0486714376949637,47.433630752563474,-0.009392431253348144,0.04037238120065366
2014-03-07,38.472862243652344,39.54425811767578,38.472862243652344,38.959861755371094,24.92860221862793,1714277,-0.051168246106577296,46.73722324371338,-0.015282238262626585,0.03716321499270946
2014-03-10,38.86246109008789,38.86246109008789,36.62226867675781,37.01186752319336,23.682170867919922,1047334,-0.05129332530761044,45.88497619628906,-0.018939844861934278,0.036914385923038875
2014-03-11,37.49886703491211,39.54425811767578,37.49886703491211,39.54425811767578,25.302528381347656,695177,0.06618189825008554,45.134998893737794,-0.01607918108578995,0.04116329900586461
2014-03-12,41.39485168457031,41.39485168457031,40.42085647583008,40.42085647583008,25.863422393798828,1371360,0.0219253978208793,44.526251029968265,-0.01316453144699185,0.04171125756541581
2014-03-13,40.42085647583008,40.90785217285156,37.59626770019531,38.959861755371094,24.92860221862793,772282,-0.03681397076335437,43.85906352996826,-0.01472667483559723,0.04199597795968413
2014-03-14,38.0832633972168,38.959861755371094,38.0832633972168,38.959861755371094,24.92860221862793,678749,0.0,43.294145584106445,-0.012732109931953612,0.041684044680099244
2014-03-17,36.232669830322266,38.86246109008789,36.232669830322266,38.472862243652344,24.61699104309082,1966742,-0.012578814431563948,42.768187522888184,-0.01208521912647283,0.041575449622517996
2014-03-18,37.69366455078125,37.69366455078125,36.42747116088867,36.62226867675781,23.43288230895996,871153,-0.04929662678531968,42.32014904022217,-0.010943959585014184,0.04012879819708028
2014-03-19,37.01186752319336,37.01186752319336,35.356075286865234,35.550872802734375,22.747346878051758,709448,-0.0296917818167918,41.74549102783203,-0.014005966458641356,0.03903740090041101
2014-03-20,34.08987808227539,36.52486801147461,34.08987808227539,36.52486801147461,23.370561599731445,1022385,0.027028636620421122,41.292582511901855,-0.011077116844832723,0.039841128406945696
2014-03-21,35.94047164916992,36.13526916503906,35.94047164916992,35.94047164916992,22.996633529663086,400206,-0.01612933947415422,40.752014350891116,-0.013149474950014162,0.038915586590432455
2014-03-24,35.94047164916992,35.94047164916992,35.063873291015625,35.550872802734375,22.747346878051758,348769,-0.01089929714626688,40.240666198730466,-0.012641766656550068,0.038873255339056896
2014-03-25,36.037872314453125,37.10926818847656,36.037872314453125,37.10926818847656,23.744491577148438,644458,0.042902047454522196,39.851067543029785,-0.009529934274290375,0.04075480009329162
2014-03-26,37.10926818847656,37.10926818847656,36.52486801147461,37.01186752319336,23.682170867919922,430597,-0.0026281497284572743,39.373809242248534,-0.01147197418261018,0.03936197822027918
2014-03-27,36.62226867675781,36.914466857910156,36.33007049560547,36.914466857910156,23.619842529296875,434190,-0.002635075104373961,38.85272102355957,-0.012433623014058561,0.03887200233997503
2014-03-28,36.914466857910156,36.914466857910156,36.914466857910156,36.914466857910156,23.619842529296875,295072,0.0,38.38033275604248,-0.011394081838719367,0.03891472324302074
2014-03-31,39.44685745239258,39.44685745239258,39.44685745239258,39.44685745239258,25.240205764770508,709448,0.06635085513485837,38.09787368774414,-0.0066920013227635185,0.0423700865531213
2014-04-01,42.174049377441406,42.174049377441406,39.93385696411133,40.323455810546875,25.801097869873047,1223926,0.02197894455975154,38.01508388519287,-0.0020121081625204392,0.03991949200766483
2014-04-02,39.25205993652344,40.42085647583008,39.25205993652344,39.93385696411133,25.551809310913086,628030,-0.009708820126140003,38.05891380310059,0.0011097885372435997,0.0364353768458197
2014-04-03,40.90785217285156,41.39485168457031,39.93385696411133,41.39485168457031,26.486637115478516,901440,0.03593200810223512,38.07839374542236,0.00047281705760717044,0.03566330775723212
2014-04-07,41.20005416870117,42.56364822387695,41.20005416870117,42.56364822387695,27.2344970703125,900311,0.02784404325233196,38.258583068847656,0.004423431525552633,0.033978163582809216
2014-04-08,42.36885070800781,42.36885070800781,41.29745101928711,41.979251861572266,26.860563278198242,710680,-0.013825067978018293,38.5069522857666,0.00629684439203224,0.0317011154008506
2014-04-09,42.8558464050293,42.8558464050293,40.518253326416016,40.518253326416016,25.925743103027344,375976,-0.03542292093194455,38.55565204620361,0.0012166034329307359,0.029675788301113847
2014-04-10,40.90785217285156,41.005252838134766,39.93385696411133,39.93385696411133,25.551809310913086,472075,-0.01452806244460436,38.53130207061768,-0.0006060695803434472,0.029455580665849086
2014-04-11,39.93385696411133,40.128658294677734,39.93385696411133,39.93385696411133,25.551809310913086,313142,0.0,38.58000183105469,0.001234628957824271,0.028197223832156344
2014-04-14,41.39485168457031,41.39485168457031,40.22605514526367,40.22605514526367,25.73877716064453,258009,0.0072904140650826045,38.643311500549316,0.0015991496610784015,0.028227530349226506
2014-04-15,40.518253326416016,40.71305465698242,40.42085647583008,40.518253326416016,25.925743103027344,285627,0.007237648379521924,38.7455810546875,0.0025899728016326945,0.02805091171684841
2014-04-16,40.22605514526367,40.22605514526367,39.93385696411133,40.03125762939453,25.614133834838867,459036,-0.012091982312739327,38.91603050231934,0.004450205025261713,0.025551136163376995
2014-04-17,39.93385696411133,42.46624755859375,39.93385696411133,41.39485168457031,26.486637115478516,924130,0.03349592797037013,39.20822944641113,0.007609590514619809,0.02500809873875905
2014-04-18,42.56364822387695,42.56364822387695,41.005252838134766,41.39485168457031,26.486637115478516,762015,0.0,39.451728630065915,0.006258158683598752,0.024630932845857753
2014-04-21,41.39485168457031,42.9532470703125,41.39485168457031,42.9532470703125,27.483781814575195,989736,0.03695572909073243,39.80236740112305,0.008912412111843085,0.02494964796101871
2014-04-22,43.732444763183594,45.290836334228516,43.53764343261719,43.53764343261719,27.857707977294922,2013559,0.01351368340412428,40.20170593261719,0.010133061139362642,0.024522902214059478
2014-04-23,46.07003402709961,46.55703353881836,46.07003402709961,46.55703353881836,29.789676666259766,1983374,0.06705215859101582,40.67409420013428,0.011340566696187323,0.02671772300040257
2014-04-24,49.673824310302734,49.673824310302734,47.6284294128418,48.21282958984375,30.849140167236328,3992006,0.034947070962471655,41.2341423034668,0.013219327730733772,0.027003357363212542
2014-04-25,46.65443420410156,48.018028259277344,46.65443420410156,46.751834869384766,29.914318084716797,1073412,-0.03077165619419007,41.726010704040526,0.011812498676242966,0.028560836349315992
2014-04-28,44.80384063720703,48.89462661743164,44.80384063720703,48.505027770996094,31.03610610961914,1032241,0.03681395444443428,42.305538749694826,0.013653196398464679,0.028943211539274375
2014-04-29,48.505027770996094,49.186824798583984,48.505027770996094,48.505027770996094,31.03610610961914,1039736,0.0,42.758447265625,0.01033565364172176,0.026263568049053294
2014-04-30,48.699825286865234,48.79722595214844,48.21282958984375,48.21282958984375,30.849140167236328,804006,-0.006042298250244159,43.152915954589844,0.008934591501221976,0.02635699917930584
2014-05-02,48.21282958984375,50.063419342041016,48.21282958984375,49.868621826171875,31.90860366821289,1333988,0.03376682414608039,43.64965419769287,0.011108373714832994,0.02653071021704701
2014-05-05,51.81661605834961,53.18021011352539,50.84261703491211,53.18021011352539,34.02753448486328,1724852,0.06429435294700728,44.238922119140625,0.0125264909570716,0.02860438643232768
2014-05-06,53.18021011352539,55.51780319213867,53.08280944824219,55.323001861572266,35.39860916137695,2566641,0.03950243211548795,44.87688980102539,0.013109410400229402,0.02904831332339533
2014-05-07,55.51780319213867,55.61520004272461,53.37500762939453,55.61520004272461,35.5855712890625,2211404,0.005267777047614591,45.55868721008301,0.014064052651511047,0.028423566837285138
2014-05-08,56.004798889160156,56.491798400878906,56.004798889160156,56.491798400878906,36.14646911621094,1525056,0.01563892061125795,46.35736446380615,0.016617144728671172,0.025928279577235584
2014-05-09,56.491798400878906,56.491798400878906,54.34900665283203,55.51780319213867,35.523250579833984,1292817,-0.017391719018336853,47.13656177520752,0.016473961899984547,0.026116547297308244
2014-05-12,53.76460647583008,55.51780319213867,53.76460647583008,55.51780319213867,35.523250579833984,1162119,0.0,47.91575908660889,0.016473961899984547,0.026116547297308244
2014-05-13,56.58919906616211,58.43979263305664,56.58919906616211,58.34239196777344,37.3305778503418,2227728,0.04962521652435755,48.82157592773437,0.018590702022948293,0.027032595499438535
2014-05-14,58.244991302490234,58.43979263305664,57.46579360961914,57.46579360961914,36.76968002319336,1236349,-0.015139087037082881,49.66895294189453,0.017471865252118052,0.0279738920554764
2014-05-15,57.27099609375,57.27099609375,53.472408294677734,53.472408294677734,34.214500427246094,1104624,-0.07202408898176692,50.34101047515869,0.014475259918666675,0.03389158098283375
2014-05-16,54.54380416870117,56.004798889160156,54.54380416870117,55.71260070800781,35.64789962768555,1294460,0.04104055785231419,51.056897926330564,0.01485249141276388,0.03415539499495857
2014-05-19,56.491798400878906,57.076194763183594,55.51780319213867,55.51780319213867,35.523250579833984,775978,-0.003502598357821914,51.76304550170899,0.014677361494872782,0.03424442217164594
2014-05-20,56.491798400878906,57.27099609375,55.51780319213867,55.61520004272461,35.5855712890625,1047334,0.001752798407078915,52.39614315032959,0.012917214960690104,0.03394243183559528
2014-05-21,56.004798889160156,56.491798400878906,56.004798889160156,56.004798889160156,35.83485794067383,712425,0.006980835555016345,53.01950092315674,0.012590572568234709,0.033967814348105384
2014-05-22,56.491798400878906,57.46579360961914,56.491798400878906,57.46579360961914,36.76968002319336,1140969,0.02575249552517953,53.564938926696776,0.010525589414942894,0.03165964106547533
2014-05-23,58.43979263305664,58.731990814208984,58.43979263305664,58.53718948364258,37.45521545410156,1719718,0.018472392885977823,54.08115692138672,0.009701855511118202,0.031201802199168478
2014-05-26,58.43979263305664,61.751380920410156,58.43979263305664,61.751380920410156,39.5118293762207,1704318,0.05345406841756643,54.83113422393799,0.013913141741706029,0.031135484156198903
2014-05-27,64.28376770019531,66.0369644165039,64.28376770019531,66.0369644165039,42.25397491455078,2140562,0.06709831382260904,55.707731056213376,0.015427359710614768,0.03298907896231869
2014-05-28,68.66675567626953,70.61474609375,68.66675567626953,70.61474609375,45.183082580566406,1756371,0.0670243387084911,56.81321697235107,0.01877857664603932,0.03469941528398677
2014-05-29,75.48473358154297,75.48473358154297,75.48473358154297,75.48473358154297,48.299163818359375,2114997,0.06669144071827404,58.176812171936035,0.022415263594465232,0.03575648330886919
2014-05-30,80.74430847167969,80.74430847167969,80.74430847167969,80.74430847167969,51.664520263671875,2657915,0.0673570447048717,59.72059650421143,0.024094774622404797,0.03708204735894565
2014-06-03,86.39349365234375,86.39349365234375,75.09513092041016,80.84171295166016,51.726844787597656,7421792,0.0012056054220589757,61.103671646118165,0.020940337246157383,0.0361541909605916
2014-06-04,81.81570434570312,81.81570434570312,77.82231903076172,80.84171295166016,51.726844787597656,3572086,0.0,62.37960720062256,0.018965215640382983,0.036165779992735785
2014-06-05,80.3547134399414,86.49089050292969,80.3547134399414,86.49089050292969,55.34149169921875,3389539,0.06754601456935878,63.92339172363281,0.022079127516470193,0.03757788715966834
2014-06-06,89.51028442382812,92.43226623535156,80.84171295166016,80.84171295166016,51.726844787597656,4518907,-0.06754601456935883,65.14088745117188,0.017919880757439353,0.042596674951272825
2014-06-09,75.19253540039062,78.89372253417969,75.19253540039062,75.48473358154297,48.299163818359375,4219214,-0.06856265012693068,66.1392339706421,0.015361334202009663,0.046212582862188926
2014-06-10,75.48473358154297,75.87432861328125,70.22515106201172,70.22515106201172,44.933799743652344,2862741,-0.07222390748853981,66.87460136413574,0.011750138827582673,0.05013184869289516
2014-06-11,68.17975616455078,72.562744140625,66.71876525878906,72.562744140625,46.42951202392578,3821471,0.032745099906430916,67.58561897277832,0.01090613299668634,0.04959990597258342
2014-06-12,72.07574462890625,72.07574462890625,68.66675567626953,70.12774658203125,44.87147903442383,2007912,-0.03413309398782429,68.21871662139893,0.009956432649149272,0.0503017226047221
2014-06-13,70.12774658203125,71.49134826660156,70.12774658203125,70.12774658203125,44.87147903442383,1511299,0.0,69.05148353576661,0.013557637098237619,0.046562891141463066
2014-06-16,65.25776672363281,73.04973602294922,65.25776672363281,72.85494232177734,46.616477966308594,2819311,0.03815184275929717,69.90860061645508,0.013413201343586766,0.04647755575077539
2014-06-17,73.92633819580078,74.99773406982422,72.07574462890625,72.562744140625,46.42951202392578,1508116,-0.004018748771472955,70.76084766387939,0.013387393822904214,0.046487585138103235
2014-06-18,73.04973602294922,73.04973602294922,69.15375518798828,71.29654693603516,45.61933135986328,950722,-0.01760372783102362,71.54491500854492,0.012419567510999086,0.04694182733809662
2014-06-19,70.61474609375,71.10174560546875,70.12774658203125,71.10174560546875,45.494693756103516,895793,-0.0027360082569666696,72.29976234436035,0.011933725320399937,0.047051236765354804
2014-06-20,72.562744140625,72.562744140625,70.22515106201172,70.22515106201172,44.933799743652344,540864,-0.01240536381844068,72.93773021697999,0.010025832353218926,0.04723468310941575
2014-06-23,74.70553588867188,74.70553588867188,70.61474609375,70.61474609375,45.183082580566406,895999,0.005532466770265882,73.54160804748535,0.00937883604743333,0.047201507751077794
2014-06-24,68.17975616455078,71.10174560546875,68.17975616455078,69.15375518798828,44.24826431274414,721357,-0.020906629276333896,73.91172676086425,0.0056608011627383124,0.04647000842583468
2014-06-25,71.00434875488281,71.00434875488281,69.73815155029297,69.93295288085938,44.74683380126953,720023,0.011204605466419984,74.10652618408203,0.00286611574492886,0.04420629417644956
2014-06-26,69.15375518798828,70.12774658203125,69.15375518798828,70.12774658203125,44.87147903442383,1218895,0.002781562958254521,74.0821762084961,-0.00034602304258296893,0.04155345657609572
2014-06-27,70.22515106201172,70.51734924316406,68.76415252685547,70.12774658203125,44.87147903442383,725875,0.0,73.8143268585205,-0.0036805950784966706,0.03845079979060856
2014-06-30,72.562744140625,74.99773406982422,72.562744140625,74.99773406982422,47.987552642822266,969921,0.06713937065652,73.52699813842773,-0.0036914787809142558,0.038429658912047256
2014-07-01,80.06251525878906,80.06251525878906,76.45872497558594,76.94572448730469,49.23398208618164,1184501,0.025642395845425513,73.33219871520996,-0.0024696392597459284,0.03897811256834614
2014-07-02,78.79631805419922,79.86771392822266,77.91972351074219,78.89372253417969,50.480411529541016,1524132,0.02500136585915226,73.23479919433593,-0.0012195709667883158,0.03945942320773175
2014-07-03,79.67291259765625,84.34809875488281,79.67291259765625,84.34809875488281,53.97041320800781,1989226,0.06685060640184025,73.12765960693359,-0.0012543413751642425,0.03939589521169895
2014-07-04,86.58828735351562,86.58828735351562,84.34809875488281,85.22469329833984,54.531314849853516,1845591,0.010338950504731964,73.34680862426758,0.002639906878540297,0.03621951329527764
2014-07-07,85.02989959716797,85.02989959716797,84.05590057373047,84.9324951171875,54.34434509277344,980906,-0.0034344534144116787,73.8191967010498,0.005896316714166247,0.032183862703706115
2014-07-08,84.44549560546875,84.44549560546875,83.47150421142578,83.76370239257812,53.59648132324219,1029777,-0.01385699789423998,74.49612426757812,0.008814662193881237,0.026947618343983827
2014-07-09,77.91972351074219,81.9131088256836,77.91972351074219,78.40672302246094,50.168800354003906,964171,-0.06609009146275131,74.78832321166992,0.003872902625422127,0.03107456657820677
2014-07-10,81.3287124633789,81.3287124633789,79.18592071533203,80.54951477050781,51.53987503051758,522999,0.026962409133560843,75.30941162109374,0.006927677781491384,0.030130402183967665
2014-07-11,78.60151672363281,78.60151672363281,76.26393127441406,76.26393127441406,48.797733306884766,935732,-0.05467198161370156,75.6162208557129,0.004194078700806306,0.03312341803099622
2014-07-14,77.82231903076172,80.54951477050781,76.26393127441406,80.54951477050781,51.53987503051758,905034,0.05467198161370168,76.00094947814941,0.005020085643526531,0.034203184533414664
2014-07-15,81.03651428222656,82.49750518798828,80.54951477050781,80.54951477050781,51.53987503051758,669098,0.0,76.40028800964356,0.005221023082100179,0.034159064472823436
2014-07-16,80.45211029052734,80.45211029052734,78.50411987304688,79.28331756591797,50.729698181152344,327927,-0.015844350314983522,76.7996265411377,0.005308991957902184,0.03409940419232684
2014-07-17,79.28331756591797,80.84171295166016,79.28331756591797,79.86771392822266,51.10361862182617,348358,0.007343954775150862,77.2379249572754,0.00581299010950806,0.03404869324460251
2014-07-18,76.45872497558594,78.89372253417969,76.45872497558594,78.50411987304688,50.23112869262695,508626,-0.017220584240635252,77.65187339782715,0.005572229088398331,0.03420098069673444
2014-07-21,78.89372253417969,78.89372253417969,77.91972351074219,78.21192169189453,50.044166564941406,231212,-0.0037290186356570107,78.03173217773437,0.005109154818102187,0.034264188305404175
2014-07-22,80.06251525878906,81.81570434570312,80.06251525878906,80.84171295166016,51.726844787597656,985116,0.03307099448316112,78.61613006591797,0.0078080360060769375,0.03423296477343516
2014-07-23,80.84171295166016,80.84171295166016,80.84171295166016,80.84171295166016,51.726844787597656,0,0.0,79.16156806945801,0.007247805732755938,0.03426612048548994
2014-07-24,81.81570434570312,81.81570434570312,79.3807144165039,79.67291259765625,50.97898483276367,451233,-0.014563420720287698,79.63882637023926,0.006380556548828828,0.03460294564683678
2014-07-25,80.84171295166016,80.84171295166016,79.08851623535156,79.67291259765625,50.97898483276367,372588,0.0,80.1160846710205,0.006380556548828828,0.03460294564683678
2014-07-28,78.89372253417969,80.84171295166016,78.89372253417969,80.84171295166016,51.726844787597656,235524,0.014563420720287785,80.40828361511231,0.0037517590520172173,0.03161197920010669
2014-07-29,78.89372253417969,78.89372253417969,75.19253540039062,76.06912994384766,48.67308044433594,1011502,-0.06085055034676763,80.36445388793945,-0.0005728882575924399,0.0342646313453305
2014-07-30,74.90032958984375,77.91972351074219,74.90032958984375,77.91972351074219,49.85720443725586,677517,0.02403657958341328,80.31575393676758,-0.0006211275713793891,0.03422739066008121
2014-07-31,79.77031707763672,79.77031707763672,76.94572448730469,77.91972351074219,49.85720443725586,276900,0.0,79.99433517456055,-0.003963657891471402,0.030334340356009914
2014-08-01,72.46533966064453,76.45872497558594,72.46533966064453,75.97172546386719,48.61076736450195,1564789,-0.025317873259973072,79.53168678283691,-0.005746499079706653,0.030496884521529516
2014-08-04,72.562744140625,76.94572448730469,72.562744140625,76.45872497558594,48.9223747253418,982960,0.0063898147295187715,79.10799827575684,-0.005255285672510131,0.030614975773269784
2014-08-05,77.91972351074219,77.91972351074219,75.97172546386719,75.97172546386719,48.61076736450195,940249,-0.006389814729518767,78.7183994293213,-0.0048819265142740695,0.030550017531371473
2014-08-06,76.94572448730469,76.94572448730469,73.24453735351562,74.80293273925781,47.86290740966797,697538,-0.015504145738662718,78.53820991516113,-0.00235262922806964,0.027116913581773375
2014-08-07,75.97172546386719,75.97172546386719,73.14714050292969,73.14714050292969,46.80344772338867,707600,-0.022384056122891592,78.16809120178223,-0.004819952490892262,0.026548214281764643
2014-08-08,71.10174560546875,71.10174560546875,68.08235931396484,68.08235931396484,43.5627326965332,1800930,-0.0717548971453923,77.75901260375977,-0.005674098267476798,0.028443680879522128
2014-08-11,68.76415252685547,72.75753784179688,68.76415252685547,72.75753784179688,46.55415344238281,329159,0.06641437494218032,77.36941375732422,-0.005086978601052867,0.029841706138756106
2014-08-12,75.77693176269531,77.82231903076172,75.77693176269531,77.82231903076172,49.79486846923828,1491483,0.06729575341527255,77.23305397033691,-0.0017221909302892393,0.03395582866145738
2014-08-13,79.77031707763672,79.77031707763672,77.62752532958984,77.91972351074219,49.85720443725586,1311811,0.0012508439094667785,77.16487426757813,-0.0008674312190667243,0.03379641756850621
2014-08-14,77.91972351074219,77.91972351074219,74.99773406982422,74.99773406982422,47.987552642822266,585628,-0.03822121027698939,76.9213752746582,-0.0031456894716737362,0.03473647234269577
2014-08-15,75.09513092041016,75.09513092041016,74.02373504638672,74.51073455810547,47.675941467285156,576080,-0.006514697643470649,76.72170600891113,-0.0026103951418155065,0.03459034277944855
2014-08-18,74.51073455810547,75.5821304321289,73.53673553466797,73.53673553466797,47.0527229309082,628749,-0.013158118482553681,76.48794670104981,-0.0030818501341603396,0.03467055645368185
2014-08-19,75.48473358154297,76.06912994384766,74.51073455810547,75.97172546386719,48.61076736450195,1009141,0.032576153143040514,76.24444732666015,-0.00310659220116637,0.03464356474892479
2014-08-20,76.45872497558594,76.45872497558594,74.99773406982422,75.09513092041016,48.04987716674805,598667,-0.011605515641389147,75.95711822509766,-0.003686867983235828,0.03468596058821679
2014-08-21,75.97172546386719,75.97172546386719,74.99773406982422,75.5821304321289,48.36148452758789,794356,0.006464163247134008,75.7525791168213,-0.0026354887848647423,0.03465760146576943
2014-08-22,75.97172546386719,77.91972351074219,75.97172546386719,77.72492218017578,49.7325553894043,1712429,0.027956069423995863,75.65517959594726,-0.0012376853136649494,0.035326788694216744
2014-08-25,79.77031707763672,79.77031707763672,77.91972351074219,78.89372253417969,50.480411529541016,2398263,0.014925707657820616,75.55778007507324,-0.0012195709667883082,0.03533540921790117
2014-08-26,78.89175415039062,78.89175415039062,78.89175415039062,78.89175415039062,50.479148864746094,0,-2.4950126342749186e-05,75.69891128540038,0.0018217090442329362,0.032431155814937496
2014-08-27,78.89175415039062,78.89175415039062,78.89175415039062,78.89175415039062,50.479148864746094,0,0.0,75.74751281738281,0.0006198800650622721,0.03200719308565706
2014-08-28,78.89175415039062,78.89175415039062,78.89175415039062,78.89175415039062,50.479148864746094,0,0.0,75.79611434936524,0.0006198800650622721,0.03200719308565706
2014-08-29,78.89175415039062,78.89175415039062,78.89175415039062,78.89175415039062,50.479148864746094,0,0.0,75.9421157836914,0.0018857737280609257,0.03142268309396591
2014-09-01,78.89175415039062,78.89175415039062,78.89175415039062,78.89175415039062,50.479148864746094,0,0.0,76.06376724243164,0.001566282991584987,0.03140695825873218
2014-09-02,78.89175415039062,78.89175415039062,78.89175415039062,78.89175415039062,50.479148864746094,0,0.0,76.20976867675782,0.0018857737280609254,0.03135422054952534
2014-09-03,78.89175415039062,78.89175415039062,78.89175415039062,78.89175415039062,50.479148864746094,0,0.0,76.41420974731446,0.0026609810149940613,0.031092208954586146
2014-09-04,78.89175415039062,78.89175415039062,78.89175415039062,78.89175415039062,50.479148864746094,0,0.0,76.7014404296875,0.0037801838211386414,0.030541221783143255
2014-09-05,78.89175415039062,78.89175415039062,78.89175415039062,78.89175415039062,50.479148864746094,0,0.0,77.24191017150879,0.007367928678408256,0.02489331066563409
2014-09-09,78.47257995605469,78.76502227783203,73.4035415649414,73.5985107421875,47.092254638671875,3180091,-0.06945192120683526,77.28395881652833,0.0005746138709574772,0.026423360279323693
2014-09-10,72.62369537353516,74.86576843261719,68.82191467285156,74.0859146118164,47.40412139892578,1163298,0.006600636974100262,77.09713859558106,-0.002460141951101137,0.02135673569937369
2014-09-11,68.91939544677734,71.16146850585938,68.91939544677734,68.91939544677734,44.09830856323242,2705129,-0.07228778821293044,76.64712219238281,-0.006137073557220998,0.026415530998392143
2014-09-12,64.24028778076172,66.28739929199219,64.14280700683594,64.14280700683594,41.0419921875,2712310,-0.07182568275411706,76.1043758392334,-0.007817297181077381,0.029457340968057657
2014-09-15,59.65865707397461,60.24354553222656,59.65865707397461,59.65865707397461,38.172794342041016,2148100,-0.07247268787789461,75.36177196502686,-0.01111519669279858,0.03280569892570356
2014-09-16,55.66191864013672,58.39139938354492,55.56443786621094,57.80651092529297,36.98768997192383,2653837,-0.03153785407753255,74.5752607345581,-0.012034183472547522,0.03312185192926769
2014-09-17,59.073768615722656,61.80324935913086,58.68384552001953,61.413326263427734,39.29552459716797,1839323,0.060525436623681914,73.84734077453614,-0.010636719298515453,0.03560000195332738
2014-09-18,61.023399353027344,61.70576858520508,60.048583984375,61.120880126953125,39.108402252197266,822720,-0.004773306986811972,73.14862823486328,-0.010295108865786596,0.03562298912240849
2014-09-19,61.023399353027344,64.8251724243164,61.023399353027344,64.8251724243164,41.478607177734375,1315121,0.058840446526638966,72.61078033447265,-0.007676294701811347,0.038711237176823204
2014-09-22,63.167991638183594,63.75288009643555,62.38814163208008,62.875545501708984,40.23112869262695,501633,-0.03053668691031519,71.86831150054931,-0.010600932518526899,0.03808197516922379
2014-09-23,60.34103012084961,62.48562240600586,60.34103012084961,61.218360900878906,39.170772552490234,341603,-0.026710145110674887,70.98454341888427,-0.012682725156951674,0.037749674089116995
2014-09-24,61.31584167480469,61.90073013305664,60.92591857910156,60.92591857910156,38.98365783691406,245174,-0.004788482634146167,70.08625164031983,-0.012920901782341846,0.03768057241787952
2014-09-25,61.413326263427734,61.90073013305664,58.586360931396484,59.366214752197266,37.98567581176758,514969,-0.025933387269878937,69.10997467041015,-0.014217571145835791,0.03765873999623191
2014-09-26,58.29391860961914,60.048583984375,58.29391860961914,59.46369552612305,38.04804611206055,493427,0.0016406777647851626,68.13857173919678,-0.014135537257596534,0.03769311217410254
2014-09-29,60.43851089477539,60.63347244262695,59.95110321044922,59.95110321044922,38.35991287231445,331345,0.00816331637630508,67.19153919219971,-0.01372737143878128,0.03789788000954001
2014-09-30,60.048583984375,60.34103012084961,58.4888801574707,58.878807067871094,37.673805236816406,617553,-0.01804806966100707,66.19089183807372,-0.014629774921831633,0.03776846215722793
2014-10-01,58.586360931396484,59.56117630004883,58.4888801574707,59.073768615722656,37.79854965209961,297492,0.0033057646137511338,65.19999256134034,-0.014464486691144076,0.037843017016215626
2014-10-02,59.073768615722656,61.413326263427734,59.073768615722656,60.43851089477539,38.67177963256836,719111,0.022839520924484755,64.27733039855957,-0.01332251064491984,0.03863872493268334
2014-10-03,60.048583984375,62.38814163208008,60.048583984375,62.38814163208008,39.91926193237305,447264,0.031748720011047435,63.45214977264404,-0.011735074644367469,0.03984813124185251
2014-10-06,61.218360900878906,61.99821472167969,60.24354553222656,60.24354553222656,38.54703903198242,379559,-0.03497978083213319,62.51973934173584,-0.013484063685974126,0.0400729747765404
2014-10-07,56.05184555053711,58.4888801574707,56.05184555053711,57.221622467041016,36.61344528198242,561132,-0.0514635964222329,61.70089492797852,-0.01258464744674401,0.03893644462545067
2014-10-08,56.34428787231445,58.00147247314453,56.34428787231445,56.539249420166016,36.17682647705078,442135,-0.011996765137214106,60.823561668395996,-0.013514517552309726,0.038675345730691355
2014-10-09,57.221622467041016,57.221622467041016,52.73747253417969,52.73747253417969,33.74425506591797,642173,-0.06960882032901801,60.014465522766116,-0.013380569158114105,0.038465144575312325
2014-10-13,49.13066101074219,49.13066101074219,49.13066101074219,49.13066101074219,31.436420440673828,418541,-0.07084295623779023,59.263858222961424,-0.013331432832297766,0.03838710442382582
2014-10-14,46.93732833862305,48.253326416015625,45.718807220458984,47.27851104736328,30.251317977905273,1804445,-0.03842742003815728,58.64485092163086,-0.011629169440310897,0.03632600376939131
2014-10-15,47.76591873168945,50.20295715332031,47.76591873168945,49.71554946899414,31.81066131591797,1057636,0.05026187037749681,58.240302848815915,-0.007539183217559429,0.03850603355792849
2014-10-16,49.61806869506836,51.95762252807617,46.79110336303711,50.787845611572266,32.49677658081055,887348,0.021339315593169348,57.709028816223146,-0.009498489269085057,0.03575941201262127
2014-10-17,50.787845611572266,52.445030212402344,50.397918701171875,50.495399475097656,32.30965042114258,708852,-0.005774833714083413,57.17775478363037,-0.009548565605448629,0.035753147459962005
2014-10-20,52.152584075927734,54.00473403930664,51.95762252807617,54.00473403930664,34.555110931396484,699620,0.06718947748779457,56.63673286437988,-0.009131114057390848,0.03663162889467032
2014-10-21,54.589622497558594,57.611549377441406,54.394657135009766,57.51406478881836,36.800567626953125,950949,0.06295781279902125,56.36865882873535,-0.004456389071924027,0.0396014368601712
2014-10-22,59.46369552612305,59.46369552612305,57.51406478881836,58.39139938354492,37.3619384765625,790919,0.015139085243756,56.227310752868654,-0.002363927554202483,0.03946910002452534
2014-10-23,58.29391860961914,58.78132629394531,57.02665710449219,58.4888801574707,37.4243049621582,345706,0.0016680452324536097,56.10545883178711,-0.002041101160872494,0.039474629612465735
2014-10-24,58.4888801574707,59.65865707397461,58.00147247314453,59.65865707397461,38.172794342041016,391869,0.01980261578660946,56.12008094787598,0.00024569899195192574,0.03934222240637024
2014-10-27,59.95110321044922,60.92591857910156,58.39139938354492,60.43851089477539,38.67177963256836,523176,0.01298723017928027,56.16882171630859,0.0008130266126766811,0.03944507323795829
2014-10-28,60.43851089477539,63.167991638183594,60.43851089477539,62.875545501708984,40.23112869262695,528305,0.03953080499638087,56.31504383087158,0.0023814010436804707,0.04036557019648107
2014-10-29,64.24028778076172,66.67732238769531,62.875545501708984,65.60502624511719,41.97760009765625,1494643,0.04249500825133161,56.65135478973389,0.005408554939297405,0.041017756671082706
2014-10-30,66.7748031616211,67.16473388671875,61.90073013305664,63.362953186035156,40.542999267578125,815539,-0.03477295655705797,56.86581401824951,0.003504618880756949,0.0419926707721047
2014-10-31,62.875545501708984,63.362953186035156,62.19317626953125,63.265472412109375,40.48062515258789,606269,-0.0015396352394281112,57.00716209411621,0.002285661072561306,0.041755045376033924
2014-11-03,62.38814163208008,66.1899185180664,62.38814163208008,63.85036087036133,40.8548698425293,412386,0.009202513499858796,57.08027305603027,0.001158350747001874,0.04121863841747758
2014-11-04,63.85036087036133,64.92266082763672,63.85036087036133,64.63021087646484,41.35385513305664,473936,0.012139727787311337,57.29960632324219,0.0035143261779741,0.040382487469243195
2014-11-05,64.63021087646484,65.21510314941406,64.04532623291016,64.24028778076172,41.104366302490234,336474,-0.006051412692080964,57.650539588928225,0.005784935364481697,0.0383542893058684
2014-11-06,64.8251724243164,64.8251724243164,62.09569549560547,63.85036087036133,40.8548698425293,588829,-0.006088315095230455,58.01609516143799,0.00608035786658088,0.038232679855451084
2014-11-07,63.85036087036133,63.85036087036133,61.99821472167969,62.7780647277832,40.16875457763672,310828,-0.016936509623668973,58.51812477111817,0.00871397340184833,0.034362789120795864
2014-11-10,63.265472412109375,64.14280700683594,63.265472412109375,63.85036087036133,40.8548698425293,349810,0.01693650962366907,59.25410976409912,0.013102946694921297,0.02882640197342127
2014-11-11,63.85036087036133,64.3377685546875,63.167991638183594,64.24028778076172,41.104366302490234,307750,0.006088315095230551,60.10219860076904,0.015328733451590689,0.026240799280833216
2014-11-12,64.14280700683594,64.72769165039062,63.4604377746582,64.24028778076172,41.104366302490234,222606,0.0,60.82843551635742,0.012815639932715847,0.025101210522388583
2014-11-13,64.24028778076172,64.72769165039062,63.557918548583984,64.3377685546875,41.1667366027832,153875,0.0015162897212918052,61.50593166351318,0.01182448863912197,0.02513826949911869
2014-11-14,64.63021087646484,65.31258392333984,64.3377685546875,64.3377685546875,41.1667366027832,604217,0.0,62.19805011749268,0.01211323032482614,0.024958000746369176
2014-11-17,62.38814163208008,64.3377685546875,61.90073013305664,62.09569549560547,39.732139587402344,563183,-0.03547016827875227,62.60259819030762,0.0069802480364987984,0.023551702253289584
2014-11-18,61.413326263427734,61.80324935913086,59.65865707397461,61.413326263427734,39.29552459716797,710904,-0.011049819121986392,62.79756126403809,0.0032798664404484167,0.01981056335365425
2014-11-19,63.85036087036133,65.70250701904297,62.875545501708984,65.60502624511719,41.97760009765625,5518997,0.06602546088084348,63.1582426071167,0.005824185222302791,0.024196136465379086
2014-11-20,65.60502624511719,70.18666076660156,65.60502624511719,70.18666076660156,44.90917205810547,6064742,0.0675059628012478,63.74313163757324,0.009116081100742501,0.027809733238720543
2014-11-21,73.11109924316406,75.06072998046875,73.11109924316406,75.06072998046875,48.027862548828125,4545479,0.06713924354590552,64.51323528289795,0.011482912488707303,0.03063768880723596
2014-11-24,79.93480682373047,80.12976837158203,70.18666076660156,70.18666076660156,44.90917205810547,17065807,-0.06713924354590557,65.00064277648926,0.007476588802448012,0.035312782382115875
2014-11-25,70.18666076660156,72.4287338256836,68.82191467285156,71.55139923095703,45.782405853271484,5736474,0.019257786393101155,65.43443546295165,0.006462937872284025,0.03462858073331073
2014-11-26,71.55139923095703,71.64888000488281,70.28414154052734,70.38162231445312,45.0339241027832,2467135,-0.016483879383778533,65.67326526641845,0.003513993490528518,0.033902301067311284
2014-11-27,71.64888000488281,73.11109924316406,71.25894927978516,71.94132232666016,46.031898498535156,4264400,0.021918636648395,66.10218372344971,0.006348573150801166,0.03288744588851265
2014-11-28,71.94132232666016,73.50102996826172,71.25894927978516,71.35643768310547,45.65766143798828,2689741,-0.008163252398456762,66.50673198699951,0.006017392292849734,0.03300420505766376
2014-12-01,69.01687622070312,72.62369537353516,69.01687622070312,72.13628387451172,46.15664291381836,2647682,0.010869594792507403,66.92102813720703,0.006100746357482164,0.033014776111590566
2014-12-02,72.13628387451172,72.13628387451172,70.38162231445312,70.57658386230469,45.15866470336914,2203495,-0.021858745313160625,67.21834678649903,0.0044008227024585666,0.033558278029173855
2014-12-03,70.57658386230469,71.0639877319336,68.33451080322266,69.11436462402344,44.22305679321289,5903686,-0.020935825296681247,67.46205062866211,0.0036566020722285522,0.03396485930266253
2014-12-04,69.309326171875,72.9161376953125,69.309326171875,71.16146850585938,45.53290557861328,5339476,0.029188908412346268,67.82760601043701,0.005420463247607388,0.034346020081294004
2014-12-05,72.03880310058594,72.03880310058594,69.60176849365234,69.69924926757812,44.59729766845703,4259271,-0.02076195246208884,68.17366523742676,0.005229191105686396,0.03448743918470152
2014-12-08,71.35643768310547,71.35643768310547,69.60176849365234,69.60176849365234,44.5349235534668,3468351,-0.0013995703894275923,68.4612356185913,0.004312387105031562,0.03440345327634583
2014-12-09,69.60176849365234,69.60176849365234,66.57984161376953,67.74961853027344,43.349822998046875,3182143,-0.02697114721462842,68.63670215606689,0.0026594139895386127,0.03510076738275601
2014-12-10,66.87228393554688,68.82191467285156,66.87228393554688,68.23703002929688,43.66169357299805,2022948,0.0071685506106348666,68.83653926849365,0.0030178415200703564,0.03510878130574332
2014-12-11,68.04206848144531,69.99169158935547,67.16473388671875,69.69924926757812,44.59729766845703,3162652,0.021202166993421118,69.10461330413818,0.004002135383676822,0.03533966186776655
2014-12-12,70.28414154052734,70.57658386230469,69.40680694580078,69.40680694580078,44.410179138183594,3091869,-0.004204601303070365,69.35806522369384,0.003791905318523304,0.03537720930310912
2014-12-15,68.23703002929688,68.82191467285156,67.4571762084961,68.1395492553711,43.59931945800781,1911132,-0.01842714826294395,69.66025791168212,0.00464405631931372,0.03457793981548221
2014-12-16,68.04206848144531,69.11436462402344,67.84709930419922,68.72443389892578,43.97356033325195,1575684,0.008546999592066732,70.02581329345703,0.005623897255016376,0.0343869451899354
2014-12-17,68.72443389892578,69.99169158935547,68.23703002929688,69.89421081542969,44.722049713134766,1437196,0.016878028032957664,70.24027252197266,0.0031665256126220858,0.03147623251527889
2014-12-18,70.18666076660156,70.67406463623047,68.91939544677734,68.91939544677734,44.09830856323242,1242287,-0.01404518504742269,70.17690925598144,-0.0009110317798114394,0.027766376271809386
2014-12-19,69.50428771972656,70.18666076660156,68.91939544677734,70.18666076660156,44.90917205810547,3577090,0.01822063559622898,69.93320579528809,-0.003356962177295267,0.023242418785013638
2014-12-22,71.16146850585938,72.33124542236328,70.38162231445312,72.03880310058594,46.09428024291992,4190540,0.026046630390607683,70.0258129119873,0.0013023315195303962,0.018674781859967748
2014-12-23,72.03880310058594,72.03880310058594,70.57658386230469,70.77154541015625,45.283416748046875,1624924,-0.017747886867635652,69.98682022094727,-0.000547952143506444,0.018635342117710365
2014-12-24,69.99169158935547,70.38162231445312,69.11436462402344,69.60176849365234,44.5349235534668,2752317,-0.016667042520215995,69.94782752990723,-0.0005571103003283171,0.018643629024932273
2014-12-25,69.69924926757812,69.7967300415039,68.626953125,68.72443389892578,43.97356033325195,2027051,-0.012685179584519923,69.7869831085205,-0.002287301111974063,0.018044058389239906
2014-12-26,68.72443389892578,71.25894927978516,68.52947235107422,71.0639877319336,45.47053146362305,3593503,0.03347591000873342,69.77236061096191,-0.00020534299161455405,0.019660222054986593
2014-12-29,72.62369537353516,76.0355453491211,72.4287338256836,76.0355453491211,48.65159225463867,22535565,0.06762022607664754,69.96732368469239,0.0026321885725924528,0.024773270993606083
2014-12-30,75.54814147949219,79.44739532470703,75.3531723022461,79.34991455078125,50.772315979003906,19525762,0.04266643719709918,70.4059902191162,0.0058584476981054425,0.02560360215216809
2014-12-31,79.34991455078125,80.90962219238281,77.49776458740234,78.95999145507812,50.52281951904297,10481992,-0.00492608320021959,70.89827156066895,0.006658934802928526,0.024964081428115074
2015-01-05,79.54487609863281,84.41895294189453,78.86251068115234,84.41895294189453,54.0157470703125,17237122,0.06685065040794423,71.5611457824707,0.008542021902708424,0.027990058804368875
2015-01-06,84.22399139404297,87.05094909667969,80.03228759765625,80.51969146728516,51.52080154418945,28354107,-0.04729016830309686,72.10216789245605,0.007215611110658023,0.03000767242537858
2015-01-07,79.73983764648438,80.42221069335938,77.98517608642578,78.57006072998047,50.2733154296875,12773709,-0.024511048883196402,72.55058250427246,0.0060600371859695825,0.030791660066669724
2015-01-08,78.66754150390625,81.20206451416016,78.66754150390625,79.73983764648438,51.02180862426758,8360563,0.014778585786564677,73.15009346008301,0.008147523836029237,0.0298348102938026
2015-01-09,81.68946838378906,81.78694915771484,78.95999145507812,78.95999145507812,50.52281951904297,9204826,-0.00982801900821556,73.68624153137208,0.007297695355086717,0.03010500901065908
2015-01-12,79.0574722290039,79.54487609863281,76.32798767089844,76.81539916992188,49.150596618652344,8532903,-0.027536156827655575,74.04204902648925,0.004860779164032882,0.030882810326005754
2015-01-13,75.3531723022461,76.52294921875,74.28087615966797,74.28087615966797,47.52886962890625,9964970,-0.03355159829985773,74.28575248718262,0.0033934293141935135,0.032012726751113336
2015-01-14,73.69599151611328,75.54814147949219,72.2337646484375,75.3531723022461,48.21498107910156,8895023,0.014332493299391751,74.64643363952636,0.005031411392310298,0.031673785122795374
2015-01-15,75.06072998046875,75.54814147949219,73.89095306396484,74.18339538574219,47.46649932861328,4110524,-0.015645681811611974,74.91938171386718,0.003821777322126362,0.03199281428152733
2015-01-16,73.89095306396484,74.18339538574219,72.62369537353516,73.30606079101562,46.90512466430664,4298252,-0.011897053058529816,75.08997421264648,0.0023830232675519885,0.032021767948755005
2015-01-19,73.20858001708984,73.30606079101562,68.72443389892578,69.99169158935547,44.784420013427734,6933625,-0.04626674678427501,75.14358901977539,0.0007719451807093724,0.033660441778953235
2015-01-20,69.99169158935547,74.86576843261719,69.99169158935547,74.86576843261719,47.903114318847656,8213868,0.06732021235655362,75.37754440307617,0.0032269240187256048,0.03665712978636981
2015-01-21,76.13302612304688,77.59524536132812,74.96324920654297,74.96324920654297,47.96548843383789,11965351,0.0013012270815927506,75.52376670837403,0.001989653853274858,0.03626184792216117
2015-01-22,76.52294921875,78.3750991821289,75.45065307617188,77.69273376464844,49.711952209472656,9998823,0.03576375359570004,75.86982612609863,0.004665235876441643,0.03670039093174605
2015-01-23,78.66754150390625,79.34991455078125,77.01036071777344,77.01036071777344,49.27534103393555,6328382,-0.008821768879885812,76.2402557373047,0.005057499558458152,0.036501774272735425
2015-01-26,77.01036071777344,78.3750991821289,77.01036071777344,77.30280303955078,49.462459564208984,3844833,0.003790249188839058,76.66917419433594,0.005881270997126101,0.036265426662145925
2015-01-27,78.3750991821289,78.86251068115234,77.01036071777344,77.79021453857422,49.77433395385742,5107637,0.006285429367470155,77.00548553466797,0.004521746965062938,0.03568146753140129
2015-01-28,77.79021453857422,78.27761840820312,75.06072998046875,75.15821075439453,48.090232849121094,11982790,-0.034420277695006475,76.96161880493165,-0.0005802782235197632,0.033407078809127744
2015-01-29,74.57332611083984,76.32798767089844,73.98843383789062,75.45065307617188,48.27735137939453,5447189,0.003883472484619217,76.76665573120117,-0.002519426459143761,0.03185416285671814
2015-01-30,76.13302612304688,76.23050689697266,73.89095306396484,74.37835693359375,47.59123992919922,3701216,-0.014313842835375887,76.53757400512696,-0.002988814440901576,0.03196048209090844
2015-02-02,73.98843383789062,74.67080688476562,72.62369537353516,73.4035415649414,46.967498779296875,3001596,-0.013192813428798472,75.9868034362793,-0.006990987632738711,0.027447748286521783
2015-02-03,73.30606079101562,74.57332611083984,72.81865692138672,73.89095306396484,47.27937698364258,3439628,0.006618214473434022,75.65536651611328,-0.004295568493912167,0.025884439103741132
2015-02-04,74.57332611083984,76.13302612304688,74.57332611083984,75.3531723022461,48.21498107910156,3641717,0.019595625945274805,75.49452209472656,-0.002090234752488607,0.025950289677655725
2015-02-05,76.81539916992188,78.18013763427734,76.52294921875,77.49776458740234,49.58721160888672,13264059,0.028063066831049404,75.38241844177246,-0.00142601070026437,0.026567465036560677
2015-02-06,78.47257995605469,78.76502227783203,77.01036071777344,77.01036071777344,49.27534103393555,5076862,-0.0063091243315057345,75.28493690490723,-0.001250065966428879,0.02652050417780061
2015-02-09,76.81539916992188,77.30280303955078,76.0355453491211,77.01036071777344,49.27534103393555,2570745,0.0,75.2946849822998,0.00012674187495389984,0.025788714168231308
2015-02-10,77.40028381347656,77.59524536132812,76.23050689697266,76.42546844482422,48.90108871459961,2654863,-0.0076239703491273875,75.40191459655762,0.001423123272490417,0.024632379887004712
2015-02-11,77.8876953125,77.98517608642578,74.96324920654297,75.74310302734375,48.464481353759766,4030509,-0.008968606128876198,75.4214111328125,0.0002580683010770197,0.024540533369131885
2015-02-12,75.54814147949219,76.42546844482422,75.25569152832031,76.0355453491211,48.65159225463867,2297872,0.0038535418097018492,75.51401863098144,0.0012330294821427108,0.024261193790648585
2015-02-13,76.81539916992188,76.81539916992188,75.74310302734375,75.84058380126953,48.52685546875,1626975,-0.0025673771912904236,75.64074478149413,0.0016995132755046806,0.024084496913083144
2015-02-24,76.91287994384766,76.91287994384766,75.54814147949219,75.74310302734375,48.464481353759766,1813678,-0.0012861646184114768,75.92831535339356,0.003948542383797857,0.021309975881503213
2015-02-25,76.62043762207031,78.3750991821289,76.52294921875,77.205322265625,49.40009307861328,6329408,0.019121004818686557,76.04529304504395,0.0015385820069045036,0.015771832403925937
2015-02-26,76.23050689697266,76.52294921875,75.15821075439453,76.42546844482422,48.90108871459961,3322682,-0.01015239868981038,76.118404006958,0.000965900718334347,0.015987374402284905
2015-03-02,76.42546844482422,76.62043762207031,75.45065307617188,76.32798767089844,48.83871841430664,1493617,-0.0012763153075212648,76.0501667022705,-0.0008861027268267183,0.013730230377014421
2015-03-03,76.62043762207031,77.79021453857422,76.13302612304688,77.49776458740234,49.58721160888672,3820213,0.01520940998815453,76.07453689575195,0.00031545621657529875,0.01404706590881982
2015-03-04,76.91287994384766,77.205322265625,76.13302612304688,76.62043762207031,49.02585220336914,1973708,-0.01138524106301324,76.04041862487793,-0.00044331829601731613,0.014257774440075076
2015-03-05,77.205322265625,78.47257995605469,76.81539916992188,77.49776458740234,49.58721160888672,6896695,0.011385241063013175,76.02579612731934,-0.00018832771124016514,0.014429022061040409
2015-03-06,77.79021453857422,77.98517608642578,76.62043762207031,76.91287994384766,49.21296691894531,2586132,-0.007575739906116304,76.113529586792,0.0011538991782043433,0.012144855687887809
2015-03-09,76.91287994384766,77.49776458740234,75.54814147949219,75.64562225341797,48.40210723876953,3071352,-0.01661378187179753,76.1232780456543,0.00012903646038350605,0.012752060559117732
2015-03-10,75.74310302734375,76.23050689697266,74.67080688476562,74.96324920654297,47.96548843383789,2671276,-0.009061587269406073,76.15252265930175,0.00039164923868199674,0.012490369794215774
2015-03-11,73.79347229003906,75.74310302734375,73.69599151611328,75.74310302734375,48.464481353759766,2506117,0.010349408237810664,76.26950073242188,0.0015687603220124534,0.01224977968136886
2015-03-12,75.84058380126953,77.8876953125,75.25569152832031,77.49776458740234,49.58721160888672,5343579,0.02290170080950928,76.44984130859375,0.0023829346388162163,0.013113722641513609
2015-03-13,78.76502227783203,79.25243377685547,76.32798767089844,76.32798767089844,48.83871841430664,8587273,-0.015209409988154395,76.49858207702637,0.0006426828421447564,0.013018345415925631
2015-03-16,76.7179183959961,77.10784149169922,75.64562225341797,75.64562225341797,48.40210723876953,3154445,-0.008980111789759373,76.40597496032714,-0.0012094760888956824,0.011452832088984182
2015-03-17,76.52294921875,76.52294921875,74.86576843261719,74.96324920654297,47.96548843383789,3738146,-0.009061587269406073,76.30361938476562,-0.0013470992357906993,0.011533590141505363
2015-03-18,75.06072998046875,76.42546844482422,74.96324920654297,76.42546844482422,48.90108871459961,3642743,0.01931801436668688,76.27437477111816,-0.0003811985174563555,0.012426676079668342
2015-03-19,76.81539916992188,77.30280303955078,76.13302612304688,76.23050689697266,48.77634811401367,4121809,-0.002554261677778889,76.26462669372559,-0.0001277130838889306,0.01232242852812347
2015-03-20,76.62043762207031,76.81539916992188,75.45065307617188,76.32798767089844,48.83871841430664,10026521,0.0012779463702576022,76.29387092590332,0.0003846145410677594,0.012147270753777022
2015-03-23,77.49776458740234,77.69273376464844,76.52294921875,76.52294921875,48.96346664428711,3526824,0.0025510037105008782,76.31824111938477,0.00031948763610771086,0.01213117450796031
2015-03-24,76.81539916992188,77.205322265625,76.32798767089844,77.10784149169922,49.33771514892578,1879331,0.007614295235010496,76.38160400390625,0.0008285712574227569,0.01221698431781422
2015-03-25,77.10784149169922,77.10784149169922,75.84058380126953,76.52294921875,48.96346664428711,2562538,-0.007614295235010545,76.42059631347657,0.0005121647265928035,0.012355793517600789
2015-03-26,76.0355453491211,77.01036071777344,75.64562225341797,76.7179183959961,49.08821487426758,1993199,0.0025446120931549568,76.39622611999512,-0.0003166549096837765,0.011572995128126838
2015-03-27,77.01036071777344,77.30280303955078,74.18339538574219,76.23050689697266,48.77634811401367,4188488,-0.006373562173913545,76.38647804260253,-0.0001277130838889347,0.011433976142472073
2015-03-30,76.7179183959961,77.205322265625,75.64562225341797,76.13302612304688,48.7139778137207,2840539,-0.0012795816071506309,76.37672996520996,-0.00012787639887040298,0.011433993435088064
2015-03-31,76.91287994384766,77.01036071777344,76.0355453491211,77.01036071777344,49.27534103393555,2526634,0.011457813634056947,76.35235977172852,-0.00031545621657528227,0.011197462230486706
2015-04-01,77.01036071777344,77.01036071777344,76.23050689697266,76.32798767089844,48.83871841430664,1390007,-0.008900285656648665,76.33773727416992,-0.00019120844625705345,0.011081350994636967
2015-04-02,77.205322265625,77.59524536132812,75.93806457519531,75.93806457519531,48.58922576904297,2528685,-0.005121613679319224,76.25975227355957,-0.0010165511833736735,0.010784495101540309
2015-04-07,75.84058380126953,76.32798767089844,75.06072998046875,75.06072998046875,48.027862548828125,2375836,-0.011620549290045476,76.16714477539062,-0.001218791652570132,0.010950619190149936
2015-04-08,74.96324920654297,74.96324920654297,69.89421081542969,69.89421081542969,44.722049713134766,6495593,-0.07131469409471183,75.87957420349122,-0.003953837263715847,0.018925373496603785
2015-04-09,69.89421081542969,70.57658386230469,67.16473388671875,67.16473388671875,42.97557830810547,5729294,-0.03983450843307857,75.4896484375,-0.005492483321899472,0.02054418895599016
2015-04-10,68.1395492553711,69.21184539794922,67.74961853027344,68.1395492553711,43.59931945800781,3001596,0.014409480808054114,75.10947074890137,-0.005289479693387299,0.02072820191240312
2015-04-13,68.72443389892578,71.45391845703125,68.52947235107422,70.86902618408203,45.34578323364258,3644795,0.03927567461872135,74.77803382873535,-0.004470781002926696,0.02217325760757482
2015-04-14,70.86902618408203,71.25894927978516,69.99169158935547,70.4791030883789,45.096290588378906,2602545,-0.005517216065099871,74.48558959960937,-0.003986171306773969,0.02203166817442384
2015-04-15,70.67406463623047,71.35643768310547,68.91939544677734,68.91939544677734,44.09830856323242,2054749,-0.022378615976019714,74.14927825927734,-0.004656096516086986,0.022392268675233102
2015-04-16,69.11436462402344,69.69924926757812,68.1395492553711,68.43199157714844,43.78643798828125,2379939,-0.007097211409109051,73.82271537780761,-0.004557877723072136,0.022376230323798627
2015-04-17,68.43199157714844,68.72443389892578,67.944580078125,68.23703002929688,43.66169357299805,1713146,-0.0028530485958994474,73.41329345703124,-0.005666430871201451,0.0216691490666685
2015-04-20,68.91939544677734,69.60176849365234,68.23703002929688,68.626953125,43.91118621826172,2187082,0.005697980457455938,73.03311576843262,-0.0052538187644397116,0.021809640163230098
2015-04-21,69.01687622070312,69.40680694580078,68.72443389892578,68.72443389892578,43.97356033325195,1797264,0.001419436562017719,72.65293807983399,-0.005246744254851705,0.021811893251214954
2015-04-22,69.50428771972656,71.64888000488281,68.82191467285156,71.45391845703125,45.72002410888672,3203685,0.03894794799336802,72.39948654174805,-0.003426897040708347,0.023913819093143968
2015-04-23,72.03880310058594,72.72117614746094,70.86902618408203,72.33124542236328,46.28139114379883,4467515,0.01220345450916008,72.16065673828125,-0.003197439077000868,0.024046983695666792
2015-04-24,72.03880310058594,72.13628387451172,70.67406463623047,70.86902618408203,45.34578323364258,3082637,-0.020422727475873727,71.87796058654786,-0.0038378606890440274,0.02433958246583664
2015-04-27,70.86902618408203,71.84384155273438,70.67406463623047,70.96650695800781,45.40816116333008,1881383,0.0013745609032486353,71.59039001464843,-0.003896363248539343,0.024324835853467827
2015-04-28,70.96650695800781,71.0639877319336,68.82191467285156,69.60176849365234,44.5349235534668,2131687,-0.01941805634538318,71.25895309448242,-0.0045485879571128245,0.024568415375642663
2015-04-29,67.16473388671875,67.16473388671875,64.8251724243164,65.21510314941406,41.72810363769531,7200342,-0.06509889090577801,70.71305694580079,-0.0077395534220441944,0.028023055564287285
2015-04-30,65.79998779296875,66.87228393554688,65.79998779296875,66.87228393554688,42.7884521484375,2732827,0.02509350484016111,70.20615310668946,-0.0070577688617389864,0.028673034672477463
2015-05-04,67.35969543457031,67.35969543457031,66.09243774414062,66.48236083984375,42.53895950317383,1684422,-0.005847928395501192,69.71387176513672,-0.006905150998681613,0.028670834649815846
2015-05-05,65.31258392333984,66.28739929199219,61.99821472167969,62.7780647277832,40.16875457763672,5189704,-0.057330937263182266,69.05587177276611,-0.009515617177874764,0.03079781833728679
2015-05-06,62.38814163208008,64.3377685546875,61.90073013305664,63.94784164428711,40.917240142822266,4561892,0.01846205209473812,68.50022735595704,-0.008011487108635584,0.03141796147849601
2015-05-07,63.07051086425781,63.07051086425781,61.218360900878906,61.6082878112793,39.42026901245117,3491945,-0.03727137289919946,68.08593120574952,-0.006309321048859966,0.02860398875541175
2015-05-08,61.218360900878906,61.99821472167969,60.048583984375,60.53599166870117,38.734161376953125,3422188,-0.01755831211367081,67.75449409484864,-0.005195511232889578,0.02764756146702054
2015-05-11,61.510807037353516,61.80324935913086,56.734214782714844,57.51406478881836,36.800567626953125,4290046,-0.051208568851383626,67.223219871521,-0.008476413715861466,0.029056138750613227
2015-05-12,57.80651092529297,61.413326263427734,57.124141693115234,60.92591857910156,38.98365783691406,7117250,0.05762915369365928,66.72606449127197,-0.007558739762114568,0.03087646555253101
2015-05-13,59.073768615722656,61.80324935913086,58.878807067871094,60.82843780517578,38.92128372192383,6757181,-0.0016012699282321418,66.24353122711182,-0.007362942455271182,0.03090249800107705
2015-05-14,61.90073013305664,61.90073013305664,60.63347244262695,60.63347244262695,38.796531677246094,3285752,-0.0032103155564709154,65.8292350769043,-0.006404527434293743,0.030708927163607343
2015-05-15,60.63347244262695,61.023399353027344,59.95110321044922,60.048583984375,38.42229080200195,1540805,-0.009693123486200694,65.41006469726562,-0.006534323038148324,0.03071749377984639
2015-05-18,59.95110321044922,59.95110321044922,56.539249420166016,57.3191032409668,36.67582321166992,3585296,-0.046520009584716825,64.86416835784912,-0.008717671087589193,0.03196847726249
2015-05-19,57.41658401489258,60.14606475830078,57.41658401489258,60.14606475830078,38.484657287597656,3189324,0.04814205842496898,64.44012393951417,-0.006595467189213541,0.03429963178735303
2015-05-20,62.38814163208008,63.4604377746582,61.31584167480469,62.58310317993164,40.044010162353516,9531042,0.03971930794003729,64.13305740356445,-0.004680473620312563,0.03580672222977492
2015-05-21,62.09569549560547,64.3377685546875,61.413326263427734,63.557918548583984,40.66774368286133,5656459,0.015456268894311951,63.73825740814209,-0.005855057575265365,0.034667413834304384
2015-05-22,64.3377685546875,67.84709930419922,64.14280700683594,66.57984161376953,42.60133743286133,8693960,0.046450259945382016,63.4506872177124,-0.004142717303454268,0.036408397133890436
2015-05-25,65.21510314941406,66.38488006591797,64.8251724243164,64.92266082763672,41.54098129272461,4484954,-0.02520512519714705,63.15336894989014,-0.004381837189517936,0.03653642665671627
2015-05-26,65.41006469726562,66.48236083984375,64.63021087646484,65.99495697021484,42.22709274291992,3681725,0.016381601503975017,62.90479145050049,-0.0036314851594816165,0.036813915195199144
2015-05-27,65.60502624511719,66.7748031616211,65.11762237548828,66.1899185180664,42.35184097290039,3610942,0.002949833534330697,62.73419895172119,-0.002513090665495922,0.03664847558332185
2015-05-28,67.55465698242188,68.52947235107422,65.31258392333984,65.31258392333984,41.79047393798828,6759233,-0.013343435990236588,62.73907299041748,7.468208028114896e-05,0.033705760183579375
2015-05-29,65.89746856689453,66.09243774414062,64.8251724243164,65.31258392333984,41.79047393798828,2872340,0.0,62.66108798980713,-0.0011799931617269064,0.03318851022438733
2015-06-01,64.72769165039062,64.72769165039062,62.38814163208008,63.557918548583984,40.66774368286133,4388526,-0.02723313379630399,62.51486587524414,-0.0022492534317670463,0.03368755601455951
2015-06-02,63.655399322509766,65.60502624511719,63.655399322509766,63.94784164428711,40.917240142822266,2840539,0.006116183466897089,62.573354721069336,0.0009231026047369212,0.031116833283950554
2015-06-03,63.94784164428711,65.99495697021484,62.29065704345703,65.31258392333984,41.79047393798828,5669795,0.02111695032940705,62.64159183502197,0.001055847516470368,0.031201141402270267
2015-06-04,64.8251724243164,65.21510314941406,62.875545501708984,63.655399322509766,40.73012161254883,3270365,-0.025700577384180228,62.743947410583495,0.0016343872922213293,0.030553619438029814
2015-06-05,62.38814163208008,63.07051086425781,61.6082878112793,62.38814163208008,39.91926193237305,4187462,-0.020108930356333623,62.83655490875244,0.0015068563800881888,0.030643138172161247
2015-06-08,62.38814163208008,63.557918548583984,60.92591857910156,62.58310317993164,40.044010162353516,2011664,0.0031201050498978673,63.090006828308105,0.004223290075152263,0.02801986391009751
2015-06-09,61.31584167480469,62.48562240600586,59.756141662597656,59.756141662597656,38.235172271728516,2011664,-0.046223349557009574,63.03151798248291,-0.000969335087381179,0.02721314770960849
2015-06-10,60.34103012084961,62.68058395385742,60.34103012084961,62.68058395385742,40.10638427734375,2503039,0.04777975901348454,63.12412528991699,0.001499716359704655,0.029312026712668172
2015-06-11,63.265472412109375,63.265472412109375,62.19317626953125,62.68058395385742,40.10638427734375,2865159,0.0,63.226480865478514,0.0016602321375282006,0.02929366083058428
2015-06-12,62.973026275634766,63.07051086425781,61.120880126953125,61.413326263427734,39.29552459716797,1484384,-0.020424882150551524,63.294717979431155,0.0011236442043106591,0.029609162690383207
2015-06-15,61.90073013305664,61.90073013305664,60.730953216552734,61.31584167480469,39.233154296875,1006345,-0.0015886135425260217,63.494554901123045,0.003370214006420199,0.02742822678564202
2015-06-16,60.24354553222656,60.730953216552734,58.4888801574707,58.878807067871094,37.673805236816406,3431421,-0.040557024362578895,63.431192016601564,-0.001064740132957194,0.026975186181697957
2015-06-17,58.878807067871094,58.976287841796875,56.34428787231445,57.124141693115234,36.55107498168945,3662234,-0.03025438978349023,63.15824394226074,-0.00456342501913357,0.02592441835317008
2015-06-18,57.124141693115234,58.4888801574707,57.124141693115234,57.70903015136719,36.925315856933594,1872150,0.010186838990053636,62.865799522399904,-0.004826896514346486,0.025736343002219882
2015-06-22,58.29391860961914,58.39139938354492,56.539249420166016,57.02665710449219,36.48870086669922,2759498,-0.011894836014145127,62.38814029693604,-0.007744151312322843,0.02275178322043229
2015-06-23,57.51406478881836,58.00147247314453,56.831695556640625,56.831695556640625,36.363948822021484,1759308,-0.0034246365565536313,61.98359203338623,-0.006655126880293173,0.0223904141483159
2015-06-24,56.831695556640625,57.221622467041016,54.1996955871582,55.46695327758789,35.49072265625,3435524,-0.024306783485176734,61.45719184875488,-0.008689546129750762,0.022032744963043548
2015-06-25,55.56443786621094,56.24680709838867,54.394657135009766,55.36947250366211,35.428340911865234,2093731,-0.0017590029337955489,60.91616954803467,-0.008924987953157073,0.021926724591005243
2015-06-26,54.10221481323242,56.441768646240234,54.10221481323242,55.95436477661133,35.80259323120117,3339096,0.01050803977223425,60.448258590698245,-0.00773241416503353,0.02231888392467966
2015-06-29,53.80976867675781,53.80976867675781,50.397918701171875,50.397918701171875,32.24728012084961,7366528,-0.10458656519532522,59.70252532958985,-0.012961742424799791,0.03098262490598501
2015-06-30,49.9105110168457,50.787845611572266,49.61806869506836,50.397918701171875,32.24728012084961,3957675,0.0,59.04452533721924,-0.011600085734984592,0.030920772996588127
2015-07-01,50.787845611572266,51.177772521972656,50.007991790771484,50.20295715332031,32.12253189086914,3230357,-0.003875946213598311,58.3572811126709,-0.012099692219009361,0.030699386120691525
2015-07-02,50.59288024902344,51.27525329589844,49.22814178466797,49.22814178466797,31.498790740966797,4663450,-0.019608484930348308,57.5530590057373,-0.014135963981997129,0.02971505238577403
2015-07-03,49.9105110168457,49.9105110168457,48.350807189941406,48.49702835083008,31.030990600585938,4291071,-0.014962922519639456,56.79514045715332,-0.013599081238770091,0.029591856226065173
2015-07-06,48.3995475769043,48.7407341003418,43.720436096191406,43.76918029785156,28.0058536529541,5191755,-0.10257260140990779,55.86419239044189,-0.0177222647914488,0.035667896111287914
2015-07-07,44.4515495300293,45.03643798828125,39.43125534057617,41.28340148925781,26.415328979492188,9692098,-0.058469405342826124,54.799207305908205,-0.020801740311084997,0.03642442727223497
2015-07-08,41.478363037109375,41.819549560546875,39.8211784362793,40.64977264404297,26.0098934173584,7571695,-0.015467275230940958,53.84388885498047,-0.01926393659478157,0.035940697234060466
2015-07-09,38.06651306152344,38.310218811035156,35.58073425292969,36.65303039550781,24.63306427001953,6807447,-0.10349713331705615,52.54251117706299,-0.026827781211308604,0.03699152110339675
2015-07-10,36.65303039550781,36.65303039550781,36.65303039550781,36.65303039550781,24.63306427001953,0,0.0,51.241133499145505,-0.026827781211308604,0.03699152110339675
2015-07-13,37.530364990234375,37.920291900634766,36.65303039550781,36.79925537109375,24.731334686279297,4222340,0.003981500840367765,50.01042995452881,-0.025607462061762638,0.03761124636184769
2015-07-14,37.23792266845703,40.35732650756836,37.23792266845703,39.772438049316406,26.729496002197266,11584765,0.07769655058093913,48.93325977325439,-0.021643203855589384,0.043924587459542905
2015-07-15,39.772438049316406,39.772438049316406,35.8731803894043,35.8731803894043,24.10895347595215,10571239,-0.10318420912935908,47.78297843933105,-0.02477456309392839,0.04743589192274766
2015-07-16,35.8731803894043,36.36058807373047,33.92354965209961,35.434513092041016,23.81414794921875,10072683,-0.01230366064929056,46.69849700927735,-0.023877026637218406,0.04749653532020099
2015-07-17,35.97066116333008,36.31184768676758,35.093326568603516,35.093326568603516,23.58484649658203,4220289,-0.009675305146385524,45.56771183013916,-0.024870133844040365,0.046951325968823905
2015-07-20,35.483253479003906,35.678218841552734,34.02103042602539,34.16725540161133,22.96247100830078,3140083,-0.026743245116351632,44.42474174499512,-0.025612554299150686,0.04685264673970997
2015-07-21,34.16725540161133,37.530364990234375,34.11851501464844,36.750511169433594,24.698577880859375,8394415,0.07288439390588437,43.42068252563477,-0.02179710277602879,0.051619269825609396
2015-07-22,35.726959228515625,36.06814193725586,34.89836502075195,35.62947463989258,23.945171356201172,6755130,-0.030978900306342948,42.42880859375,-0.0221307086170871,0.051657888978575775
2015-07-23,34.89836502075195,35.288291931152344,32.36384582519531,33.0949592590332,22.241823196411133,8786285,-0.07379225208885737,41.31508293151855,-0.025732371074840187,0.05266412022029776
2015-07-24,33.48488235473633,34.41095733642578,33.48488235473633,33.72858810424805,22.667661666870117,4723974,0.018964806904809915,40.20379409790039,-0.02530953271821141,0.053003265097263275
2015-07-27,33.143699645996094,33.338661193847656,30.365476608276367,30.365476608276367,20.40744400024414,6179636,-0.1050394642428539,39.20217199325562,-0.02533217767058784,0.05303900250863759
2015-07-28,30.41421890258789,32.99747848510742,30.41421890258789,32.31510543823242,21.71771240234375,7019795,0.06222845633464267,38.29803133010864,-0.022220754853855707,0.05632663496264591
2015-07-29,33.143699645996094,33.58236312866211,32.26636505126953,32.26636505126953,21.684955596923828,6715122,-0.0015094235497416424,37.4012017250061,-0.022102428720662873,0.05636966968006508
2015-07-30,32.46133041381836,33.0949592590332,32.46133041381836,32.851253509521484,22.078039169311523,4812196,0.017964544801617428,36.58235731124878,-0.02022377723406459,0.05707880495208137
2015-07-31,33.04621887207031,33.38740158081055,31.583995819091797,33.38740158081055,22.438358306884766,5692363,0.016188727858474333,35.8268759727478,-0.018666194715158894,0.05765207906467951
2015-08-03,35.434513092041016,35.58073425292969,34.06977462768555,34.06977462768555,22.89695930480957,8284651,0.020231986026383004,35.3419056892395,-0.012525965343344358,0.054709864998500224
2015-08-04,34.11851501464844,34.21599578857422,31.145328521728516,31.145328521728516,20.931554794311523,6330433,-0.08974634988505473,34.83500204086304,-0.01408981257045579,0.05650966055357123
2015-08-05,31.77895736694336,32.802513122558594,31.3890323638916,32.65629196166992,21.947010040283203,4739362,0.0473732797614865,34.435328006744385,-0.010947784820834413,0.05815218714706269
2015-08-06,32.07140350341797,32.65629196166992,31.19407081604004,32.16888427734375,21.619443893432617,4449050,-0.015037887983953899,34.21112070083618,-0.006524822554179302,0.053955125439337295
2015-08-07,32.16888427734375,32.7537727355957,31.632736206054688,32.55881118774414,21.88149642944336,2099886,0.012048370469798222,34.006409740448,-0.005922404030689391,0.05409888007913276
2015-08-10,32.16888427734375,35.483253479003906,31.973920822143555,34.50843811035156,23.19176483154297,3790464,0.05815584800567002,33.891868877410886,-0.0032136866724242785,0.0559455937535521
2015-08-11,35.044586181640625,35.288291931152344,33.289920806884766,33.92354965209961,22.798683166503906,4947607,-0.017094423829653742,33.59942445755005,-0.00795323539295392,0.05264839762566844
2015-08-12,33.631107330322266,35.5319938659668,33.338661193847656,35.337032318115234,23.748632431030273,6568427,0.04082203500219175,33.572617053985596,-0.0007529231863763808,0.04863311650800967
2015-08-13,35.97066116333008,38.84636688232422,35.483253479003906,38.84636688232422,26.107114791870117,9830586,0.09468306768515124,33.743209743499754,0.004596413230345709,0.052984963716162944
2015-08-14,38.50518035888672,41.28340148925781,37.920291900634766,40.21110534667969,27.024303436279297,12019720,0.03452865398105222,33.99909868240356,0.006806611186717595,0.0532794414833939
2015-08-17,39.04132843017578,39.967403411865234,36.26310729980469,36.7017707824707,24.665822982788086,8502128,-0.0913182057791907,34.12582445144653,0.0035778631535756424,0.057229762858641973
2015-08-18,37.23792266845703,38.310218811035156,36.84799575805664,37.920291900634766,25.484737396240234,6426862,0.03266137105866054,34.184313488006595,0.0015667120112144515,0.055341632767016764
2015-08-19,36.94547653198242,37.33540344238281,35.385772705078125,36.21436309814453,24.33824920654297,7401406,-0.046030564352707914,34.21355791091919,0.0008141288088962032,0.055906965122837944
2015-08-20,36.01940155029297,37.82280731201172,35.8731803894043,37.82280731201172,25.419225692749023,5119947,0.043456477908834015,34.44995031356812,0.0066765653087807715,0.05377882623226106
2015-08-21,37.579105377197266,39.674957275390625,37.189178466796875,38.01777267456055,25.550251007080078,12950153,0.005141463635164401,34.66440954208374,0.005985398145298497,0.05370135854507304
2015-08-24,39.967403411865234,40.64977264404297,37.82280731201172,38.89510726928711,26.139873504638672,17007335,0.022814713224610796,35.09089107513428,0.012378107018671732,0.04697830043590664
2015-08-25,38.89510726928711,39.43125534057617,37.33540344238281,38.84636688232422,26.107114791870117,10722037,-0.0012539096764233098,35.417454147338866,0.009203988718118433,0.04555593874141103
2015-08-26,38.89510726928711,38.89510726928711,36.55554962158203,37.091697692871094,24.927871704101562,9506422,-0.04622139319104148,35.65872077941894,0.00696839023605344,0.04717758459910448
2015-08-27,37.530364990234375,37.871551513671875,36.750511169433594,36.750511169433594,24.698577880859375,6515084,-0.009241027772725303,35.853683662414554,0.0056081116073363035,0.047236018784457164
2015-08-28,38.16399383544922,40.25984573364258,37.969032287597656,38.99258804321289,26.20539093017578,12899887,0.05921944295934127,36.13394298553467,0.007759647362379651,0.048700605869181755
2015-08-31,39.04132843017578,40.79599380493164,38.70014190673828,39.13880920410156,26.30365753173828,11145708,0.003742959597558681,36.387394714355466,0.0069351960409384334,0.04861784996962166
2015-09-01,39.626216888427734,40.60103225708008,39.04132843017578,39.285030364990234,26.401920318603516,6836171,0.003729002077210075,36.794379806518556,0.011608963639051674,0.04300323590246243
2015-09-02,38.79762268066406,41.62458801269531,38.50518035888672,40.84473419189453,27.45013999938965,10163983,0.03893436747718759,37.20380191802978,0.011187018024836728,0.04267398954420442
2015-09-03,43.47673416137695,44.402809143066406,42.891845703125,43.08680725097656,28.956951141357422,15390617,0.05343894694188185,37.749698066711424,0.014610859771128516,0.043202914280798616
2015-09-04,43.18429183959961,44.012882232666016,40.79599380493164,40.79599380493164,27.417383193969727,10176293,-0.05463296845417161,38.1615571975708,0.011276792824930024,0.04589987134058759
2015-09-07,40.79599380493164,41.770809173583984,40.5035514831543,41.08843994140625,27.613929748535156,5794947,0.0071429297733979595,38.49055728912354,0.008726146913316421,0.04455540176970022
2015-09-08,41.429622650146484,41.917030334472656,40.64977264404297,41.917030334472656,28.170787811279297,4213108,0.01996538093875795,38.89023132324219,0.010579137151737006,0.04419421238712086
2015-09-09,43.574214935302734,44.15910339355469,43.13554763793945,43.33051300048828,29.120737075805664,8044605,0.03316487881964386,39.28990535736084,0.010196279342609613,0.043950924196077205
2015-09-10,42.50191879272461,43.574214935302734,42.50191879272461,42.98932647705078,28.891441345214844,3921771,-0.007905211647680755,39.49705333709717,0.005066865375968012,0.03931346349997117
2015-09-11,42.98932647705078,43.18429183959961,41.722068786621094,42.30695724487305,28.432842254638672,3718655,-0.016000317015625768,39.60184593200684,0.002540416826134113,0.03894232589458321
2015-09-14,42.59939956665039,42.59939956665039,40.9909553527832,41.03969955444336,27.58116912841797,3594529,-0.0304116663644017,39.81874237060547,0.005585743796873563,0.03316982506147761
2015-09-15,41.08843994140625,42.06325149536133,41.08843994140625,41.868289947509766,28.138032913208008,4170023,0.019988857208399012,40.01614227294922,0.0049521181043604865,0.032743692885270466
2015-09-16,42.40443801879883,42.64814376831055,41.478363037109375,41.478363037109375,27.8759765625,3937158,-0.009356818571027544,40.27934226989746,0.006785805393444505,0.030701536587906232
2015-09-17,41.917030334472656,42.160736083984375,41.62458801269531,41.62458801269531,27.97425079345703,3034422,0.003519131983796414,40.46943130493164,0.004788938097192625,0.02946477467004136
2015-09-18,42.01451110839844,42.74562454223633,41.429622650146484,42.06325149536133,28.269060134887695,3514514,0.010483422746778078,40.67170524597168,0.005056036052773308,0.02949233801977606
2015-09-21,41.527103424072266,41.57584762573242,40.9909553527832,41.18592071533203,27.679439544677734,2908245,-0.021078005663480108,40.78624591827393,0.002861400108368764,0.02973342175729432
2015-09-22,41.527103424072266,41.62458801269531,41.08843994140625,41.08843994140625,27.613929748535156,1975760,-0.002369652435159323,40.898349571228025,0.0028056129704319634,0.02974259475331534
2015-09-23,40.69851303100586,40.69851303100586,38.11525344848633,38.45643997192383,25.845064163208008,6046277,-0.06620064386313518,40.966586685180665,0.0018066504368272785,0.03174410391726398
2015-09-24,38.40769958496094,38.70014190673828,36.06814193725586,36.06814193725586,24.23998260498047,8222075,-0.06411619054554012,40.932468223571775,-0.0009371077018134624,0.03495808025831462
2015-09-25,35.288291931152344,36.84799575805664,35.19081115722656,36.750511169433594,24.698577880859375,5568237,0.01874215403626977,40.82036437988281,-0.0029609721479670376,0.03236780591946944
2015-09-29,36.750511169433594,36.750511169433594,36.750511169433594,36.750511169433594,24.698577880859375,0,0.0,40.70094947814941,-0.0031481201278449715,0.0323378111004939
2015-09-30,35.97066116333008,36.21436309814453,35.337032318115234,35.58073425292969,23.91241455078125,4338260,-0.0323478162337654,40.51573467254639,-0.004951961043393746,0.032934701832035035
2015-10-01,36.50680923461914,36.55554962158203,35.92192077636719,36.26310729980469,24.371009826660156,5793921,0.018996577929720242,40.28665332794189,-0.005948850520767112,0.03181926264144872
2015-10-02,36.26310729980469,36.65303039550781,35.824440002441406,36.06814193725586,24.23998260498047,5647227,-0.005390915732224667,39.93572006225586,-0.008890343654472438,0.028596279839494882
2015-10-05,37.286659240722656,38.70014190673828,37.286659240722656,37.67658615112305,25.320953369140625,9735183,0.043628863620606986,39.77974967956543,-0.00397725205073351,0.02876429367299293
2015-10-06,38.261474609375,38.261474609375,35.62947463989258,36.36058807373047,24.4365234375,8989400,-0.03555340169535274,39.54335708618164,-0.006112068624171044,0.029471264475712616
2015-10-07,36.89673614501953,38.99258804321289,36.89673614501953,38.99258804321289,26.20539093017578,7331649,0.0698861350703567,39.397134971618655,-0.0036160309175911074,0.03361832416264197
2015-10-08,39.333770751953125,39.43125534057617,36.99421691894531,37.091697692871094,24.927871704101562,6641262,-0.049978415186615874,39.085194206237794,-0.007773195617904094,0.03396952012868113
2015-10-12,37.432884216308594,39.09006881713867,37.0429573059082,38.99258804321289,26.20539093017578,6872075,0.04997841518661588,38.8853572845459,-0.004879014276189262,0.036340743458486174
2015-10-13,38.99258804321289,39.18754959106445,38.40769958496094,38.65140151977539,25.976089477539062,5696467,-0.008788541686621137,38.702579498291016,-0.00451842550973903,0.03626027521303482
2015-10-14,38.79762268066406,40.25984573364258,38.79762268066406,39.47999572753906,26.532955169677734,6230927,0.021211070139738837,38.6245943069458,-0.0019372886845320032,0.03615729182495606
2015-10-15,40.64977264404297,41.08843994140625,39.674957275390625,39.723697662353516,26.696733474731445,7662994,0.006153821708471986,38.51736469268799,-0.0026290404595283546,0.03584673887648207
2015-10-16,39.8211784362793,40.45480728149414,38.99258804321289,40.45480728149414,27.188085556030273,6926444,0.018237553418362182,38.466186904907225,-0.0012493218600588684,0.03610428196427963
2015-10-19,40.30858612060547,40.55229187011719,39.91865921020508,40.45480728149414,27.188085556030273,3325760,0.0,38.40769786834717,-0.0014252784592486889,0.03608839132895276
2015-10-20,40.94221496582031,41.380882263183594,40.45480728149414,40.45480728149414,27.188085556030273,3961778,0.0,38.32727565765381,-0.001949449596587593,0.035982296035812864
2015-10-21,37.140438079833984,38.261474609375,37.140438079833984,37.969032287597656,25.517494201660156,5980623,-0.06341459379137991,38.16643123626709,-0.004066279002982583,0.03833524549160815
2015-10-22,37.627845764160156,38.6026611328125,37.627845764160156,38.40769958496094,25.81230354309082,2921580,0.011487061836890177,38.03239421844482,-0.0033734432893801083,0.03849241711666635
2015-10-23,39.09006881713867,39.333770751953125,38.310218811035156,38.310218811035156,25.746789932250977,2442515,-0.0025412792324297742,38.02508316040039,-0.00019047505784483809,0.03554275924781062
2015-10-26,38.94384765625,39.333770751953125,38.6026611328125,39.18754959106445,26.336410522460938,3138032,0.02264241358721973,38.18105354309082,0.004147455148793154,0.03249368999288424
2015-10-27,39.13880920410156,40.35732650756836,39.13880920410156,39.86991882324219,26.795005798339844,5500532,0.01726304148108123,38.33702392578125,0.004073499521033727,0.03246039033900084
2015-10-28,40.1623649597168,40.1623649597168,39.236289978027344,39.236289978027344,26.369163513183594,3634536,-0.016020042069009078,38.46131286621094,0.0032724974175832736,0.032762451876415154
2015-10-29,39.723697662353516,39.86991882324219,38.40769958496094,38.55392074584961,25.910573959350586,4734233,-0.01754428297892153,38.609972190856936,0.0040126740803254676,0.032075372728480815
2015-10-30,38.55392074584961,39.13880920410156,37.82280731201172,39.04132843017578,26.23814582824707,5879066,0.012562988071064037,38.74888324737549,0.003690994587392657,0.03194920484851679
2015-11-02,38.99258804321289,39.13880920410156,38.261474609375,38.45643997192383,25.845064163208008,4572151,-0.015094616934537506,38.86829814910889,0.003205809527277015,0.032167319254948146
2015-11-03,38.79762268066406,39.723697662353516,38.55392074584961,38.99258804321289,26.20539093017578,4588564,0.013845406450070683,38.93409824371338,0.0017166366687501999,0.030860311027307668
2015-11-04,39.674957275390625,40.94221496582031,39.47999572753906,40.30858612060547,27.089815139770508,7771733,0.0331929234676997,39.131498146057126,0.005153952926902822,0.03031433146146693
2015-11-05,40.64977264404297,40.79599380493164,39.772438049316406,39.8211784362793,26.762250900268555,4227470,-0.012165609082996895,39.172927665710446,0.0010513657192351422,0.02639108953933335
2015-11-06,39.626216888427734,39.626216888427734,38.65140151977539,38.70014190673828,26.00884246826172,4172075,-0.028555625408702358,39.25334987640381,0.002122505208130818,0.024583789184452285
2015-11-09,38.79762268066406,39.236289978027344,38.16399383544922,38.16399383544922,25.64851951599121,2851824,-0.013950765508109425,39.211920166015624,-0.0010739538266054474,0.022060569762981385
2015-11-10,37.627845764160156,38.01777267456055,37.33540344238281,38.01777267456055,25.550251007080078,2714362,-0.003838749011652959,39.18023872375488,-0.0008264641928570383,0.02199714123922411
2015-11-11,38.06651306152344,38.6026611328125,37.091697692871094,37.091697692871094,24.927871704101562,3127773,-0.02466058964285398,39.06082382202148,-0.003120047181986679,0.02196985062021235
2015-11-12,37.774070739746094,37.82280731201172,36.60429000854492,37.3841438293457,25.124412536621094,3190349,0.007853490033900503,38.94384613037109,-0.003035063765715253,0.02201086074074949
2015-11-13,36.94547653198242,37.82280731201172,36.55554962158203,36.55554962158203,24.567548751831055,2732827,-0.02241364163948375,38.74888324737549,-0.00506762351860755,0.021819186240786638
2015-11-16,36.06814193725586,36.79925537109375,35.62947463989258,36.60429000854492,24.600303649902344,2047568,0.001332435784998676,38.55635738372803,-0.005001001729357616,0.02183750040845937
2015-11-17,37.23792266845703,37.33540344238281,36.7017707824707,36.750511169433594,24.698577880859375,2429179,0.003986688047859187,38.371142578125,-0.004801667326964657,0.02190364776500493
2015-11-18,36.89673614501953,37.23792266845703,36.50680923461914,36.50680923461914,24.534791946411133,2438412,-0.006653337371984129,38.298031425476076,-0.0019636045059948674,0.017048672497436274
2015-11-19,37.0429573059082,37.140438079833984,36.60429000854492,36.99421691894531,24.86235809326172,1633130,0.013262803377752319,38.22735729217529,-0.0018748174289517604,0.01712685311317563
2015-11-20,37.140438079833984,37.140438079833984,36.11688232421875,36.36058807373047,24.4365234375,2060904,-0.017276158116783576,38.12987575531006,-0.0026115613731694507,0.01747050769681643
2015-11-23,36.31184768676758,36.36058807373047,35.434513092041016,35.483253479003906,23.846900939941406,3047758,-0.024424590628883087,37.94466094970703,-0.004964911583974592,0.01705476317819598
2015-11-24,35.8731803894043,36.40932846069336,35.483253479003906,35.8731803894043,24.10895347595215,2453799,0.01092909974604189,37.74482402801514,-0.005281608670726559,0.01667485619289976
2015-11-25,36.26310729980469,36.26310729980469,35.288291931152344,35.58073425292969,23.91241455078125,1757257,-0.00818563323990876,37.56204624176026,-0.004889888229271543,0.016500424652889284
2015-11-26,35.8731803894043,37.627845764160156,35.8731803894043,37.627845764160156,25.288198471069336,4271581,0.05594003643601892,37.515742492675784,-0.0012156722585245205,0.021080253954700874
2015-11-27,38.99258804321289,39.04132843017578,37.920291900634766,38.21273422241211,25.681276321411133,10247075,0.015424461532500051,37.4743127822876,-0.0010725985854527196,0.021188127509335644
2015-11-30,38.21273422241211,41.96577072143555,38.06651306152344,41.6733283996582,28.007001876831055,16938604,0.08669250077708116,37.63515720367432,0.004016757300128214,0.028578481968281926
2015-12-01,41.722068786621094,42.40443801879883,40.45480728149414,40.64977264404297,27.319114685058594,11209309,-0.024868074480583188,37.71801643371582,0.0020810832535955205,0.029182418538363137
2015-12-02,40.89347457885742,41.03969955444336,39.772438049316406,39.967403411865234,26.860523223876953,5306649,-0.016929035778626693,37.70095729827881,-0.000425014708720799,0.028514525354256862
2015-12-03,39.86991882324219,42.50191879272461,39.47999572753906,41.429622650146484,27.843219757080078,8972987,0.03593194073008589,37.781379508972165,0.0019798627819333403,0.02948398575588342
2015-12-04,40.94221496582031,41.23466110229492,40.113624572753906,40.40606689453125,27.155332565307617,5192781,-0.02501620356783045,37.866675758361815,0.0021568338739769355,0.02930111196828508
2015-12-07,40.64977264404297,41.3321418762207,39.674957275390625,39.674957275390625,26.663978576660156,5060448,-0.01825975480220172,37.942223930358885,0.001941384409272321,0.029441290424078014
2015-12-08,39.382511138916016,39.382511138916016,38.01777267456055,38.01777267456055,25.550251007080078,5384613,-0.042666437197099116,37.942223930358885,1.3183898417423733e-17,0.031077213172214593
2015-12-09,38.01777267456055,38.310218811035156,37.481624603271484,37.67658615112305,25.320953369140625,4028457,-0.009014907831242033,37.97146835327148,0.0007822840905806103,0.030617293794073082
2015-12-10,37.774070739746094,37.920291900634766,37.33540344238281,37.481624603271484,25.18992805480957,2985182,-0.0051880422162704914,37.976342391967776,0.00013020747807206056,0.030597638084563734
2015-12-11,37.72532653808594,37.871551513671875,36.06814193725586,37.0429573059082,24.895116806030273,4502394,-0.011772554839403203,38.00071277618408,0.0006622618180760879,0.03027582208198639
2015-12-14,36.65303039550781,38.40769958496094,36.55554962158203,37.67658615112305,25.320953369140625,6340692,0.016960597055673744,38.05432758331299,0.0014436698816098414,0.03049491526139871
2015-12-15,41.429622650146484,41.429622650146484,41.429622650146484,41.429622650146484,27.843219757080078,3220099,0.0949573033983734,38.28828315734863,0.005992200649135552,0.03698748532910828
2015-12-16,44.84147644042969,44.84147644042969,42.5506591796875,42.69688415527344,28.69489288330078,26605056,0.030129799052434736,38.59778690338135,0.007831357470356496,0.03723924883140841
2015-12-17,42.69688415527344,46.93732833862305,42.50191879272461,46.93732833862305,31.544734954833984,26955892,0.09468732531500218,39.09494247436523,0.011902583567218988,0.04200966826312172
2015-12-18,47.27851104736328,51.56769561767578,47.27851104736328,51.56769561767578,34.656620025634766,30116493,0.09408215022831641,39.8552978515625,0.017470498984473986,0.04519750860183329
2015-12-21,51.56769561767578,56.441768646240234,50.98280715942383,56.05184555053711,37.67024230957031,23285451,0.08338165332378222,40.88372745513916,0.02286081118210725,0.046351888233446784
2015-12-22,54.589622497558594,54.88206481933594,50.495399475097656,50.495399475097656,33.935977935791016,24837541,-0.10439484320821467,41.614838409423825,0.017094614034394422,0.05439045415420004
2015-12-23,48.00962448120117,49.22814178466797,47.32725143432617,48.253326416015625,32.42916488647461,19849926,-0.045417465955258016,42.248468017578126,0.015233022398626964,0.055916981383079815
2015-12-24,48.302066802978516,48.350807189941406,46.498661041259766,46.498661041259766,31.249921798706055,10969264,-0.037041249306113605,42.6920087814331,0.010583958111520336,0.056218900103653
2015-12-25,46.98606872558594,50.397918701171875,46.93732833862305,49.52058410644531,33.28083801269531,17323292,0.0629649063040662,43.25740127563476,0.012960980350098645,0.05742640984872155
2015-12-28,50.88532638549805,50.88532638549805,48.350807189941406,48.350807189941406,32.49467849731445,9513603,-0.02390550718648775,43.591275215148926,0.007431079951920198,0.05523598333499296
2015-12-29,44.900001525878906,47.900001525878906,44.900001525878906,46.599998474121094,31.31802749633789,19040000,-0.03688240809727556,43.888786506652835,0.006830363271085579,0.05566936976948796
2015-12-30,46.79999923706055,47.95000076293945,46.54999923706055,46.54999923706055,31.284427642822266,9755000,-0.0010735210540178965,44.217916297912595,0.0076231390073160194,0.05542557283466753
2015-12-31,46.0,46.650001525878906,45.45000076293945,45.70000076293945,30.713176727294922,8729000,-0.018428672738722708,44.43143520355225,0.00490510833387559,0.05529701770886989
2016-01-04,45.5,46.20000076293945,44.849998474121094,44.849998474121094,30.141921997070312,6780000,-0.018774760111698145,44.65363178253174,0.005217180506682205,0.055136646837540694
2016-01-05,44.849998474121094,45.79999923706055,44.70000076293945,44.70000076293945,30.041112899780273,7169000,-0.0033500357954585817,44.90488395690918,0.005962666457019362,0.054902814798367595
2016-01-06,44.79999923706055,44.900001525878906,42.150001525878906,42.95000076293945,28.865009307861328,11045000,-0.039936852493822395,45.151495361328124,0.006099145692183197,0.054778821286379155
2016-01-07,42.900001525878906,43.29999923706055,40.75,42.20000076293945,28.3609561920166,9147000,-0.017616427072597397,45.37766609191895,0.00566906973011543,0.05493726586799563
2016-01-08,41.79999923706055,42.900001525878906,41.70000076293945,42.900001525878906,28.831403732299805,7813000,0.016451622381143678,45.64858493804932,0.006751052959986138,0.0549252761522547
2016-01-11,42.849998474121094,45.79999923706055,42.45000076293945,44.79999923706055,30.108320236206055,14376000,0.04333626088879724,46.036437034606934,0.009506493746396161,0.05532793981647202
2016-01-12,44.29999923706055,45.45000076293945,42.04999923706055,42.04999923706055,28.260154724121094,12329000,-0.06334875411570941,46.255107688903806,0.005491026187827002,0.05762505004130394
2016-01-13,42.599998474121094,43.29999923706055,41.79999923706055,42.45000076293945,28.528982162475586,7986000,0.009467562454685548,46.30612659454346,0.0012165391406426097,0.05367468027283452
2016-01-14,41.900001525878906,43.0,40.95000076293945,43.0,28.89860725402832,6709000,0.012873184963545378,46.321282386779785,0.00035370843619814184,0.05332298112350331
2016-01-15,43.5,43.650001525878906,42.54999923706055,42.54999923706055,28.596181869506836,6586000,-0.010520278604601415,46.10191593170166,-0.004906671759782038,0.04849820741486692
2016-01-18,41.349998474121094,42.95000076293945,41.349998474121094,42.95000076293945,28.865009307861328,7849000,0.009356829104736284,45.67103118896485,-0.009142937815961044,0.04275707876326912
2016-01-19,42.650001525878906,42.79999923706055,41.150001525878906,41.29999923706055,27.75611114501953,45885000,-0.03917418469982067,44.93343887329102,-0.015270729717141187,0.03722284743706609
2016-01-20,41.5,42.20000076293945,38.5,38.5,25.874338150024414,37167000,-0.07020424020013816,44.333668899536136,-0.013561199566737365,0.03351464735310114
2016-01-21,39.29999923706055,39.45000076293945,38.54999923706055,38.900001525878906,26.14316177368164,12967000,0.010336048556340047,43.8660026550293,-0.01077352384115746,0.0330408313562028
2016-01-22,40.0,40.75,39.5,40.29999923706055,27.084047317504883,15010000,0.03535716017105845,43.55606956481934,-0.007153603367298858,0.03396453593092828
2016-01-25,40.79999923706055,40.900001525878906,40.400001525878906,40.5,27.218456268310547,8207000,0.004950524091356383,43.10504035949707,-0.010054322477934348,0.029894397816039562
2016-01-26,40.0,40.349998474121094,39.79999923706055,40.20000076293945,27.016841888427734,4450000,-0.007434959508924947,42.69750003814697,-0.009230795094056209,0.029719094687973534
2016-01-27,41.0,41.0,39.75,39.79999923706055,26.748018264770508,7767000,-0.010000121482509729,42.357500076293945,-0.007886680763317916,0.02900191870886099
2016-01-28,39.29999923706055,39.29999923706055,38.29999923706055,38.75,26.0423526763916,13152000,-0.02673613732170279,41.96750011444092,-0.009169811576702162,0.02925124276329678
2016-01-29,38.79999923706055,39.849998474121094,38.400001525878906,39.650001525878906,26.6472110748291,8885000,0.02296023076520527,41.66500015258789,-0.007100366401505763,0.03001581153936025
2016-02-01,40.099998474121094,40.25,39.5,39.5,26.54640007019043,10155000,-0.0037903146574851175,41.39750022888184,-0.006351144128795111,0.029895843927604852
2016-02-02,39.95000076293945,39.95000076293945,38.95000076293945,38.95000076293945,26.17676544189453,6869000,-0.014021880002656693,41.11000022888184,-0.006884736339155016,0.02993467213732126
2016-02-03,38.599998474121094,38.650001525878906,37.900001525878906,38.099998474121094,25.60550880432129,7949000,-0.022064549821080155,40.867500114440915,-0.005991121205517905,0.029152611798053854
2016-02-15,37.650001525878906,38.20000076293945,37.599998474121094,38.0,25.538305282592773,3111000,-0.0026280823569535625,40.65750007629394,-0.005241703969735714,0.02903042912480899
2016-02-16,38.25,38.849998474121094,38.099998474121094,38.75,26.0423526763916,4397000,0.01954459607297013,40.45,-0.00508705528514439,0.029160023487075377
2016-02-17,39.5,39.849998474121094,39.099998474121094,39.099998474121094,26.27757453918457,7076000,0.008991672166927386,40.16499996185303,-0.006804284721237884,0.027096560185880116
2016-02-18,39.75,39.79999923706055,39.0,39.099998474121094,26.27757453918457,6879000,0.0,40.017499923706055,-0.0036368470154524123,0.023618253359478873
2016-02-19,39.20000076293945,40.29999923706055,39.150001525878906,39.849998474121094,26.781620025634766,9806000,0.018999938979377632,39.88749980926514,-0.0031602281892178083,0.023989878530003828
2016-02-22,39.849998474121094,40.599998474121094,39.5,40.5,27.218456268310547,7818000,0.01617960716683232,39.76249980926514,-0.002994907079053461,0.024117239344813125
2016-02-23,40.400001525878906,40.5,39.79999923706055,40.25,27.050445556640625,7607000,-0.006191970247921107,39.64749984741211,-0.0027784916612194456,0.024065521003613314
2016-02-24,40.150001525878906,40.599998474121094,40.150001525878906,40.25,27.050445556640625,4958000,0.0,39.51249980926514,-0.0032463331164562597,0.023907621792405985
2016-02-25,40.25,40.599998474121094,40.25,40.400001525878906,27.15125274658203,7754000,0.0037198188718111777,39.46749992370606,-0.0011016329378746679,0.022390828940971406
2016-02-26,40.5,41.599998474121094,40.5,41.20000076293945,27.688901901245117,11800000,0.019608452137044822,39.60249996185303,0.003389001678984481,0.01585469630032977
2016-03-01,41.150001525878906,41.400001525878906,40.79999923706055,40.849998474121094,27.45368003845215,4545000,-0.008531490920634018,39.69999980926514,0.002445624705135778,0.015980405735485044
2016-03-02,41.0,41.25,40.400001525878906,40.400001525878906,27.15125274658203,6268000,-0.01107696121641085,39.704999923706055,0.00012391863576231263,0.014223736210206686
2016-03-03,40.54999923706055,40.849998474121094,40.25,40.29999923706055,27.084047317504883,5037000,-0.0024783727152464974,39.694999885559085,-0.0002475262045678314,0.014188014100932183
2016-03-04,40.5,41.650001525878906,40.400001525878906,41.45000076293945,27.856916427612305,11433000,0.028136449966426103,39.757499885559085,0.001531044269199721,0.015416020009281146
2016-03-07,42.0,44.0,42.0,42.70000076293945,28.69699478149414,27871000,0.029711038114450004,39.902499961853025,0.003516602249047708,0.016379890182304523
2016-03-08,42.400001525878906,42.45000076293945,41.29999923706055,41.400001525878906,27.823312759399414,10885000,-0.03091802041376678,40.035000038146975,0.0033075080944445084,0.016807510577413937
2016-03-09,40.900001525878906,41.099998474121094,40.54999923706055,40.849998474121094,27.45368003845215,4652000,-0.013374133735451993,40.09499988555908,0.0014907898694116455,0.01653289255420926
2016-03-10,41.0,41.29999923706055,40.45000076293945,40.54999923706055,27.252058029174805,5287000,-0.007371022206155744,40.14749984741211,0.0013117544919781137,0.01661228898782106
2016-03-11,40.599998474121094,41.0,40.54999923706055,40.95000076293945,27.520885467529297,3222000,0.009816067183439612,40.24749984741211,0.0025036518512829295,0.016306578207839737
2016-03-14,41.20000076293945,42.25,41.150001525878906,42.0,28.22654914855957,12557000,0.025317789353290054,40.44249992370605,0.004872768810001439,0.015988185436332136
2016-03-15,42.400001525878906,42.849998474121094,40.849998474121094,40.849998474121094,27.45368003845215,12654000,-0.02776283433057387,40.58499984741211,0.0036160312113204243,0.01752299456753876
2016-03-16,41.70000076293945,42.150001525878906,41.349998474121094,41.5,27.890522003173828,9441000,0.015786643283858242,40.72249984741211,0.0034281335718648297,0.017362618561417065
2016-03-17,41.75,41.900001525878906,40.54999923706055,40.75,27.386474609375,7128000,-0.0182375875497809,40.804999923706056,0.002066670586029415,0.01796067169014479
2016-03-18,40.900001525878906,40.900001525878906,40.54999923706055,40.54999923706055,27.252058029174805,5582000,-0.004920077940233028,40.877499961853026,0.001820666689017764,0.018024051172885885
2016-03-21,40.29999923706055,40.400001525878906,39.25,40.04999923706055,26.916030883789062,9227000,-0.012407107281944826,40.8875,0.0002503143759516411,0.017815492992828343
2016-03-22,40.29999923706055,40.70000076293945,39.79999923706055,39.849998474121094,26.781620025634766,5353000,-0.0050062875190327915,40.85499992370605,-0.0008089803583416145,0.017444485494148395
2016-03-23,39.900001525878906,40.099998474121094,39.75,39.900001525878906,26.815223693847656,3665000,0.0012539951927350093,40.8375,-0.00043668208630880876,0.01740296190286883
2016-03-24,39.79999923706055,40.400001525878906,39.54999923706055,39.95000076293945,26.84882354736328,4891000,0.0012523291712454208,40.82250003814697,-0.00037406562774653767,0.017406868318096316
2016-03-25,40.0,40.400001525878906,39.900001525878906,40.04999923706055,26.916030883789062,2819000,0.0024999631550523733,40.804999923706056,-0.0004350584135844779,0.017393900892611017
2016-03-28,40.099998474121094,40.099998474121094,39.75,39.79999923706055,26.748018264770508,2737000,-0.006261761343634925,40.73499984741211,-0.0017285690876184651,0.01677584844750989
2016-03-29,40.0,40.599998474121094,39.849998474121094,39.900001525878906,26.815223693847656,5579000,0.0025094690173373,40.6875,-0.0011765210907198995,0.01672177718652178
2016-03-30,40.099998474121094,40.400001525878906,40.0,40.0,26.88242530822754,5118000,0.0025030919755402556,40.66749992370605,-0.000497518431122344,0.016573661347289492
2016-03-31,40.150001525878906,40.29999923706055,39.95000076293945,39.95000076293945,26.84882354736328,2930000,-0.0012507628042947414,40.65,-0.0004361379355747562,0.01656821147912666
2016-04-01,39.900001525878906,40.150001525878906,39.75,39.900001525878906,26.815223693847656,3383000,-0.0012523291712454117,40.57250003814697,-0.0019055768924583316,0.015142646943196557
2016-04-06,39.849998474121094,39.900001525878906,39.25,39.25,26.378381729125977,4536000,-0.016424917909978652,40.4,-0.004212374693679765,0.01349750458350549
2016-04-07,39.29999923706055,39.349998474121094,38.349998474121094,38.849998474121094,26.109560012817383,4962000,-0.010243406690924108,40.27249984741211,-0.0031786440075376315,0.012059675784785798
2016-04-08,38.5,38.900001525878906,38.45000076293945,38.599998474121094,25.94154167175293,3363000,-0.006455800597250535,40.15999984741211,-0.0028327273506275584,0.01184922471036944
2016-04-11,38.599998474121094,38.75,38.25,38.599998474121094,25.94154167175293,3390000,0.0,40.062499809265134,-0.0024641762403197712,0.011815222171171846
2016-04-12,38.45000076293945,38.5,37.900001525878906,37.900001525878906,25.47110366821289,3976000,-0.018301084591205823,39.90999984741211,-0.003870033829052043,0.011949156765009157
2016-04-13,38.099998474121094,38.20000076293945,37.29999923706055,37.650001525878906,25.303089141845703,6496000,-0.006618157575143018,39.69249992370605,-0.0054668311754736965,0.009780465297267149
2016-04-14,38.599998474121094,39.650001525878906,38.599998474121094,38.599998474121094,25.94154167175293,13144000,0.024919242166348835,39.579999923706055,-0.002832727350627561,0.010525468271695482
2016-04-15,38.5,38.900001525878906,38.0,38.900001525878906,26.14316177368164,4939000,0.007742052909835939,39.45,-0.0032349568693286765,0.009912335237760821
2016-04-18,38.849998474121094,39.400001525878906,38.70000076293945,39.099998474121094,26.27757453918457,3257000,0.005128138116204772,39.367499923706056,-0.0020666705860293926,0.009415547000510009
2016-04-19,39.20000076293945,39.599998474121094,38.75,39.5,26.54640007019043,5725000,0.010178243940792905,39.314999961853026,-0.001311754491978096,0.009773207233948752
2016-04-20,39.599998474121094,39.650001525878906,38.45000076293945,38.45000076293945,25.840736389160156,5954000,-0.026941956113044917,39.23500003814697,-0.0020384969335331005,0.011092988072585647
2016-04-21,38.79999923706055,38.79999923706055,37.900001525878906,37.900001525878906,25.47110366821289,4041000,-0.01440756344499425,39.13750019073486,-0.0025085607298311733,0.011419743128150308
2016-04-22,37.900001525878906,38.0,36.900001525878906,37.20000076293945,25.000661849975586,4943000,-0.018642370560811257,39.00250015258789,-0.0035033790175084865,0.011929948720998966
2016-04-25,37.150001525878906,38.20000076293945,36.95000076293945,38.099998474121094,25.60550880432129,6230000,0.02390546029511357,38.910000038146975,-0.002370722461315079,0.01339111910702178
2016-04-26,38.04999923706055,38.150001525878906,37.54999923706055,37.650001525878906,25.303089141845703,4988000,-0.01188124730944541,38.79000015258789,-0.0030897829845399688,0.013501471443440287
2016-04-27,38.099998474121094,38.400001525878906,37.599998474121094,37.599998474121094,25.269479751586914,8334000,-0.0013289849599317698,38.680000114440915,-0.002843144165354811,0.013485522920706204
2016-04-28,38.0,38.75,37.75,38.5,25.874338150024414,12504000,0.023654231479776407,38.61000003814697,-0.0017859060422328553,0.014701293605216787
2016-04-29,38.099998474121094,38.150001525878906,37.70000076293945,37.70000076293945,25.33669090270996,5680000,-0.02099812660265294,38.49500007629395,-0.002960966971142515,0.015268700683702997
2016-05-03,37.70000076293945,37.79999923706055,37.349998474121094,37.400001525878906,25.135068893432617,4907000,-0.007989369471698987,38.367500114440915,-0.0032978973045127273,0.015303286167951562
2016-05-04,37.400001525878906,37.650001525878906,37.04999923706055,37.25,25.034263610839844,4226000,-0.004018800393818121,38.23500003814697,-0.0034362208656413622,0.01529632475182261
2016-05-05,37.29999923706055,37.599998474121094,37.25,37.5,25.20227813720703,3155000,0.00668898815079671,38.14750003814697,-0.002280525562602595,0.01513565751775182
2016-05-06,37.599998474121094,38.25,37.349998474121094,37.900001525878906,25.47110366821289,4617000,0.010610219372671823,38.10000019073486,-0.001237844259422798,0.015275874657568933
2016-05-09,37.900001525878906,38.150001525878906,37.5,38.099998474121094,25.60550880432129,3937000,0.005263089734302438,38.07500019073486,-0.0006518997428451495,0.015289940000981255
2016-05-10,38.099998474121094,38.29999923706055,37.650001525878906,38.0,25.538305282592773,3495000,-0.0026280823569535625,38.04500026702881,-0.0007833038606928277,0.015295334725685344
2016-05-11,38.0,38.20000076293945,37.54999923706055,37.54999923706055,25.23587989807129,3572000,-0.011912801834203646,38.02750015258789,-0.00046388972284271883,0.014973574264148162
2016-05-12,37.54999923706055,38.099998474121094,37.5,38.0,25.538305282592773,3587000,0.01191280183420363,38.045000076293945,0.0004626582476246136,0.015145067386870478
2016-05-13,40.099998474121094,40.599998474121094,39.650001525878906,39.900001525878906,26.815223693847656,23821000,0.04879020241201036,38.11000022888184,0.00165620625990769,0.017869444882460627
2016-05-16,39.900001525878906,40.849998474121094,39.70000076293945,40.0,26.88242530822754,15649000,0.0025030919755402556,38.16500015258789,0.0013942582131929058,0.01781384957675822
2016-05-17,40.0,40.349998474121094,39.20000076293945,39.400001525878906,26.47919273376465,7583000,-0.015113599082157876,38.18000030517578,0.0003821713532747734,0.018162153528751952
2016-05-18,39.400001525878906,39.75,38.54999923706055,38.70000076293945,26.00874900817871,7689000,-0.017926235281844748,38.140000343322754,-0.0010230526078571093,0.01844929641076828
2016-05-19,38.70000076293945,39.04999923706055,38.04999923706055,38.29999923706055,25.739927291870117,6328000,-0.01038974348342373,38.13250026702881,-0.00019544197637604992,0.01757600154351582
2016-05-20,38.29999923706055,39.099998474121094,38.20000076293945,39.099998474121094,26.27757453918457,6213000,0.020672551699773334,38.19250011444092,0.0015585637808623292,0.017831608267043057
2016-05-23,39.29999923706055,39.70000076293945,39.0,39.70000076293945,26.68081283569336,6768000,0.015228778944479554,38.31750011444092,0.00325212125612687,0.01741565102263023
2016-05-24,39.70000076293945,39.849998474121094,39.099998474121094,39.45000076293945,26.51279640197754,6099000,-0.006317140279476797,38.385000228881836,0.0017409912273973513,0.016830631823368136
2016-05-25,39.70000076293945,39.75,38.75,38.79999923706055,26.075952529907227,10326000,-0.01661383966544656,38.44250011444092,0.0015043616095972942,0.01706388575900565
2016-05-26,38.900001525878906,39.599998474121094,38.900001525878906,38.900001525878906,26.14316177368164,6163000,0.0025740628842391517,38.50750026702881,0.00169951400180584,0.01705209119085234
2016-05-27,39.20000076293945,39.849998474121094,39.04999923706055,39.79999923706055,26.748018264770508,8398000,0.02287260327098018,38.572500228881836,0.001660432591366029,0.01699994118901873
2016-05-30,40.0,40.95000076293945,39.95000076293945,40.650001525878906,27.31926918029785,20165000,0.02113198040975651,38.72000026702881,0.0037669379419865015,0.01665113490998985
2016-05-31,40.79999923706055,40.79999923706055,39.70000076293945,39.70000076293945,26.68081283569336,62887000,-0.02364766662005233,38.83500022888184,0.0029840230845688343,0.017575455744381508
2016-06-01,40.099998474121094,40.150001525878906,39.54999923706055,39.54999923706055,26.58000373840332,9032000,-0.0037855319876048017,38.95000019073486,0.0029956865048794998,0.017570640683178266
2016-06-02,39.849998474121094,40.20000076293945,39.79999923706055,39.900001525878906,26.815223693847656,13047000,0.008810687215237933,39.07000026702881,0.003101771458101561,0.017600492729642175
2016-06-03,39.849998474121094,39.900001525878906,38.95000076293945,39.04999923706055,26.24397087097168,10602000,-0.02153350539020339,39.12750015258789,0.0014945852199578006,0.018331205297356507
2016-06-06,39.349998474121094,39.45000076293945,38.650001525878906,38.79999923706055,26.075952529907227,3812000,-0.0064226297823532326,39.16250019073486,0.0009102992441250172,0.018390903830726925
2016-06-07,38.95000076293945,39.54999923706055,38.5,39.54999923706055,26.58000373840332,7949000,0.019145447957318547,39.24000015258789,0.0019989757598386226,0.01881010045529849
2016-06-08,39.79999923706055,39.849998474121094,39.150001525878906,39.45000076293945,26.51279640197754,5173000,-0.0025316082918720303,39.33500022888184,0.0024680354369552037,0.01856023763465097
2016-06-13,36.54999923706055,36.70000076293945,35.54999923706055,35.900001525878906,24.12697982788086,20888000,-0.09429672863346315,39.23000030517578,-0.0028424410864281357,0.028335730406044427
2016-06-14,35.400001525878906,36.599998474121094,35.150001525878906,35.900001525878906,24.12697982788086,20235000,0.0,39.03000030517578,-0.005281951207028654,0.02562737448753137
2016-06-15,36.29999923706055,36.75,36.0,36.25,24.36220359802246,10150000,0.009702043302860758,38.84250030517578,-0.004922003640662629,0.02579249797953965
2016-06-16,36.29999923706055,36.5,35.95000076293945,36.0,24.194183349609375,5647000,-0.006920442844573795,38.67250022888184,-0.004512345828783425,0.025686956386480966
2016-06-17,36.54999923706055,38.900001525878906,36.29999923706055,37.0,24.866247177124023,16176000,0.027398974188114347,38.587500190734865,-0.0022460853552854704,0.026429903343218587
2016-06-20,37.75,37.79999923706055,37.29999923706055,37.75,25.370290756225586,6938000,0.020067563050809173,38.56000022888183,-0.0007232200285738251,0.026810694434676693
2016-06-21,37.849998474121094,38.54999923706055,37.70000076293945,38.54999923706055,25.90793800354004,8516000,0.020970604523397933,38.53250026702881,-0.0007083173873925951,0.026823293019106773
2016-06-22,39.0,39.29999923706055,38.20000076293945,38.20000076293945,25.67271614074707,8728000,-0.009120544633665361,38.457500267028806,-0.0019257835662998407,0.026613631221616963
2016-06-23,38.29999923706055,38.54999923706055,38.0,38.04999923706055,25.571910858154297,2919000,-0.0039344713280427945,38.38750019073486,-0.0018066501187281405,0.026598267579496584
2016-06-24,38.79999923706055,39.20000076293945,37.29999923706055,38.25,25.706323623657227,11481000,0.005242496015821444,38.36000022888184,-0.0007138333346647405,0.026406181049601823
2016-06-27,38.20000076293945,38.599998474121094,37.95000076293945,38.400001525878906,25.807130813598633,4159000,0.00391393905756544,38.33500022888184,-0.000646839525998426,0.026416659224638286
2016-06-28,38.400001525878906,38.75,38.25,38.5,25.874338150024414,81687000,0.0026007419636282277,38.270000267028806,-0.0016604325913660237,0.02584955765195266
2016-06-29,39.0,39.599998474121094,39.0,39.099998474121094,26.27757453918457,8360000,0.015464186672544905,38.19250011444092,-0.001943822278226604,0.025616550247898072
2016-06-30,39.54999923706055,39.54999923706055,39.20000076293945,39.400001525878906,26.47919273376465,5051000,0.007643427065495025,38.17750015258789,-0.00037926759394923623,0.025172925251904295
2016-07-01,39.599998474121094,39.75,38.599998474121094,38.75,26.0423526763916,7659000,-0.016635099232422366,38.13750019073486,-0.0010217459561901146,0.02542713118454091
2016-07-04,38.75,39.0,38.650001525878906,38.95000076293945,26.17676544189453,2701000,0.0051480361050636105,38.09000015258789,-0.0012048785116988308,0.025365703869591347
2016-07-05,39.0,39.04999923706055,38.79999923706055,38.95000076293945,26.17676544189453,1654000,0.0,38.08500022888184,-0.00012820324218866123,0.024910337942666578
2016-07-06,38.900001525878906,38.900001525878906,38.29999923706055,38.29999923706055,25.739927291870117,2703000,-0.016828915637909562,38.06000022888183,-0.0006485175349664777,0.025156199656220467
2016-07-07,38.5,38.70000076293945,38.29999923706055,38.29999923706055,25.739927291870117,2431000,0.0,37.99750022888183,-0.001605789932832405,0.02472389142630855
2016-07-08,38.29999923706055,38.29999923706055,38.29999923706055,38.29999923706055,25.739927291870117,0,0.0,37.94000015258789,-0.0014792095182388034,0.024725382555270747
2016-07-11,38.79999923706055,38.900001525878906,38.54999923706055,38.900001525878906,26.14316177368164,3122000,0.015544413583568813,38.09000015258789,0.004012847592612795,0.011892068055763956
2016-07-12,39.349998474121094,39.349998474121094,39.0,39.04999923706055,26.24397087097168,2620000,0.003848566898114008,38.247500038146974,0.004205275937518496,0.0118547965846432
2016-07-13,39.29999923706055,40.150001525878906,39.25,39.79999923706055,26.748018264770508,10271000,0.019024036372866097,38.425,0.004671375591018762,0.012258668406336553
2016-07-14,40.599998474121094,40.849998474121094,40.0,40.0,26.88242530822754,9085000,0.005012560992877433,38.625,0.005268025782891324,0.01195132759557706
2016-07-15,40.400001525878906,40.45000076293945,40.04999923706055,40.25,27.050445556640625,5854000,0.006230549750636163,38.7875,0.004209604561017414,0.010766890916271267
2016-07-18,40.349998474121094,40.349998474121094,39.849998474121094,39.900001525878906,26.815223693847656,4678000,-0.00873364172617623,38.89500007629395,0.0027695443221681442,0.010455847437807753
2016-07-19,40.150001525878906,40.20000076293945,39.95000076293945,40.150001525878906,26.983234405517578,6096000,0.006246116258829773,38.97500019073486,0.002033319908939736,0.00958929666336058
2016-07-20,40.099998474121094,40.099998474121094,39.849998474121094,39.900001525878906,26.815223693847656,11373000,-0.0062461162588297375,39.06000022888183,0.0021770413276815176,0.009433604132255665
2016-07-21,38.0,39.29999923706055,37.849998474121094,38.79999923706055,28.043947219848633,18054000,-0.027956135172556587,39.097500228881835,0.0009759581354558276,0.011545494846860106
2016-07-22,38.849998474121094,38.900001525878906,38.349998474121094,38.54999923706055,27.863252639770508,3633000,-0.006464146747407976,39.11250019073486,0.0003906259972943567,0.011614351636666723
2016-07-25,38.900001525878906,38.95000076293945,38.099998474121094,38.599998474121094,27.89939308166504,4258000,0.0012961567218112305,39.122500038146974,0.0002597368805066462,0.011587274613982936
2016-07-26,39.0,39.900001525878906,38.70000076293945,39.599998474121094,28.622175216674805,9292000,0.025576842787895723,39.17749996185303,0.0014085419217200212,0.012896580968551367
2016-07-27,40.5,40.5,39.0,39.0,28.188508987426758,11492000,-0.015267433598492117,39.17250003814697,-0.00012803909183183,0.012964363298257234
2016-07-28,38.20000076293945,38.5,37.5,37.599998474121094,27.17660903930664,9631000,-0.036557636315684205,39.08249988555908,-0.0023380922608907916,0.015152649180069689
2016-07-29,37.5,37.849998474121094,37.5,37.70000076293945,27.24889373779297,4698000,0.002656104877123451,39.02999992370606,-0.0013735320554135008,0.014804662912710247
2016-08-01,37.75,37.900001525878906,37.45000076293945,37.900001525878906,27.393449783325195,4382000,0.00529103765795146,38.97749996185303,-0.0013663819777691081,0.014808012502022313
2016-08-02,37.75,37.75,37.20000076293945,37.400001525878906,27.032054901123047,5025000,-0.013280407129650404,38.9,-0.0020304023342516283,0.015039467351071483
2016-08-03,37.29999923706055,37.29999923706055,36.900001525878906,36.900001525878906,26.670665740966797,3481000,-0.013459152821174101,38.83000011444092,-0.0018619141934148552,0.014883014979104438
2016-08-04,37.0,37.099998474121094,36.849998474121094,37.0,26.742944717407227,2100000,0.002706320246011902,38.76500015258789,-0.00172659818111426,0.014913106908218128
2016-08-05,37.20000076293945,37.599998474121094,36.95000076293945,37.599998474121094,27.17660903930664,3346000,0.016086097169737707,38.73000011444092,-0.0009222933226273749,0.015435753512950052
2016-08-08,37.70000076293945,37.70000076293945,36.75,36.849998474121094,26.6345272064209,4323000,-0.02014843258645746,38.627499961853026,-0.0027069356311286885,0.015494957201772056
2016-08-09,37.04999923706055,37.25,36.349998474121094,36.400001525878906,26.309276580810547,4622000,-0.012286760665060379,38.49500007629395,-0.003513702009287408,0.015555606993014812
2016-08-10,36.599998474121094,37.400001525878906,36.349998474121094,37.150001525878906,26.851362228393555,5148000,0.02039499567477941,38.36250019073486,-0.003445154044191742,0.01566280116541104
2016-08-11,37.0,37.0,36.400001525878906,36.599998474121094,26.453832626342773,3878000,-0.014915613520584604,38.19250011444092,-0.004441562769864844,0.015730167725167592
2016-08-12,36.79999923706055,36.900001525878906,36.54999923706055,36.599998474121094,26.453832626342773,1969000,0.0,38.01000003814697,-0.004753090257396652,0.015568554446053375
2016-08-15,36.849998474121094,37.29999923706055,36.70000076293945,37.150001525878906,26.851362228393555,2760000,0.014915613520584499,37.872500038146974,-0.0035706274950586163,0.016138001274988184
2016-08-16,37.20000076293945,37.599998474121094,37.150001525878906,37.29999923706055,26.959781646728516,3927000,0.00402949395840517,37.72999992370605,-0.0036814586100798463,0.016074521086973638
2016-08-17,37.20000076293945,37.29999923706055,36.650001525878906,36.75,26.5622501373291,3366000,-0.014855080536783137,37.57249984741211,-0.004111906823977515,0.016260997865645947
2016-08-18,36.79999923706055,36.849998474121094,36.54999923706055,36.70000076293945,26.526103973388672,1657000,-0.0013614498097803815,37.46749992370606,-0.002782172555838705,0.015265432060558144
2016-08-19,36.900001525878906,37.20000076293945,36.70000076293945,36.70000076293945,26.526103973388672,2764000,0.0,37.375,-0.002458965218468307,0.015251797468597617
2016-08-22,36.900001525878906,37.0,36.54999923706055,36.75,26.5622501373291,3117000,0.0013614498097803168,37.28250007629394,-0.0024557005640698524,0.01525265052286707
2016-08-23,36.75,37.099998474121094,36.70000076293945,36.849998474121094,26.6345272064209,3362000,0.002717351568659063,37.14500007629395,-0.0035986751250316855,0.013831757463646375
2016-08-24,36.849998474121094,37.0,36.54999923706055,36.650001525878906,26.48996925354004,1939000,-0.005442107261041295,37.02750015258789,-0.003107408808159144,0.013567461543544958
2016-08-25,36.5,36.79999923706055,36.5,36.650001525878906,26.48996925354004,2585000,0.0,36.98000030517578,-0.001279526992374934,0.011053362128478105
2016-08-26,36.79999923706055,38.04999923706055,36.79999923706055,37.650001525878906,27.21275520324707,11128000,0.02691952480743061,36.97750034332275,-6.635599585957612e-05,0.012714726479212147
2016-08-29,37.650001525878906,38.0,37.400001525878906,37.599998474121094,27.17660903930664,4735000,-0.0013289849599317698,36.962500190734865,-0.00039735712675373764,0.012653941448685271
2016-08-30,37.75,38.04999923706055,37.599998474121094,38.0,27.465723037719727,5392000,0.010582149912423598,36.992500114440915,0.0007957707253499625,0.012499322014382358
2016-08-31,37.849998474121094,37.849998474121094,37.150001525878906,37.54999923706055,27.140474319458008,4312000,-0.011912801834203646,37.025,0.0008730882746984853,0.01241097429629094
2016-09-01,37.29999923706055,37.349998474121094,36.900001525878906,37.04999923706055,26.77907943725586,2403000,-0.01340502674224434,37.027499961853025,6.752092528567316e-05,0.012802422530970034
2016-09-02,37.099998474121094,37.349998474121094,36.79999923706055,37.29999923706055,26.959781646728516,4395000,0.006724975045691035,37.0125,-0.00040053518091666044,0.01234905453585992
2016-09-05,37.5,38.0,37.5,37.849998474121094,27.357309341430664,5881000,0.014637633373986518,37.0625,0.0013387681171055383,0.0118613644217352
2016-09-06,37.75,38.0,37.70000076293945,37.900001525878906,27.393449783325195,4891000,0.0013202127794215948,37.1375,0.002019116789329637,0.01142074561200821
2016-09-07,37.95000076293945,38.45000076293945,37.79999923706055,38.25,27.64642333984375,10128000,0.009192407923507739,37.19249992370605,0.0014589874017660535,0.01072562955732081
2016-09-08,38.29999923706055,39.349998474121094,38.29999923706055,38.849998474121094,28.08009147644043,12652000,0.015564477264948608,37.304999923706056,0.002982991941042714,0.010438110715359583
2016-09-09,38.900001525878906,39.0,38.400001525878906,38.79999923706055,28.043947219848633,5518000,-0.0012878105716537663,37.41499996185303,0.002918601412460026,0.01046142674478786
2016-09-12,38.400001525878906,39.20000076293945,38.349998474121094,38.95000076293945,28.15237045288086,9855000,0.0038585649385800016,37.50499992370605,0.002365748983359801,0.010079238319529069
2016-09-13,39.099998474121094,39.099998474121094,38.29999923706055,38.599998474121094,27.89939308166504,10044000,-0.009026554964176802,37.569999885559085,0.0017129465372307025,0.010384004344114092
2016-09-14,38.54999923706055,38.849998474121094,38.349998474121094,38.70000076293945,27.97167205810547,9253000,0.0025873828096908617,37.66749992370605,0.0025850697045544024,0.00962391899450397
2016-09-19,39.20000076293945,39.70000076293945,39.099998474121094,39.650001525878906,28.6583194732666,9306000,0.024251366814627657,37.814999961853026,0.0038657105357748044,0.010713565220282967
2016-09-20,39.099998474121094,39.54999923706055,39.099998474121094,39.349998474121094,28.441478729248047,3704000,-0.007595050478250336,37.94749984741211,0.0034859580118622876,0.010988870447056681
2016-09-21,39.5,39.75,39.04999923706055,39.29999923706055,28.405344009399414,4914000,-0.0012714366243131606,38.07499980926514,0.003354313690157614,0.011031349739472344
2016-09-22,39.70000076293945,39.900001525878906,39.400001525878906,39.45000076293945,28.513761520385742,5035000,0.0038095671692884793,38.204999923706055,0.003408924470189084,0.011030733984875592
2016-09-23,40.0,40.70000076293945,39.70000076293945,39.95000076293945,28.87514877319336,13229000,0.012594624678355384,38.36999988555908,0.004310761067158919,0.011006301767411242
2016-09-26,39.79999923706055,40.900001525878906,39.54999923706055,40.650001525878906,29.381099700927734,13227000,0.017370182221173803,38.569999885559085,0.005179270178217609,0.011328851271935454
2016-09-27,40.650001525878906,40.650001525878906,40.650001525878906,40.650001525878906,29.381099700927734,0,0.0,38.71999988555908,0.0038332939378460788,0.010147511178230895
2016-09-28,40.650001525878906,40.650001525878906,40.650001525878906,40.650001525878906,29.381099700927734,0,0.0,38.872500038146974,0.003899743185842666,0.010116230804422005
2016-09-29,40.849998474121094,41.29999923706055,40.45000076293945,40.70000076293945,29.4172420501709,17341000,0.0012292376631748666,39.007500076293944,0.00343209757338023,0.010006649315089478
2016-09-30,40.349998474121094,40.349998474121094,39.25,39.400001525878906,28.47762107849121,9378000,-0.03246225616221183,39.10000019073486,0.002404624856979821,0.012427372734150061
2016-10-03,39.54999923706055,39.849998474121094,39.349998474121094,39.45000076293945,28.513761520385742,5455000,0.0012682115995078388,39.22000026702881,0.0031382867740674296,0.011865326361487617
2016-10-04,39.75,40.599998474121094,39.599998474121094,40.0,28.911287307739258,12495000,0.01384538748265022,39.35500030517578,0.0034943073959153893,0.012083429460019245
2016-10-05,40.79999923706055,41.099998474121094,40.29999923706055,40.29999923706055,29.12812614440918,18306000,0.007471995907200783,39.47750034332275,0.0031360255225761024,0.011839401338025466
2016-10-06,40.75,40.75,40.0,40.0,28.911287307739258,6712000,-0.007471995907200751,39.582500267028806,0.002696415088244985,0.01207133370922702
2016-10-07,40.150001525878906,40.849998474121094,39.95000076293945,39.95000076293945,28.87514877319336,16017000,-0.0012507628042947414,39.66750030517578,0.002174256551854861,0.012001215185243705
2016-10-11,40.400001525878906,40.849998474121094,39.79999923706055,40.150001525878906,29.019704818725586,16054000,0.004993787087584496,39.73250045776367,0.0016457220429866553,0.011606756017358376
2016-10-12,40.20000076293945,40.400001525878906,39.95000076293945,40.25,29.09198760986328,10580000,0.002487525467346406,39.80500049591065,0.0018344888449366638,0.011587219095503799
2016-10-13,40.400001525878906,40.5,39.95000076293945,40.150001525878906,29.019704818725586,8244000,-0.00248752546734646,39.865000534057614,0.0015171843246403408,0.01161573017277515
2016-10-14,39.900001525878906,40.04999923706055,39.0,39.29999923706055,28.405344009399414,8863000,-0.021397978935228195,39.90000057220459,0.0008986131260877711,0.012502337095140436
2016-10-17,39.54999923706055,39.650001525878906,39.29999923706055,39.400001525878906,28.47762107849121,5543000,0.002541355569780688,39.935000610351565,0.0008963117640922626,0.0125020141066543
2016-10-18,39.5,39.599998474121094,39.29999923706055,39.45000076293945,28.513761520385742,3427000,0.0012682115995078388,39.92500057220459,-0.0002528459966637284,0.011234287787203786
2016-10-19,39.599998474121094,40.29999923706055,39.599998474121094,40.0,28.911287307739258,10831000,0.01384538748265022,39.95750064849854,0.0008191759013812994,0.011516219274567923
2016-10-20,40.099998474121094,40.70000076293945,40.099998474121094,40.45000076293945,29.236539840698242,10356000,0.011187208251860955,40.01500072479248,0.0014421081451900053,0.011732113740766001
2016-10-21,40.45000076293945,40.54999923706055,40.04999923706055,40.349998474121094,29.164264678955078,7980000,-0.0024753054659221495,40.060000610351565,0.001127864513429474,0.011749521042123685
2016-10-24,40.5,41.5,40.5,40.95000076293945,29.597932815551758,10943000,0.014760472030203265,40.11000061035156,0.0012361568810218678,0.01187013169783662
2016-10-25,41.0,41.04999923706055,40.45000076293945,40.54999923706055,29.30881690979004,7831000,-0.009816067183439666,40.105000495910645,-0.0001231555892088056,0.011475352945416335
2016-10-26,40.79999923706055,41.70000076293945,40.75,41.25,29.814767837524414,18925000,0.017115351034051342,40.1350004196167,0.0007326119624937615,0.012105881477211861
2016-10-27,41.599998474121094,41.95000076293945,40.900001525878906,40.900001525878906,29.56179428100586,25668000,-0.008521012424381932,40.1475004196167,0.00030656134127466495,0.012281688170080244
2016-10-28,41.0,41.25,40.5,40.599998474121094,29.344959259033203,8175000,-0.007362071331846073,40.14250030517578,-0.00012300410847638203,0.012397417999012523
2016-10-31,40.75,41.20000076293945,40.5,40.95000076293945,29.597932815551758,8359000,0.008583799905616306,40.22000026702881,0.0019292986949150247,0.009910031506166874
2016-11-01,40.900001525878906,40.95000076293945,40.650001525878906,40.70000076293945,29.4172420501709,4544000,-0.006123717736088092,40.28250026702881,0.0015597022281352282,0.010072494519694792
2016-11-02,40.400001525878906,40.5,39.75,39.79999923706055,28.766735076904297,7589000,-0.022361218072931444,40.27250022888184,-0.00025062804964385513,0.010962554021280687
2016-11-03,40.04999923706055,40.29999923706055,39.95000076293945,40.0,28.911287307739258,8165000,0.005012560992877433,40.25750026702881,-0.0003735997953600226,0.010884885754384488
2016-11-04,40.0,40.20000076293945,39.849998474121094,39.95000076293945,28.87514877319336,4774000,-0.0012507628042947414,40.255000305175784,-6.253814021472215e-05,0.010759527039966557
2016-11-07,40.150001525878906,40.25,39.95000076293945,40.0,28.911287307739258,3328000,0.0012507628042948257,40.25750026702881,6.25381402147562e-05,0.01075952703996656
2016-11-08,40.29999923706055,40.5,40.099998474121094,40.150001525878906,29.019704818725586,6583000,0.003743024283289557,40.25750026702881,9.280770596475917e-18,0.010732958492518705
2016-11-09,40.29999923706055,40.400001525878906,38.400001525878906,38.400001525878906,27.754838943481445,11342000,-0.04456497906711563,40.16500034332275,-0.0023526252267230927,0.014614132001870716
2016-11-10,40.0,40.400001525878906,39.349998474121094,40.20000076293945,29.05584716796875,11939000,0.04580951527345842,40.16750030517578,6.222681031715117e-05,0.018152609789840856
2016-11-11,39.599998474121094,39.75,39.25,39.25,28.36920166015625,6476000,-0.023915570375151084,40.16500034332275,-6.365276167899312e-05,0.018317240965758673
2016-11-14,39.400001525878906,39.79999923706055,39.04999923706055,39.20000076293945,28.33306312561035,5014000,-0.0012746779692596657,40.15500030517578,-0.00025445443863101084,0.018308550523850806
2016-11-15,39.20000076293945,39.25,38.70000076293945,38.75,28.0078125,4607000,-0.011546010459801779,40.12000026702881,-0.0008951655415964918,0.018475913102668544
2016-11-16,39.150001525878906,39.400001525878906,38.849998474121094,38.900001525878906,28.116230010986328,4420000,0.003863534050722666,40.06500034332275,-0.0013942582131928694,0.018189365578795455
2016-11-17,39.29999923706055,39.29999923706055,38.900001525878906,39.0,28.188508987426758,2974000,0.0025673562795676913,39.99250030517578,-0.0018252508118075327,0.017976436889496662
2016-11-18,40.099998474121094,40.25,39.849998474121094,39.849998474121094,28.802873611450195,9011000,0.021560720816014654,39.96750030517578,-0.0006234494977106923,0.01871881680858194
2016-11-21,40.0,40.25,39.849998474121094,40.099998474121094,28.983564376831055,6694000,0.0062539293150185755,39.92500019073486,-0.0010487766334699269,0.0184455146250279
2016-11-22,40.25,41.29999923706055,40.20000076293945,40.45000076293945,29.236539840698242,17018000,0.008690366105117473,39.92000026702881,-0.00012345496904206995,0.0184467431156232
2016-11-23,40.70000076293945,41.70000076293945,40.70000076293945,41.54999923706055,30.031604766845703,23184000,0.02683084057369938,39.93500022888183,0.000362319507940332,0.01904289117097929
2016-11-24,41.75,45.45000076293945,41.75,45.0,32.52519989013672,49036000,0.07976498683082305,40.14000015258789,0.004776619470700581,0.025880445257079953
2016-11-25,45.0,45.150001525878906,43.0,43.349998474121094,31.332611083984375,29363000,-0.037355821742821566,40.27750015258789,0.003276931950151806,0.027442729861155542
2016-11-28,43.900001525878906,46.400001525878906,43.900001525878906,44.5,32.16381072998047,34102000,0.026182521144696245,40.45500011444092,0.004156868012105803,0.027900181514033916
2016-11-29,44.29999923706055,44.75,44.0,44.5,32.16381072998047,9151000,0.0,40.64500007629395,0.004463053898910207,0.027814892408472666
2016-11-30,44.599998474121094,45.25,44.349998474121094,44.5,32.16381072998047,11427000,0.0,40.88000011444092,0.00558111480255678,0.027120658889879974
2016-12-01,44.79999923706055,45.849998474121094,44.79999923706055,45.25,32.70589828491211,15327000,0.016713480973740532,41.14250011444092,0.006166160801599934,0.027233718825748054
2016-12-02,44.5,44.79999923706055,44.099998474121094,44.75,32.34450149536133,11773000,-0.011111225425070722,41.382500076293944,0.005673137670561136,0.02746334328500759
2016-12-05,45.0,45.150001525878906,44.29999923706055,44.599998474121094,32.236083984375,7667000,-0.0033576199073781596,41.6125,0.005442718534977487,0.02752167049208785
2016-12-06,45.599998474121094,46.29999923706055,44.29999923706055,44.29999923706055,32.01925277709961,24661000,-0.006749164984505974,41.819999885559085,0.00491810907158771,0.02765544901884807
2016-12-07,45.20000076293945,45.400001525878906,44.29999923706055,44.29999923706055,32.01925277709961,12214000,0.0,42.114999771118164,0.007146358024943492,0.025139571726644244
2016-12-08,45.29999923706055,45.400001525878906,44.20000076293945,44.29999923706055,32.01925277709961,20320000,0.0,42.31999969482422,0.004855882261270571,0.02346247663319425
2016-12-09,44.95000076293945,45.45000076293945,44.54999923706055,45.29999923706055,32.742034912109375,24558000,0.022322355818077372,42.62249965667725,0.007167778570931993,0.0227453318591435
2016-12-12,46.0,47.79999923706055,45.70000076293945,47.0,33.970767974853516,33395000,0.03684058606300099,43.01249961853027,0.009073541772545027,0.02358212310280899
2016-12-13,46.75,46.900001525878906,46.349998474121094,46.79999923706055,33.826210021972656,14293000,-0.004264415088582781,43.4149995803833,0.009437621541105976,0.023301567767555938
2016-12-14,47.150001525878906,47.79999923706055,47.04999923706055,47.400001525878906,34.259883880615234,16245000,0.01273907427109244,43.8399995803833,0.009881398552124464,0.02327432346934883
2016-12-15,47.5,47.70000076293945,46.95000076293945,47.5,34.33216094970703,12240000,0.00210745014802714,44.264999580383304,0.009858403245547437,0.02328215604266391
2016-12-16,47.900001525878906,49.20000076293945,47.599998474121094,48.5,35.054935455322266,21839000,0.020834086902842053,44.697499656677245,0.009822071549888806,0.023263492978085044
2016-12-19,48.70000076293945,48.70000076293945,47.650001525878906,47.70000076293945,34.476715087890625,10924000,-0.01663238405460433,45.07749977111816,0.008677755881407661,0.023999484008297513
2016-12-20,48.099998474121094,48.20000076293945,46.95000076293945,47.70000076293945,34.476715087890625,13498000,0.0,45.43999977111817,0.008243237576151788,0.024077786864543788
2016-12-21,48.25,48.29999923706055,47.45000076293945,47.45000076293945,34.296016693115234,8019000,-0.005254872754088195,45.73499984741211,0.006638951909762408,0.023841893616179048
2016-12-22,48.70000076293945,48.95000076293945,48.099998474121094,48.45000076293945,35.018802642822266,25282000,0.02085581294897447,45.90749988555908,0.00369349321566998,0.016985240572888066
2016-12-23,49.70000076293945,50.599998474121094,49.54999923706055,49.54999923706055,35.81385803222656,35746000,0.02244989129491202,46.21749992370606,0.00668377886755666,0.014453900573177561
2016-12-26,49.900001525878906,49.900001525878906,48.400001525878906,48.75,35.235633850097656,14146000,-0.016277047934775295,46.429999923706056,0.004560800413583083,0.014557051936473228
2016-12-27,48.349998474121094,48.599998474121094,47.900001525878906,48.0,34.693546295166016,8990000,-0.015504186535965199,46.60499992370605,0.003785591086784823,0.015210853589336347
2016-12-28,48.20000076293945,48.79999923706055,47.849998474121094,48.79999923706055,35.27177429199219,7776000,0.016529286317205256,46.819999885559085,0.004612055402645086,0.015441641367538743
2016-12-29,48.29999923706055,48.79999923706055,48.099998474121094,48.25,34.87424087524414,7425000,-0.01133446944010124,46.96999988555908,0.0032096578819529966,0.015557963355984012
2016-12-30,48.400001525878906,48.650001525878906,48.20000076293945,48.29999923706055,34.91038513183594,5468000,0.0010357170776841007,47.14749984741211,0.0038170050070907373,0.01520251911475529
2017-01-03,48.20000076293945,48.20000076293945,47.04999923706055,47.25,34.15146255493164,12829000,-0.02197889092292726,47.27999992370606,0.0028859414563132827,0.016202388678204817
2017-01-04,47.70000076293945,48.099998474121094,47.400001525878906,47.650001525878906,34.44057083129883,10313000,0.008430008183101202,47.44750003814697,0.0036449001146936417,0.016082372850512817
2017-01-05,48.29999923706055,48.849998474121094,48.099998474121094,48.400001525878906,34.982662200927734,13847000,0.01561718312615625,47.65250015258789,0.0044257592710014535,0.016274078608853944
2017-01-06,48.70000076293945,49.54999923706055,48.599998474121094,48.75,35.235633850097656,11750000,0.00720535219484689,47.875000190734866,0.004786026880743799,0.016250684185533205
2017-01-09,48.849998474121094,49.099998474121094,48.5,48.650001525878906,35.163360595703125,6685000,-0.002053357447425227,48.04250030517578,0.003567241217468669,0.01577332119516465
2017-01-10,48.849998474121094,49.099998474121094,47.75,47.75,34.512855529785156,12205000,-0.018672773069691673,48.08000030517578,0.0007915732608340355,0.014437837123271822
2017-01-11,48.099998474121094,48.25,47.650001525878906,47.849998474121094,34.58512878417969,7153000,0.00209201908342719,48.13250026702881,0.001109394969434534,0.014390566360866048
2017-01-12,47.95000076293945,48.04999923706055,46.849998474121094,47.150001525878906,34.079185485839844,13034000,-0.014737044568475422,48.12000026702881,-0.000264410972543859,0.014532708940050446
2017-01-13,46.900001525878906,47.0,46.150001525878906,46.349998474121094,33.500953674316406,11917000,-0.017112782350623558,48.062500190734866,-0.0012254225974763938,0.014995725671076598
2017-01-16,46.70000076293945,46.75,45.75,46.5,33.609371185302734,11884000,0.0032310535022432884,47.962500190734865,-0.002105574267506332,0.014124090767623219
2017-01-17,46.70000076293945,47.70000076293945,46.599998474121094,47.70000076293945,34.476715087890625,12336000,0.02547910129552254,47.962500190734865,1.1622647289044608e-17,0.014958761072460924
2017-01-18,46.95000076293945,48.04999923706055,46.95000076293945,47.900001525878906,34.621273040771484,15731000,0.004184122383545391,47.972500228881835,0.00020920611917728116,0.01498799108716697
2017-01-19,48.5,48.79999923706055,48.20000076293945,48.20000076293945,34.838104248046875,12230000,0.0062435006127952155,48.010000228881836,0.0007841247875214518,0.014987896138216198
2017-01-20,47.900001525878906,48.20000076293945,47.75,47.79999923706055,34.548988342285156,7472000,-0.008333413348840165,47.97750015258789,-0.00067533652736928,0.014337583793676683
2017-01-23,47.79999923706055,48.349998474121094,47.5,47.5,34.33216094970703,7156000,-0.006295912495738226,47.875000190734866,-0.0021126267169017925,0.013300689579231691
2017-01-24,47.599998474121094,48.349998474121094,47.400001525878906,48.0,34.693546295166016,12150000,0.010471299867295437,47.837500190734865,-0.0007752093267982558,0.013145359791097518
2017-02-02,49.25,49.45000076293945,48.29999923706055,48.29999923706055,34.91038513183594,17195000,0.0062305339547879856,47.85250015258789,0.00031152669773940343,0.01275627185734106
2017-02-03,48.29999923706055,48.29999923706055,46.54999923706055,46.70000076293945,33.75393295288086,19755000,-0.03368736385079422,47.74750022888183,-0.0021993058106605703,0.014250669783005519
2017-02-06,46.70000076293945,47.0,46.400001525878906,46.54999923706055,33.64551544189453,10065000,-0.00321719367848556,47.66250019073486,-0.0017934420225797863,0.014091506529048977
2017-02-07,46.5,46.79999923706055,46.29999923706055,46.599998474121094,33.6816520690918,6675000,0.0010735210540178445,47.57750015258789,-0.001791551823763099,0.014091908528463952
2017-02-08,46.599998474121094,46.849998474121094,45.20000076293945,45.849998474121094,33.139564514160156,12520000,-0.01622534296474553,47.507500076293944,-0.0015038744258540127,0.013711705208188122
2017-02-09,45.849998474121094,46.599998474121094,45.79999923706055,46.0,33.247982025146484,5532000,0.0032662310664233543,47.425,-0.0017620632816879051,0.013562613060643911
2017-02-10,46.25,46.45000076293945,45.70000076293945,45.75,33.067291259765625,8867000,-0.005449604767564703,47.29249992370605,-0.0028154026763739528,0.012945867592076128
2017-02-13,46.0,47.150001525878906,45.849998474121094,47.099998474121094,34.04304122924805,12383000,0.02908117690426144,47.20999984741211,-0.001721611440903225,0.014649165490761498
2017-02-14,47.099998474121094,47.099998474121094,46.5,46.650001525878906,33.71779251098633,8070000,-0.009600008623352573,47.10999984741211,-0.0020989439996995925,0.014754971386106586
2017-02-15,46.599998474121094,46.70000076293945,46.150001525878906,46.650001525878906,33.71779251098633,11812000,0.0,47.054999923706056,-0.0011653053462150089,0.014232569329494736
2017-02-16,46.70000076293945,46.849998474121094,46.099998474121094,46.70000076293945,33.75393295288086,6931000,0.0010712210094454677,46.997500038146974,-0.0012163452499140948,0.014222099835565103
2017-02-17,46.70000076293945,46.75,46.400001525878906,46.400001525878906,33.53709411621094,4662000,-0.006444688894354428,46.96000003814697,-0.0008017274662080453,0.013924953859874323
2017-02-20,46.54999923706055,46.650001525878906,45.54999923706055,45.54999923706055,32.9227294921875,8568000,-0.01848888516105713,46.920000076293945,-0.0008705326067297238,0.014012912866213504
2017-02-21,45.400001525878906,46.54999923706055,45.400001525878906,46.349998474121094,33.500953674316406,9337000,0.017410652134594265,46.9125,-0.00016155267511217507,0.014578640592524604
2017-02-22,46.599998474121094,46.650001525878906,46.04999923706055,46.25,33.428680419921875,4132000,-0.0021597951326331154,46.839999961853025,-0.001543497496519958,0.013271562149916863
2017-02-23,46.25,46.25,45.54999923706055,45.70000076293945,33.031150817871094,7311000,-0.011963149363757785,46.72999992370605,-0.002350861083885117,0.013395363833456592
2017-02-24,45.75,45.79999923706055,45.099998474121094,45.5,32.8865966796875,8964000,-0.004385988637771691,46.59499988555908,-0.002882335546413462,0.013246467377109475
2017-03-01,45.5,45.599998474121094,44.75,45.04999923706055,32.56134033203125,5844000,-0.009939358837950885,46.45749988555908,-0.0029626328208689984,0.01328605806052895
2017-03-02,45.599998474121094,45.95000076293945,45.150001525878906,45.349998474121094,32.778175354003906,4385000,0.006637175795467879,46.349999809265135,-0.0023159784063086926,0.013429248853095899
2017-03-03,45.20000076293945,46.150001525878906,45.150001525878906,46.099998474121094,33.32025909423828,5085000,0.016402773988855212,46.25499973297119,-0.002019404700230704,0.013787232569780873
2017-03-06,46.79999923706055,47.349998474121094,46.54999923706055,46.54999923706055,33.64551544189453,13064000,0.009714070430122521,46.167499732971194,-0.0018452278764639774,0.013918321995495532
2017-03-07,46.79999923706055,46.79999923706055,46.29999923706055,46.599998474121094,33.6816520690918,5669000,0.0010735210540178445,46.162499618530276,-0.00010718363122337422,0.011731324626106529
2017-03-08,46.70000076293945,46.79999923706055,46.349998474121094,46.599998474121094,33.6816520690918,5137000,0.0,46.1649995803833,5.367605270090378e-05,0.01170847057578685
2017-03-09,46.849998474121094,47.29999923706055,46.20000076293945,46.54999923706055,33.64551544189453,11337000,-0.0010735210540178965,46.162499618530276,-5.367605270088327e-05,0.01170847057578685
2017-03-10,45.5,45.5,43.79999923706055,44.400001525878906,32.09153747558594,21105000,-0.0472874835285787,46.089999771118165,-0.0016067830808925419,0.015433975355809672
2017-03-13,44.099998474121094,44.79999923706055,44.099998474121094,44.650001525878906,32.27222442626953,5246000,0.0056148376919065626,46.02249984741211,-0.0014893527496183813,0.01548186384203548
2017-03-14,44.95000076293945,45.400001525878906,44.900001525878906,45.150001525878906,32.63361740112305,5908000,0.011135972162034297,45.992499923706056,-0.0006600739031384314,0.015701215536950863
2017-03-15,45.04999923706055,45.150001525878906,44.29999923706055,44.5,32.16381072998047,5391000,-0.014501124486566954,45.8625,-0.0028391889726798515,0.014319837270018239
2017-03-16,45.29999923706055,45.599998474121094,44.79999923706055,45.5,32.8865966796875,14146000,0.022223136784710256,45.804999923706056,-0.0012480317022767096,0.015265842349565134
2017-03-17,45.599998474121094,46.400001525878906,45.099998474121094,46.400001525878906,33.53709411621094,10544000,0.019587166160625495,45.79249992370605,-0.0002686733942454347,0.015962518504526967
2017-03-20,47.0,48.0,46.75,47.20000076293945,34.11532211303711,15135000,0.017094416637950666,45.81749992370605,0.0005324863871798251,0.01642860531878145
2017-03-21,48.0,48.0,47.25,47.349998474121094,34.2237434387207,7698000,0.003172878651074457,45.864999771118164,0.0010133647644512693,0.01635421754360731
2017-03-22,46.70000076293945,47.150001525878906,46.20000076293945,47.150001525878906,34.079185485839844,5706000,-0.0042327459648645776,45.944999885559085,0.001726171724260897,0.01575932513950027
2017-03-23,47.349998474121094,48.150001525878906,47.349998474121094,47.5,34.33216094970703,15541000,0.007395669598904551,46.002499961853026,0.0012254225974764111,0.015389496648596625
2017-03-24,49.0,49.79999923706055,48.20000076293945,48.900001525878906,35.344051361083984,33119000,0.02904771664429803,46.13500003814697,0.0027857981863229687,0.01656537359139677
2017-03-27,49.5,50.20000076293945,47.5,47.5,34.33216094970703,28977000,-0.029047716644297977,46.225,0.0019315698222959587,0.017763160477600126
2017-03-28,48.25,48.54999923706055,47.29999923706055,47.70000076293945,34.476715087890625,12641000,0.004201702848237583,46.33500003814697,0.0023609543965964225,0.017706112637214305
2017-03-29,47.599998474121094,48.20000076293945,47.150001525878906,47.599998474121094,34.40443420410156,8944000,-0.0020986847077389963,46.4625,0.002752988103107017,0.017505095403225965
2017-03-30,47.75,49.25,47.650001525878906,48.70000076293945,35.19949722290039,20530000,0.022846316573557672,46.63000011444092,0.0035634451420115064,0.018060799450742036
2017-03-31,49.29999923706055,49.54999923706055,48.349998474121094,48.400001525878906,34.982662200927734,17363000,-0.00617920050564266,46.74500026702881,0.002434346417286613,0.017921217298253817
2017-04-05,48.650001525878906,49.099998474121094,47.75,47.900001525878906,34.621273040771484,11212000,-0.010384308976630589,46.812500381469725,0.0014294274469489577,0.01805453268826281
2017-04-06,48.099998474121094,48.599998474121094,47.95000076293945,48.54999923706055,35.09107971191406,8970000,0.013478642750445287,46.9100004196167,0.0020496835317703297,0.018253650578062143
2017-04-07,48.5,48.5,47.599998474121094,48.0,34.693546295166016,8720000,-0.011393168114933044,46.980000495910645,0.0014800251260236774,0.01849713814695595
2017-04-10,48.099998474121094,48.20000076293945,47.650001525878906,47.650001525878906,34.44057083129883,3803000,-0.007318348785038046,47.03500061035156,0.0011677837394726699,0.018594961350124176
2017-04-11,48.04999923706055,48.29999923706055,47.349998474121094,47.349998474121094,34.2237434387207,5495000,-0.00631587471629749,47.18250045776367,0.0032163641800867305,0.014856927758617192
2017-04-12,47.400001525878906,47.45000076293945,46.29999923706055,46.650001525878906,33.71779251098633,8567000,-0.01489382740411616,47.282500457763675,0.002190930925285594,0.015381180987610904
2017-04-13,46.79999923706055,48.25,46.75,47.95000076293945,34.65740966796875,10058000,0.027485857238154002,47.422500419616696,0.0030084251790915796,0.016289304596066794
2017-04-14,47.599998474121094,47.79999923706055,47.099998474121094,47.54999923706055,34.36829376220703,8733000,-0.008377044294187683,47.57500038146973,0.0033146291887105423,0.015997790650040745
2017-04-17,48.0,48.099998474121094,46.849998474121094,47.099998474121094,34.04304122924805,8337000,-0.00950880432061362,47.65500030517578,0.0017280321334443491,0.015592204177446767
2017-04-18,47.79999923706055,47.79999923706055,47.29999923706055,47.54999923706055,34.36829376220703,4177000,0.009508804320613658,47.712500190734865,0.0012241140414437572,0.015140974156714232
2017-04-19,47.70000076293945,47.75,46.79999923706055,46.900001525878906,33.89849090576172,4488000,-0.013764064959440775,47.697500228881836,-0.0003188100384258147,0.015010346573376274
2017-04-20,46.900001525878906,46.95000076293945,46.150001525878906,46.29999923706055,33.464820861816406,5247000,-0.01287576337295032,47.645000267028806,-0.0011212421396270536,0.015241057468500881
2017-04-21,46.75,46.79999923706055,46.45000076293945,46.5,33.609371185302734,4644000,0.004310367979296219,47.61250019073486,-0.0006940864424190138,0.015268954596692287
2017-04-24,46.5,46.599998474121094,45.5,45.70000076293945,33.031150817871094,7910000,-0.01735399799863418,47.52250022888184,-0.00193156982229595,0.015578594817019559
2017-04-25,46.0,47.29999923706055,45.25,47.20000076293945,34.11532211303711,14005000,0.03229559416080449,47.437500190734866,-0.0017691759464706276,0.015931456539472876
2017-04-26,47.70000076293945,48.150001525878906,47.29999923706055,48.150001525878906,34.80196762084961,17057000,0.019927261178765233,47.47000026702881,0.0006795729446825334,0.0152679644329677
2017-04-27,48.70000076293945,48.70000076293945,47.650001525878906,47.70000076293945,34.476715087890625,22543000,-0.009389756045413162,47.47000026702881,-3.816391647148976e-18,0.015404807212977965
2017-04-28,48.5,48.5,47.95000076293945,48.150001525878906,34.80196762084961,13624000,0.009389756045413068,47.4975004196167,0.0005744220376575994,0.015536065761647164
2017-05-02,49.0,49.400001525878906,48.650001525878906,49.349998474121094,35.6693000793457,25774000,0.024616565025711683,47.53000030517578,0.0006629344602652999,0.015674061899092272
2017-05-03,49.45000076293945,49.75,49.099998474121094,49.20000076293945,35.56088638305664,11228000,-0.0030440959547962994,47.57000026702881,0.000819689687807618,0.015617608030839995
2017-05-04,49.650001525878906,49.900001525878906,49.45000076293945,49.79999923706055,35.99456024169922,13276000,0.012121329705376058,47.66500015258789,0.0019449716219079503,0.015578588923134082
2017-05-05,49.900001525878906,49.95000076293945,49.349998474121094,49.70000076293945,35.922279357910156,14984000,-0.0020100202570603777,47.722500228881835,0.0011705384715326671,0.015358484164610721
2017-05-08,50.0,50.70000076293945,49.900001525878906,49.900001525878906,36.066837310791016,18257000,0.004016084882730781,47.817500305175784,0.0019410011214158584,0.015079012668619829
2017-05-09,50.5,51.5,50.0,50.400001525878906,36.42823028564453,19497000,0.009970172016489517,47.95500030517578,0.0028054271614922363,0.015015681653988235
2017-05-10,50.79999923706055,51.0,50.099998474121094,50.79999923706055,36.71733856201172,11748000,0.00790513421324536,48.12750034332275,0.003516477607969379,0.0148972625964138
2017-05-11,51.0,51.099998474121094,49.54999923706055,50.20000076293945,36.28367233276367,12350000,-0.011881297670262433,48.30500030517578,0.003667104094662065,0.014715438742989265
2017-05-12,50.5,51.0,49.79999923706055,51.0,36.86189651489258,9248000,0.015810590828645273,48.457500267028806,0.0030833407741866293,0.013931513476242663
2017-05-15,51.400001525878906,54.599998474121094,51.29999923706055,53.599998474121094,38.741127014160156,27427000,0.04972340688454013,48.760000228881836,0.0059883633331230205,0.017110825300068827
2017-05-16,53.599998474121094,53.70000076293945,51.70000076293945,52.0,37.584678649902344,15453000,-0.030305321027438516,49.005000305175784,0.004948537497781775,0.018663602447938493
2017-05-17,51.79999923706055,52.20000076293945,51.20000076293945,51.29999923706055,37.07872772216797,6283000,-0.013552981276817677,49.192500305175784,0.0037954482179102084,0.019074906271527407
2017-05-18,50.5,51.0,50.0,50.599998474121094,36.57278060913086,9750000,-0.013739191166899794,49.37750015258789,0.003796691907537257,0.01907370190172025
2017-05-19,51.099998474121094,51.5,50.599998474121094,50.599998474121094,36.57278060913086,5802000,0.0,49.59250011444092,0.004440480076184773,0.01869487802175426
2017-05-22,51.099998474121094,51.099998474121094,50.20000076293945,50.29999923706055,36.35594940185547,3949000,-0.005946484199798759,49.78250007629394,0.003927637467230024,0.01883876569819565
2017-05-23,50.599998474121094,50.79999923706055,50.099998474121094,50.5,36.50050354003906,4143000,0.003968274343403178,50.02250003814697,0.004993751084331892,0.018162199678338764
2017-05-24,51.0,51.70000076293945,50.5,50.900001525878906,36.789615631103516,8790000,0.007889617253137112,50.20750007629395,0.0037734522389485234,0.017014942760959047
2017-05-25,51.599998474121094,51.599998474121094,50.5,50.900001525878906,36.789615631103516,4975000,0.0,50.34500007629394,0.0027770891800102614,0.016597551940044027
2017-05-26,51.0,51.099998474121094,50.5,50.70000076293945,36.645057678222656,4125000,-0.00393702788919841,50.49500007629395,0.003049725587820999,0.01643112660824775
2017-05-31,51.20000076293945,51.79999923706055,50.70000076293945,50.900001525878906,36.789615631103516,7220000,0.003937027889198375,50.632500076293944,0.0027770891800102645,0.016365498396679445
2017-06-01,51.400001525878906,51.79999923706055,51.0,51.5,37.22328567504883,6011000,0.0117188541352392,50.74000015258789,0.0021322036354866404,0.015700211405971082
2017-06-02,51.79999923706055,53.79999923706055,51.599998474121094,53.599998474121094,38.741127014160156,22321000,0.0399672319391755,50.96000003814697,0.00428277003018523,0.01776399774023135
2017-06-05,53.599998474121094,55.0,53.599998474121094,54.5,39.39163589477539,18264000,0.016651662060332476,51.195000076293944,0.004509286647933051,0.01789759315676058
2017-06-06,54.400001525878906,54.400001525878906,53.70000076293945,54.0,39.03024673461914,5083000,-0.009216655104923952,51.410000038146975,0.004148954905539873,0.018107073800158503
2017-06-07,53.70000076293945,53.70000076293945,52.29999923706055,52.5,37.946067810058594,12647000,-0.028170876966696335,51.53999996185303,0.0025396068130685164,0.019496572117919077
2017-06-08,53.20000076293945,53.900001525878906,52.70000076293945,52.79999923706055,38.162906646728516,6290000,0.005698006665026771,51.65999984741211,0.00232599854549538,0.01943418012187239
2017-06-09,53.0,53.29999923706055,52.0,52.0,37.584678649902344,6110000,-0.0152674576811775,51.71999988555908,0.0011673689507742367,0.01977187566592033
2017-06-12,51.20000076293945,52.400001525878906,51.20000076293945,52.29999923706055,37.801513671875,7254000,0.005752637901697272,51.82499980926514,0.002049065729372222,0.01955131370764632
2017-06-13,53.0,53.29999923706055,51.900001525878906,52.0,37.584678649902344,6057000,-0.005752637901697286,51.874999809265134,0.0009709042928550939,0.019345966329235617
2017-06-14,52.400001525878906,52.5,51.0,51.70000076293945,37.36784744262695,5387000,-0.005785922309994599,51.77999992370606,-0.0018045621668716428,0.015603383179759784
2017-06-15,51.900001525878906,52.0,51.0,51.79999923706055,37.440120697021484,4236000,0.0019323382654436645,51.76999988555908,-0.00019267920222753373,0.01409657218843694
2017-06-16,51.79999923706055,52.20000076293945,51.400001525878906,51.70000076293945,37.36784744262695,6506000,-0.0019323382654436222,51.78999996185303,0.000388352948341169,0.013752187149962932
2017-06-19,51.900001525878906,53.900001525878906,51.79999923706055,53.70000076293945,38.81340789794922,16928000,0.03795521945082483,51.945000076293944,0.0029730734792274,0.015680018676774866
2017-06-20,52.900001525878906,52.900001525878906,51.900001525878906,52.0,38.66469192504883,12431000,-0.03216929714083015,52.01500015258789,0.0013646086221858924,0.01754063041436564
2017-06-21,51.900001525878906,52.70000076293945,51.099998474121094,52.5,39.03647232055664,6787000,0.009569451016150672,52.125000190734866,0.002140405382983364,0.017543375927159065
2017-06-22,52.79999923706055,53.20000076293945,52.70000076293945,52.900001525878906,39.333892822265625,5029000,0.007590198111266949,52.24500026702881,0.002321501571376553,0.017581889543933724
2017-06-23,53.099998474121094,53.20000076293945,52.5,52.599998474121094,39.11082458496094,3123000,-0.005687276974285984,52.33000011444092,0.0016426568600053973,0.01761765558432715
2017-06-26,52.79999923706055,54.20000076293945,52.29999923706055,53.70000076293945,39.92873764038086,10945000,0.020696924987698487,52.47000007629394,0.002677503109390322,0.01811687589920467
2017-06-27,54.29999923706055,55.29999923706055,53.70000076293945,54.79999923706055,40.746639251708984,17008000,0.020277164309459354,52.675,0.0038882127193232098,0.018457465118526358
2017-06-28,54.79999923706055,55.0,53.900001525878906,54.400001525878906,40.449222564697266,7990000,-0.007325998120575806,52.85,0.003325061418834501,0.018626941025705047
2017-06-29,54.900001525878906,55.400001525878906,54.29999923706055,54.29999923706055,40.3748664855957,6444000,-0.0018399690217018477,52.98999996185303,0.002647120260987449,0.018551954651652464
2017-06-30,54.400001525878906,54.79999923706055,53.400001525878906,54.79999923706055,40.746639251708984,6038000,0.00916596714227757,53.05,0.0011070570211425524,0.016450234584597174
2017-07-03,55.29999923706055,55.29999923706055,54.099998474121094,54.29999923706055,40.3748664855957,9325000,-0.009165967142277687,53.03999996185303,-0.00018382443898795568,0.01617692788581268
2017-07-04,54.099998474121094,54.20000076293945,53.599998474121094,53.79999923706055,40.00308609008789,6589000,-0.009250759902731462,53.02999992370606,-0.00018552967887833113,0.016177931933639936
2017-07-05,54.5,55.0,53.70000076293945,55.0,40.89535140991211,8906000,0.022059732245763075,53.15499992370606,0.0023260007817446395,0.015489046149021149
2017-07-06,55.599998474121094,56.5,55.0,55.0,40.89535140991211,15086000,0.0,53.26499996185303,0.0020411004484933008,0.01547615645451123
2017-07-07,54.900001525878906,55.0,54.20000076293945,54.900001525878906,40.82099914550781,5641000,-0.0018198089231994047,53.410000038146975,0.0027134828863922054,0.014968379702204557
2017-07-10,55.099998474121094,55.70000076293945,54.5,55.29999923706055,41.1184196472168,6965000,0.007259518422644043,53.560000038146974,0.0027888269124395444,0.014988261843544886
2017-07-11,55.70000076293945,56.29999923706055,55.099998474121094,56.20000076293945,41.7876091003418,12466000,0.016143875743164938,53.77000007629395,0.003883652594682655,0.015130554154342881
2017-07-12,57.099998474121094,57.099998474121094,56.0,56.29999923706055,41.86196517944336,11054000,0.0017777511192416775,54.0,0.004261836266144469,0.014969817696974634
2017-07-13,56.099998474121094,57.20000076293945,56.0,56.599998474121094,42.08502960205078,7129000,0.005314436655823481,54.23999996185303,0.00443094118566346,0.014961218063452585
2017-07-14,56.70000076293945,57.099998474121094,56.5,56.70000076293945,42.159393310546875,7477000,0.001765265939282923,54.48999996185303,0.004615821395899787,0.01490117225732145
2017-07-17,57.400001525878906,59.0,57.29999923706055,58.599998474121094,43.57213592529297,20144000,0.032960446354648794,54.73499984741211,0.004366082741090986,0.014344462844556257
2017-07-18,57.599998474121094,62.0,57.29999923706055,61.29999923706055,45.57973098754883,34910000,0.045045159952093954,55.19999980926514,0.00822680559573719,0.014384491634529172
2017-07-19,61.099998474121094,61.900001525878906,60.29999923706055,60.599998474121094,45.059242248535156,16588000,-0.011484962600422784,55.604999732971194,0.007174084914908519,0.015036700863221734
2017-07-20,60.099998474121094,61.70000076293945,60.099998474121094,60.79999923706055,45.207950592041016,13429000,0.003294908528026345,55.999999618530275,0.006959320435746487,0.015061099190627378
2017-07-21,60.79999923706055,63.79999923706055,60.79999923706055,63.29999923706055,47.066829681396484,23103000,0.0402955406735995,56.53499965667724,0.009258461318140763,0.016472534789639337
2017-07-24,63.29999923706055,66.0999984741211,62.29999923706055,65.0,48.330867767333984,21914000,0.026501952798262705,57.099999618530276,0.009548712708668973,0.016733763969942018
2017-07-25,64.80000305175781,65.0999984741211,64.0,64.0,47.587318420410156,12375000,-0.015504186535965199,57.55999965667725,0.007759645166397745,0.0174248629214996
2017-07-26,63.20000076293945,63.5,62.400001525878906,62.79999923706055,46.69505310058594,15704000,-0.018928022034236346,57.97999954223633,0.007179543970714718,0.018132285407836127
2017-07-27,63.0,64.5,62.900001525878906,63.900001525878906,47.51295852661133,12273000,0.01736432393722247,58.45999965667725,0.008139758618660935,0.01813799964752179
2017-07-28,63.900001525878906,64.0,62.70000076293945,63.400001525878906,47.14118957519531,6965000,-0.007855499751987337,58.88999977111816,0.007288685273947689,0.01848336700744288
2017-07-31,63.0,63.400001525878906,61.900001525878906,62.400001525878906,46.397640228271484,10952000,-0.01589858568210127,59.29499988555908,0.00695205434695651,0.018856368187648426
2017-08-01,62.20000076293945,63.70000076293945,61.29999923706055,63.0,46.84376907348633,12369000,0.009569426562963335,59.75499992370605,0.007893063670241248,0.01847088645197325
2017-08-02,63.29999923706055,63.29999923706055,62.0,62.20000076293945,46.24892807006836,7896000,-0.012779714380491409,60.11499996185303,0.006151091338928524,0.01870586620886766
2017-08-03,62.20000076293945,62.79999923706055,61.70000076293945,62.0,46.100215911865234,5430000,-0.003220626965949747,60.464999961853025,0.005990059990631038,0.018775339003569973
2017-08-04,62.099998474121094,62.29999923706055,61.5,61.70000076293945,45.87715148925781,4995000,-0.004850441768442327,60.804999923706056,0.005838528348368892,0.018853754237964423
2017-08-07,62.0,62.29999923706055,61.70000076293945,62.0,46.100215911865234,4654000,0.004850441768442213,61.13999996185303,0.0057180745156588005,0.018851893452616952
2017-08-08,62.5,64.0,62.099998474121094,63.20000076293945,46.99247741699219,10318000,0.019169928179546873,61.48999996185303,0.005869377137477897,0.018951851783316893
2017-08-09,63.29999923706055,63.29999923706055,62.099998474121094,62.20000076293945,46.24892807006836,7139000,-0.015949301213597177,61.785000038146975,0.004983024520835955,0.01955812112466385
2017-08-10,62.0,62.0,60.0,60.5,44.984886169433594,9853000,-0.027711646974245528,61.98000011444092,0.0033317203393325038,0.020878316045203307
2017-08-11,60.099998474121094,61.099998474121094,59.70000076293945,60.099998474121094,44.68746566772461,8259000,-0.006633548884634341,62.15,0.0029117795981366407,0.02099561776780156
2017-08-14,61.900001525878906,62.5,61.0,61.900001525878906,46.02585983276367,11967000,0.029510388189097958,62.31500015258789,0.0027392766898590992,0.020748458159133332
2017-08-15,63.0,63.5,62.099998474121094,62.099998474121094,46.1745719909668,9461000,0.003225760026854474,62.35500011444092,0.0006483066935971251,0.01821288959497872
2017-08-16,61.900001525878906,62.599998474121094,61.79999923706055,62.099998474121094,46.1745719909668,5592000,0.0,62.430000114440915,0.0012225548236182641,0.017989889646087765
2017-08-17,62.900001525878906,63.29999923706055,62.5,62.79999923706055,46.69505310058594,8533000,0.011209096957321713,62.53000011444092,0.0016182642450830328,0.018124410865310674
2017-08-18,62.099998474121094,62.29999923706055,61.599998474121094,62.0,46.100215911865234,4842000,-0.012820676280343947,62.46500015258789,-0.0010375466026141399,0.01591569199426723
2017-08-21,62.099998474121094,63.29999923706055,61.900001525878906,62.900001525878906,46.769412994384766,5371878,0.014411802920109096,62.36000022888184,-0.00164205409652182,0.015018980217486594
2017-08-22,62.400001525878906,62.79999923706055,62.099998474121094,62.29999923706055,46.323280334472656,5684159,-0.00958477441801247,62.275000190734865,-0.0013460834906241837,0.01478797820250494
2017-08-23,62.900001525878906,63.099998474121094,62.400001525878906,62.5,46.471988677978516,5509233,0.003205143195167586,62.260000228881836,-0.00023942522915398708,0.014220254158432592
2017-08-24,63.5,64.19999694824219,63.20000076293945,64.0,47.587318420410156,10988278,0.023716526617316065,62.26500015258789,7.81849048506927e-05,0.014697072853017567
2017-08-25,64.0999984741211,64.0999984741211,63.599998474121094,63.79999923706055,47.4386100769043,6257891,-0.0031299049672263695,62.285000038146975,0.0003144646440887409,0.01460048121878342
2017-08-28,64.4000015258789,64.80000305175781,64.0,64.5,47.9590950012207,7407617,0.010912045409281255,62.38999996185303,0.0016549961986578672,0.014260383483439266
2017-08-29,64.9000015258789,65.80000305175781,63.70000076293945,63.70000076293945,47.36425018310547,11839937,-0.012480649246537781,62.425,0.0005524924081828115,0.014467168232716671
2017-08-30,64.9000015258789,65.0,64.0999984741211,64.19999694824219,47.73603057861328,4813755,0.007818588605556894,62.52499980926514,0.0015824075574852263,0.014198802930638525
2017-08-31,64.69999694824219,65.19999694824219,64.19999694824219,64.69999694824219,48.1077995300293,6784534,0.007757991178289989,62.65999965667724,0.0021313384646972134,0.014215551673404558
2017-09-01,64.9000015258789,65.0,64.4000015258789,64.4000015258789,47.88473892211914,4046514,-0.004647497534956513,62.79499969482422,0.002141485676371504,0.014210377196322921
2017-09-04,64.5999984741211,64.80000305175781,63.79999923706055,64.0,47.587318420410156,5553845,-0.0062305734444076475,62.89499969482422,0.0015874349157290108,0.014314834166510807
2017-09-05,64.0999984741211,64.30000305175781,63.400001525878906,63.5,47.21554183959961,6070878,-0.007843177461025893,62.90999965667724,0.00023677963370037273,0.013834894962206332
2017-09-06,63.20000076293945,63.900001525878906,62.70000076293945,63.0,46.84376907348633,7891622,-0.007905179507113261,62.94999961853027,0.0006389857190245685,0.013451176713237966
2017-09-07,63.29999923706055,63.5,62.099998474121094,62.29999923706055,46.323280334472656,8781752,-0.01117331284434447,63.0399995803833,0.0014659024255196213,0.012052178538374394
2017-09-08,63.0,64.5,62.79999923706055,64.5,47.9590950012207,9318462,0.03470381025453858,63.259999656677245,0.0035327703824782676,0.013980369103611256
2017-09-11,64.9000015258789,65.0,63.70000076293945,64.19999694824219,47.73603057861328,5328207,-0.004662060640980896,63.37499942779541,0.0018241479409743249,0.012664692945838336
2017-09-12,64.9000015258789,69.9000015258789,64.9000015258789,68.0,50.56151580810547,35892049,0.05750454201536067,63.669999504089354,0.004538087040399635,0.017768284814843948
2017-09-13,68.19999694824219,68.69999694824219,66.19999694824219,66.30000305175781,49.29749298095703,20446508,-0.02531776195476137,63.87999973297119,0.0032721989426615665,0.018969858351554195
2017-09-14,67.19999694824219,70.30000305175781,66.9000015258789,68.69999694824219,51.08200454711914,31617330,0.035559211585446296,64.17499961853028,0.004489704674067795,0.020244642465890063
2017-09-15,68.9000015258789,75.5,68.9000015258789,75.5,56.138160705566406,60518704,0.09438350144818745,64.84999961853028,0.009849913560494365,0.028091648924284666
2017-09-18,78.0,82.80000305175781,78.0,79.80000305175781,59.33544158935547,69854368,0.05539088644336242,65.69499969482422,0.011898867736657031,0.029879476461530975
2017-09-19,79.5,81.0,76.5999984741211,76.9000015258789,57.179141998291016,31382287,-0.037017646344364906,66.42499980926513,0.01052722414033941,0.03150315732312943
2017-09-20,79.0,81.30000305175781,78.19999694824219,80.5,59.85593032836914,36519965,0.04575128807054101,67.32499980926514,0.01265453138410808,0.032406255563584355
2017-09-21,82.0999984741211,87.5999984741211,81.80000305175781,85.5999984741211,63.648033142089844,59310401,0.06142808089749047,68.40499973297119,0.014540109098116802,0.034134814702478276
2017-09-22,87.0,87.9000015258789,83.30000305175781,84.0,62.458351135253906,40455838,-0.01886846647869452,69.41499977111816,0.013753181022543396,0.03473966664215842
2017-09-25,85.0,85.4000015258789,83.0999984741211,84.0,62.458351135253906,26923164,0.0,70.38999977111817,0.013207578752079332,0.03487207345175912
2017-09-26,82.0,82.9000015258789,78.5999984741211,80.5,59.85593032836914,30719086,-0.04255961441879589,71.2299997329712,0.011703630493466427,0.036641956250085095
2017-09-27,82.9000015258789,84.5,82.0,84.0,62.458351135253906,25353264,0.0425596144187959,72.21999988555908,0.013440681784128375,0.03726623803520274
2017-09-28,88.5999984741211,88.5999984741211,85.4000015258789,85.80000305175781,63.79674530029297,35175530,0.021202243218875202,73.27500019073486,0.014112894386157638,0.037279590095702614
2017-09-29,84.80000305175781,88.19999694824219,83.9000015258789,85.80000305175781,63.79674530029297,29859093,0.0,74.34500026702881,0.01434526926290546,0.037170822200117866
2017-10-02,88.0,91.19999694824219,87.5,90.69999694824219,67.44014739990234,54520030,0.05553828141217812,75.68000011444092,0.01743371200573475,0.037929616128132344
2017-10-03,91.0,91.0,88.69999694824219,88.80000305175781,66.02740478515625,27592774,-0.02117063910960118,76.9450002670288,0.016767338923305987,0.038509707275974525
2017-10-05,87.9000015258789,88.80000305175781,87.19999694824219,87.30000305175781,64.91207885742188,22076250,-0.0170361865620758,78.1600004196167,0.01631078857055786,0.038870046606198784
2017-10-06,87.0999984741211,87.30000305175781,84.80000305175781,84.80000305175781,63.05319595336914,25638176,-0.02905491901712332,79.28500061035156,0.015416708261918918,0.03973160874945372
2017-10-11,87.0,88.0,85.80000305175781,85.80000305175781,63.79674530029297,33033218,0.01172346327662201,80.35000076293946,0.014267690913023087,0.03947594662740186
2017-10-12,86.0,87.69999694824219,85.80000305175781,85.9000015258789,63.87110900878906,18082629,0.0011648046914537276,81.43500099182128,0.01455903417964482,0.039350188520861244
2017-10-13,85.80000305175781,88.69999694824219,84.9000015258789,87.0999984741211,64.76336669921875,35014112,0.013873019586112754,82.39000091552734,0.012377458058182425,0.03803134294734956
2017-10-16,87.4000015258789,88.9000015258789,86.5,88.9000015258789,66.10176849365234,31585741,0.020455293344095463,83.5200008392334,0.014666110823125267,0.037006998671454655
2017-10-17,90.0,90.5,86.0,86.0,63.945457458496094,43372764,-0.03316486343034324,84.38500099182129,0.011229907072335787,0.038138233045582844
2017-10-18,86.30000305175781,87.4000015258789,85.19999694824219,86.19999694824219,64.09416198730469,31872454,0.0023228460129161295,84.9200008392334,0.006626874300572222,0.03274866718226345
2017-10-19,87.4000015258789,88.5,86.5,86.5,64.31723022460938,24855078,0.0034742716714096945,85.2550006866455,0.004031043561974585,0.03067166712532213
2017-10-20,86.30000305175781,87.5,86.0,87.4000015258789,64.98643493652344,18431024,0.010350886182224807,85.78000068664551,0.006399470188304071,0.02912498357326535
2017-10-23,88.5,88.69999694824219,87.4000015258789,87.5,65.06079864501953,14075224,0.0011434932435104013,86.1300006866455,0.0041690804469525404,0.027622069408505378
2017-10-24,87.5,88.0,86.5999984741211,86.5999984741211,64.39158630371094,10764185,-0.010338995415028212,86.18000068664551,0.0005807266313266067,0.024247583840845084
2017-10-25,87.5,87.5,86.0999984741211,86.0999984741211,64.01981353759766,9293143,-0.005790404237026394,86.28500061035156,0.001234629743410013,0.023868862705877274
2017-10-26,86.69999694824219,87.4000015258789,85.4000015258789,87.4000015258789,64.98643493652344,8106864,0.014985906408544216,86.4550006866455,0.001983925063837224,0.024062499717393663
2017-10-27,87.4000015258789,87.4000015258789,83.0,83.4000015258789,62.01222229003906,19652060,-0.046846972459447335,86.60000076293946,0.0017695571618046517,0.02449541797290821
2017-10-30,84.30000305175781,86.5,82.9000015258789,83.19999694824219,61.86351013183594,19664490,-0.002401016513230197,86.56000061035157,-0.00047847438479665363,0.022539995480247516
2017-10-31,83.30000305175781,83.5999984741211,81.0999984741211,81.80000305175781,60.822540283203125,27176851,-0.016970030231127406,86.36000061035156,-0.002387088057296784,0.02222141961468635
2017-11-01,84.69999694824219,88.30000305175781,84.5999984741211,87.30000305175781,64.91207885742188,32410136,0.06507321688643668,86.43500061035157,0.0008665727870250499,0.026867615685703096
2017-11-02,86.5,86.5999984741211,85.0,85.5,63.57368469238281,14550066,-0.02083412185997556,86.17500076293945,-0.002952047376582634,0.023958070725802603
2017-11-03,85.9000015258789,86.0,83.80000305175781,84.0999984741211,62.53271484375,10274809,-0.016509827107437824,85.94000053405762,-0.0027190067764744663,0.023793634767150643
2017-11-06,84.80000305175781,85.5,84.5999984741211,85.0,63.201908111572266,6330750,0.01064470765503984,85.82500038146972,-0.0013349620656186844,0.02372196371162733
2017-11-07,87.5999984741211,90.0999984741211,86.80000305175781,87.30000305175781,64.91207885742188,26002522,0.02669924131237356,85.95000038146972,0.0014527459508561595,0.023568482422531685
2017-11-08,88.0,89.0999984741211,87.30000305175781,87.80000305175781,65.28386688232422,14218329,0.0057110375964418625,86.05000038146973,0.0011521246668471522,0.023468715862597765
2017-11-09,88.0,88.19999694824219,84.19999694824219,85.19999694824219,63.35062026977539,13537460,-0.030060137382616325,86.01500015258789,-0.00040912243685635035,0.024484460325977016
2017-11-10,84.69999694824219,84.69999694824219,82.5,82.69999694824219,61.49174118041992,20467424,-0.029781832888416227,85.79500007629395,-0.0025918650605827992,0.025082785439746454
2017-11-13,82.80000305175781,83.30000305175781,81.30000305175781,82.0,60.97124481201172,24335855,-0.008500317863846342,85.45,-0.00403964562097989,0.02451164418875624
2017-11-14,83.5,84.30000305175781,81.9000015258789,82.69999694824219,61.49174118041992,21996293,0.008500317863846314,85.28499984741211,-0.0019563865562704117,0.02366183505033013
2017-11-15,82.9000015258789,83.4000015258789,82.30000305175781,82.5,61.3430290222168,8842148,-0.0024212717874641976,85.1,-0.0021935924462894284,0.02364044847206116
2017-11-16,81.9000015258789,82.9000015258789,81.30000305175781,81.4000015258789,60.52512741088867,11702165,-0.013423001586699713,84.84500007629394,-0.003038456109194899,0.023729001053620205
2017-11-17,82.30000305175781,82.9000015258789,82.0,82.5999984741211,61.41738510131836,8974935,0.014634370299886386,84.60499992370606,-0.00282428190331182,0.023875092971470533
2017-11-20,83.4000015258789,83.4000015258789,82.0,82.0,60.97124481201172,4396793,-0.007290414789568891,84.32999992370605,-0.0032459773049657845,0.023875805620618185
2017-11-21,82.69999694824219,85.0,82.30000305175781,84.0,62.458351135253906,15690294,0.024097551579060524,84.2,-0.0015241499552613477,0.024569013072862654
2017-11-22,86.80000305175781,87.5,85.0999984741211,86.0,63.945457458496094,20239298,0.023530497410194036,84.19500007629395,-5.810487290032612e-05,0.025168527056263792
2017-11-23,87.0,90.19999694824219,86.5999984741211,87.69999694824219,65.2094955444336,42074349,0.019574568326934452,84.2099998474121,0.00017132822301918553,0.025333259935342526
2017-11-24,87.9000015258789,88.0,86.69999694824219,86.80000305175781,64.54029846191406,8506144,-0.010315207755638175,84.37999992370605,0.0019979164582096436,0.022971636362476393
2017-11-27,87.30000305175781,87.30000305175781,84.5,85.0999984741211,63.2762565612793,14926592,-0.019779639175897604,84.475,0.0011289853250762733,0.02347006599463055
2017-11-28,84.5,84.80000305175781,82.9000015258789,83.19999694824219,61.86351013183594,13535217,-0.02257970650152551,84.54499969482421,0.000848501511556368,0.02372982826327513
2017-11-29,84.80000305175781,84.80000305175781,82.0999984741211,82.4000015258789,61.268672943115234,16566454,-0.009661855714007139,84.29999961853028,-0.0028882521184658227,0.01836096722151436
2017-11-30,79.0999984741211,79.5999984741211,76.5,77.80000305175781,57.84832763671875,41519335,-0.057443985023349735,83.91499977111816,-0.004718745276634531,0.021755382730002243
2017-12-01,77.19999694824219,77.5999984741211,74.80000305175781,75.5999984741211,56.212520599365234,35242479,-0.028685207408120236,83.48999977111816,-0.005327514291668651,0.022267023740493882
2017-12-04,75.5999984741211,75.5999984741211,71.5999984741211,73.19999694824219,54.428001403808594,29563088,-0.03226088372531915,82.89999961853027,-0.007472793860686601,0.022709650864641464
2017-12-05,71.19999694824219,73.80000305175781,69.5999984741211,73.80000305175781,54.87413024902344,42344491,0.008163393681573417,82.22499961853028,-0.008399586242226609,0.021592420814651073
2017-12-06,74.30000305175781,75.80000305175781,73.19999694824219,73.4000015258789,54.576698303222656,24728806,-0.005434816549147176,81.50499954223633,-0.00895687894950606,0.021351554543537432
2017-12-07,75.80000305175781,76.19999694824219,73.80000305175781,73.80000305175781,54.87413024902344,21848508,0.00543481654914709,80.93499984741212,-0.007182131252917889,0.020977014415768516
2017-12-08,75.9000015258789,77.30000305175781,74.80000305175781,77.30000305175781,57.47655487060547,22960780,0.04633522211462018,80.6650001525879,-0.0033762785027660696,0.023423265353426388
2017-12-11,77.0,78.5999984741211,75.69999694824219,78.0,57.997047424316406,16348389,0.009014831616813776,80.46500015258789,-0.0025005210287330636,0.023548698303592335
2017-12-12,78.0999984741211,78.19999694824219,76.4000015258789,76.9000015258789,57.179141998291016,9850389,-0.014202930335615154,80.17500038146973,-0.0036356834387061368,0.02353769507271221
2017-12-13,76.69999694824219,77.5,76.0,77.19999694824219,57.40220642089844,6950784,0.0038935211462114926,79.91000022888184,-0.0033199437920223528,0.023597121805888403
2017-12-14,77.5,78.5,77.19999694824219,77.80000305175781,57.84832763671875,7825616,0.007742052909835939,79.73000030517578,-0.0022616910671955696,0.023594777533837097
2017-12-15,78.0,78.30000305175781,76.5999984741211,78.19999694824219,58.145755767822266,6827709,0.005128138116204772,79.51000022888184,-0.0027370026763796503,0.023330769466045148
2017-12-18,78.69999694824219,79.19999694824219,78.4000015258789,78.69999694824219,58.517520904541016,5781073,0.0063735081200275625,79.34500007629394,-0.0020538065308998276,0.023390398366707397
2017-12-19,79.5999984741211,80.69999694824219,79.30000305175781,79.5999984741211,59.18672180175781,13337273,0.011370957034747947,79.125,-0.002690136258115456,0.0228073584786225
2017-12-20,80.0,81.30000305175781,79.9000015258789,80.9000015258789,60.15333938598633,14756217,0.016199769244738437,78.87000007629395,-0.0030566726663882366,0.02241939519331039
2017-12-21,80.69999694824219,81.0999984741211,78.5,78.9000015258789,58.66624069213867,13827556,-0.025032595734511044,78.43000030517578,-0.005287030869460511,0.022267789467206377
2017-12-22,78.19999694824219,78.69999694824219,76.69999694824219,77.80000305175781,57.84832763671875,9309827,-0.01403977678120751,77.98000030517578,-0.005473259320738978,0.022327548342605488
2017-12-25,77.9000015258789,78.0999984741211,75.69999694824219,76.19999694824219,56.65864562988281,7207733,-0.02078004776673927,77.53500022888184,-0.005523279750281062,0.02236237925381706
2017-12-26,75.9000015258789,76.0,73.80000305175781,74.0999984741211,55.09718704223633,9952923,-0.027945910933401596,77.08000030517579,-0.005791589971874866,0.02260863482004032
2017-12-27,73.5999984741211,74.4000015258789,72.9000015258789,74.0,55.0228385925293,10952172,-0.0013504185057132234,76.66000022888184,-0.00537601811146017,0.02261013751179884
2017-12-28,74.5,77.30000305175781,74.5,76.30000305175781,56.73300552368164,13715293,0.030607885083066527,76.58500022888184,-0.0009734246061393571,0.020402863017698218
2017-12-29,76.19999694824219,76.69999694824219,75.0999984741211,76.19999694824219,56.65864562988281,9833585,-0.0013115556439516778,76.6150001525879,0.00039525798206907085,0.019336310475167623
2018-01-02,77.19999694824219,79.69999694824219,76.19999694824219,78.0,57.997047424316406,10464555,0.023347404046307002,76.85500030517578,0.0031756723706503785,0.01836720258811737
2018-01-03,79.5999984741211,80.80000305175781,79.5,80.30000305175781,59.707218170166016,15825924,0.02906083226757948,77.18000030517578,0.004220544299950682,0.019239566522345396
2018-01-04,81.30000305175781,82.0,80.4000015258789,81.5,60.59947204589844,13512189,0.014833361289645703,77.58500022888184,0.005233953191890325,0.019238015297394
2018-01-05,82.0,84.19999694824219,82.0,83.5,62.08658218383789,28939382,0.024243611609992853,78.07000007629395,0.006174392944932614,0.01970247332533492
2018-01-08,84.5,85.30000305175781,83.0999984741211,83.5,62.08658218383789,17244766,0.0,78.37999992370605,0.0038576318392016043,0.017310545820997447
2018-01-09,83.80000305175781,84.4000015258789,82.5999984741211,82.5999984741211,61.41738510131836,7968605,-0.010836969802987888,78.60999984741211,0.0028650417682115218,0.017566527444474532
2018-01-10,80.9000015258789,80.9000015258789,78.0,78.30000305175781,58.22011947631836,20008135,-0.053462020081869746,78.67999992370605,0.0009020872808987917,0.021358387063624827
2018-01-11,79.4000015258789,81.30000305175781,79.4000015258789,80.30000305175781,59.707218170166016,11507938,0.02522201698521904,78.83500022888184,0.0019685120728491694,0.02203728697690578
2018-01-12,81.0999984741211,81.5,79.4000015258789,81.4000015258789,60.52512741088867,10038682,0.013605632796764367,79.01500015258789,0.002261691067195591,0.02215681914188713
2018-01-15,81.80000305175781,83.4000015258789,81.30000305175781,83.4000015258789,62.01222229003906,9793827,0.024273035906675518,79.27500038146972,0.003218935956719128,0.02269421962414192
2018-01-16,83.5999984741211,85.4000015258789,83.19999694824219,85.0,63.201908111572266,23414019,0.019002928829705303,79.59000053405762,0.003850406992203015,0.02296075882976596
2018-01-17,85.80000305175781,85.80000305175781,81.0,81.0,60.22769546508789,41266358,-0.04820210181787775,79.66000061035156,0.0008717540495717304,0.025641444667572046
2018-01-18,82.0,83.4000015258789,82.0,82.0,60.97124481201172,16279254,0.012270092591814401,79.71500053405762,0.0006752702169255282,0.02553263336237672
2018-01-19,82.19999694824219,82.4000015258789,80.5999984741211,80.5999984741211,59.93027877807617,13812714,-0.017220616683170795,79.80000038146973,0.0010658691694925405,0.02517591686226989
2018-01-22,79.80000305175781,81.0999984741211,79.19999694824219,80.5,59.85593032836914,12879477,-0.0012414461565646863,79.93500022888183,0.001705785700724682,0.024933239606628757
2018-01-23,81.0,81.69999694824219,79.5,80.19999694824219,59.63285446166992,10779648,-0.0037337076038926726,80.13500022888184,0.0025581027088670116,0.024409994505472484
2018-01-24,80.80000305175781,80.80000305175781,80.0999984741211,80.5,59.85593032836914,7403342,0.003733707603892664,80.45500030517579,0.004142083635731725,0.023330368835980393
2018-01-25,80.30000305175781,80.5999984741211,78.0,78.5,58.36881637573242,16397747,-0.025158559636154987,80.68000030517578,0.0029516765792096363,0.02421595257980839
2018-01-26,79.19999694824219,79.9000015258789,78.5,79.4000015258789,59.03802490234375,9036627,0.011399762682345637,80.83500022888184,0.0019912704591735922,0.023429504026123024
2018-01-29,80.0,80.0,78.80000305175781,78.80000305175781,58.59188461303711,6703005,-0.0075853518789845715,80.96500053405762,0.0016775806474219473,0.023517884044267332
2018-01-30,78.5999984741211,79.80000305175781,78.19999694824219,78.4000015258789,58.29446029663086,9788954,-0.005089088772620594,80.98500061035156,0.0002557560064755676,0.02299256331853696
2018-01-31,78.0,79.4000015258789,77.19999694824219,79.4000015258789,59.03802490234375,12719873,0.012674440651605227,80.94000053405762,-0.0005635635743231452,0.022190048753034913
2018-02-01,80.30000305175781,81.5,80.19999694824219,81.19999694824219,60.37641143798828,15297057,0.022416822113698952,80.92500038146973,-0.00018439053312048272,0.02252919088506627
2018-02-02,81.0,81.0,79.5999984741211,79.5999984741211,59.18672180175781,12324351,-0.019901135903403123,80.73000030517578,-0.0023916279087902816,0.02216957281764551
2018-02-05,76.5,77.9000015258789,76.30000305175781,77.4000015258789,57.55091094970703,12295075,-0.02802727337112521,80.42500038146973,-0.003792991577346542,0.022884721691448805
2018-02-06,75.0999984741211,75.9000015258789,71.0999984741211,72.4000015258789,53.833160400390625,23574058,-0.066780479842533,79.91500053405761,-0.006590167079323797,0.02686400593627753
2018-02-07,77.9000015258789,77.9000015258789,73.5,73.5999984741211,54.72541427612305,24396183,0.016438684535434026,79.68000030517578,-0.003095131848458609,0.024921849915966493
2018-02-08,74.0,74.69999694824219,72.19999694824219,72.69999694824219,54.056217193603516,11625858,-0.01230366244071862,79.3,-0.0049714158197554925,0.024075977050979178
2018-02-09,69.80000305175781,73.69999694824219,68.5999984741211,73.30000305175781,54.502349853515625,11693644,0.008219307964347253,78.89500007629394,-0.005240732061376348,0.023886616581052664
2018-02-12,74.0,76.4000015258789,74.0,76.0,56.50993728637695,15422301,0.03617268975992236,78.525,-0.004645749368714007,0.024791517544790705
2018-02-21,80.0999984741211,80.5,79.0,79.9000015258789,59.4097900390625,31001436,0.050042531583255716,78.27000007629394,-0.003093769231036485,0.0272040464746408
2018-02-22,79.19999694824219,79.69999694824219,79.0,79.30000305175781,58.96366882324219,13667228,-0.0075377047450801565,78.18500022888183,-0.0010605493773966055,0.0250929325150761
2018-02-23,79.30000305175781,80.4000015258789,78.80000305175781,79.9000015258789,59.4097900390625,18825191,0.007537704745080125,78.08000030517579,-0.0012971687697333192,0.0249826825977557
2018-02-26,80.5999984741211,81.69999694824219,80.0999984741211,81.0,60.22769546508789,24546806,0.013673282802851834,78.10000038146973,0.0002475262045678121,0.024901268982023307
2018-02-27,82.0,82.5999984741211,80.80000305175781,80.80000305175781,60.0789909362793,50333673,-0.002472151376109967,78.11500053405761,0.00018599094359054806,0.024906662200123546
2018-03-01,80.4000015258789,80.69999694824219,78.5999984741211,78.69999694824219,58.517520904541016,21999228,-0.026333886650072552,78.04000053405761,-0.000944018008718446,0.025596973590954027
2018-03-02,78.0,79.5,77.30000305175781,78.4000015258789,58.29446029663086,13620820,-0.0038191698271530716,77.93500061035157,-0.0013216618802707328,0.025580038647044702
2018-03-05,79.19999694824219,79.4000015258789,77.80000305175781,78.4000015258789,58.29446029663086,7626048,0.0,77.93000068664551,-6.37338984629835e-05,0.02495715339479444
2018-03-06,80.0999984741211,80.5,79.4000015258789,79.5999984741211,59.18672180175781,12148244,0.015190126861900974,77.94000053405762,0.0001257843105147834,0.025062953134963723
2018-03-07,80.4000015258789,80.80000305175781,79.5,80.0,59.48414611816406,13155163,0.005012560992877433,78.00000038146973,0.0007556799541078836,0.025017219723976122
2018-03-08,80.4000015258789,82.69999694824219,80.4000015258789,82.0,60.97124481201172,26349652,0.024692612590371414,78.18000030517578,0.002244765022257484,0.025532056535179717
2018-03-09,83.0,83.80000305175781,82.69999694824219,83.30000305175781,61.937870025634766,17857592,0.01572933854429132,78.37500038146973,0.0023975099168917885,0.025606764398944156
2018-03-12,83.80000305175781,85.0,82.80000305175781,83.0,61.71480941772461,19161816,-0.003607978011946502,78.46500053405762,0.001096269910609516,0.0251938273455485
2018-03-13,85.80000305175781,90.0,85.80000305175781,89.9000015258789,66.84532165527344,57825786,0.0798573506540455,78.98000068664551,0.006084194238481948,0.030196443496555692
2018-03-14,90.0,92.5,89.0,89.4000015258789,66.47354125976562,32321031,-0.00557725920317848,79.5800006866455,0.007206694946879285,0.02926456085083891
2018-03-15,89.9000015258789,91.0,89.4000015258789,91.0,67.66322326660156,19065949,0.017738807269384982,80.51000061035157,0.011432659302475185,0.02356572419070602
2018-03-16,92.0,94.19999694824219,92.0,94.19999694824219,70.0425796508789,44083316,0.03456064266888715,81.54000053405761,0.01233875720914784,0.02411043324465091
2018-03-19,95.0,99.30000305175781,95.0,97.0,72.12452697753906,38541528,0.029290829317645692,82.7550006866455,0.014418481797066054,0.023662724015666436
2018-03-20,95.19999694824219,96.9000015258789,95.0,95.0,70.63743591308594,24366093,-0.020834086902842025,83.84000053405762,0.012965812053706591,0.024921639830580527
2018-03-21,96.80000305175781,99.4000015258789,96.5,99.0,73.61162567138672,29152011,0.041242958534049,84.99000053405761,0.013219325492412923,0.02519443021570418
2018-03-22,97.19999694824219,99.0,95.19999694824219,96.30000305175781,71.60404205322266,26458452,-0.027651499640398283,85.81000061035157,0.009334623931230223,0.025207647836806662
2018-03-23,90.19999694824219,94.5,90.19999694824219,94.5,70.2656478881836,27748981,-0.018868515994494524,86.57000045776367,0.008768083368759505,0.02572875407865158
2018-03-26,92.9000015258789,93.80000305175781,91.69999694824219,92.0,68.40676879882812,23425774,-0.026811257450656815,87.17500038146973,0.007050635258972658,0.02693343651119146
2018-03-27,94.0,95.69999694824219,93.19999694824219,95.4000015258789,70.93484497070312,20359330,0.036290017399738236,87.89500045776367,0.008181471988816977,0.027690294914927197
2018-03-28,93.5,93.5,90.5,90.69999694824219,67.44014739990234,23782487,-0.05052127097441154,88.39000015258789,0.0057790160089019,0.030595297766447167
2018-03-29,91.5999984741211,92.4000015258789,90.4000015258789,92.30000305175781,68.62983703613281,12072843,0.017486851097903825,89.07000045776367,0.007970052896300718,0.02973142471437235
2018-03-30,93.5,93.80000305175781,91.0999984741211,91.80000305175781,68.25806427001953,12909862,-0.005431843702277464,89.74000053405761,0.0078894192025445,0.029767245969482554
2018-04-02,92.5,92.9000015258789,91.69999694824219,91.69999694824219,68.18370056152344,8683438,-0.001089984887376437,90.40500030517578,0.007834919958175677,0.029783443898502533
2018-04-03,90.19999694824219,91.0,89.5,90.5999984741211,67.36579132080078,10804800,-0.012068149775613948,90.95500030517579,0.0064720061262999295,0.030051621825591367
2018-04-09,90.0999984741211,90.19999694824219,87.30000305175781,88.5,65.80433654785156,18833348,-0.023451644193119188,91.38000030517578,0.0050487958670001,0.0307893384077198
2018-04-10,88.0,92.69999694824219,87.69999694824219,91.9000015258789,68.3324203491211,14043360,0.03769849395144524,91.87500038146973,0.005699089935053791,0.03135815971554068
2018-04-11,95.0,95.0,91.19999694824219,91.19999694824219,67.81192779541016,15596723,-0.007646182347300551,92.27000007629394,0.004530313890474198,0.031400233899934404
2018-04-12,92.0,93.19999694824219,91.9000015258789,92.5,68.77854919433594,12513873,0.014153780900351128,92.74500007629395,0.005418401836089079,0.031409120707425985
2018-04-13,93.80000305175781,94.9000015258789,92.69999694824219,93.4000015258789,69.44773864746094,15371930,0.009682717053450628,92.92000007629395,0.0019096701560593354,0.02613218194584203
2018-04-16,93.0,93.0,92.0,92.19999694824219,68.55548095703125,10240413,-0.012931264108607936,93.05999984741212,0.0015419699107878625,0.0262943088508879
2018-04-17,92.5,92.5,89.0,89.5,66.54788208007812,12412104,-0.029721472182412386,92.98499984741211,-0.0008310440618020058,0.026890483785144876
2018-04-18,92.5,94.19999694824219,92.19999694824219,93.0999984741211,69.22467803955078,22355592,0.03943554261253482,92.92999992370605,-0.0005872990646196223,0.027247889851731023
2018-04-19,95.0,98.30000305175781,94.5,97.9000015258789,72.7937240600586,32815733,0.050272397229217204,92.975,0.00046177933095895333,0.02881748132456561
2018-04-20,94.5,96.4000015258789,92.69999694824219,92.69999694824219,68.92725372314453,25730683,-0.05457812547154895,92.85999984741211,-0.001225422597476393,0.03103261574793182
2018-04-23,93.0999984741211,93.9000015258789,91.80000305175781,93.0,69.15031433105469,9520210,0.0032310535022432884,92.55999984741212,-0.0031260178490666785,0.029416691556168592
2018-04-24,91.5999984741211,91.69999694824219,88.5,90.0999984741211,66.9940185546875,18525402,-0.031679345474356774,92.24999961853027,-0.0033274101407646034,0.029606609490006895
2018-04-25,88.5999984741211,91.0,88.4000015258789,90.80000305175781,67.51451110839844,8120930,0.007739171538015388,92.06499977111817,-0.001997025764139108,0.029469002440107746
2018-04-26,92.5,93.5999984741211,90.5999984741211,91.80000305175781,68.25806427001953,12251927,0.01095301165307871,92.05499992370605,-0.00010881230895233157,0.029001515718424683
2018-04-27,93.9000015258789,94.19999694824219,92.9000015258789,93.0999984741211,69.22467803955078,13290356,0.014061837023351113,91.93999977111817,-0.0012202213277716877,0.027939689053340024
2018-04-30,93.0,93.4000015258789,91.30000305175781,93.0,69.15031433105469,8585539,-0.0010746747400885777,92.05499992370605,0.0012521084839444603,0.025421786819825043
2018-05-02,93.9000015258789,93.9000015258789,91.0999984741211,91.69999694824219,68.18370056152344,10880103,-0.014077147170638946,92.02499961853027,-0.0003260914294826783,0.02534050488529051
2018-05-03,91.0,91.0,89.30000305175781,89.9000015258789,66.84532165527344,11821796,-0.019824387531973468,91.92999954223633,-0.0010457186209674786,0.02569501297889082
2018-05-04,90.9000015258789,92.5,90.69999694824219,91.69999694824219,68.18370056152344,7862141,0.019824387531973443,91.92999954223633,1.5612511283791264e-17,0.026115259675412103
2018-05-07,93.80000305175781,93.80000305175781,92.0,92.5999984741211,68.8529052734375,8348541,0.009766779191342747,92.02999954223633,0.0010917464483478502,0.026040495286932273
2018-05-08,93.80000305175781,94.80000305175781,93.5999984741211,94.0,69.89387512207031,15740202,0.015005657096044185,92.30499954223633,0.003014611512806019,0.02554800557175725
2018-05-09,93.9000015258789,94.5999984741211,93.30000305175781,94.4000015258789,70.19129943847656,8523504,0.004246307045422489,92.42999954223633,0.0013420021675048812,0.0242182011996895
2018-05-10,96.0,96.0,93.19999694824219,93.5999984741211,69.5964584350586,8999761,-0.008510722134005229,92.54999961853028,0.0012987751781696473,0.0242358536724996
2018-05-11,95.0,97.4000015258789,94.5,95.5999984741211,71.08354949951172,18048983,0.021142436914857825,92.70499954223632,0.0016482079788949823,0.02448010269889423
2018-05-14,96.9000015258789,97.30000305175781,95.0,95.30000305175781,70.86048889160156,7967384,-0.0031429614134808746,92.79999961853028,0.0010069240555484072,0.024426484980436414
2018-05-15,96.0,96.4000015258789,94.0999984741211,95.5,71.00920104980469,6483588,0.0020964048038862935,92.96499977111816,0.0017583075011731186,0.024205297961662754
2018-05-16,96.0999984741211,104.0,96.0999984741211,102.5,76.21406555175781,48293037,0.07073655109177827,93.61499977111816,0.006781208664882651,0.027524595103627935
2018-05-17,106.0,107.5,101.0,101.5,75.47050476074219,40058004,-0.009804000096620856,94.03499984741211,0.004319231529424868,0.026637923473422188
2018-05-18,100.5,100.5,98.5999984741211,98.9000015258789,73.53728485107422,17780512,-0.02594954442467315,94.0849998474121,0.0005081344467303503,0.025127062903522956
2018-05-21,100.0,101.5,98.5999984741211,99.0,73.61162567138672,12141535,0.0010105960774210029,94.4,0.0032875705241788475,0.02152998845029641
2018-05-22,101.0,102.5,96.9000015258789,97.19999694824219,72.27323913574219,19027970,-0.018349170064882295,94.60999984741211,0.0022085593458225686,0.022067036260845867
2018-05-23,100.5,101.0,98.30000305175781,99.30000305175781,73.8346939086914,20684197,0.021374921714125854,95.07000007629395,0.0048612727052467,0.020938945440944903
2018-05-24,100.5,102.5,99.80000305175781,102.0,75.84229278564453,16584308,0.026827211500437473,95.62999992370605,0.005815674703367804,0.021504408103040964
2018-05-25,103.5,104.0,100.0,100.5,74.72696685791016,12655900,-0.014815085785140587,96.06499977111817,0.00452726983145684,0.021947770651085798
2018-05-28,100.5,100.5,98.80000305175781,99.30000305175781,73.8346939086914,13763663,-0.012012125715296963,96.375,0.003223571694524436,0.022125288165082684
2018-05-29,99.69999694824219,100.0,98.5999984741211,98.9000015258789,73.53728485107422,8893519,-0.004036347726664615,96.67000007629395,0.003075488045195634,0.022165444993712428
2018-05-30,94.0,97.69999694824219,94.0,96.5,71.75274658203125,21459907,-0.02456624571222865,96.91000022888184,0.0025510331181161487,0.0227100529263962
2018-05-31,98.0,99.5999984741211,97.5,99.5999984741211,74.0577621459961,18628942,0.031619140925542785,97.39500007629394,0.005123209540991961,0.022954367988986524
2018-06-01,97.5999984741211,98.80000305175781,97.30000305175781,97.5,72.49629974365234,11091554,-0.021309771266681547,97.68500022888183,0.003066501601059212,0.023406177856053575
2018-06-04,98.0,101.5,98.0,100.5,74.72696685791016,14754585,0.030305349495328843,98.08000030517579,0.004093430116258517,0.024154223283406804
2018-06-05,102.5,103.0,99.5999984741211,101.0,75.09873962402344,12375468,0.004962789342129097,98.43000030517578,0.0035912867285627626,0.024019443521138266
2018-06-06,101.5,102.0,99.80000305175781,100.0,74.35518646240234,8544919,-0.009950330853168092,98.71000022888184,0.002881454833633233,0.024208098691587344
2018-06-07,100.5,101.5,99.5,101.0,75.09873962402344,11653338,0.009950330853168092,99.08000030517579,0.0038045074829918995,0.02410258294874205
2018-06-08,101.5,101.5,98.80000305175781,99.80000305175781,74.20647430419922,9343196,-0.011952302945105986,99.29000053405761,0.0021497704899937084,0.023985374687155486
2018-06-11,100.0,101.0,99.4000015258789,100.5,74.72696685791016,5888807,0.006989513602977092,99.55000038146973,0.002656394240816607,0.023974704354338926
2018-06-12,99.80000305175781,100.5,97.30000305175781,97.5999984741211,72.5706558227539,12570433,-0.029280249714088998,99.65500030517578,0.0010875615149178424,0.02501720823035418
2018-06-13,97.4000015258789,97.4000015258789,94.0,94.0,69.89387512207031,19385860,-0.037582695515037616,99.23000030517578,-0.004328400815422952,0.020454194674145377
2018-06-14,93.69999694824219,93.9000015258789,91.5,93.0,69.15031433105469,13810492,-0.010695289116747919,98.80500030517578,-0.004372965266429305,0.02046771896752276
2018-06-15,93.0999984741211,93.80000305175781,91.5999984741211,92.30000305175781,68.62983703613281,9880827,-0.007555318580985111,98.47500038146973,-0.0034532539742449034,0.01985113559281685
2018-06-19,91.9000015258789,93.5,90.5999984741211,90.5999984741211,67.36579132080078,14305800,-0.018589978365267868,98.05500030517578,-0.004433282696379347,0.02010141320541977
2018-06-20,91.69999694824219,92.0,90.19999694824219,90.4000015258789,67.21708679199219,10190200,-0.0022099119296808533,97.71500053405762,-0.0036263197896192747,0.01983555701246611
2018-06-21,91.5,93.0,91.0,92.5,68.77854919433594,10922037,0.02296436024105744,97.37500038146973,-0.003546847863272695,0.019943885740173438
2018-06-22,92.5,92.5,90.80000305175781,92.5,68.77854919433594,10855746,0.0,96.90000038146972,-0.004888208438294569,0.018653946490326503
2018-06-25,90.80000305175781,91.4000015258789,86.5,86.5,64.31723022460938,17186803,-0.06706423058054588,96.20000038146972,-0.007500665678064833,0.023217779997911716
2018-06-26,84.30000305175781,85.4000015258789,82.0999984741211,85.4000015258789,63.499332427978516,21089734,-0.012798295275875117,95.50500030517578,-0.007539974156093742,0.023226483927616035
2018-06-27,86.5999984741211,88.5999984741211,86.5999984741211,87.19999694824219,64.83771514892578,12619125,0.020858177255752158,94.92000007629395,-0.006295247906972902,0.024075663945487005
2018-06-28,82.5999984741211,83.30000305175781,81.19999694824219,83.0,64.30217742919922,12341103,-0.0493636881211128,94.24500007629395,-0.00753512002741711,0.025652977479881274
2018-06-29,83.0,84.0,82.5,83.19999694824219,64.45711517333984,10296174,0.0024067033507828906,93.425,-0.008995741906155106,0.024090340053465522
2018-07-02,83.5999984741211,83.5999984741211,80.80000305175781,81.0,62.75273132324219,8785104,-0.026798156474942013,92.6,-0.00927016116656813,0.02426859538875384
2018-07-03,82.0,83.19999694824219,81.69999694824219,81.80000305175781,63.37250900268555,9517989,0.009828126243814643,91.6650001525879,-0.010294022329143839,0.022904708117457886
2018-07-04,81.80000305175781,82.5,80.80000305175781,80.9000015258789,62.67524719238281,11634275,-0.011063437990510837,90.66000022888184,-0.011095333695775835,0.022621446653137627
2018-07-05,80.80000305175781,81.30000305175781,77.69999694824219,78.0999984741211,60.50602722167969,12143744,-0.03522380561760442,89.56500015258788,-0.012359007433997652,0.02325126122710872
2018-07-06,79.5,80.0999984741211,78.5999984741211,79.30000305175781,61.43569564819336,11088009,0.015248129816368585,88.48000030517578,-0.012094117485837627,0.023547092728168524
2018-07-09,79.5,82.69999694824219,79.5,81.0,62.75273132324219,16528393,0.02121098754793213,87.5400001525879,-0.010435952961185721,0.024697182516870395
2018-07-10,81.5999984741211,84.0,81.5999984741211,83.9000015258789,64.99942779541016,15633761,0.03517647698759771,86.71000022888184,-0.00902660479195469,0.026483547322394024
2018-07-11,84.0,84.80000305175781,82.19999694824219,83.5999984741211,64.76700592041016,11151102,-0.0035821298215206986,86.01000022888184,-0.007741698797326275,0.026069340535885544
2018-07-12,85.30000305175781,86.5,84.5,86.0,66.62635040283203,16941431,0.028303794414991985,85.61000022888183,-0.004447374300824795,0.026262180954840716
2018-07-13,86.5,89.0,86.19999694824219,88.80000305175781,68.79557800292969,16327613,0.03203938811125819,85.40000038146972,-0.00231064043942449,0.02743919169964823
2018-07-16,89.30000305175781,89.69999694824219,86.0,86.0,66.62635040283203,13119926,-0.03203938811125808,85.08500022888184,-0.003534843915938138,0.02822055418136115
2018-07-17,86.0999984741211,88.30000305175781,86.0,88.0999984741211,68.2532730102539,11387859,0.024125219368774584,84.96000022888184,-0.0013990840292360154,0.0286345269225749
2018-07-18,88.0999984741211,88.0999984741211,83.69999694824219,84.0,65.07689666748047,41574860,-0.04765571677896872,84.64000015258789,-0.003671374271700409,0.03044800493166324
2018-07-19,83.0,83.0,80.19999694824219,80.19999694824219,62.13294219970703,28452386,-0.046293322022688585,84.025,-0.0071342583848877095,0.03118862463976227
2018-07-20,80.69999694824219,81.5999984741211,80.0999984741211,80.5,62.36537170410156,17100985,0.003733707603892664,83.425,-0.006947573004693076,0.03124469963040225
2018-07-23,80.19999694824219,80.30000305175781,78.0,78.5,60.8159065246582,20432812,-0.025158559636154987,83.025,-0.004852289457473532,0.028263997089491674
2018-07-24,78.0,79.4000015258789,77.80000305175781,78.69999694824219,60.97085952758789,15151803,0.0025444918578935894,82.68999977111817,-0.0040851501007850965,0.02824518627597944
2018-07-25,78.4000015258789,81.30000305175781,78.30000305175781,80.69999694824219,62.520301818847656,16072640,0.02509542081356419,82.36499977111816,-0.0038732879228944943,0.028457224441305943
2018-07-26,81.5999984741211,82.5,80.5,81.0,62.75273132324219,13600246,0.003710617212618414,82.26499977111817,-0.0012195726562079343,0.02639153956113472
2018-07-27,81.4000015258789,82.19999694824219,81.4000015258789,81.9000015258789,63.44998550415039,8558234,0.011049854817584802,82.2,-0.0007874150828678388,0.02652447491143914
2018-07-30,81.9000015258789,81.9000015258789,79.5,79.5999984741211,61.66810989379883,10428081,-0.0284849358090195,82.12999992370605,-0.0008717540495717131,0.026614063696719554
2018-07-31,79.5,79.5999984741211,78.30000305175781,78.5999984741211,60.89339065551758,11477693,-0.012642393659061155,81.96999969482422,-0.0019952800447155033,0.026612891264727795
2018-08-01,78.30000305175781,79.69999694824219,78.0,79.5999984741211,61.66810989379883,10393898,0.01264239365906121,81.90499954223633,-0.0008099884622369006,0.026715464995031905
2018-08-02,79.5,79.5,77.9000015258789,78.4000015258789,60.73844528198242,8977377,-0.01519012686190104,81.91999969482421,0.00019169547554826843,0.02571403004615924
2018-08-03,78.5,78.69999694824219,75.69999694824219,75.80000305175781,58.72416305541992,29809422,-0.03372561391012084,81.74499969482422,-0.002256991710776203,0.026523853976190434
2018-08-06,75.0,75.0,73.5999984741211,73.5999984741211,57.01976013183594,23612486,-0.02945332790620233,81.37499961853027,-0.004790207483482927,0.0265838621151619
2018-08-07,73.5999984741211,74.80000305175781,73.19999694824219,74.30000305175781,57.56207275390625,18179650,0.009465987794389074,80.89499969482422,-0.006075731943143358,0.025131427743033598
2018-08-08,75.0,75.69999694824219,73.69999694824219,73.69999694824219,57.09723663330078,18916998,-0.008108235009719108,80.39999961853027,-0.006302037202553278,0.025128169643930654
2018-08-09,74.0999984741211,74.5999984741211,73.69999694824219,73.80000305175781,57.174705505371094,7063052,0.0013560151707078811,79.78999977111816,-0.007649426164767483,0.023865683718114886
2018-08-10,73.80000305175781,74.19999694824219,73.0,73.19999694824219,56.709877014160156,8097574,-0.008163393681573304,79.00999946594239,-0.009659565254409058,0.021964199732754295
2018-08-13,72.5,72.5,67.5999984741211,68.9000015258789,53.37855529785156,23498779,-0.06053917911068881,78.15499954223633,-0.011084554804380595,0.024293557797572356
2018-08-14,69.69999694824219,70.5,67.5999984741211,70.19999694824219,54.38569641113281,15048130,0.018692067393535294,77.25999946594239,-0.01135621240314256,0.02390640206479528
2018-08-15,70.4000015258789,70.4000015258789,67.69999694824219,67.69999694824219,52.448883056640625,12561711,-0.036262132718866066,76.44499931335449,-0.010786533200137425,0.023118647400500986
2018-08-16,65.0,68.4000015258789,63.5,67.30000305175781,52.13899612426758,21293768,-0.005925852844299605,75.79999961853028,-0.008768159741217977,0.02156554614191728
2018-08-17,67.80000305175781,67.9000015258789,65.0,65.0,50.35712432861328,14530845,-0.03477301210062816,75.02499961853027,-0.010693495726444019,0.022102869679825873
2018-08-20,66.5999984741211,67.5999984741211,65.5999984741211,65.69999694824219,50.89943313598633,14866144,0.010711609145036088,74.38499946594239,-0.008899987287384465,0.022321581607577898
2018-08-21,67.19999694824219,69.4000015258789,66.19999694824219,68.5,53.068660736083984,23649964,0.041734866227506426,73.87499961853027,-0.006940468568903823,0.024945124108749796
2018-08-22,69.5999984741211,69.69999694824219,67.0,67.4000015258789,52.216468811035156,15399143,-0.016188704710765625,73.2099998474121,-0.009004674845120315,0.023838202236406113
2018-08-23,67.5,67.5999984741211,66.5999984741211,67.30000305175781,52.13899612426758,9455491,-0.0014847585611487324,72.525,-0.009264443633808671,0.023720365138470503
2018-08-24,67.5999984741211,68.0,66.80000305175781,67.4000015258789,52.216468811035156,6618950,0.0014847585611487868,71.8,-0.009742698446630473,0.023383258514858122
2018-08-27,68.0999984741211,70.30000305175781,67.69999694824219,70.0999984741211,54.3082160949707,15234816,0.03927773171595596,71.325,-0.006354565070381698,0.025351114325298647
2018-08-28,71.5,72.30000305175781,70.69999694824219,70.69999694824219,54.7730598449707,14814608,0.008522757464264882,70.92999992370605,-0.005296307514215398,0.0255160431570832
2018-08-29,71.0999984741211,71.4000015258789,69.5999984741211,69.9000015258789,54.153282165527344,9517378,-0.01137985866841552,70.44500007629395,-0.006497420130589233,0.025190495151947916
2018-08-30,69.9000015258789,70.30000305175781,69.0,69.80000305175781,54.0758056640625,6239431,-0.0014316175794349061,70.01500015258789,-0.005809494666465927,0.0251284010531728
2018-08-31,69.19999694824219,69.69999694824219,68.19999694824219,69.69999694824219,53.99833297729492,11311863,-0.0014337795074939005,69.7099998474121,-0.0041949029463345805,0.02426280811118661
2018-09-03,69.69999694824219,69.69999694824219,66.5999984741211,66.69999694824219,51.674156188964844,10525552,-0.043995366814203955,69.36499977111816,-0.004922004891734662,0.025257108055512862
2018-09-04,67.4000015258789,68.19999694824219,67.0999984741211,67.5999984741211,52.37141418457031,4594776,0.013403053308658545,69.02999954223633,-0.0047251516160211875,0.025390142139584584
2018-09-05,67.5999984741211,67.9000015258789,66.19999694824219,66.5999984741211,51.596683502197266,9310104,-0.014903405841496452,68.67499961853028,-0.005064910157610055,0.025483090294294235
2018-09-06,65.0,65.4000015258789,63.5,63.599998474121094,49.27251434326172,25052637,-0.04609110828097905,68.16499938964844,-0.007437266330194402,0.027016300247491926
2018-09-07,59.29999923706055,60.70000076293945,57.29999923706055,57.5,44.546688079833984,43903884,-0.10082849855096467,67.37999954223633,-0.01207052157366397,0.034151198648880506
2018-09-10,57.599998474121094,59.900001525878906,57.599998474121094,59.400001525878906,46.01866912841797,22834055,0.03250930425349129,66.90499954223633,-0.007418097405454965,0.03353319808980353
2018-09-11,60.0,60.79999923706055,58.900001525878906,60.099998474121094,46.560977935791016,14966607,0.011715564095365403,66.39999961853027,-0.00776692257036346,0.03328264509443017
2018-09-12,58.900001525878906,58.900001525878906,57.29999923706055,57.400001525878906,44.46921920776367,16715439,-0.045965486243384895,65.8849998474121,-0.008252090246589402,0.033786793072961764
2018-09-13,56.5,58.70000076293945,56.20000076293945,57.5,44.546688079833984,16611681,0.0017406178945281727,65.39499969482422,-0.007868766709648011,0.03385798858841369
2018-09-14,59.400001525878906,60.0,58.900001525878906,59.599998474121094,46.17361068725586,13777979,0.0358706006660039,65.12499961853027,-0.004336586071316409,0.0345807006343879
2018-09-17,60.20000076293945,62.900001525878906,59.5,61.20000076293945,47.41317367553711,24236129,0.026491653515302496,64.89999980926514,-0.0035475838528030894,0.03511796208394764
2018-09-18,60.0,60.29999923706055,59.29999923706055,59.29999923706055,45.941192626953125,13174697,-0.03153790884668965,64.43999977111817,-0.0072112226065128935,0.03394784466245405
2018-09-19,61.099998474121094,61.20000076293945,60.0,60.0,46.48350143432617,19221946,0.011735269084179021,64.06999969482422,-0.0058150239167656615,0.03413290890353575
2018-09-20,60.0,60.29999923706055,59.099998474121094,59.5,46.09613800048828,9814401,-0.00836824967051658,63.67999954223633,-0.006159198472234053,0.03412164969120065
2018-09-21,58.5,58.70000076293945,57.0,58.5,45.3214111328125,22875593,-0.01694955831377332,63.23499946594238,-0.007080914315980158,0.034153263818589026
2018-09-25,58.29999923706055,62.0,58.29999923706055,61.70000076293945,47.800537109375,21344235,0.053257189038838346,62.8149995803833,-0.0063819414498360386,0.035276542491524995
2018-09-26,60.70000076293945,61.0,59.70000076293945,60.20000076293945,46.63844680786133,13303202,-0.024611578288461104,62.28999977111816,-0.00803865823747234,0.03531775306692568
2018-09-27,59.099998474121094,59.79999923706055,59.0,59.79999923706055,46.328556060791016,9420742,-0.006666716789786936,61.78499965667724,-0.00780300114354091,0.0353100089209309
2018-09-28,60.20000076293945,60.400001525878906,58.099998474121094,58.099998474121094,45.01152420043945,12733810,-0.028840010603511997,61.19999942779541,-0.009173420794744765,0.03558055213028157
2018-10-01,58.20000076293945,59.5,58.20000076293945,59.20000076293945,45.86371994018555,8357136,0.018755917182561456,60.67499961853027,-0.008163935960241996,0.03609439582392657
2018-10-02,59.20000076293945,59.20000076293945,58.29999923706055,58.400001525878906,45.24394226074219,5689033,-0.013605638815206152,60.25999984741211,-0.0066444495602921054,0.03513346485566318
2018-10-03,58.79999923706055,59.0,57.70000076293945,57.79999923706055,44.77910614013672,5355551,-0.010327153483557262,59.76999988555908,-0.007830959899902895,0.03482010195555077
2018-10-04,56.70000076293945,56.70000076293945,53.79999923706055,53.900001525878906,41.75768280029297,29715765,-0.0698582562542944,59.13500003814697,-0.010578702420542794,0.03747470355625045
2018-10-05,52.900001525878906,53.70000076293945,51.29999923706055,52.20000076293945,40.440643310546875,23058541,-0.032047996720101495,58.56500015258789,-0.009876546842498914,0.03690147187519283
2018-10-08,52.0,53.20000076293945,51.900001525878906,52.70000076293945,40.82801055908203,9639155,0.009532960520054808,58.32500019073486,-0.004358473888947943,0.030234298037529497
2018-10-09,53.29999923706055,54.20000076293945,52.29999923706055,52.29999923706055,40.51811981201172,13242862,-0.007619113541221316,57.97000007629394,-0.006364894778683572,0.028963704136354722
2018-10-11,48.599998474121094,49.20000076293945,47.099998474121094,48.5,37.574161529541016,23042582,-0.07543255853968713,57.39000015258789,-0.0107223009104362,0.0324464955605327
2018-10-12,50.599998474121094,53.29999923706055,50.099998474121094,53.29999923706055,41.292842864990234,22470586,0.09437251891430017,57.185000038146974,-0.0037054006525519454,0.038947216417008754
2018-10-15,54.0,57.20000076293945,54.0,57.20000076293945,44.314273834228516,40559140,0.07061759486611671,57.170000076293945,-0.00026155180397251926,0.04235058833435163
2018-10-16,57.20000076293945,57.20000076293945,54.099998474121094,54.099998474121094,41.912620544433594,41949701,-0.05571975407620473,56.89500007629395,-0.004841069541082951,0.04318169349944043
2018-10-17,55.70000076293945,56.599998474121094,54.20000076293945,54.400001525878906,42.145042419433594,31372247,0.005530024263491439,56.555000114440915,-0.005889151003673504,0.042632064146011596
2018-10-18,53.5,53.900001525878906,51.20000076293945,51.5,39.898338317871094,29915402,-0.054782374241450674,56.16500015258789,-0.007051374273411555,0.043672247127870656
2018-10-19,49.25,52.099998474121094,48.79999923706055,52.099998474121094,40.36317443847656,31552813,0.011583111802127243,55.77000007629395,-0.007058982137514144,0.04366881529723745
2018-10-22,51.0,53.0,50.29999923706055,52.5,40.673065185546875,14642003,0.007648250125760204,55.420000076293945,-0.006258157147700305,0.04379023277657586
2018-10-23,51.0,51.400001525878906,50.5,50.5,39.12361526489258,14087416,-0.038839833316263894,55.02000007629395,-0.007352670897824834,0.044341619751759105
2018-10-24,50.400001525878906,50.70000076293945,49.20000076293945,49.29999923706055,38.193939208984375,23430891,-0.024049270708115186,54.4,-0.01121799388517251,0.042092512454389
2018-10-25,46.70000076293945,46.900001525878906,45.099998474121094,45.75,35.44367218017578,37766123,-0.07473227385166872,53.67749996185303,-0.013724028663332891,0.04436267037904873
2018-10-26,46.70000076293945,46.900001525878906,45.150001525878906,46.0,35.637351989746094,20854635,0.005449604767564685,52.9875,-0.01311821258546531,0.04454646671894552
2018-10-29,46.349998474121094,46.95000076293945,45.349998474121094,46.599998474121094,36.1021842956543,16734678,0.012959111898322221,52.4125,-0.011028256460373599,0.044750101342382526
2018-10-30,46.400001525878906,49.04999923706055,46.349998474121094,48.5,37.574161529541016,24959022,0.03996328955602031,51.877499961853026,-0.009967887841700657,0.04573344564822095
2018-10-31,49.54999923706055,51.900001525878906,49.400001525878906,51.400001525878906,39.820865631103516,34875234,0.05807440420404157,51.527499961853025,-0.006383885690738269,0.04817677525893439
2018-11-01,51.599998474121094,54.5,51.0,54.400001525878906,42.145042419433594,32528279,0.056725979763662115,51.357500076293945,-0.0030312290283773012,0.050179431430732835
2018-11-02,57.0,57.79999923706055,55.400001525878906,56.099998474121094,43.462074279785156,46694056,0.03077160341824164,51.46749992370606,0.002000263955249501,0.04812920817756903
2018-11-05,55.79999923706055,56.29999923706055,54.900001525878906,55.70000076293945,43.15217971801758,17848595,-0.007155624698847301,51.642499923706055,0.0032448825563122113,0.047520387673958664
2018-11-06,55.0,55.0,52.20000076293945,52.20000076293945,40.440643310546875,22572311,-0.06489765112624413,51.617499923706056,-0.00047664802600273575,0.049858973126673804
2018-11-07,52.29999923706055,55.29999923706055,52.29999923706055,55.20000076293945,42.76482391357422,14169969,0.05588045760012512,51.7625,0.002698330531064586,0.05137884347914899
2018-11-08,57.0,57.29999923706055,53.79999923706055,53.79999923706055,41.680206298828125,17579852,-0.025689514117708524,52.027499961853025,0.005185482752163516,0.04852218210112575
2018-11-09,53.400001525878906,54.599998474121094,52.79999923706055,54.20000076293945,41.99009704589844,11191229,0.007407469535266216,52.07250003814697,0.0008372302832118182,0.04377340262885219
2018-11-12,53.5,54.099998474121094,53.099998474121094,53.79999923706055,41.680206298828125,11285160,-0.007407469535266164,51.902499961853025,-0.0030640229368573257,0.040588036243828354
2018-11-13,55.0,57.400001525878906,54.20000076293945,56.20000076293945,43.53954315185547,47155057,0.04364331748837241,52.007500076293944,0.0019041306413715316,0.039878554891674654
2018-11-14,56.29999923706055,57.20000076293945,56.0,56.5,43.77196502685547,22151716,0.005323867677314962,52.1125,0.001893822812062708,0.03987759497349161
2018-11-15,56.70000076293945,56.900001525878906,55.5,55.900001525878906,43.307132720947266,10244126,-0.01067623069476061,52.33250007629395,0.004099129989397212,0.037740649852376955
2018-11-16,56.79999923706055,56.79999923706055,54.5,54.599998474121094,42.299983978271484,17443015,-0.023530552653275704,52.45750007629395,0.002343446766627064,0.03818825755172579
2018-11-19,55.79999923706055,57.5,55.400001525878906,57.5,44.546688079833984,22830293,0.05175109299894595,52.70750007629395,0.004548588910286351,0.03975202001617817
2018-11-20,56.5,57.79999923706055,56.29999923706055,57.5,44.546688079833984,16575274,0.0,53.05750007629395,0.006490580576099546,0.03844815145589241
2018-11-21,56.900001525878906,57.900001525878906,56.400001525878906,57.79999923706055,44.77910614013672,16707952,0.005203814675382379,53.482500076293945,0.007953234845274425,0.037775746017871654
2018-11-22,57.79999923706055,58.5,57.20000076293945,58.0,44.934051513671875,17427393,0.003454248067732181,54.09500007629394,0.011862560941244469,0.032436840393851536
2018-11-23,58.0,58.099998474121094,56.099998474121094,56.099998474121094,43.462074279785156,13097165,-0.03330722521703659,54.6,0.009924719442014406,0.03396197770352845
2018-11-26,56.599998474121094,58.20000076293945,56.099998474121094,57.29999923706055,44.39174270629883,19438634,0.02116482507648627,55.13500003814697,0.010335005100922608,0.034050016161848995
2018-11-27,56.29999923706055,58.400001525878906,55.70000076293945,58.0,44.934051513671875,19698328,0.0121424001405502,55.61000003814697,0.008943960630149102,0.0333367189324996
2018-11-28,58.29999923706055,59.400001525878906,57.70000076293945,58.599998474121094,45.39888381958008,18267560,0.010291659997658078,55.96999988555908,0.006554823419829927,0.031279096795184744
2018-11-29,60.0,63.20000076293945,60.0,60.29999923706055,46.715919494628906,36066769,0.028597420536666716,56.26499977111816,0.0051483954584801575,0.029485434759963118
2018-11-30,60.599998474121094,61.599998474121094,60.599998474121094,61.0,47.25822830200195,25937155,0.0115417730925671,56.50999984741211,0.00418690394219643,0.028913904476458828
2018-12-03,63.20000076293945,64.30000305175781,62.29999923706055,62.79999923706055,48.652732849121094,28572397,0.029081197152124327,56.864999771118164,0.005998745034745011,0.029298536953734834
2018-12-04,62.5,63.099998474121094,61.79999923706055,62.0,48.0329475402832,17901029,-0.012820676280343947,57.354999732971194,0.008602593777040021,0.02460418465640372
2018-12-05,57.0,57.70000076293945,56.0,56.900001525878906,44.081851959228516,35901557,-0.08583901709595414,57.43999977111817,0.0015166200422360575,0.030071627763625562
2018-12-06,56.5,56.79999923706055,54.29999923706055,55.0,42.60987854003906,22265755,-0.033962182716666414,57.499999809265134,0.0011029866122881636,0.030519107895249607
2018-12-07,55.79999923706055,56.099998474121094,55.20000076293945,55.70000076293945,43.15217971801758,11995806,0.012646975398064572,57.57499980926514,0.001364961905428081,0.03059845845686343
2018-12-10,53.5,53.599998474121094,51.29999923706055,52.099998474121094,40.36317443847656,28868461,-0.06681524115871768,57.489999771118164,-0.0016054266757444945,0.0341699836797512
2018-12-11,52.400001525878906,53.400001525878906,51.79999923706055,52.900001525878906,40.98295211791992,13197690,0.015238448237027174,57.32499980926514,-0.0030256701383117564,0.03275112963307156
2018-12-12,53.20000076293945,53.900001525878906,53.0,53.70000076293945,41.60273742675781,14063981,0.015009648013412504,57.18499984741211,-0.0025413811215068793,0.03295208687159224
2018-12-13,54.0,54.5,53.400001525878906,54.29999923706055,42.067569732666016,12085504,0.011111197167181801,57.104999732971194,-0.001452009728409759,0.03302904867439348
2018-12-14,53.599998474121094,53.79999923706055,52.400001525878906,53.5,41.44778823852539,10414603,-0.014842558987478431,57.04999980926514,-0.001017610045119895,0.03277957785320415
2018-12-17,52.900001525878906,53.599998474121094,52.900001525878906,53.5,41.44778823852539,6413380,0.0,56.849999809265135,-0.0036051646950671923,0.030347205271805604
2018-12-18,53.099998474121094,54.599998474121094,52.599998474121094,54.5,42.222511291503906,13307835,0.01851904776723753,56.69999980926514,-0.002679212306705316,0.03074294124926668
2018-12-19,53.400001525878906,53.900001525878906,52.900001525878906,53.70000076293945,41.60273742675781,12520475,-0.014787685946940883,56.49499988555908,-0.0036787873378214793,0.030798094875376138
2018-12-20,52.900001525878906,53.70000076293945,52.5,53.20000076293945,41.21537399291992,12593644,-0.009354605033691774,56.25499992370605,-0.004319229992892677,0.030775128104938303
2018-12-21,53.0,53.900001525878906,52.20000076293945,53.900001525878906,41.75768280029297,11886786,0.013072095535826911,56.14500007629395,-0.002000263955249502,0.030218209876346835
2018-12-24,53.29999923706055,56.0,53.20000076293945,56.0,43.38460159301758,11441993,0.03822118451075643,56.08000011444092,-0.001147445983535994,0.031133212551267615
2018-12-25,53.79999923706055,57.0,53.79999923706055,57.0,44.15932846069336,9788961,0.017699577099400857,56.03000011444092,-0.000869587135593461,0.03128250537633236
2018-12-26,57.29999923706055,57.599998474121094,54.099998474121094,54.099998474121094,41.912620544433594,16631497,-0.05221711018690046,55.805000114440915,-0.003995025644821388,0.03317412996377932
2018-12-27,55.5,56.29999923706055,55.20000076293945,55.79999923706055,43.22965621948242,9280395,0.030939698066865397,55.58000011444092,-0.003877911768311453,0.033299145032281915
2018-12-28,56.29999923706055,56.400001525878906,54.599998474121094,55.0,42.60987854003906,7296551,-0.01444067048204418,55.28000011444092,-0.005177033947042018,0.03317249888201488
2019-01-02,55.5,55.900001525878906,54.599998474121094,55.0,42.60987854003906,9468759,0.0,54.89000015258789,-0.0066310938046482346,0.03221536772911762
2019-01-03,54.70000076293945,54.70000076293945,51.400001525878906,51.5,39.898338317871094,25274154,-0.06575137756278042,54.36500015258789,-0.009277628868770057,0.03481952152398761
2019-01-04,50.099998474121094,51.599998474121094,49.5,51.599998474121094,39.975807189941406,17431836,0.0019398352465294193,54.1,-0.004888686251645879,0.0298368471348375
2019-01-07,52.400001525878906,52.70000076293945,51.400001525878906,51.79999923706055,40.13075637817383,13123200,0.0038684916206563687,53.939999961853026,-0.0029971525347797403,0.029086417035728753
2019-01-08,52.29999923706055,52.400001525878906,51.5,51.70000076293945,40.05328369140625,6178206,-0.0019323382654436222,53.73999996185303,-0.003726118217955151,0.02885548450546213
2019-01-09,52.0,53.0,52.0,52.5,40.673065185546875,11244511,0.015355373326145297,53.76000003814697,0.0003824125062879979,0.024990952180345794
2019-01-10,53.29999923706055,54.5,52.900001525878906,53.79999923706055,41.680206298828125,17413637,0.02446028338912978,53.804999923706056,0.0008435042638931283,0.02536179895990014
2019-01-11,54.5,54.599998474121094,52.400001525878906,53.5,41.44778823852539,16154116,-0.005591799084747057,53.79499988555908,-0.00018656809101484992,0.025173825799717057
2019-01-14,53.0,53.5,52.0,52.0,40.285701751708984,9390852,-0.028437935320533514,53.679999923706056,-0.0021640247154006156,0.025785555073964597
2019-01-15,51.70000076293945,54.20000076293945,51.70000076293945,53.599998474121094,41.52526092529297,14878330,0.030305321027438586,53.68499984741211,9.33692853452352e-05,0.026581155559971308
2019-01-16,54.5,57.20000076293945,54.20000076293945,56.400001525878906,43.694488525390625,36515804,0.050920145949737525,53.829999923706055,0.0026393765828321113,0.028908483759557978
2019-01-17,56.29999923706055,56.900001525878906,55.0,55.099998474121094,42.687347412109375,23392552,-0.023319497092637025,53.85999984741211,0.0005474493398383833,0.029211104779221477
2019-01-18,55.400001525878906,56.599998474121094,55.400001525878906,56.400001525878906,43.694488525390625,15273222,0.023319497092637056,53.99499988555908,0.002452808491817281,0.029400390366779848
2019-01-21,57.20000076293945,57.29999923706055,56.599998474121094,57.20000076293945,44.314273834228516,11173892,0.01408472616525117,54.194999885559085,0.0036247750517644276,0.029372106803016426
2019-01-22,57.20000076293945,57.20000076293945,56.400001525878906,56.5,43.77196502685547,5256309,-0.01231327357145915,54.32499980926514,0.0023555065964001244,0.029490624008907486
2019-01-23,56.099998474121094,57.5,55.70000076293945,57.0,44.15932846069336,14375569,0.008810629682154906,54.374999809265134,0.0008849788549700482,0.02831803768596398
2019-01-24,57.599998474121094,59.70000076293945,57.599998474121094,59.599998474121094,46.17361068725586,22538447,0.044604280634758554,54.50499973297119,0.002230214031737933,0.029761125641615264
2019-01-25,61.79999923706055,61.900001525878906,59.29999923706055,60.0,46.48350143432617,24419831,0.006689013752791986,54.79999980926514,0.005175520228722555,0.026862849124049223
2019-01-28,61.0,61.79999923706055,60.79999923706055,60.79999923706055,47.103275299072266,17092868,0.013245214201674292,55.04999980926514,0.004290796035463,0.026254135475092876
2019-01-29,60.20000076293945,60.20000076293945,58.5,58.79999923706055,45.553829193115234,14602687,-0.03344793449435456,55.239999771118164,0.0033404328348474815,0.02729140321669665
2019-01-30,58.79999923706055,60.20000076293945,58.79999923706055,60.099998474121094,46.560977935791016,11079510,0.021867974222740994,55.494999694824216,0.004433831545984531,0.027586985856908136
2019-02-11,60.79999923706055,60.79999923706055,59.0,59.0,45.708778381347656,15726888,-0.01847237224644205,55.869999694824216,0.00679778181180145,0.022880420683091682
2019-02-12,59.20000076293945,60.099998474121094,59.099998474121094,60.0,46.48350143432617,12268681,0.01680711831638119,56.28999977111816,0.007541145965294038,0.022955672076516543
2019-02-13,60.5,60.79999923706055,59.0,60.5,46.87086486816406,16399079,0.008298802814695064,56.724999809265135,0.007762661524995972,0.022939736840950443
2019-02-14,61.0,63.0,60.5,62.099998474121094,48.11042404174805,22538894,0.026102599331318137,57.244999694824216,0.009164408404834061,0.023171513150292686
2019-02-15,62.099998474121094,62.5,60.0,60.0,46.48350143432617,20099791,-0.03440140214601313,57.619999694824216,0.006676569631226139,0.025065520854915223
2019-02-18,60.5,60.79999923706055,60.099998474121094,60.20000076293945,46.63844680786133,8695778,0.0033278027660873723,57.93999977111817,0.005619945600074019,0.024719426684359905
2019-02-19,60.099998474121094,60.900001525878906,60.0,60.5,46.87086486816406,6374602,0.00497100004860773,58.28999977111816,0.006148085556741759,0.02457972027980964
2019-02-20,60.20000076293945,60.599998474121094,60.099998474121094,60.599998474121094,46.948333740234375,7308956,0.0016515028589527082,58.71999969482422,0.00765255746571607,0.02323546295165499
2019-02-21,60.79999923706055,61.0,60.5,60.79999923706055,47.103275299072266,7699349,0.003294908528026345,59.07999973297119,0.006302036840745458,0.022626499742196007
2019-02-22,60.70000076293945,62.5,60.400001525878906,60.900001525878906,47.180755615234375,18279189,0.0016434233475588623,59.30499973297119,0.0038382007106365244,0.020048268819847732
2019-02-25,61.70000076293945,62.29999923706055,61.29999923706055,61.599998474121094,47.723060607910156,12931141,0.011428645997378485,59.62999973297119,0.0055756078651373,0.019051773239823697
2019-02-26,61.599998474121094,62.70000076293945,61.599998474121094,62.0,48.0329475402832,17603559,0.006472539276379328,59.90999965667724,0.004733259974324414,0.01859286661416024
2019-02-27,62.79999923706055,63.20000076293945,62.20000076293945,62.20000076293945,48.187896728515625,18697279,0.003220626965949721,60.15999965667724,0.004190055014359341,0.01846352848161178
2019-03-04,67.0999984741211,67.0999984741211,63.900001525878906,64.80000305175781,50.20218276977539,53442888,0.04095063844221451,60.57499980926514,0.006853250615043024,0.019754099133876372
2019-03-05,63.900001525878906,64.4000015258789,63.099998474121094,63.099998474121094,48.88514709472656,21244500,-0.026584905088004845,60.87999973297119,0.005083473876535037,0.021108617533274133
2019-03-06,61.099998474121094,62.29999923706055,61.099998474121094,61.400001525878906,47.568119049072266,24728202,-0.027310885360706583,60.96999988555908,0.0014877155767617795,0.02012436561630775
2019-03-07,60.79999923706055,61.400001525878906,60.0,60.0,46.48350143432617,19288813,-0.02306529778244374,60.96999988555908,-6.7654215563095475e-18,0.020807820831388726
2019-03-08,59.29999923706055,60.79999923706055,59.0,60.5,46.87086486816406,14312939,0.008298802814695064,60.954999923706055,-0.00024732056934896813,0.020671049965567546
2019-03-11,60.5,60.900001525878906,60.29999923706055,60.400001525878906,46.79338836669922,10884403,-0.0016542348331310876,61.035000038146975,0.0013423644137122055,0.01914997664247822
2019-03-12,61.099998474121094,61.599998474121094,60.79999923706055,60.79999923706055,47.103275299072266,9693905,0.006600646220110225,61.070000076293944,0.0005789980135806671,0.018584663749627663
2019-03-13,60.79999923706055,61.20000076293945,60.099998474121094,60.099998474121094,46.560977935791016,10727661,-0.011579960271613557,61.125,0.000923618612322092,0.018274104625920724
2019-03-14,60.099998474121094,60.599998474121094,60.0,60.29999923706055,46.715919494628906,11313247,0.0033222749285827147,61.13999996185303,0.00024937644293216804,0.017902206622174975
2019-03-15,60.5,60.900001525878906,60.099998474121094,60.099998474121094,46.560977935791016,17799873,-0.00332227492858262,61.11999988555908,-0.00033167744423171614,0.0178155786249996
2019-03-18,60.5,60.5,59.0,59.5,46.09613800048828,18115845,-0.010033503600577361,60.98999996185303,-0.002138482590826491,0.01679687555296435
2019-03-19,59.79999923706055,60.099998474121094,59.599998474121094,59.70000076293945,46.25108337402344,8481778,0.003355720626527464,60.975,-0.00025062645219946125,0.015006272045310997
2019-03-20,59.900001525878906,60.70000076293945,59.70000076293945,60.599998474121094,46.948333740234375,11681383,0.014962834717636824,60.99499988555908,0.00033112514537801137,0.015373338780481914
2019-03-21,63.599998474121094,63.599998474121094,62.099998474121094,62.79999923706055,48.652732849121094,31767529,0.03566019342968704,61.10999984741211,0.0018655848144319771,0.01727482905259405
2019-03-22,64.0,64.69999694824219,63.0,63.099998474121094,48.88514709472656,25952791,0.004765684039815553,61.23499984741211,0.0020212938734751195,0.01728682871793717
2019-03-25,62.0,62.0,60.79999923706055,61.099998474121094,47.335697174072266,16153328,-0.03220890416116998,61.249999809265134,0.00024610323901530333,0.018897107579805214
2019-03-26,61.70000076293945,61.79999923706055,60.70000076293945,61.0,47.25822830200195,11311456,-0.0016379770307699078,61.25499973297119,8.203322009886469e-05,0.01889858209430289
2019-03-27,61.20000076293945,61.599998474121094,60.70000076293945,61.099998474121094,47.335697174072266,7890559,0.0016379770307698473,61.229999732971194,-0.0004075002282315672,0.018715113760092352
2019-03-28,60.599998474121094,60.900001525878906,60.20000076293945,60.79999923706055,47.103275299072266,8785986,-0.004922064780306197,61.16999969482422,-0.0009772304310658435,0.0186680259682025
2019-03-29,60.79999923706055,61.400001525878906,60.79999923706055,61.400001525878906,47.568119049072266,7956707,0.00982008358076948,61.12999973297119,-0.0006472576003248555,0.01880396237527462
2019-04-01,62.29999923706055,62.400001525878906,61.0,61.0,47.25822830200195,12307945,-0.006535995831233261,60.9399995803833,-0.003021589313997244,0.016075044864076488
2019-04-02,61.5,62.400001525878906,61.20000076293945,61.70000076293945,47.800537109375,17245786,0.011410079103338076,60.869999694824216,-0.001121840104430098,0.015373587298584313
2019-04-03,62.0,62.5,61.70000076293945,62.29999923706055,48.2653694152832,9609165,0.009677470270539005,60.9149995803833,0.0007275776771321814,0.014240321981577726
2019-04-08,62.29999923706055,63.20000076293945,62.099998474121094,63.0,48.807682037353516,17620595,0.011173312844344516,61.0649995803833,0.002439508208471594,0.013253295459714157
2019-04-09,63.29999923706055,63.29999923706055,62.5,62.599998474121094,48.49778366088867,6550014,-0.00636947266054252,61.169999504089354,0.001706094434709715,0.013317688802381315
2019-04-10,62.5,62.70000076293945,62.099998474121094,62.5,48.420310974121094,7158327,-0.0015986969886343746,61.27499942779541,0.0017088713269345502,0.013316957027642127
2019-04-11,62.900001525878906,63.20000076293945,61.599998474121094,61.599998474121094,47.723060607910156,11718119,-0.01450471097364351,61.314999389648435,0.0006536034672468637,0.01373846794749689
2019-04-12,61.20000076293945,61.5,60.400001525878906,60.5,46.87086486816406,16381082,-0.018018480731916583,61.33499946594238,0.00033167744423171234,0.014110612744809434
2019-04-15,61.099998474121094,61.900001525878906,60.79999923706055,61.70000076293945,47.800537109375,9142519,0.019640578239853528,61.404999542236325,0.0011475926097952532,0.014749940364053249
2019-04-16,61.900001525878906,62.70000076293945,61.79999923706055,62.70000076293945,48.575260162353516,11865037,0.016077516530319046,61.53499965667724,0.0021175821827403365,0.015074829825606588
2019-04-17,62.70000076293945,64.19999694824219,61.70000076293945,63.900001525878906,49.50492477416992,30731797,0.01895792545568976,61.75499973297119,0.003567153635553692,0.015237907231378698
2019-04-18,64.19999694824219,64.30000305175781,62.79999923706055,63.099998474121094,48.88514709472656,14024451,-0.012598639897406899,61.92499961853027,0.0027694356093569744,0.01566128921005141
2019-04-19,63.5,64.4000015258789,63.29999923706055,63.70000076293945,49.34998321533203,10400185,0.009463829189938027,62.07999973297119,0.0024944853329720343,0.0154832126157822
2019-04-22,64.0999984741211,64.30000305175781,63.70000076293945,63.79999923706055,49.42745590209961,5236253,0.0015686038372563337,62.12999973297119,0.0007899058533504989,0.013372494992462949
2019-04-23,64.4000015258789,65.4000015258789,63.400001525878906,64.9000015258789,50.27965545654297,20277109,0.01709446882882969,62.21999988555908,0.0014063450928012058,0.013841358389110497
2019-04-24,64.9000015258789,65.80000305175781,64.5999984741211,65.4000015258789,50.667015075683594,20393870,0.007674634573359266,62.435000038146974,0.003400522029527668,0.011401413754826574
2019-04-25,65.4000015258789,67.0,64.80000305175781,65.5,50.744483947753906,30878279,0.001527860846571737,62.660000038146975,0.0035588139233947505,0.011349638847067647
2019-04-26,65.5,66.19999694824219,64.69999694824219,66.0,51.13185119628906,13586170,0.0076045993852192125,62.90500011444092,0.003857145041117218,0.011374881083791335
2019-04-29,66.0,66.4000015258789,64.5,64.69999694824219,50.12470626831055,12882550,-0.019893587687389643,63.1,0.003108568895763046,0.012427020494157514
2019-04-30,64.5999984741211,65.80000305175781,64.5999984741211,65.4000015258789,50.667015075683594,13400509,0.010761127455598624,63.3,0.003155621089504503,0.01245551848494631
2019-05-02,65.80000305175781,66.4000015258789,65.5,65.69999694824219,50.89943313598633,8987839,0.004576597246038638,63.53499984741211,0.003711250743368098,0.01224653790454567
2019-05-03,65.69999694824219,66.80000305175781,65.5999984741211,66.69999694824219,51.674156188964844,11720593,0.01510602812741341,63.78499965667724,0.0038960481945718656,0.012395801738063634
2019-05-06,66.0,66.0,64.69999694824219,65.0,50.35712432861328,16025939,-0.025817637272449453,63.91999969482422,0.0021212928174224417,0.0139660212540377
2019-05-07,65.30000305175781,66.4000015258789,65.30000305175781,66.19999694824219,51.28679656982422,8825884,0.018293146948263766,64.07999954223632,0.0024772845226184045,0.014295749168113001
2019-05-08,65.19999694824219,66.0,65.0,65.9000015258789,51.05438232421875,6725366,-0.004541952180979726,64.24499969482422,0.002568660546596544,0.014241965456026955
2019-05-09,65.5,65.69999694824219,64.0,64.19999694824219,49.73734664916992,11994963,-0.026135301502175183,64.32999954223632,0.001341830320919504,0.015610870607538402
2019-05-10,64.4000015258789,65.30000305175781,63.29999923706055,63.79999923706055,49.42745590209961,11167354,-0.006249984768300416,64.4399995803833,0.0017545666311866587,0.01527537078797655
2019-05-13,63.5,64.0999984741211,61.0,61.099998474121094,47.335697174072266,15245100,-0.0432413371883644,64.46999950408936,0.000493423808364268,0.017822591275381536
2019-05-14,59.900001525878906,61.5,59.20000076293945,61.5,47.64558792114258,15948487,0.006525333608391078,64.45999946594239,-0.00016233842320885448,0.01731506853116827
2019-05-15,61.70000076293945,62.900001525878906,61.70000076293945,62.0,48.0329475402832,12024976,0.008097210232619303,64.42499942779541,-0.0005613537380938416,0.017010404489757578
2019-05-16,62.20000076293945,62.20000076293945,61.0,61.0,47.25822830200195,10908341,-0.01626052087178029,64.27999935150146,-0.002322276054467344,0.016703557764044464
2019-05-17,61.20000076293945,61.599998474121094,60.599998474121094,60.599998474121094,46.948333740234375,9301090,-0.006578996277562756,64.15499935150146,-0.0020212938734751372,0.01656227832871459
2019-05-20,60.599998474121094,61.29999923706055,60.599998474121094,60.900001525878906,47.180755615234375,7071609,0.004938331875585292,64.01499938964844,-0.002247568739192774,0.01642747463983577
2019-05-21,60.79999923706055,61.5,60.70000076293945,61.5,47.64558792114258,9656487,0.009803975041138334,63.89999942779541,-0.0018358001789986734,0.016630128026248987
2019-05-22,61.5,61.599998474121094,60.79999923706055,60.79999923706055,47.103275299072266,5028086,-0.011447398388697232,63.694999313354494,-0.00326289353987502,0.01613749773768502
2019-05-23,60.29999923706055,60.400001525878906,59.900001525878906,60.20000076293945,46.63844680786133,10796795,-0.009917411435586847,63.43499927520752,-0.004142495840322325,0.01598870804579464
2019-05-24,60.0,60.29999923706055,59.599998474121094,59.79999923706055,46.328556060791016,8085404,-0.006666716789786936,63.14999923706055,-0.00455222472214026,0.015940676380374403
2019-05-27,60.099998474121094,61.5,60.099998474121094,60.5,46.87086486816406,6250988,0.011637716838394603,62.87499923706055,-0.0043505688494814895,0.016126980725919504
2019-05-28,61.29999923706055,61.29999923706055,60.29999923706055,60.900001525878906,47.180755615234375,15135270,0.00658983473453814,62.68499946594238,-0.0030263977283851,0.015868786064698395
2019-05-29,59.70000076293945,60.0,57.79999923706055,58.0,44.934051513671875,24612819,-0.04879018922491454,62.314999389648435,-0.006003963562410759,0.018512385395637796
2019-05-30,58.400001525878906,60.0,58.20000076293945,60.0,46.48350143432617,14206511,0.033901551675681416,62.029999542236325,-0.00453771584092862,0.020454010132460485
2019-05-31,60.400001525878906,61.79999923706055,60.29999923706055,61.599998474121094,47.723060607910156,18070150,0.026317283546611638,61.77499961853027,-0.0039771530699687085,0.02116207354428988
2019-06-03,61.0,62.20000076293945,60.599998474121094,61.900001525878906,47.95547866821289,9794165,0.004858358572547209,61.619999694824216,-0.0024433532777188753,0.020600003138626297
2019-06-04,61.20000076293945,61.20000076293945,60.79999923706055,60.900001525878906,47.180755615234375,12908283,-0.016287004569925566,61.35499992370605,-0.004172360853628342,0.020215545545633207
2019-06-05,61.599998474121094,62.20000076293945,60.5,60.5,46.87086486816406,11789943,-0.006589834734538114,61.08499984741211,-0.0042747549813062615,0.020222701214114756
2019-06-06,60.099998474121094,60.20000076293945,58.79999923706055,59.20000076293945,45.86371994018555,17602215,-0.021721810259345116,60.83500003814697,-0.004054080419164758,0.019994390715961673
2019-06-10,60.0,60.0,59.099998474121094,59.29999923706055,45.941192626953125,14247770,0.0016877383604708784,60.61000003814697,-0.003657194262726193,0.020027262545829774
2019-06-11,59.5,59.900001525878906,59.29999923706055,59.400001525878906,46.01866912841797,10850960,0.0016849589188742881,60.525000190734865,-0.0014108794573642592,0.017742973823423137
2019-06-12,59.79999923706055,60.70000076293945,59.70000076293945,60.70000076293945,47.02581024169922,10955569,0.021649458577675407,60.48500022888184,-0.000654673208900043,0.01840881944889145
2019-06-13,60.5,61.20000076293945,60.099998474121094,60.900001525878906,47.180755615234375,7434822,0.0032894891368624637,60.43000030517578,-0.0008950592636878848,0.018319695010482515
2019-06-14,60.900001525878906,61.20000076293945,60.79999923706055,60.79999923706055,47.103275299072266,7363811,-0.0016434233475588985,60.42000026702881,-0.00016420438747681516,0.0179625237671681
2019-06-17,60.900001525878906,61.5,60.79999923706055,60.900001525878906,47.180755615234375,6864361,0.0016434233475588623,60.4350004196167,0.00024691659377926574,0.01790197062872994
2019-06-18,61.20000076293945,61.29999923706055,60.70000076293945,60.900001525878906,47.180755615234375,6322391,0.0,60.4350004196167,1.1817803680091999e-18,0.017867881696111552
2019-06-19,61.5,62.29999923706055,61.400001525878906,62.099998474121094,48.11042404174805,18375034,0.01951276459678002,60.46500034332276,0.00048543947778208554,0.01827549373757228
2019-06-20,62.099998474121094,62.79999923706055,61.79999923706055,62.29999923706055,48.2653694152832,10055258,0.003215449179074474,60.54000034332275,0.0012185818561706706,0.01806448993288463
2019-06-21,62.5,63.400001525878906,62.5,63.0,48.807682037353516,13248311,0.011173312844344516,60.68000030517578,0.002273118070167239,0.017995665448994787
2019-06-24,63.20000076293945,63.5,62.599998474121094,63.099998474121094,48.88514709472656,8805308,0.0015860189737184932,60.84500026702881,0.0026857548583425106,0.017874094161157733
2019-06-25,63.29999923706055,64.5999984741211,63.29999923706055,63.29999923706055,49.04009246826172,18486563,0.0031645717321233196,60.98500022888184,0.0022620976030289465,0.017750735392421363
2019-06-26,64.5,64.9000015258789,63.20000076293945,63.70000076293945,49.34998321533203,12692418,0.006299257457814715,61.125000190734866,0.002247568739192775,0.01774712528495725
2019-06-27,63.599998474121094,64.30000305175781,63.599998474121094,64.0999984741211,49.659873962402344,13649724,0.006259765566771986,61.430000114440915,0.005000066478777101,0.013066567968375818
2019-06-28,64.5999984741211,64.5999984741211,64.0999984741211,64.5,49.969764709472656,12518923,0.006220883679765954,61.65500011444092,0.0036160330789813283,0.01117292863173695
2019-07-01,66.0,66.19999694824219,65.30000305175781,66.0,51.13185119628906,22547008,0.02298951822469878,61.875000190734866,0.0034496448128856854,0.010836788713459791
2019-07-02,66.19999694824219,66.69999694824219,66.19999694824219,66.30000305175781,51.36427307128906,19465379,0.004535201194919773,62.09500026702881,0.003433486944004313,0.010834818482560361
2019-07-03,66.0,66.30000305175781,64.69999694824219,65.19999694824219,50.51206970214844,29251850,-0.01673052109484056,62.310000038146974,0.0034113111177585644,0.010877674235609537
2019-07-04,58.099998474121094,59.79999923706055,58.099998474121094,59.20000076293945,51.47771072387695,35507055,-0.09653786734905413,62.24500007629395,-0.0010860905129672367,0.024850537501351622
2019-07-05,59.79999923706055,62.29999923706055,59.70000076293945,62.0,53.9124641418457,22847130,0.046212830267640864,62.38500003814697,0.002310641513382062,0.02647146852983837
2019-07-08,61.900001525878906,63.0,60.29999923706055,61.0,53.04291534423828,19246116,-0.01626052087178029,62.47000007629394,0.0014132285517695039,0.02679594169972189
2019-07-09,61.70000076293945,62.79999923706055,60.79999923706055,62.79999923706055,54.60811233520508,20813380,0.029081197152124327,62.63999996185303,0.002783040463432006,0.027501523685572654
2019-07-10,64.0,64.5,63.20000076293945,64.4000015258789,55.99940490722656,35834712,0.0251585954786439,62.825,0.0029584973084804305,0.027639074479155694
2019-07-11,65.5999984741211,65.5999984741211,64.69999694824219,65.4000015258789,56.86895751953125,36232234,0.015408624990554984,63.05,0.0035644541011650563,0.027779207269807402
2019-07-12,66.0,69.19999694824219,65.80000305175781,66.69999694824219,57.9993782043457,68227197,0.019682625373452087,63.34499988555908,0.004630756537215607,0.027977374518649505
2019-07-15,66.80000305175781,69.9000015258789,66.80000305175781,69.9000015258789,60.78196334838867,42377590,0.04686076390113278,63.79499988555908,0.006891623564894302,0.029508388800307702
2019-07-16,69.9000015258789,70.0,67.30000305175781,67.9000015258789,59.0428466796875,33899853,-0.029029614032125804,64.14499988555909,0.005440142863288011,0.03056043201404049
2019-07-17,66.5999984741211,68.9000015258789,66.4000015258789,67.69999694824219,58.868934631347656,26744506,-0.0029499221965286777,64.42499980926513,0.0043170085236225765,0.03042850636039408
2019-07-18,68.5,68.80000305175781,66.69999694824219,66.69999694824219,57.9993782043457,20533496,-0.014881227672478363,64.64499969482422,0.003412174681044935,0.03073055255087915
2019-07-19,67.9000015258789,68.4000015258789,66.80000305175781,67.69999694824219,58.868934631347656,15351772,0.014881227672478283,64.87999954223633,0.0035975704224516228,0.030790964858026643
2019-07-22,68.5999984741211,70.0,68.5999984741211,69.80000305175781,60.695003509521484,39338075,0.030547918649219675,65.21499977111816,0.005045665406226682,0.03136703110755897
2019-07-23,71.30000305175781,72.9000015258789,71.30000305175781,72.30000305175781,62.868892669677734,41536778,0.03519011788458536,65.66499996185303,0.006646942713849785,0.0320753962858893
2019-07-24,71.69999694824219,72.0,70.30000305175781,71.80000305175781,62.43412399291992,28900151,-0.006939652816601429,66.07000007629395,0.005984997200128977,0.032219233506228025
2019-07-25,72.5999984741211,76.5999984741211,72.30000305175781,76.5,66.52103424072266,42286443,0.06340622227472194,66.69000015258788,0.008842320035526475,0.03468454597666939
2019-07-26,74.30000305175781,77.80000305175781,74.30000305175781,77.0,66.95580291748047,31895833,0.006514681021193672,67.31500015258788,0.00885700990259786,0.034683439489425386
2019-07-29,76.19999694824219,76.5,74.80000305175781,74.80000305175781,65.04278564453125,26992028,-0.028987496074351866,67.75500030517578,0.006258159187645329,0.03550632031351228
2019-07-30,76.30000305175781,77.0,73.4000015258789,75.80000305175781,65.91234588623047,32283921,0.013280407129650328,68.23000030517578,0.006695419484381857,0.03553781996725921
2019-07-31,76.0,76.0,72.80000305175781,74.0,64.3471450805664,31822594,-0.024033239704812616,68.67000045776368,0.006330283553883253,0.035827514882949066
2019-08-01,72.0,74.0999984741211,71.5,74.0999984741211,64.43408966064453,23291150,0.0013504185057133006,69.41500034332276,0.011224697846621624,0.026509623268978398
2019-08-02,72.69999694824219,73.4000015258789,71.80000305175781,72.30000305175781,62.868892669677734,32678753,-0.024591340335513273,69.93000049591065,0.007684489316463918,0.02631829466101219
2019-08-05,72.69999694824219,73.19999694824219,70.69999694824219,70.9000015258789,61.65151596069336,22004093,-0.019553716314723874,70.4250005722046,0.007519829544316739,0.02648575994726011
2019-08-06,68.0999984741211,69.80000305175781,68.0999984741211,69.19999694824219,60.17326736450195,29157084,-0.024269636536569376,70.74500045776367,0.004852287859882054,0.026883546256829493
2019-08-07,70.5,71.30000305175781,69.80000305175781,69.80000305175781,60.695003509521484,17170273,0.00863323496670796,71.01500053405762,0.004026019834285256,0.026477469252607848
2019-08-08,68.5,69.9000015258789,68.0999984741211,68.0999984741211,59.21676254272461,28102842,-0.02465686274076308,71.15000038146972,0.002022745447719353,0.027079758482311526
2019-08-12,67.4000015258789,69.69999694824219,67.30000305175781,69.30000305175781,60.260231018066406,21444982,0.017467759483744367,71.28000068664551,0.0019120021532339673,0.027008171168801547
2019-08-13,69.0,69.69999694824219,67.9000015258789,68.80000305175781,59.82545471191406,14731674,-0.0072411609365239035,71.22500076293946,-0.0007930940886488668,0.02489601869048621
2019-08-14,71.5999984741211,72.5,70.69999694824219,72.5,63.04281234741211,31856494,0.052382772564387094,71.4550006866455,0.0032775252411767777,0.02663139825500781
2019-08-15,71.5,72.30000305175781,70.4000015258789,71.4000015258789,62.08629608154297,21743656,-0.015288671144237587,71.64000091552734,0.0026605877937913324,0.02692455971166424
2019-08-16,72.0,72.4000015258789,70.4000015258789,71.30000305175781,61.99934005737305,15702821,-0.0014015204944898489,71.87000122070313,0.0033345731526907584,0.02662943237757538
2019-08-19,72.4000015258789,72.4000015258789,70.80000305175781,71.5,62.17324447631836,10515560,0.002801079478060292,72.06000137329102,0.002730565742969859,0.026490385139723634
2019-08-20,72.19999694824219,72.19999694824219,69.19999694824219,69.5999984741211,60.52109146118164,20625510,-0.02693290428313577,72.05000114440918,-0.00014347540364791355,0.026431623477227644
2019-08-21,69.69999694824219,70.5,69.30000305175781,70.19999694824219,61.04282760620117,11580639,0.008583722142604668,71.9450008392334,-0.0014737951907469484,0.025200553273824835
2019-08-22,70.9000015258789,70.9000015258789,70.0,70.30000305175781,61.12978744506836,8639442,0.001423574667682473,71.8700008392334,-0.0010556338165327531,0.02517445634665541
2019-08-23,71.5,71.5,70.69999694824219,71.5,62.17324447631836,10354473,0.016925607472848464,71.6200008392334,-0.0033796645566264273,0.020649051927519868
2019-08-26,70.0,71.80000305175781,69.69999694824219,71.0999984741211,61.82543182373047,11791814,-0.005610134351792362,71.32500076293945,-0.003985905325275728,0.020520862206551492
2019-08-27,72.0999984741211,72.69999694824219,71.5,72.4000015258789,62.955848693847656,15832553,0.018119005119176416,71.2050006866455,-0.0016305802655993142,0.02020110253810207
2019-08-28,72.5,73.5,72.0,73.5,63.9123649597168,12982225,0.015079085751445101,71.09000053405762,-0.0015406463345095753,0.020274848253574534
2019-08-29,72.30000305175781,73.0,70.5999984741211,70.9000015258789,61.65151596069336,22627899,-0.036014951159145096,70.93500061035157,-0.0021397319072261993,0.02113328981358602
2019-08-30,71.80000305175781,72.0999984741211,70.0,70.4000015258789,61.21674346923828,26844327,-0.007077170221233109,70.75000076293945,-0.00256111134357352,0.02114405324281823
2019-09-02,71.19999694824219,72.0,70.5999984741211,71.80000305175781,62.43412399291992,11808827,0.01969123371935554,70.72500076293946,-0.0003469826408300791,0.021033979171911372
2019-09-03,72.0999984741211,72.4000015258789,70.80000305175781,71.19999694824219,61.912376403808594,8098390,-0.008391743001606186,70.74000053405761,0.0002111160248258053,0.02064196974576174
2019-09-04,72.5,73.9000015258789,72.5,73.0,63.47758102416992,23168472,0.024966665592228893,70.93000068664551,0.002672931131265719,0.02050423152830436
2019-09-05,73.9000015258789,77.19999694824219,73.9000015258789,76.9000015258789,66.86885070800781,51735888,0.05204645520558551,71.28500061035156,0.004843592143209596,0.02327866763899728
2019-09-06,77.9000015258789,78.5,76.30000305175781,77.0999984741211,67.04276275634766,19900218,0.0025973644244003916,71.73500061035156,0.00620630350146777,0.02223517842184697
2019-09-10,76.80000305175781,77.5999984741211,76.19999694824219,76.5,66.52103424072266,13482218,-0.007812519945886756,72.09500045776367,0.0049422895299862145,0.022279814351467562
2019-09-11,77.30000305175781,77.30000305175781,76.4000015258789,76.9000015258789,66.86885070800781,7464510,0.0052151555214863385,72.50000038146973,0.005565105352886727,0.02209464381720703
2019-09-12,77.5,78.0,77.5,77.80000305175781,67.65144348144531,8852045,0.011635574056047301,72.76500053405762,0.0035277454274697364,0.019245276030908004
2019-09-16,77.0999984741211,79.4000015258789,76.4000015258789,78.0999984741211,67.91232299804688,18250310,0.003848566898114008,73.10000038146973,0.004484607329587316,0.018729326905645965
2019-09-17,79.5,83.30000305175781,79.0,82.0,71.3035888671875,34619090,0.04872920995611497,73.63500022888184,0.006991143852117557,0.02110406532859054
2019-09-18,82.0,83.4000015258789,81.5999984741211,82.0999984741211,71.39054107666016,22382170,0.0012187506085152738,74.1650001525879,0.006912027408640306,0.021123557055101456
2019-09-19,82.5999984741211,83.0,80.80000305175781,81.4000015258789,70.78185272216797,9787935,-0.00856270611883284,74.75500030517578,0.007830537316855454,0.01994070599768741
2019-09-20,82.0,82.9000015258789,81.5999984741211,82.9000015258789,72.08618927001953,10478918,0.01825978879357306,75.39000053405762,0.008314340649403873,0.020076857643262995
2019-09-23,83.4000015258789,85.30000305175781,82.5,85.0,73.9122543334961,16248561,0.02501617594280782,76.12500038146973,0.00949397071316014,0.020342025656437283
2019-09-24,85.5,86.69999694824219,84.5,85.4000015258789,74.26007843017578,15586754,0.004694862171641955,76.82000045776367,0.008882433448099815,0.02029063150384287
2019-09-25,84.5,85.0,83.5,85.0,73.9122543334961,9968445,-0.004694862171642025,77.51500053405762,0.008928197057107332,0.020257229194878962
2019-09-26,85.30000305175781,85.5999984741211,82.19999694824219,84.30000305175781,73.3035659790039,16676347,-0.008269355281347092,78.11000061035156,0.007608779037081156,0.02048519225632321
2019-09-27,81.80000305175781,82.4000015258789,80.5,80.5,69.99925994873047,23454824,-0.046124716784451694,78.46000061035156,0.004548588910286316,0.0236391810708913
2019-10-01,82.4000015258789,83.0999984741211,81.0999984741211,83.0999984741211,72.26009368896484,14509189,0.03178749907492439,79.07000045776367,0.00793871142198979,0.022341966157001035
2019-10-02,82.80000305175781,82.9000015258789,81.19999694824219,82.0,71.3035888671875,11600664,-0.013325436235188852,79.65000038146972,0.007626298121292003,0.02260512379749913
2019-10-03,80.5999984741211,81.19999694824219,79.5,79.9000015258789,69.4775161743164,18015357,-0.025943375394666294,80.05500030517578,0.005344567665590912,0.023604276204511068
2019-10-04,80.19999694824219,80.4000015258789,79.0,79.19999694824219,68.86882019042969,17492546,-0.008799611581502966,80.45500030517579,0.005324174236596072,0.02361694140545739
2019-10-07,79.80000305175781,82.19999694824219,79.5999984741211,81.69999694824219,71.04271697998047,12115543,0.031077704224655923,80.89000015258789,0.005629726168217424,0.02392200936173828
2019-10-08,79.19999694824219,79.5999984741211,78.5,78.5999984741211,68.34709930419922,24643572,-0.0386822844907967,80.975,0.001093289183398313,0.02324972489925556
2019-10-09,74.69999694824219,75.0999984741211,71.4000015258789,71.4000015258789,62.08629608154297,50835812,-0.09607378930555155,80.69000015258788,-0.003840268503099284,0.03180766501527693
2019-10-14,73.0999984741211,74.30000305175781,71.69999694824219,71.69999694824219,62.347164154052734,30343590,0.004192814326311785,80.45,-0.0032400017894893564,0.03184201854586373
2019-10-15,72.0999984741211,72.5,69.4000015258789,69.5999984741211,60.52109146118164,22391580,-0.029726159625877123,80.0849998474121,-0.004987067546857529,0.0323088311644101
2019-10-16,70.5999984741211,71.19999694824219,69.80000305175781,70.0,60.86891555786133,17159630,0.005730696632532733,79.69499969482422,-0.005282311418033258,0.032175641104538966
2019-10-17,70.4000015258789,70.9000015258789,69.30000305175781,70.4000015258789,61.21674346923828,10746575,0.005698042789053831,79.30999984741212,-0.005189837623486267,0.03220590820339867
2019-10-18,70.9000015258789,72.9000015258789,70.80000305175781,72.30000305175781,62.868892669677734,24249868,0.02663088653595704,78.825,-0.006294753794494163,0.03059761595473023
2019-10-21,71.69999694824219,72.30000305175781,70.80000305175781,71.5999984741211,62.26020812988281,11976309,-0.00972911871892796,78.3,-0.006842147260866326,0.030554022271199098
2019-10-22,71.80000305175781,72.4000015258789,70.5,70.9000015258789,61.65151596069336,18507250,-0.009824597595795998,77.775,-0.006905241834714483,0.030559064751069658
2019-10-23,70.80000305175781,71.4000015258789,70.5,70.5999984741211,61.39064407348633,10779952,-0.004240332173465323,77.15999984741211,-0.008030247883066404,0.029992790831644415
2019-10-24,71.0,71.4000015258789,70.69999694824219,71.30000305175781,61.99934005737305,9889531,0.009866247335721149,76.475,-0.008787744313420736,0.02929749848504357
2019-10-25,72.69999694824219,73.5,71.69999694824219,71.69999694824219,62.347164154052734,17067740,0.005594334820801629,75.78999977111816,-0.008742770680962752,0.02931996625454108
2019-10-28,72.4000015258789,72.4000015258789,71.80000305175781,71.9000015258789,62.52107238769531,6210832,0.0027855809065353,75.1349998474121,-0.008368748527053885,0.02942185678581394
2019-10-29,72.19999694824219,72.80000305175781,72.0,72.30000305175781,62.868892669677734,10237019,0.005547885425131025,74.53499984741211,-0.00767788649172998,0.02958607824483346
2019-10-30,71.19999694824219,72.0,70.80000305175781,71.0999984741211,61.82543182373047,14948784,-0.01673685602620019,74.06499977111817,-0.0062084934538174045,0.028276927868336073
2019-10-31,70.80000305175781,70.9000015258789,69.80000305175781,70.0,60.86891555786133,16161423,-0.01559207329881061,73.40999984741211,-0.008577472072504155,0.02687615189433288
2019-11-01,69.30000305175781,70.5999984741211,69.30000305175781,70.5999984741211,61.39064407348633,12239309,0.008534880836821393,72.83999977111816,-0.007484456218903643,0.027116337139673728
2019-11-04,70.69999694824219,71.0,69.69999694824219,69.80000305175781,60.695003509521484,12509029,-0.011396069396396011,72.3349998474121,-0.006757090918990129,0.026788260265016677
2019-11-05,70.80000305175781,73.0,70.4000015258789,73.0,63.47758102416992,28839655,0.04482538765860673,72.025,-0.004075840956984643,0.02915241711642948
2019-11-06,73.5,74.0,72.30000305175781,72.5,63.04281234741211,17952964,-0.006872879287762064,71.56500015258788,-0.005973370132605543,0.0279543277847193
2019-11-07,72.80000305175781,72.9000015258789,71.69999694824219,72.4000015258789,62.955848693847656,5005931,-0.0013802413932831022,71.25500030517578,-0.004108267977729863,0.02688092263079909
2019-11-08,72.9000015258789,72.9000015258789,72.0999984741211,72.4000015258789,62.955848693847656,4837186,0.0,71.30500030517578,0.0006954214875477145,0.015938711780606386
2019-11-11,72.4000015258789,72.4000015258789,70.9000015258789,71.19999694824219,61.912376403808594,7572076,-0.016713544911183792,71.28000030517578,-0.0003498964743270643,0.01637680434872949
2019-11-12,71.80000305175781,72.0,71.4000015258789,72.0,62.6080207824707,4197965,0.011173343459893216,71.40000038146972,0.0016950786799614526,0.015012234391452169
2019-11-13,70.80000305175781,71.4000015258789,69.80000305175781,69.9000015258789,60.78196334838867,11761001,-0.029600447946836004,71.39500045776367,-7.14785490069843e-05,0.01651583886165536
2019-11-14,69.9000015258789,70.0,66.80000305175781,67.19999694824219,58.43415451049805,25419040,-0.03939246895317916,71.23500022888183,-0.002326004136118634,0.01862918046367464
2019-11-15,67.5,69.4000015258789,67.5,69.0,59.999359130859375,13483345,0.02643330248121929,71.07000007629395,-0.0023358833388555213,0.01861306159657154
2019-11-18,70.30000305175781,71.80000305175781,70.19999694824219,71.0999984741211,61.82543182373047,16129813,0.029980810750910122,71.04500007629395,-0.0003503868653636175,0.019859162064979008
2019-11-19,71.4000015258789,72.30000305175781,71.0,71.19999694824219,61.912376403808594,13559669,0.001405460207992668,71.05999984741212,0.000211116024825816,0.01973556322533869
2019-11-20,71.19999694824219,71.69999694824219,70.0,71.0,61.73847198486328,9696808,-0.00281289851484675,71.07999992370605,0.0002824877077567447,0.019721193589287683
2019-11-21,69.5,69.5,68.4000015258789,69.30000305175781,60.260231018066406,12285202,-0.02423492680854961,70.97999992370606,-0.0014225709994567933,0.020314234984616295
2019-11-22,69.5999984741211,71.4000015258789,69.5999984741211,70.0999984741211,60.95586395263672,9709519,0.011477822040604095,70.9,-0.00112839663846667,0.020463249625401452
2019-11-25,70.80000305175781,71.0999984741211,70.0999984741211,70.80000305175781,61.56455993652344,5676237,0.009936271530227053,70.84500007629394,-0.0007708621072820823,0.020597263694148025
2019-11-26,71.4000015258789,71.69999694824219,70.80000305175781,70.80000305175781,61.56455993652344,13635539,0.0,70.77000007629394,-0.0010482563785386336,0.02054497872885713
2019-11-27,69.5999984741211,71.9000015258789,69.5,71.0999984741211,61.82543182373047,10795651,0.0042282715445725325,70.77000007629394,2.47198095326695e-18,0.02023488341262822
2019-11-28,71.5,72.0999984741211,71.30000305175781,71.69999694824219,62.347164154052734,8893963,0.008403389694533752,70.85499992370606,0.0011997731496672204,0.019971393652606355
2019-11-29,72.0,72.0999984741211,70.80000305175781,71.19999694824219,61.912376403808594,10056986,-0.006997929486541151,70.8849998474121,0.0004231326334990933,0.01997315282022663
2019-12-02,71.5,71.5999984741211,70.4000015258789,71.5999984741211,62.26020812988281,6237463,0.005602277099279571,70.97499961853028,0.0012730499582828724,0.019804694618378013
2019-12-03,71.5,73.69999694824219,71.0999984741211,73.30000305175781,63.73845672607422,23893493,0.023465597870966783,70.98999977111816,0.00020506046890087485,0.01780772109643827
2019-12-04,73.0,73.9000015258789,71.69999694824219,72.5999984741211,63.1297607421875,20199355,-0.009595749713274263,70.99499969482422,6.891694762526492e-05,0.017874962834238124
2019-12-05,73.30000305175781,78.80000305175781,73.19999694824219,77.19999694824219,67.12972259521484,46583891,0.061434516687053756,71.23499946594238,0.0032096548516421077,0.022521479466723195
2019-12-06,78.0,78.0,75.30000305175781,75.30000305175781,65.4775619506836,24005184,-0.024919242166348818,71.37999954223633,0.001963692743324667,0.02338128833705037
2019-12-09,76.0,77.4000015258789,75.4000015258789,76.0,66.08625030517578,16725755,0.00925316495249188,71.61999969482422,0.0032620282365084506,0.0230075410284421
2019-12-10,76.0,76.30000305175781,75.0,75.0999984741211,65.30364990234375,11329891,-0.011912801834203646,71.77499961853027,0.0021077209718036076,0.02316829729701855
2019-12-11,75.5,77.30000305175781,75.4000015258789,75.5999984741211,65.7384262084961,18859639,0.006635724549776292,72.05999946594238,0.003919529596634222,0.0219425947508333
2019-12-12,76.4000015258789,77.80000305175781,76.0999984741211,77.30000305175781,67.2166748046875,21433361,0.022237732070874372,72.56499977111817,0.007001039647836898,0.019758788934736184
2019-12-13,80.9000015258789,81.0,78.30000305175781,79.5999984741211,69.2166519165039,40919075,0.029320078608226146,73.09499969482422,0.007145378454187242,0.019918115333919358
2019-12-16,80.0,83.80000305175781,80.0,82.80000305175781,71.99923706054688,89589,0.03941402456718758,73.67999992370605,0.007617039145001114,0.020587750993316917
2019-12-17,83.80000305175781,86.0,83.19999694824219,85.30000305175781,74.1731185913086,33660617,0.02974639202620318,74.38500022888184,0.00903408573591164,0.02110651988757511
2019-12-18,83.69999694824219,85.0,83.0999984741211,84.0,73.04269409179688,21639650,-0.015357691431081354,75.03500022888184,0.00840684609009991,0.0216563563290786
2019-12-19,85.0,86.19999694824219,84.0999984741211,85.5,74.3470230102539,28825497,0.017699577099400857,75.84500007629394,0.010503571285497433,0.02031838938956317
2019-12-20,83.9000015258789,85.5,83.5,83.5,72.60792541503906,21348271,-0.023669744085904734,76.51500015258789,0.008746192979171992,0.021702535322473477
2019-12-23,83.5,83.69999694824219,82.30000305175781,82.5999984741211,71.82532501220703,10916352,-0.010836969802987888,77.10499992370606,0.007707530912511246,0.022135359125713034
2019-12-24,82.5999984741211,83.80000305175781,82.5,83.5,72.60792541503906,9668952,0.010836969802987751,77.73999977111816,0.008249379402660632,0.022069297210733176
2019-12-25,83.30000305175781,84.0999984741211,83.30000305175781,84.0999984741211,73.12965393066406,5538692,0.007159916978466974,78.38999977111817,0.008395961674355353,0.022050911904830932
2019-12-26,84.69999694824219,84.9000015258789,83.69999694824219,83.69999694824219,72.78182983398438,4308624,-0.0047676078005144855,78.98999977111816,0.007737411799602942,0.022246486828794942
2019-12-27,84.30000305175781,85.0,83.5999984741211,83.5999984741211,72.69486999511719,6948565,-0.0011954391962464216,79.60999984741211,0.008027536314117678,0.022081427594566584
2019-12-30,84.0,85.5,83.9000015258789,84.5,73.47747802734375,11670430,0.010708032524612427,80.25499992370605,0.008282824085384322,0.02208142728560505
2019-12-31,84.0,84.4000015258789,83.19999694824219,83.4000015258789,72.5209732055664,8145598,-0.013103206702517141,80.7599998474121,0.006454383856710125,0.02227127133191998
2020-01-02,85.0,89.69999694824219,84.5,86.0,74.78180694580078,39909583,0.030698968592896735,81.42999992370605,0.008469119772018675,0.022563583717443013
2020-01-03,87.4000015258789,87.5999984741211,83.5999984741211,84.80000305175781,73.73834228515625,18771916,-0.014051717467940919,81.81000022888183,0.004694808064268941,0.019317482068110348
2020-01-06,84.0,84.69999694824219,83.30000305175781,83.69999694824219,72.78182983398438,7741278,-0.013056637750804621,82.22999992370606,0.005287938285046151,0.01852625866719351
2020-01-07,83.4000015258789,84.19999694824219,80.0,81.0999984741211,70.52098083496094,16643874,-0.031555998728178145,82.48499984741211,0.0032474801010126493,0.020235074062478636
2020-01-08,82.5,84.5999984741211,82.0,82.5999984741211,71.82532501220703,25273946,0.018326719747237943,82.85999984741211,0.00475945618008473,0.02017232876810947
2020-01-09,84.80000305175781,84.80000305175781,83.0999984741211,83.4000015258789,72.5209732055664,14067766,0.0096386656067891,83.25,0.00490960323293537,0.02019818846688222
2020-01-10,83.5999984741211,84.80000305175781,82.80000305175781,84.30000305175781,73.3035659790039,11330221,0.010733573548358405,83.6,0.004334395306809571,0.019839363884612594
2020-01-13,85.0,87.30000305175781,84.30000305175781,85.5,74.3470230102539,22769190,0.01413447473374519,83.89500007629394,0.003575115113085524,0.01910997794768518
2020-01-14,86.30000305175781,86.4000015258789,84.5,85.30000305175781,74.1731185913086,10277966,-0.0023418856683196216,84.02000007629394,0.0014873196013101635,0.01717102754407352
2020-01-15,86.0999984741211,86.0999984741211,83.80000305175781,83.80000305175781,72.86878967285156,7547167,-0.017741446369200616,83.94500007629395,-0.0008870723184600261,0.016319918533928543
2020-01-16,84.0,84.4000015258789,82.80000305175781,83.4000015258789,72.5209732055664,9343213,-0.004784716244583283,83.9150001525879,-0.0003584235591351225,0.015994503165289713
2020-01-17,84.19999694824219,84.19999694824219,82.9000015258789,83.5999984741211,72.69486999511719,7996392,0.002395174177904685,83.82000007629395,-0.0011236437052099312,0.01544163574281075
2020-01-20,84.5,85.4000015258789,84.4000015258789,85.19999694824219,74.08616638183594,11357538,0.018957896177999964,83.90499992370606,0.0010077383079853037,0.01510406705396109
2020-01-30,82.0,82.0999984741211,77.5,77.80000305175781,67.65144348144531,19179714,-0.09085992760649182,83.6650001525879,-0.002993409582189893,0.025457613101201912
2020-01-31,78.5999984741211,80.80000305175781,77.5,78.0999984741211,67.91232299804688,15225694,0.003848566898114008,83.39500007629394,-0.00334282972743358,0.02530529650286498
2020-02-03,75.19999694824219,79.4000015258789,74.19999694824219,79.4000015258789,69.04273986816406,11822187,0.016508350162570268,83.16000022888184,-0.0028754080682284154,0.025594196078683035
2020-02-04,80.0,80.9000015258789,79.9000015258789,79.9000015258789,69.4775161743164,9951627,0.006277484398878476,82.97000045776367,-0.0023231534582587674,0.02567026736269262
2020-02-05,82.5,84.80000305175781,81.5,84.4000015258789,73.39051818847656,30902694,0.05479154781145841,83.01000061035157,0.00047619589212647415,0.028676397895475093
2020-02-06,85.4000015258789,85.4000015258789,83.80000305175781,85.0999984741211,73.99920654296875,13576811,0.008259597967861219,83.04000053405761,0.0003537741642889138,0.028635615709648135
2020-02-07,84.5,85.19999694824219,83.4000015258789,84.30000305175781,73.3035659790039,10261379,-0.0094451164399369,83.08500061035156,0.0005366786774179259,0.028556711899903615
2020-02-10,82.9000015258789,84.0,82.30000305175781,83.5,72.60792541503906,8225723,-0.009535269352159582,82.96000061035156,-0.00147503321983489,0.027725127122447856
2020-02-11,84.0,85.0999984741211,83.4000015258789,85.0999984741211,73.99920654296875,7788211,0.018980385792096523,82.97500038146973,0.0001765719431669821,0.02791968367445412
2020-02-12,85.0,85.0,84.4000015258789,84.69999694824219,73.65138244628906,10126549,-0.0047114520210967846,83.02500038146972,0.0005938312296523739,0.02777348112894503
2020-02-13,85.9000015258789,86.9000015258789,85.5999984741211,86.5,75.21658325195312,20343159,0.021028848310024002,83.29500045776368,0.0032230735815624812,0.02704934951667878
2020-02-14,86.30000305175781,86.80000305175781,85.80000305175781,86.80000305175781,75.47746276855469,7400705,0.0034622428869704163,83.5050006866455,0.002479849738549105,0.026815714478715464
2020-02-17,86.5,88.69999694824219,86.0,88.0,76.52091979980469,12730878,0.013730157653402535,83.73500061035156,0.002684424340879776,0.026888710295020303
2020-02-18,87.0999984741211,87.19999694824219,83.80000305175781,83.80000305175781,72.86878967285156,21712885,-0.0489037705730121,83.71000061035156,-0.00029744286518874896,0.0291599712079112
2020-02-19,83.9000015258789,85.4000015258789,82.0999984741211,84.80000305175781,73.73834228515625,12080531,0.011862534880372463,83.67500076293945,-0.0004110398578573853,0.029105164330798794
2020-02-20,85.80000305175781,85.9000015258789,83.19999694824219,83.5999984741211,72.69486999511719,15447462,-0.014252076947051022,83.59000053405762,-0.0010065494217939553,0.029268138535273346
2020-02-21,84.4000015258789,84.69999694824219,83.69999694824219,84.4000015258789,73.39051818847656,6932963,0.00952391784252951,83.62000045776367,0.00035671878879255103,0.029082024375497742
2020-02-24,82.5999984741211,85.5999984741211,82.5999984741211,84.5,73.47747802734375,11128577,0.0011841146820829945,83.67500038146973,0.0006551603351258649,0.029057101293826434
2020-02-25,83.19999694824219,83.9000015258789,82.9000015258789,83.30000305175781,72.43400573730469,14275753,-0.01430294855458378,83.66000061035156,-0.0001797458014985583,0.029243769992974563
2020-02-26,81.5999984741211,82.5,81.30000305175781,81.4000015258789,70.78185272216797,14196041,-0.023073294054608826,83.47000083923339,-0.002281305313128998,0.029306275372620618
2020-02-27,81.19999694824219,81.69999694824219,77.30000305175781,77.30000305175781,67.2166748046875,21665858,-0.0516812966811575,83.4450008392334,-0.0003223737668622818,0.023880994768813002
2020-03-02,75.19999694824219,78.0,74.30000305175781,76.30000305175781,66.34711456298828,22102390,-0.013021016785541633,83.35500106811523,-0.0011658529510450637,0.02402341616184149
2020-03-03,79.0,79.0,77.5999984741211,77.80000305175781,67.65144348144531,16055384,0.019468492122787652,83.27500114440917,-0.0010178458530341946,0.02414683871269254
2020-03-04,78.30000305175781,78.80000305175781,77.0,78.5999984741211,68.34709930419922,11698741,0.01023020961191899,83.21000099182129,-0.0008202095923821688,0.02422573912070715
2020-03-05,79.30000305175781,80.5999984741211,79.19999694824219,80.0999984741211,69.65142822265625,14291334,0.018904155002696005,82.9950008392334,-0.0026145792328202888,0.02100479899044638
2020-03-06,78.69999694824219,79.5,77.5,78.5,68.2601318359375,9876939,-0.0201772102362764,82.66500091552734,-0.00403641964302717,0.021191601746275112
2020-03-09,76.9000015258789,77.5,74.80000305175781,74.80000305175781,65.04278564453125,13471976,-0.048280699009030745,82.19000091552735,-0.0059781987714818624,0.023379577051219066
2020-03-10,73.0,75.4000015258789,73.0,74.9000015258789,65.1297378540039,11111452,0.0013359851160567138,81.76000099182129,-0.005434636048071048,0.02341886684853977
2020-03-11,75.5,75.5999984741211,72.5999984741211,72.5999984741211,63.1297607421875,8695424,-0.031189010082254175,81.13500099182129,-0.007943105841788584,0.023352864403638665
2020-03-12,70.80000305175781,71.0999984741211,65.5,66.0,57.390689849853516,29770828,-0.09531015878670891,80.20000114440919,-0.01247304118006919,0.030412879293694316
2020-03-13,60.0,63.599998474121094,59.5,62.900001525878906,54.695072174072266,21329411,-0.048108554061224836,79.02000122070312,-0.01592991129863163,0.030333614730966962
2020-03-16,63.29999923706055,64.30000305175781,58.599998474121094,59.20000076293945,51.47771072387695,17321014,-0.060624633187749986,77.6400011062622,-0.019134255102367652,0.03153831554994038
2020-03-17,55.20000076293945,58.29999923706055,54.099998474121094,54.099998474121094,47.042972564697266,21638878,-0.09008739712980096,75.94500102996827,-0.024325132841527826,0.0342698395175008
2020-03-18,55.5,55.900001525878906,50.20000076293945,50.20000076293945,43.65170669555664,21734141,-0.07481911575196933,74.26500091552734,-0.025620900100475685,0.03570785608104448
2020-03-19,47.599998474121094,48.70000076293945,45.20000076293945,45.20000076293945,39.303932189941406,26442362,-0.10491793817830372,72.28500080108643,-0.031459923753409495,0.038680266380287334
2020-03-20,47.099998474121094,49.70000076293945,47.099998474121094,48.650001525878906,42.303897857666016,29867626,0.07355473627905412,70.53750095367431,-0.027069583092104242,0.04517426150348888
2020-03-23,46.900001525878906,46.95000076293945,44.0,44.20000076293945,38.43437194824219,20718617,-0.0959270336517051,68.52750091552734,-0.032342130666815974,0.0468029650284822
2020-03-24,46.29999923706055,48.599998474121094,46.29999923706055,48.29999923706055,41.999549865722656,20880717,0.08870673851795308,66.71750087738037,-0.027965999475022468,0.05368800821375792
2020-03-25,51.20000076293945,53.099998474121094,51.20000076293945,52.599998474121094,45.73863983154297,24144179,0.08528454587188017,65.18250064849853,-0.02298662475369927,0.059342345713956336
2020-03-26,53.79999923706055,55.400001525878906,50.599998474121094,54.0,46.95602035522461,30983113,0.026267955829715264,63.81250057220459,-0.020519562259483065,0.060355544877497426
2020-03-27,59.0,59.0,55.0,55.0,47.82557678222656,28260723,0.018349138668196617,62.6975004196167,-0.017018040492015357,0.060483818313404665
2020-03-30,52.79999923706055,54.400001525878906,52.0,53.900001525878906,46.86906814575195,18925557,-0.020202679008078227,61.577500343322754,-0.017377123603142187,0.060480157767461615
2020-03-31,54.79999923706055,55.20000076293945,52.0,53.70000076293945,46.69515609741211,29117247,-0.003717490502135261,60.37250022888183,-0.01853642273438833,0.05995667158201609
2020-04-01,53.20000076293945,54.20000076293945,52.400001525878906,53.900001525878906,46.86906814575195,14759376,0.0037174905021352678,59.13750038146973,-0.018862058689877517,0.05980971740223188
2020-04-06,54.70000076293945,56.400001525878906,54.0,56.400001525878906,49.04295349121094,19304629,0.045338679334210624,57.95250053405762,-0.017540332473301785,0.06096908288170788
2020-04-07,59.20000076293945,62.0,59.20000076293945,62.0,53.9124641418457,37686738,0.09466519948648812,57.12750053405762,-0.01179821198716356,0.06591503366806901
2020-04-08,61.5,64.0,60.900001525878906,63.400001525878906,55.12984848022461,31098176,0.022329500465578987,56.55750045776367,-0.008267702013433074,0.06574891653710264
2020-04-09,63.70000076293945,65.19999694824219,62.29999923706055,62.599998474121094,54.43419647216797,22919965,-0.012698631779680461,55.942500305175784,-0.008969432858219934,0.0657159094327108
2020-04-10,62.0,63.0,61.599998474121094,62.0,53.9124641418457,14006722,-0.009630868685898613,55.41250038146973,-0.007891525788402156,0.06550874771281064
2020-04-13,60.599998474121094,61.0,59.599998474121094,59.79999923706055,51.99944305419922,22669306,-0.03612873684669037,55.10250034332275,-0.004932454691401229,0.06262533755304692
2020-04-14,60.400001525878906,61.20000076293945,60.20000076293945,60.70000076293945,52.782047271728516,15014318,0.014938062436070404,54.99250030517578,-0.0017801238665364667,0.06192042570511928
2020-04-15,60.70000076293945,62.20000076293945,60.20000076293945,61.29999923706055,53.30377960205078,26509047,0.009836119861699754,55.097500228881835,0.0017429137859360205,0.06038153613989059
2020-04-16,60.5,61.79999923706055,60.29999923706055,61.599998474121094,53.56464385986328,18688686,0.00488201527254092,55.472500228881835,0.006491384406053115,0.056381574405448484
2020-04-17,62.900001525878906,63.400001525878906,60.79999923706055,61.099998474121094,53.12986373901367,24121234,-0.008150004564631151,56.01750011444092,0.009824839965420024,0.05320243911702929
2020-04-20,61.0,61.5,60.5,60.79999923706055,52.868995666503906,12020664,-0.004922064780306197,56.79750003814697,0.014824633635319898,0.046072653357514
2020-04-21,60.400001525878906,60.5,57.79999923706055,58.0,50.434242248535156,25885652,-0.0471467658773556,57.26499996185303,0.008789558527499412,0.04587963952188645
2020-04-22,56.79999923706055,60.0,56.099998474121094,59.900001525878906,52.086402893066406,18727891,0.03223352004875542,58.05,0.015197586212522438,0.03890385139129986
2020-04-23,60.5,60.79999923706055,58.70000076293945,59.400001525878906,51.65162658691406,14104747,-0.008382278538378725,58.60500011444092,0.010343135359705848,0.03512218079775236
2020-04-24,59.400001525878906,59.70000076293945,58.900001525878906,59.099998474121094,51.390750885009766,10205607,-0.005063353463337866,58.930000114440915,0.005825740392944948,0.0304793215824452
2020-04-27,60.0,61.79999923706055,59.900001525878906,61.599998474121094,53.56464385986328,16325545,0.04143094717525414,59.310000038146974,0.006583889960221892,0.031194755464337535
2020-04-28,62.79999923706055,63.400001525878906,61.29999923706055,63.20000076293945,54.9559326171875,26065038,0.025642467455926105,59.72000007629394,0.006948556399608366,0.031381599761203915
2020-04-29,63.79999923706055,64.9000015258789,63.20000076293945,64.19999694824219,55.82548904418945,23151660,0.015698849936107585,60.23499984741211,0.008743632846817655,0.030767569505004397
2020-04-30,65.69999694824219,66.0,64.69999694824219,65.0,56.52113342285156,23952836,0.012384106734891227,60.79999980926514,0.009548712708668982,0.030634718621192398
2020-05-04,62.099998474121094,63.599998474121094,62.0,62.79999923706055,54.60811233520508,15558882,-0.03443220857020162,61.244999694824216,0.007641227755052137,0.03216632925914249
2020-05-05,63.900001525878906,64.0999984741211,62.5,63.0,54.78202819824219,9435807,0.003179665066097077,61.57499961853027,0.0055332770416464585,0.030923267159046305
2020-05-06,63.900001525878906,64.5,63.29999923706055,63.29999923706055,55.04288864135742,14559753,0.004750590705841808,61.639999580383304,0.001037546602614143,0.022734858164667512
2020-05-07,63.5,64.9000015258789,63.099998474121094,64.4000015258789,55.99940490722656,17556107,0.017228339706704964,61.6899995803833,0.0007824885646704417,0.022510927322625347
2020-05-08,65.0,65.0999984741211,63.79999923706055,63.79999923706055,55.47766876220703,11259368,-0.009360478411634026,61.749999618530275,0.0009493962330727635,0.022417893627887136
2020-05-11,64.30000305175781,65.30000305175781,64.19999694824219,64.69999694824219,56.2602653503418,10481412,0.014007975946590546,61.884999465942386,0.0021313384646972217,0.022453837896208216
2020-05-12,64.5,64.5999984741211,63.099998474121094,63.599998474121094,55.30376052856445,13266213,-0.017147707984766444,62.07499942779541,0.0030803899077934183,0.021112675396360202
2020-05-13,63.0,63.5,62.599998474121094,62.900001525878906,54.695072174072266,11985748,-0.011067258389068756,62.18499946594238,0.00178012386653646,0.021144731712193672
2020-05-14,61.900001525878906,62.29999923706055,59.79999923706055,60.0,52.17335510253906,24571431,-0.04720162574310001,62.11999950408936,-0.0010717634137035281,0.023693815989337882
2020-05-15,61.20000076293945,61.400001525878906,59.20000076293945,60.099998474121094,52.26031494140625,14924042,0.0016652539300608727,62.044999504089354,-0.0012326014808275304,0.02366217035493578
2020-05-18,59.099998474121094,60.099998474121094,58.5,58.5,50.8690185546875,14473424,-0.026983061914350643,61.9149995803833,-0.002174254348313505,0.02431760176548727
2020-05-19,59.70000076293945,59.79999923706055,58.599998474121094,59.20000076293945,51.47771072387695,13279275,0.011894800539639936,61.83499965667725,-0.0013334110823161982,0.024507589428349463
2020-05-20,60.0,61.0,59.599998474121094,59.900001525878906,52.086402893066406,10004291,0.01175497581772409,61.92999973297119,0.0016116760024377861,0.02213688097593991
2020-05-21,60.400001525878906,61.400001525878906,60.20000076293945,60.79999923706055,52.868995666503906,8582622,0.01491324582860029,61.974999618530276,0.0007456622914300296,0.021194616148056743
2020-05-22,60.599998474121094,61.20000076293945,59.29999923706055,59.400001525878906,51.65162658691406,10279132,-0.02329552436697896,61.974999618530276,1.8041124150158794e-17,0.021786720275265514
2020-05-25,59.5,59.79999923706055,58.0,59.70000076293945,51.9124870300293,7085671,0.0050377811213157065,62.00499973297119,0.0005050567292326965,0.02178024511852471
2020-05-26,59.900001525878906,61.29999923706055,59.70000076293945,60.70000076293945,52.782047271728516,11500623,0.016611677456359757,61.95999984741211,-0.0007359067567120224,0.019956396397114037
2020-05-27,61.0,61.20000076293945,60.400001525878906,60.70000076293945,52.782047271728516,8655075,0.0,61.83499984741211,-0.0020180301295083273,0.018971923177224098
2020-05-28,63.0,63.400001525878906,60.79999923706055,60.900001525878906,52.95595932006836,29491698,0.0032894891368624637,61.670000076293945,-0.002638498169470584,0.018560464237527986
2020-05-29,60.20000076293945,60.70000076293945,59.70000076293945,59.79999923706055,51.99944305419922,20591714,-0.01822755157293278,61.410000038146975,-0.004169081084861784,0.018518571145608405
2020-06-01,60.900001525878906,61.099998474121094,60.29999923706055,60.900001525878906,52.95595932006836,10053092,0.018227551572932658,61.31500015258789,-0.0015360930777050701,0.017715458341177447
2020-06-02,60.79999923706055,61.400001525878906,60.0,60.099998474121094,52.26031494140625,14260048,-0.013223383619172429,61.170000076293945,-0.002356245511968545,0.017864715599461393
2020-06-03,60.70000076293945,61.400001525878906,59.70000076293945,61.20000076293945,53.21682357788086,18988199,0.018137385832449865,61.06500015258789,-0.0016869057556381426,0.018388117868268265
2020-06-04,62.0,63.20000076293945,61.79999923706055,62.20000076293945,54.08638000488281,39551479,0.016207810026430024,60.95500011444092,-0.0017379322396518897,0.018334202957986385
2020-06-05,63.099998474121094,64.30000305175781,62.79999923706055,64.19999694824219,55.82548904418945,38561632,0.031648151149704706,60.975,0.00031249923841504686,0.01968055269468905
2020-06-08,64.9000015258789,65.30000305175781,62.599998474121094,63.79999923706055,55.47766876220703,33778647,-0.006249984768300416,60.930000114440915,-0.0007003987973295012,0.019458646837870158
2020-06-09,63.900001525878906,64.5,63.0,63.400001525878906,55.12984848022461,20722916,-0.006289292881774926,60.92000026702881,-0.00015747804217992526,0.01912420111452982
2020-06-10,63.599998474121094,64.30000305175781,63.400001525878906,64.0,55.651580810546875,14467026,0.009419197849001285,60.97500019073486,0.0008668447697235768,0.019057628623893073
2020-06-11,64.0,64.0,61.599998474121094,61.79999923706055,53.738555908203125,20335555,-0.03497973124132544,61.06500015258789,0.0014779394948123057,0.01757330718892695
2020-06-12,59.79999923706055,61.29999923706055,59.5,61.20000076293945,53.21682357788086,13359687,-0.009756150133735163,61.12000026702881,0.0009068692916225035,0.017751573162482784
2020-06-15,60.70000076293945,61.099998474121094,60.0,60.0,52.17335510253906,17770959,-0.01980263976251052,61.19500026702881,0.0012658903992145095,0.01722254676532446
2020-06-16,60.599998474121094,61.5,60.5,61.5,53.47768783569336,11191312,0.024692612590371414,61.31000022888183,0.0019057810017510835,0.01786404004340635
2020-06-17,61.70000076293945,62.0,60.400001525878906,60.599998474121094,52.69508743286133,10484524,-0.01474230691672364,61.34500007629394,0.0005809168650286969,0.018076448038348125
2020-06-18,60.599998474121094,60.599998474121094,60.0,60.400001525878906,52.521175384521484,12278826,-0.0033057376920837818,61.32500019073486,-0.0003300323110055067,0.017772680634938493
2020-06-19,60.099998474121094,60.5,59.79999923706055,59.79999923706055,51.99944305419922,22847854,-0.00998348200526357,61.34500007629394,0.00033556980708026284,0.017104031694793364
2020-06-22,60.0,60.599998474121094,59.79999923706055,59.900001525878906,52.086402893066406,11582623,0.0016708823967735242,61.35500011444092,0.00016722487085315372,0.017071853678266715
2020-06-23,60.400001525878906,60.5,59.5,60.0,52.17335510253906,10604259,0.0016680316269258887,61.320000076293944,-0.0005799574206185398,0.01663569773706238
2020-06-24,60.0,60.900001525878906,59.900001525878906,60.79999923706055,52.868995666503906,15822620,0.013245214201674292,61.325,8.230328946517481e-05,0.01692119440165414
2020-06-29,60.599998474121094,60.599998474121094,58.79999923706055,59.5,51.73857879638672,16722939,-0.021613463872190937,61.25499992370605,-0.0011628443609874952,0.01757633276796917
2020-06-30,60.70000076293945,61.20000076293945,60.400001525878906,61.0,53.04291534423828,11349802,0.024897551621727087,61.314999961853026,0.0009934107987454983,0.018012529671411797
2020-07-01,61.5,61.5,60.79999923706055,61.0,53.04291534423828,17584073,0.0,61.319999885559085,8.203322009886529e-05,0.01754982733920117
2020-07-02,59.900001525878906,60.79999923706055,59.900001525878906,60.5,53.93193435668945,10403022,-0.00823049913651548,61.339999961853025,0.0003316774442317127,0.017385338628341296
2020-07-03,60.5,60.5,59.70000076293945,59.79999923706055,53.307926177978516,13219715,-0.01163771683839463,61.26999988555908,-0.0011570776893105122,0.017052002963926744
2020-07-06,59.5,60.400001525878906,59.29999923706055,60.20000076293945,53.66450119018555,15598688,0.006666716789786926,61.16999988555908,-0.001634132351142667,0.016669805840148804
2020-07-07,60.5,60.79999923706055,59.70000076293945,60.79999923706055,54.19935989379883,18864134,0.009917411435586774,61.0,-0.0027206693368485636,0.015012069923927241
2020-07-08,60.599998474121094,60.79999923706055,60.099998474121094,60.20000076293945,53.66450119018555,10861957,-0.009917411435586847,60.820000076293944,-0.0029040406702128853,0.015079695573361319
2020-07-09,60.5,61.400001525878906,60.29999923706055,61.0,54.37765121459961,16235951,0.01320149918512308,60.7,-0.0019295010668679848,0.015474054831855237
2020-07-10,61.400001525878906,61.5,59.5,59.599998474121094,53.129638671875,15394281,-0.02321831570400253,60.47999992370605,-0.0035613767445181756,0.015928526847123387
2020-07-13,60.400001525878906,63.400001525878906,60.20000076293945,62.70000076293945,55.893096923828125,40903250,0.05070591133765962,60.525,0.0007229053844310773,0.01836954784443312
2020-07-14,63.5,63.5,61.20000076293945,61.5,54.823368072509766,37810461,-0.019324284994496097,60.53999996185303,0.00024449864139303065,0.018776899650858634
2020-07-15,62.20000076293945,62.20000076293945,60.099998474121094,60.099998474121094,53.57535934448242,24300993,-0.023027358660310762,60.54499988555908,8.326269650301855e-05,0.01897094578137426
2020-07-16,60.900001525878906,61.29999923706055,60.20000076293945,60.29999923706055,53.75364303588867,16225529,0.0033222749285827147,60.48499984741211,-0.0009852541865864165,0.018093435018214657
2020-07-17,61.0,61.0,60.099998474121094,60.20000076293945,53.66450119018555,8926925,-0.0016597260925559883,60.464999961853025,-0.0003311251453780338,0.017804074254137353
2020-07-20,60.900001525878906,61.099998474121094,60.29999923706055,60.79999923706055,54.19935989379883,9049456,0.009917411435586774,60.48499984741211,0.000330032311005494,0.01793285391250199
2020-07-21,61.20000076293945,61.5,60.5,61.20000076293945,54.55593490600586,15247935,0.006557425560836278,60.554999923706056,0.0011570776893104864,0.017813196627155328
2020-07-22,61.79999923706055,62.900001525878906,61.5,61.70000076293945,55.00165557861328,19347009,0.008136741292038086,60.64499988555908,0.0014803706340737143,0.017881555992644335
2020-07-23,61.900001525878906,62.20000076293945,61.400001525878906,62.0,55.26908874511719,13080401,0.004850441768442213,60.74499988555908,0.0016394911411495307,0.01789746619192437
2020-07-24,62.0,62.400001525878906,60.20000076293945,60.400001525878906,53.84278869628906,19187527,-0.026145254841426813,60.725,-0.0003300323110055247,0.018702357682384887
2020-07-27,60.400001525878906,61.099998474121094,59.5,59.599998474121094,53.129638671875,14899710,-0.013333581734356016,60.72999992370605,8.396179588622135e-05,0.018293607584837404
2020-07-28,59.79999923706055,60.400001525878906,59.5,59.5,53.040496826171875,11820005,-0.001679235917724655,60.65499992370606,-0.0012448775810863656,0.017336520374522955
2020-07-29,59.099998474121094,59.5,58.29999923706055,58.900001525878906,52.505638122558594,13592852,-0.010135195987780175,60.55,-0.0017516373804753744,0.01744600054683581
2020-07-30,59.70000076293945,60.5,59.0,60.20000076293945,53.66450119018555,11756002,0.021831248424384123,60.535000038146975,-0.00024855000243039426,0.01813964426395535
2020-07-31,60.099998474121094,61.20000076293945,59.79999923706055,60.599998474121094,54.02107620239258,12179099,0.006622502907560531,60.575,0.0006644609848673637,0.017995194756334928
2020-08-03,60.79999923706055,60.900001525878906,59.20000076293945,59.29999923706055,52.86220932006836,12875018,-0.021685574757826908,60.52999992370606,-0.000753153592513328,0.01860393005056788
2020-08-04,59.400001525878906,59.5,58.5,58.70000076293945,52.32734680175781,15614900,-0.01016955330660602,60.425,-0.0017575018296229678,0.01853964652352951
2020-08-05,58.599998474121094,58.79999923706055,58.0,58.0,51.703338623046875,22068989,-0.011996729284896259,60.314999961853026,-0.0018614677220884384,0.018593565450528104
2020-08-06,58.0,58.20000076293945,56.099998474121094,56.400001525878906,50.27704620361328,37016419,-0.027973824987815997,60.08500003814697,-0.003920233930735392,0.01911032334820535
2020-08-07,56.20000076293945,56.400001525878906,54.5,55.0,49.02902603149414,25918784,-0.025136000326132463,59.85500011444092,-0.004016118161841889,0.019216760254482823
2020-08-10,54.70000076293945,54.79999923706055,53.70000076293945,54.400001525878906,48.494171142578125,15738599,-0.010969003321329763,59.44000015258789,-0.007099863894791359,0.014290309494409455
2020-08-11,54.5,56.20000076293945,54.5,55.70000076293945,49.653038024902344,16656896,0.023615978719394245,59.150000190734865,-0.00495285070909684,0.015529054547015995
2020-08-12,54.900001525878906,55.20000076293945,53.70000076293945,55.099998474121094,49.118167877197266,20809621,-0.010830472164569137,58.900000190734865,-0.004343006384309759,0.015012800786496553
2020-08-13,55.70000076293945,55.79999923706055,54.79999923706055,55.400001525878906,49.38560485839844,8493116,0.0054299328302120885,58.65500030517578,-0.004237623489228291,0.015076700835951869
2020-08-14,54.5,55.20000076293945,54.099998474121094,55.099998474121094,49.118167877197266,11210587,-0.005429932830212032,58.400000190734865,-0.004426133826111093,0.015066338530284617
2020-08-17,55.0,55.099998474121094,54.29999923706055,54.400001525878906,48.494171142578125,9980505,-0.012785506554825151,58.08000030517578,-0.00556127972563169,0.014781331175280138
2020-08-18,54.900001525878906,55.900001525878906,54.400001525878906,55.099998474121094,49.118167877197266,15920149,0.012785506554825255,57.775000190734865,-0.00524987567593224,0.015111984394251599
2020-08-19,54.0,54.099998474121094,50.5,51.79999923706055,46.176429748535156,38210153,-0.06175955392908992,57.28000011444092,-0.00874469043698864,0.01934307572622125
2020-08-20,51.599998474121094,51.70000076293945,48.0,49.20000076293945,43.85869598388672,27732867,-0.05149649553171465,56.64000015258789,-0.011562037301996484,0.02126657538619201
2020-08-21,50.20000076293945,50.599998474121094,49.0,49.849998474121094,44.43812561035156,15310953,0.013124826793278751,56.1125,-0.009598533220261204,0.021658523791790552
2020-08-24,49.900001525878906,51.099998474121094,49.599998474121094,51.0,45.463279724121094,12192621,0.02280716692588521,55.68250007629395,-0.007791495787249145,0.022807677069499353
2020-08-25,51.79999923706055,53.0,51.599998474121094,53.0,47.24615478515625,17574230,0.03846628082779614,55.357500076293945,-0.005784219949973105,0.02503203377541976
2020-08-26,53.099998474121094,54.0,52.599998474121094,53.400001525878906,47.60273361206055,14857612,0.007518860988538249,55.08250007629395,-0.0049015171011571835,0.025181351984240676
2020-08-27,53.70000076293945,54.79999923706055,53.5,54.0,48.13759231567383,10713008,0.011173272023614383,54.77250003814697,-0.00543441592119567,0.0246939026536006
2020-08-28,54.099998474121094,54.29999923706055,53.5,53.900001525878906,48.0484504699707,5886334,-0.001853540339881615,54.437500190734866,-0.005858218083567778,0.024548393612224686
2020-08-31,54.099998474121094,54.5,51.79999923706055,51.900001525878906,46.26557540893555,19119315,-0.03781168665218593,54.067500305175784,-0.006664523678285729,0.02534744387601154
2020-09-01,51.79999923706055,52.400001525878906,50.79999923706055,52.29999923706055,46.62214660644531,9541723,0.007677536910917933,53.74750022888183,-0.005772169167409531,0.025531042867036762
2020-09-02,52.0,52.099998474121094,50.79999923706055,51.099998474121094,45.552425384521484,15295645,-0.02321188913411028,53.40250015258789,-0.006332927159870233,0.025796734331295614
2020-09-03,52.5,54.29999923706055,52.20000076293945,53.20000076293945,47.42444610595703,24891012,0.04027394333955139,53.242500114440915,-0.002920538743501863,0.02725603995437616
2020-09-04,51.70000076293945,52.79999923706055,51.5,52.79999923706055,47.06787109375,8662853,-0.0075472344259609695,53.132500076293944,-0.0020411004484932878,0.02678113427809981
2020-09-07,53.099998474121094,55.20000076293945,52.79999923706055,54.29999923706055,48.40502166748047,22878147,0.0280130366268344,53.127499961853026,-9.199845108508013e-05,0.02750590141934178
2020-09-08,55.099998474121094,55.29999923706055,53.79999923706055,54.79999923706055,48.85074234008789,14432392,0.00916596714227757,53.08249988555908,-0.0008144990299409138,0.027036154398570378
2020-09-09,54.099998474121094,54.400001525878906,53.400001525878906,54.20000076293945,48.315879821777344,7914468,-0.011009257509742815,53.0375,-0.0008234382971995978,0.027039669720247485
2020-09-10,54.20000076293945,54.20000076293945,52.79999923706055,53.0,47.24615478515625,10299924,-0.02238900896985221,52.91749992370605,-0.002214385387202813,0.027413985620921347
2020-09-11,53.5,53.70000076293945,52.70000076293945,53.29999923706055,47.513587951660156,3946722,0.005644403305615781,52.82749996185303,-0.0016606685804114222,0.02745742571708467
2020-09-14,53.599998474121094,55.5,53.5,54.79999923706055,48.85074234008789,18644211,0.027753863173979276,52.84749984741211,0.00036629990602879935,0.02808218666198041
2020-09-15,55.29999923706055,55.599998474121094,54.20000076293945,54.5,48.583309173583984,12921968,-0.005489478362518546,52.81749992370605,-0.0005474493398383908,0.027953843195248542
2020-09-16,54.900001525878906,55.20000076293945,54.400001525878906,55.20000076293945,49.20731735229492,10237061,0.01276226543521799,52.9875,0.003178641628377005,0.02406075787337885
2020-09-17,55.400001525878906,56.79999923706055,55.0,56.79999923706055,50.63361740112305,27334003,0.028573345190656425,53.367499923706056,0.007182133664495558,0.02094408934993331
2020-09-18,57.400001525878906,57.599998474121094,56.29999923706055,56.29999923706055,50.187896728515625,16460482,-0.008841790700750737,53.689999961853026,0.0060838027897940836,0.021190572173164283
2020-09-21,56.29999923706055,57.400001525878906,56.20000076293945,56.599998474121094,50.455326080322266,10997377,0.005314436655823481,53.96999988555908,0.005209166276290998,0.02082178498225805
2020-09-22,56.599998474121094,56.599998474121094,54.79999923706055,54.900001525878906,48.93988800048828,13204549,-0.030495581940873994,54.064999961853026,0.0017610731378574905,0.020734403546601773
2020-09-23,55.0,55.20000076293945,53.0,53.29999923706055,47.513587951660156,13226005,-0.02957705945153381,54.05999984741211,-9.372288414611213e-05,0.021822869927796924
2020-09-24,52.70000076293945,53.900001525878906,52.20000076293945,52.900001525878906,47.157012939453125,11282430,-0.007532949148892675,54.00499992370605,-0.001029033942771465,0.021715161043144342
2020-09-25,53.29999923706055,53.599998474121094,52.29999923706055,52.5,46.800437927246094,9188211,-0.0075901981112669655,53.93499984741211,-0.0013158668313407325,0.021764456497248653
2020-09-28,53.29999923706055,56.0,53.099998474121094,55.099998474121094,49.118167877197266,13639203,0.048336518868388335,54.09499969482422,0.002991543444687981,0.0226674803481601
2020-09-29,56.0,57.099998474121094,55.20000076293945,56.900001525878906,50.72276306152344,27450076,0.03214567948317097,54.32499980926514,0.004214950573300633,0.0235758007674331
2020-09-30,56.5,57.5,55.900001525878906,57.5,51.25762176513672,20921893,0.010489579854167298,54.64499988555908,0.005900024022714512,0.022700451236375516
2020-10-05,57.29999923706055,58.0,56.0,56.29999923706055,50.187896728515625,15582237,-0.021090426208982594,54.79999980926514,0.002831805545287812,0.021944353094962052
2020-10-06,57.0,57.29999923706055,56.20000076293945,56.599998474121094,50.455326080322266,9047334,0.005314436655823481,54.989999771118164,0.003474889099377035,0.0218122441227356
2020-10-07,57.0,60.0,56.70000076293945,59.599998474121094,53.129638671875,45411471,0.051646590219163034,55.25499973297119,0.004656566778993466,0.02376438150905581
2020-10-08,59.79999923706055,60.099998474121094,57.900001525878906,59.400001525878906,52.95135498046875,36389707,-0.003361296412512685,55.48499984741211,0.004030203601253954,0.023804329066218943
2020-10-12,59.599998474121094,61.5,59.400001525878906,60.5,53.93193435668945,33412665,0.018349112979999697,55.79999980926514,0.00549812212574108,0.023733194212415903
2020-10-13,60.0,61.400001525878906,58.70000076293945,61.400001525878906,54.73422622680664,31800641,0.01476649496774868,56.21999988555908,0.007355897322621124,0.022874036906632342
2020-10-14,61.70000076293945,63.29999923706055,61.20000076293945,62.29999923706055,55.53651809692383,46933454,0.014551553542643791,56.66999988555908,0.007801254834472525,0.02292561324911603
2020-10-15,62.099998474121094,62.79999923706055,61.400001525878906,61.5,54.823368072509766,20094907,-0.012924238734716046,57.00499992370605,0.005767349739037758,0.022866656050269097
2020-10-16,61.5,61.70000076293945,60.099998474121094,60.099998474121094,53.57535934448242,15421856,-0.023027358660310762,57.28499984741211,0.004890455724148148,0.023644110661100986
2020-10-19,60.5,62.29999923706055,60.5,61.79999923706055,55.090797424316406,14874112,0.027893535966184997,57.614999771118164,0.005647019250696498,0.0241460075758789
2020-10-20,61.79999923706055,62.20000076293945,61.099998474121094,62.099998474121094,55.35823440551758,10468246,0.004842612249767475,57.87999973297119,0.00446048260365205,0.023535457260164868
2020-10-21,62.5,62.599998474121094,61.599998474121094,61.900001525878906,55.17994689941406,9953508,-0.003225760026854464,58.15999984741211,0.004741284137346864,0.023401516011551788
2020-10-22,61.599998474121094,62.099998474121094,60.79999923706055,61.79999923706055,55.090797424316406,11116301,-0.0016168522229129683,58.41999988555908,0.004394719693410041,0.023443867267906992
2020-10-23,61.400001525878906,61.70000076293945,61.0,61.400001525878906,54.73422622680664,9995561,-0.006493492113802012,58.74499988555908,0.005594824184763641,0.022142003819192565
2020-10-26,61.20000076293945,61.900001525878906,60.099998474121094,60.5,53.93193435668945,12020045,-0.014766494967748633,59.10499992370605,0.0063353524089529,0.021128245758179315
2020-10-27,59.79999923706055,60.400001525878906,59.29999923706055,59.5,53.040496826171875,13738693,-0.016667052485211647,59.43499984741211,0.005878647242136952,0.021538535671002917
2020-10-28,59.79999923706055,60.099998474121094,58.099998474121094,58.29999923706055,51.970767974853516,16098320,-0.02037423228157754,59.724999809265135,0.005239445533621423,0.022140572628238306
2020-10-29,57.099998474121094,59.0,56.900001525878906,58.20000076293945,51.88162612915039,10687733,-0.0017167124236892044,59.87999992370605,0.0027367839690175455,0.01970794426405314
2020-10-30,57.79999923706055,58.599998474121094,57.099998474121094,57.79999923706055,51.52505111694336,9836862,-0.006896605367630212,59.92499980926514,0.0007846697264774861,0.018540655654130753
2020-11-02,57.79999923706055,58.20000076293945,57.400001525878906,57.79999923706055,51.52505111694336,6264798,0.0,59.93999977111817,0.0002601907337691213,0.01839950112500655
2020-11-03,58.400001525878906,59.29999923706055,58.20000076293945,58.79999923706055,52.41648864746094,8222813,0.017153079450733237,60.06499977111817,0.002172366016754913,0.01804772000535716
2020-11-04,59.5,59.5,57.79999923706055,59.0,52.59477996826172,14348686,0.003395601976299131,60.18499984741211,0.0020764242827786953,0.018035233575638708
2020-11-05,59.400001525878906,59.79999923706055,58.70000076293945,59.400001525878906,52.95135498046875,7394090,0.0067568081510765675,60.175,-0.00016806482062562802,0.0138489470774325
2020-11-06,60.0,60.099998474121094,59.400001525878906,59.79999923706055,53.307926177978516,11228242,0.006711396141605245,60.194999885559085,0.0003355698070802685,0.013909729019048694
2020-11-09,60.599998474121094,60.900001525878906,60.099998474121094,60.400001525878906,53.84278869628906,8350731,0.009983482005263635,60.189999961853026,-8.271174165653461e-05,0.013457977382529608
2020-11-10,60.400001525878906,61.0,60.099998474121094,60.599998474121094,54.02107620239258,8793191,0.0033057376920838074,60.14999980926514,-0.0006557496054397782,0.013029604249644397
2020-11-11,60.70000076293945,60.79999923706055,59.099998474121094,60.0,53.48621368408203,12976623,-0.00995030567364789,60.03499984741211,-0.0018808425662543622,0.012671457356800957
2020-11-12,60.599998474121094,62.400001525878906,60.29999923706055,62.0,55.26908874511719,26521095,0.03278982282299097,60.05999984741211,0.0004048605116309882,0.014557256225990434
2020-11-13,62.20000076293945,62.79999923706055,61.29999923706055,62.20000076293945,55.4473762512207,13085167,0.003220626965949721,60.16499996185303,0.0017172597929440124,0.01347663138388495
2020-11-16,63.29999923706055,64.5999984741211,63.099998474121094,64.19999694824219,57.230247497558594,38531048,0.031648151149704706,60.28499984741211,0.0019049905521199978,0.013880558615406081
2020-11-17,65.5,67.4000015258789,65.5,67.0999984741211,59.81541442871094,48887904,0.04418085807651874,60.53499984741211,0.0038719028434575616,0.016799080044524503
2020-11-18,67.0999984741211,68.5,65.5999984741211,67.0,59.72627258300781,23538350,-0.0014914018462986465,60.78999977111816,0.003958620752485351,0.01676495488804284
2020-11-19,66.4000015258789,68.30000305175781,66.0999984741211,67.80000305175781,60.439422607421875,20940721,0.011869620566560027,61.089999961853025,0.004632944391959002,0.016800085067622896
2020-11-20,68.0,69.0,67.69999694824219,68.80000305175781,61.33086013793945,17056495,0.014641549338715793,61.46000003814697,0.0056896964645848916,0.016727938168653318
2020-11-23,70.0999984741211,72.0999984741211,69.4000015258789,71.5999984741211,63.82688522338867,28317427,0.039891263359199895,62.01499996185303,0.008422584380932319,0.017649470358797978
2020-11-24,73.0,73.0999984741211,70.4000015258789,71.0,63.292015075683594,21100680,-0.008415175614126327,62.589999961853025,0.008835178224486585,0.017120606059361596
2020-11-25,71.5,72.4000015258789,69.19999694824219,69.30000305175781,61.776580810546875,19249053,-0.02423492680854961,63.14000015258789,0.008642143498137982,0.017485158852174693
2020-11-26,69.30000305175781,70.9000015258789,68.4000015258789,70.69999694824219,63.02458572387695,13421509,0.020000579504869036,63.76499996185303,0.009728008094565893,0.01748233838945405
2020-11-27,70.69999694824219,73.0,70.19999694824219,71.30000305175781,63.559452056884766,18450550,0.00845084048426689,64.44000015258788,0.010495380387160748,0.017045584603972833
2020-11-30,72.30000305175781,73.5,71.5999984741211,72.4000015258789,64.54003143310547,19615376,0.015309950245444291,65.17000026702881,0.011260877899432963,0.016892531018417752
2020-12-01,72.80000305175781,78.19999694824219,72.5999984741211,76.9000015258789,68.55149841308594,46825646,0.060299575886630694,66.07500038146972,0.013418202721227835,0.02012956627945402
2020-12-02,79.0999984741211,83.0,78.5,81.5,72.65210723876953,57663457,0.058097123892840406,67.20000038146972,0.0161532788170549,0.02229577488856217
2020-12-03,84.0,85.0,82.5,83.80000305175781,74.7024154663086,38116727,0.027830023658377237,68.42000045776368,0.017206939592419934,0.022326263349966687
2020-12-04,86.4000015258789,89.5,86.0,87.5999984741211,78.08987426757812,52050959,0.04434793661844216,69.8100004196167,0.019088766616261778,0.022971871239403148
2020-12-07,88.69999694824219,90.80000305175781,87.5,88.30000305175781,78.71387481689453,36670910,0.007959161647520674,71.20500049591064,0.018987550598374626,0.023018513717877342
2020-12-08,86.30000305175781,88.80000305175781,85.5,88.0,78.44644927978516,22599040,-0.00340332769295087,72.57500057220459,0.018652097329122895,0.02330616487059757
2020-12-09,88.9000015258789,92.0,88.19999694824219,91.9000015258789,81.92304992675781,28605874,0.043364231487122526,74.17000064849853,0.021317824187161417,0.022908099259536494
2020-12-10,90.30000305175781,90.4000015258789,88.0,88.30000305175781,78.71387481689453,20980424,-0.03996090379417168,75.48500080108643,0.017680287856303285,0.02648701922506891
2020-12-11,87.5,87.9000015258789,82.9000015258789,85.30000305175781,76.03956604003906,33214088,-0.03456565189676244,76.64000091552734,0.015790973913167677,0.028817801374604192
2020-12-14,84.30000305175781,85.80000305175781,83.0,85.30000305175781,76.03956604003906,12008207,0.0,77.69500122070312,0.014208566355682442,0.028770116402918676
2020-12-15,85.0,87.0,83.80000305175781,84.0999984741211,74.9698486328125,13573997,-0.014167941439118224,78.54500122070313,0.011291126379900592,0.028528223478823268
2020-12-16,85.5,86.80000305175781,85.5,85.80000305175781,76.48529052734375,13453775,0.020012493226912134,79.48500137329101,0.012366321133561132,0.028426155023477354
2020-12-17,86.30000305175781,88.0999984741211,85.69999694824219,85.69999694824219,76.3961410522461,12306729,-0.0011662520682315088,80.38000106811523,0.011714527501821555,0.02858713975327999
2020-12-18,86.30000305175781,87.19999694824219,84.80000305175781,84.80000305175781,75.5938491821289,7545696,-0.010557211208390614,81.18000106811523,0.010454589474466234,0.02900361196915095
2020-12-21,86.4000015258789,86.5,83.80000305175781,84.19999694824219,75.05897521972656,17263603,-0.007100693781440951,81.81000099182128,0.008104991617434193,0.028390360332975907
2020-12-22,84.19999694824219,85.0,80.4000015258789,81.19999694824219,72.38467407226562,23237643,-0.03627967541971858,82.3200008392334,0.006711766627154581,0.02988794851481237
2020-12-23,81.19999694824219,83.19999694824219,80.0999984741211,83.0,73.98926544189453,14997135,0.02192539821219072,83.0050006866455,0.009019782878191596,0.02914547706461697
2020-12-24,83.69999694824219,86.4000015258789,83.30000305175781,85.30000305175781,76.03956604003906,15073271,0.027333882477796986,83.7350009918213,0.009386448026837994,0.029336394960348216
2020-12-25,85.5999984741211,86.4000015258789,83.30000305175781,84.0,74.88069915771484,11678003,-0.015357691431081354,84.3700008392334,0.008196021431070583,0.029854834821852975
2020-12-28,84.80000305175781,89.69999694824219,84.0,89.0999984741211,79.42703247070312,26828090,0.058942518507985125,85.2050006866455,0.010377649844197622,0.03192451707115629
2020-12-29,89.0,89.0999984741211,86.0999984741211,87.0,77.55501556396484,17725860,-0.0238511986967151,85.71000061035156,0.006170111115030333,0.03051286936757062
2020-12-30,87.5,88.69999694824219,86.5,87.30000305175781,77.82244110107422,15850680,0.0034423791481063425,86.00000076293945,0.0034373738777936313,0.027957992505022587
2020-12-31,88.0,88.19999694824219,85.69999694824219,86.80000305175781,77.3767318725586,11147679,-0.005743840977886092,86.15000076293946,0.0017586806459804643,0.027419039367490922
2021-01-04,88.5,91.5,87.69999694824219,90.69999694824219,80.85332489013672,29282228,0.04395066664956302,86.30500068664551,0.001738817147536507,0.027386686877455005
2021-01-05,90.19999694824219,94.5,88.80000305175781,90.5,80.67504119873047,28137908,-0.002207472768486497,86.41500053405761,0.0012304854267361485,0.02735949199280893
2021-01-06,93.5,95.0,89.19999694824219,91.5,81.56647491455078,26110031,0.010989121575595165,86.59000053405762,0.00195010789016345,0.027420407177336098
2021-01-07,93.0,94.0,91.5999984741211,92.80000305175781,82.72534942626953,15476830,0.01410770039600005,86.63500061035157,0.0004872813356073265,0.02582896788420918
2021-01-08,95.0,96.9000015258789,93.30000305175781,96.69999694824219,86.20194244384766,30466491,0.04116669822274653,87.05500030517578,0.004543661436453237,0.025510834586649746
2021-01-11,92.80000305175781,93.5,90.9000015258789,91.19999694824219,81.29904174804688,36157817,-0.05855850728219379,87.35,0.003344018667181669,0.027899078834976405
2021-01-12,92.0,92.80000305175781,86.9000015258789,87.69999694824219,78.17900848388672,27327560,-0.03913299903758622,87.46999969482422,0.0013873687153023585,0.029473769237752346
2021-01-13,88.0999984741211,89.69999694824219,86.5,88.69999694824219,79.07044982910156,18393586,0.011337990329704204,87.69999961853027,0.00266266530374348,0.02931667206401257
2021-01-14,88.5,91.80000305175781,87.5,89.80000305175781,80.05103302001953,16993497,0.01232515438194704,87.89999961853027,0.002278298361495225,0.029127008956749932
2021-01-15,90.30000305175781,90.80000305175781,85.5999984741211,86.19999694824219,76.84186553955078,20577736,-0.040914867025669446,87.92499961853028,0.00029086761362332803,0.030688637836994086
2021-01-18,85.5999984741211,86.9000015258789,82.5999984741211,86.0,76.66358184814453,15551821,-0.0023228460129161546,87.98499946594238,0.000702585873397051,0.030590519515037426
2021-01-19,86.69999694824219,87.30000305175781,84.69999694824219,86.80000305175781,77.3767318725586,12615916,0.00925936057129634,88.11499977111816,0.0015205885910339154,0.030589611627354803
2021-01-20,87.9000015258789,88.69999694824219,84.0,84.30000305175781,75.14813232421875,21602150,-0.029224755615834604,88.27000007629394,0.001873334581228114,0.030168552890978757
2021-01-21,84.5,87.5,84.5,85.80000305175781,76.48529052734375,11744976,0.017637140853219484,88.41000022888184,0.001658921713279552,0.03003347514983707
2021-01-22,85.5,86.0,84.5,85.4000015258789,76.12870788574219,8570249,-0.004672923400230277,88.4150001525879,5.858141937818912e-05,0.029440260504691635
2021-01-25,85.0,86.4000015258789,82.80000305175781,85.0999984741211,75.86128234863281,11681792,-0.0035191010130521255,88.47000007629394,0.0006505109402796507,0.029232264587115336
2021-01-26,85.30000305175781,85.5999984741211,82.80000305175781,83.0,73.98926544189453,11028531,-0.0249864098523084,88.1650001525879,-0.003545935477735025,0.026300961434896016
2021-01-27,83.5,84.30000305175781,81.5999984741211,82.5,73.54354095458984,10056664,-0.006042314455962586,87.94000015258788,-0.0026554912656974,0.025875350240511578
2021-01-28,79.9000015258789,81.5,78.69999694824219,79.4000015258789,70.78009033203125,19357397,-0.03829990586992699,87.54500007629395,-0.004742605516599066,0.027015941300103423
2021-01-29,80.5,83.0,79.5999984741211,79.9000015258789,71.22581481933594,19297577,0.006277484398878476,87.2,-0.0041415392477608375,0.02712599733639456
2021-02-01,81.0999984741211,86.80000305175781,80.30000305175781,86.30000305175781,76.9310073852539,28193129,0.07705376158199416,86.98000030517578,-0.0024863845011392806,0.030954636386379273
2021-02-02,87.5,89.30000305175781,85.5999984741211,86.9000015258789,77.46586608886719,39394471,0.006928416378785836,86.80000038146973,-0.002029590043775664,0.031026294640085546
2021-02-03,88.5,89.0,86.0999984741211,86.30000305175781,76.9310073852539,15906676,-0.006928416378785947,86.54000053405761,-0.0029254669414947197,0.030888976028494743
2021-02-04,85.30000305175781,86.80000305175781,85.0,86.5999984741211,77.19843292236328,9926773,0.003470164496959351,86.23000030517578,-0.003457343736446755,0.030671060777511958
2021-02-05,87.4000015258789,88.4000015258789,86.30000305175781,86.69999694824219,77.2875747680664,10503523,0.0011540506389030366,85.73000030517578,-0.00545797611563893,0.028858524832009555
2021-02-17,91.0,91.5,89.0999984741211,89.9000015258789,80.14018249511719,25878502,0.03624410986319997,85.66500053405761,-0.0007178452583692415,0.027427891497572836
2021-02-18,90.0,90.80000305175781,89.4000015258789,89.9000015258789,80.14018249511719,13845207,0.0,85.77500076293946,0.0012388046935100695,0.02589626785678852
2021-02-19,92.0,95.0,90.9000015258789,93.0,82.90363311767578,43172938,0.03390153470261251,85.99000091552735,0.0023669819121554846,0.02683391588593968
2021-02-22,95.30000305175781,98.5999984741211,95.30000305175781,97.0999984741211,86.55852508544922,31021415,0.043141866429513294,86.35500068664551,0.003907817514533797,0.02828153974358786
2021-02-23,95.80000305175781,99.30000305175781,94.69999694824219,98.4000015258789,87.71739196777344,23066567,0.013299459982337851,86.96500091552734,0.006618533864934162,0.02628711366440397
2021-02-24,98.19999694824219,101.5,96.5999984741211,96.5999984741211,86.11280059814453,32743090,-0.018462094142482816,87.4950008392334,0.005811571458455829,0.026818395505125717
2021-02-25,100.0,102.0,98.19999694824219,98.5,87.80653381347656,29391525,0.019477822755418983,88.0800006866455,0.006322494567661961,0.026984360712508145
2021-02-26,95.80000305175781,98.19999694824219,95.4000015258789,96.5,86.02366638183594,23335155,-0.020513539833102903,88.69000053405762,0.006758055356798545,0.026445306240499847
2021-03-02,99.5,101.0,95.0,95.5,85.1322250366211,19392895,-0.010416760858255715,89.17500038146973,0.005355360271224786,0.02658155173645929
2021-03-03,95.80000305175781,96.19999694824219,90.5999984741211,92.0,82.01219177246094,27517552,-0.03733767043764424,89.50500030517578,0.0037221229193540885,0.028185268711458704
2021-03-04,92.9000015258789,95.0,91.5999984741211,91.80000305175781,81.83390808105469,25866945,-0.0021762461790468734,89.84000053405762,0.003789265661054351,0.02816870542905818
2021-03-05,88.5999984741211,91.4000015258789,88.0,89.69999694824219,79.9618911743164,22352831,-0.023141595827069702,90.17500038146973,0.0038815063623162853,0.028072373549860065
2021-03-08,92.30000305175781,92.4000015258789,88.5999984741211,88.5999984741211,78.98130798339844,16601489,-0.012338894653998105,90.48000030517578,0.003566677352414509,0.028224421882216983
2021-03-09,88.19999694824219,89.5999984741211,85.5,86.69999694824219,77.2875747680664,15121034,-0.021677991801482086,90.84500007629394,0.004397773055836754,0.027151049170126125
2021-03-10,88.0,90.4000015258789,87.5,87.5999984741211,78.08987426757812,15479448,0.010327131936193213,91.22999992370606,0.004600255432702491,0.027180889135251286
2021-03-11,88.9000015258789,91.4000015258789,88.5,91.4000015258789,81.47732543945312,14471605,0.04246451463098523,91.48499984741211,0.0028707930851520447,0.023126181017410825
2021-03-12,93.0999984741211,94.4000015258789,91.5999984741211,93.5,83.3493423461914,21699103,0.02271594114001962,91.81499977111817,0.003660169323213734,0.02353775021464484
2021-03-15,93.0,93.5,91.5999984741211,93.19999694824219,83.08191680908203,7964199,-0.0032137473472789403,92.15999946594238,0.003845902774789084,0.023464340989205922
2021-03-16,93.69999694824219,94.69999694824219,93.0999984741211,93.4000015258789,83.26021575927734,8810767,0.0021436726244676144,92.49999961853027,0.0037795781811644975,0.023467333502118822
2021-03-17,93.9000015258789,94.30000305175781,91.5,91.9000015258789,81.92304992675781,8127095,-0.01619031560650111,92.7599998474121,0.0029123598688942905,0.02388620060035373
2021-03-18,93.19999694824219,96.0,93.0,95.5,85.1322250366211,21464037,0.038425201521355604,93.03999977111816,0.003021414451802072,0.024050800960286747
2021-03-19,94.0999984741211,94.5999984741211,92.4000015258789,92.5,82.4579086303711,15000750,-0.031917602968305085,93.16999969482421,0.0014255343033868176,0.025288908359018772
2021-03-22,92.69999694824219,92.80000305175781,90.19999694824219,90.9000015258789,81.0316162109375,10629571,-0.017448626548599876,93.06499977111817,-0.0011419737591738016,0.02440960793011424
2021-03-23,91.5,92.9000015258789,91.19999694824219,91.69999694824219,81.74475860595703,7954880,0.008762328012837302,92.79499969482421,-0.002860950680007601,0.022241129852716708
2021-03-24,90.4000015258789,91.4000015258789,90.0,90.0,80.22932434082031,6696575,-0.018712675652351927,92.37499961853027,-0.0044615574617420896,0.02216869385299818
2021-03-25,90.0999984741211,90.4000015258789,88.69999694824219,89.5999984741211,79.87274169921875,6586036,-0.004454367379278927,92.02499961853027,-0.0037611711235818954,0.021923002771309597
2021-03-26,90.19999694824219,92.30000305175781,90.0999984741211,91.9000015258789,81.92304992675781,8368332,0.02534574301434286,91.69499969482422,-0.0034677751106357013,0.022286629162869626
2021-03-29,92.9000015258789,93.19999694824219,90.80000305175781,91.19999694824219,81.29904174804688,12420269,-0.007646182347300551,91.42999954223633,-0.002824407236345584,0.021951867798544206
2021-03-30,91.19999694824219,92.4000015258789,90.5999984741211,92.19999694824219,82.19048309326172,8161264,0.010905233845193742,91.26499938964844,-0.0017583075011731112,0.022081110449350076
2021-03-31,92.0,93.80000305175781,91.5999984741211,91.9000015258789,81.92304992675781,13353257,-0.0032590514978930772,91.25999946594239,-5.43765541855533e-05,0.02044534033515765
2021-04-01,96.4000015258789,100.5,96.19999694824219,100.5,89.58940887451172,64973763,0.0894566815338015,91.69499931335449,0.004527269831456866,0.028589770349635224
2021-04-07,98.0999984741211,98.80000305175781,96.19999694824219,97.0999984741211,86.55852508544922,18966618,-0.03441636791636121,92.06499938964843,0.003963531226992291,0.029267198429365437
2021-04-08,97.5,98.5999984741211,96.4000015258789,98.30000305175781,87.62825012207031,16056502,0.01228269861570027,92.54999961853028,0.00519461089047721,0.029062489377793096
2021-04-09,98.69999694824219,105.0,97.0,102.5,91.37228393554688,44235980,0.041838740379993425,93.33999977111816,0.008370447499550984,0.02943938837957555
2021-04-12,105.0,105.0,98.5,99.0999984741211,88.34139251708984,41420284,-0.03373337263988608,93.91499977111816,0.006167422270747019,0.030897718216110186
2021-04-13,100.5,104.0,99.0,100.0,89.14369201660156,29176122,0.009040760049514518,94.34499969482422,0.004496234541673484,0.029712331850550843
2021-04-14,101.5,103.0,97.0999984741211,99.69999694824219,88.87625122070312,24725235,-0.0030045396297055434,94.65499954223633,0.003210210503187226,0.029437585502422994
2021-04-15,100.5,100.5,98.19999694824219,99.0,88.25225830078125,12786523,-0.007045796223795945,94.94499969482422,0.003018608059361375,0.0294940150696326
2021-04-16,99.4000015258789,100.5,98.0999984741211,98.69999694824219,87.98481750488281,12708247,-0.0030349346146865156,95.20999946594239,0.002759677697403669,0.029524816093612363
2021-04-19,99.80000305175781,101.5,99.0999984741211,99.4000015258789,88.60883331298828,11617596,0.007067213493519207,95.58499946594239,0.003922554152404684,0.029195338062685955
2021-04-20,100.5,102.0,99.5,99.69999694824219,88.87625122070312,17018470,0.0030135173449631087,95.7949993133545,0.00215196994358506,0.028043839581454327
2021-04-21,100.5,101.5,98.0,98.30000305175781,87.62825012207031,22207984,-0.014141588159916355,96.08499946594239,0.003040770684004496,0.027175479207595568
2021-04-22,98.69999694824219,99.0,92.19999694824219,93.4000015258789,83.26021575927734,35561965,-0.05113269662663938,96.20999946594239,0.0013565671801025216,0.02945991484046143
2021-04-23,93.69999694824219,94.80000305175781,92.5,94.4000015258789,84.15164947509766,19837073,0.010649727743596309,96.34499969482422,0.001450937166640472,0.029487896260560136
2021-04-26,94.9000015258789,96.4000015258789,94.5,95.9000015258789,85.48880004882812,14532724,0.01576490848511202,96.63999977111817,0.0031748163735136697,0.029253940620018296
2021-04-27,96.19999694824219,96.30000305175781,93.4000015258789,94.0,83.7950668334961,14240837,-0.02001121553053455,96.85999984741211,0.002396973965950888,0.029671317577305616
2021-04-28,94.69999694824219,95.69999694824219,93.5999984741211,94.4000015258789,84.15164947509766,11245064,0.004246307045422489,96.98499984741211,0.0013420021675048697,0.029183511360089735
2021-04-29,94.0,94.5999984741211,91.5999984741211,91.5999984741211,81.6556167602539,17188842,-0.030109834293408504,97.00499992370605,0.0002188195701994718,0.029969343234061967
2021-05-03,93.0,93.0,87.5,87.69999694824219,78.17900848388672,24505782,-0.04350939044157564,96.77999992370606,-0.0025019116441389972,0.03138469160669769
2021-05-04,88.5,89.30000305175781,81.5999984741211,85.30000305175781,76.03956604003906,27210202,-0.027747374306047266,96.45,-0.003726327784546706,0.03188940981139328
2021-05-05,86.5,87.0,82.69999694824219,82.69999694824219,73.72183227539062,18553910,-0.03095492514629553,95.55999984741212,-0.009746908118551558,0.023681138665903753
2021-05-06,83.69999694824219,86.19999694824219,82.30000305175781,82.9000015258789,73.9001235961914,21755457,0.002415515419408982,94.85,-0.007905313951763047,0.023086386008640946
2021-05-07,84.30000305175781,85.80000305175781,83.0999984741211,85.5,76.21785736083984,23199914,0.030881295395206034,94.2099998474121,-0.006975384112787761,0.024285790715605347
2021-05-10,85.69999694824219,85.69999694824219,82.0,82.0999984741211,73.18695831298828,18671138,-0.0405783780699461,93.18999977111817,-0.011096240035284735,0.022493164301007194
2021-05-11,80.0,80.5999984741211,76.0999984741211,76.5,68.1949234008789,27778970,-0.07064725704027822,92.05999984741212,-0.012941934255304344,0.025730034135703034
2021-05-12,76.0,77.0,68.9000015258789,73.4000015258789,65.43147277832031,37936338,-0.04136678442347956,90.72999992370606,-0.01546231147895405,0.025931433584357233
2021-05-13,71.4000015258789,76.30000305175781,69.5999984741211,74.30000305175781,66.2337646484375,27232820,0.012187036388158398,89.46000022888184,-0.014702732678060848,0.026531110701442776
2021-05-14,75.80000305175781,76.5999984741211,72.19999694824219,73.0,65.07489776611328,19785568,-0.017651551648777908,88.16000022888184,-0.015233020449309947,0.026475946999655425
2021-05-17,67.0,73.0999984741211,67.0,71.69999694824219,63.91603088378906,18865515,-0.017968736105687808,86.81000022888183,-0.015979710523860012,0.02632397300622599
2021-05-18,73.0,77.5,72.80000305175781,76.80000305175781,68.46235656738281,22574456,0.06871397484735232,85.68000030517578,-0.012897372456168354,0.03213288446570618
2021-05-19,75.5999984741211,76.69999694824219,73.69999694824219,75.0999984741211,66.94690704345703,17440381,-0.02238414143792815,84.45000038146972,-0.01416725539531292,0.03197244976497976
2021-05-20,74.30000305175781,76.5,74.19999694824219,75.19999694824219,67.03604888916016,9976181,0.001330651921780158,83.29500007629395,-0.013393643391228094,0.03215973970277441
2021-05-21,77.80000305175781,78.5999984741211,75.5,76.30000305175781,68.01663970947266,10933398,0.014521787913328794,82.44000015258788,-0.010110919164229685,0.03144773265700078
2021-05-24,75.0,77.4000015258789,74.4000015258789,76.5999984741211,68.28406524658203,9983293,0.003924078539218894,81.55,-0.010447201624448555,0.031249381365414372
2021-05-25,77.9000015258789,79.80000305175781,77.5,78.80000305175781,70.24523162841797,21490498,0.02831597876526842,80.69500007629395,-0.009819648110440737,0.031922262358795916
2021-05-26,79.69999694824219,80.19999694824219,77.0999984741211,77.80000305175781,69.35379791259766,13069484,-0.01277156518169976,79.88500022888184,-0.009457665592998998,0.031841557576481036
2021-05-27,77.5999984741211,78.4000015258789,76.0,78.30000305175781,69.79951477050781,14801927,0.006406171561928283,79.08000030517579,-0.009349672367173708,0.03189410125423933
2021-05-28,79.30000305175781,82.5,78.9000015258789,80.5999984741211,71.84981536865234,21560413,0.028950988609130143,78.53000030517578,-0.006396631222046774,0.03259721288491086
2021-05-31,81.4000015258789,82.4000015258789,80.9000015258789,81.9000015258789,73.00868225097656,10964791,0.01600037890894122,78.24000053405761,-0.0034211427545209317,0.031735905286676434
2021-06-01,82.4000015258789,84.0,81.19999694824219,81.30000305175781,72.47381591796875,15285142,-0.007352955399262958,78.04000053405761,-0.0024014218091817164,0.03123685660105337
2021-06-02,82.30000305175781,82.80000305175781,80.0999984741211,81.5999984741211,72.74124908447266,10466891,0.003683189179804043,77.98500061035156,-0.0006695160928767378,0.030522479193161003
2021-06-03,82.0,84.5,81.80000305175781,83.5999984741211,74.52412414550781,19242190,0.024214258567951067,78.02000045776367,0.00042042106455036644,0.031023538217938764
2021-06-04,84.5999984741211,84.5999984741211,81.80000305175781,82.19999694824219,73.27610778808594,23003210,-0.01688823690238966,77.85500030517578,-0.001968055550329418,0.030387295572907994
2021-06-07,81.9000015258789,82.0,78.0999984741211,79.4000015258789,70.78009033203125,21427375,-0.034656877465417735,77.72000045776367,-0.001671980520103,0.030017903234330772
2021-06-08,80.19999694824219,81.5,79.5999984741211,80.0999984741211,71.40409088134766,11052906,0.00877744755393076,77.90000038146972,0.002299254709607449,0.025294687780319635
2021-06-09,79.19999694824219,79.4000015258789,77.0,77.19999694824219,68.81892395019531,22362466,-0.03687641752445107,78.09000015258789,0.0025237730545588735,0.02490360946133045
2021-06-10,77.30000305175781,79.5,77.0,79.5,70.86923217773438,15940183,0.029357604160098152,78.35,0.003382301443155861,0.0255420601871877
2021-06-11,79.9000015258789,80.5,78.5,78.80000305175781,70.24523162841797,11882074,-0.008843986068562558,78.64000015258789,0.0038226797221666284,0.025234396328660234
2021-06-15,78.80000305175781,79.5999984741211,78.0999984741211,78.69999694824219,70.15608215332031,10759636,-0.0012699189454675112,78.9900001525879,0.004657620580177643,0.024746979226655356
2021-06-16,79.5,80.4000015258789,78.5999984741211,79.0999984741211,70.51265716552734,14096444,0.005069738836847298,79.10499992370606,0.0014754087796523918,0.019641886655862674
2021-06-17,79.0,79.0,78.0,78.9000015258789,70.3343734741211,11623436,-0.0025316082918720303,79.29500007629395,0.0024680354369551977,0.018858674413765486
2021-06-18,79.30000305175781,80.19999694824219,78.9000015258789,78.9000015258789,70.3343734741211,10991114,0.0,79.48000030517578,0.00240150284086619,0.018865244342823818
2021-06-21,77.9000015258789,78.0999984741211,74.69999694824219,74.69999694824219,66.59033203125,26673480,-0.05470119590597891,79.4,-0.0010596463500991953,0.022520490386437962
2021-06-22,75.80000305175781,76.0999984741211,74.5,75.19999694824219,67.03604888916016,14444767,0.006671139088655041,79.32999992370605,-0.000922293322627388,0.02256082710119675
2021-06-23,75.30000305175781,76.69999694824219,73.0,76.5999984741211,68.28406524658203,24546428,0.0184458664525478,79.21999969482422,-0.001415798938263419,0.02198828105683066
2021-06-24,76.5999984741211,77.9000015258789,76.5,77.5999984741211,69.17549896240234,14927209,0.012970350699329735,79.20999946594239,-0.00012870314421194437,0.02204192313656642
2021-06-25,78.9000015258789,81.4000015258789,78.80000305175781,80.0,71.31494903564453,35150985,0.030459227148096665,79.2949993133545,0.0010739496350964748,0.023050368821799054
2021-06-28,81.30000305175781,82.30000305175781,80.0999984741211,81.19999694824219,72.38467407226562,26607573,0.014888574910525745,79.32499923706055,0.00037082895016625494,0.022359382287376123
2021-06-29,82.0,82.0,79.19999694824219,79.30000305175781,70.69094848632812,18811412,-0.023677042459900682,79.19499931335449,-0.0016130421182758402,0.02265786716899057
2021-06-30,79.0999984741211,80.0,78.80000305175781,79.69999694824219,71.04751586914062,16317439,0.005031380381099813,79.11499900817871,-0.0009938253292577017,0.022661970353256566
2021-07-01,79.9000015258789,79.9000015258789,77.5,78.0,69.53207397460938,20070757,-0.021560720816014626,78.93499908447265,-0.002256020829048635,0.023086784874738996
2021-07-02,78.9000015258789,80.30000305175781,78.4000015258789,79.5,70.86923217773438,19583802,0.01904819497069441,78.7299991607666,-0.002514324008911468,0.022802184325225138
2021-07-05,80.80000305175781,81.5,79.5999984741211,80.4000015258789,71.6715316772461,19805256,0.011257173503227566,78.63999938964844,-0.0011070534886306064,0.022736811278932255
2021-07-06,80.69999694824219,80.80000305175781,79.0,79.0999984741211,70.51265716552734,15987997,-0.016301339680410313,78.62499923706055,-0.0001892765993802354,0.021656065773792005
2021-07-07,79.5,80.4000015258789,78.80000305175781,79.5,70.86923217773438,16830842,0.005044166177182794,78.59499931335449,-0.0003759406682176337,0.02159070026769493
2021-07-08,79.19999694824219,79.80000305175781,78.19999694824219,78.4000015258789,69.8886489868164,19908154,-0.01393307484118306,78.65499954223633,0.0007712264659457667,0.020107866555047895
2021-07-09,77.5,78.5999984741211,76.69999694824219,78.5999984741211,70.06694030761719,21152832,0.0025477332028398234,78.60999946594238,-0.0005692670819171497,0.018962894762907394
2021-07-12,79.69999694824219,80.0,76.4000015258789,76.4000015258789,68.10578155517578,47936135,-0.028388963877231423,78.48999938964843,-0.0015465159723505929,0.0198926069652325
2021-07-13,77.0,79.19999694824219,76.5999984741211,76.9000015258789,68.55149841308594,49045404,0.006523180209265002,78.39999961853027,-0.0011568610146139673,0.01997446698639045
2021-07-14,77.80000305175781,78.69999694824219,77.0,77.80000305175781,69.35379791259766,27286373,0.011635574056047301,78.3349998474121,-0.0008285692536539671,0.020135498420422917
2021-07-15,78.30000305175781,79.0999984741211,78.0,78.5999984741211,70.06694030761719,18951059,0.01023020961191899,78.31999969482422,-0.00019047835846441622,0.020280377714171342
2021-07-16,78.0,78.0999984741211,76.9000015258789,77.4000015258789,68.9972152709961,23688200,-0.015384879712064049,78.24499969482422,-0.0009597223440676187,0.020562586757022144
2021-07-19,76.0999984741211,76.5999984741211,75.5,75.5999984741211,67.39263153076172,22948765,-0.023530537307975264,78.28999977111816,0.0005988105858325641,0.017177547644219016
2021-07-20,75.0,75.5,74.5,74.5,66.41204833984375,15239585,-0.014657137616389912,78.25499992370605,-0.0004676032494196836,0.017440757967385093
2021-07-21,75.0,75.0999984741211,71.19999694824219,71.5,63.73773956298828,38679229,-0.04110167568555192,78.0,-0.0034449803563246693,0.01905053355918685
2021-07-22,72.5,74.80000305175781,72.5,73.69999694824219,65.69889831542969,21928725,0.030305308087488044,77.80499992370605,-0.0025782324869167545,0.020196570302764602
2021-07-23,74.4000015258789,74.5999984741211,72.19999694824219,73.4000015258789,65.43147277832031,19447469,-0.004078801378439384,77.475,-0.004305133913243557,0.018639603826027355
2021-07-26,73.69999694824219,74.19999694824219,73.0,73.5,65.52061462402344,10982010,0.0013614498097803168,77.09000015258789,-0.0049814901682808275,0.018145355128484645
2021-07-27,73.9000015258789,74.5,73.0,73.30000305175781,65.34233093261719,18199422,-0.0027247556923823877,76.7900001525879,-0.003933875829904914,0.01760598522782322
2021-07-28,72.5,72.9000015258789,70.5999984741211,72.19999694824219,64.36174011230469,14711177,-0.015120646895742808,76.4150001525879,-0.004941477193747044,0.01764251208211878
2021-07-29,72.9000015258789,73.19999694824219,72.0,72.0,64.1834487915039,9439784,-0.002773884614610575,76.1150001525879,-0.004002135383676842,0.01720581045839849
2021-07-30,72.5999984741211,73.0,72.0,72.30000305175781,64.45088958740234,12683055,0.004158052358314328,75.75500030517578,-0.004746642514295846,0.016461987272540474
2021-08-02,73.19999694824219,75.0999984741211,72.69999694824219,74.5,66.41204833984375,17965555,0.029974954011144035,75.46000022888184,-0.0038107534889000225,0.01788985723672845
2021-08-03,74.80000305175781,75.80000305175781,74.5999984741211,75.80000305175781,67.5709228515625,14189066,0.017299207523468453,75.29500045776368,-0.0021307261287060843,0.018229615463473525
2021-08-04,76.80000305175781,76.80000305175781,75.0999984741211,75.5,67.30348205566406,17925057,-0.003965676654003333,75.09500045776367,-0.0025812182702653905,0.018154146719882223
2021-08-05,75.30000305175781,75.69999694824219,74.4000015258789,75.19999694824219,68.20741271972656,14660850,-0.003981465881071556,74.93500022888183,-0.0020836378222598155,0.0179619951698218
2021-08-06,75.19999694824219,75.30000305175781,73.5999984741211,73.5999984741211,66.75619506835938,11487387,-0.021506185371127483,74.68500022888183,-0.003286333750958181,0.01843464750624568
2021-08-09,73.4000015258789,74.4000015258789,72.0999984741211,73.69999694824219,66.84689331054688,12147920,0.0013577527846700167,74.55,-0.0017989979178631085,0.01747791160564012
2021-08-10,73.9000015258789,74.0999984741211,70.5999984741211,70.9000015258789,64.30725860595703,21220665,-0.03873230272780419,74.25,-0.004061772064716568,0.019189467926042713
2021-08-11,69.0,69.4000015258789,67.19999694824219,67.30000305175781,61.042015075683594,44574562,-0.0521101730633806,73.725,-0.007249059420687963,0.021588915352572745
2021-08-12,67.0,67.0999984741211,65.5999984741211,66.30000305175781,60.1349983215332,26198793,-0.014970338774919913,73.11000022888183,-0.00850908684002991,0.021247766424921537
2021-08-13,65.0999984741211,65.9000015258789,63.5,64.30000305175781,58.32097244262695,28709349,-0.030630264516531495,72.45500030517579,-0.009271356080253281,0.021774360670047427
2021-08-16,63.70000076293945,66.69999694824219,63.29999923706055,66.30000305175781,60.1349983215332,23770827,0.030630264516531436,71.99000053405761,-0.006563315989027946,0.02322711473964939
2021-08-17,66.30000305175781,66.30000305175781,66.30000305175781,66.30000305175781,60.1349983215332,0,0.0,71.5800006866455,-0.0058304591082084505,0.023189498425760825
2021-08-18,66.5999984741211,69.0,66.0999984741211,69.0,62.58393478393555,14856870,0.03991656137591403,71.4550006866455,-0.0017795472551351526,0.023772869692627586
2021-08-19,67.0,67.5999984741211,65.69999694824219,65.69999694824219,59.59078598022461,17485253,-0.049007625556586276,71.05500068664551,-0.005745193937338869,0.02473476532775153
2021-08-20,66.5999984741211,66.80000305175781,64.5,64.5999984741211,58.59307098388672,13542188,-0.016884491872533818,70.61500053405761,-0.006385478462043591,0.024854811574248983
2021-08-23,65.69999694824219,67.19999694824219,65.5,66.80000305175781,60.588504791259766,7668818,0.033488739059456714,70.28000068664551,-0.004779113999559771,0.026373632864556143
2021-08-24,67.5,68.0999984741211,65.4000015258789,66.0,59.862892150878906,9326272,-0.012048384201170657,69.91500053405761,-0.005245295424999184,0.026417774217764412
2021-08-25,66.19999694824219,67.0999984741211,66.0999984741211,67.0,60.7699089050293,5927483,0.015037877364540502,69.65500068664551,-0.0037373692119850184,0.026683806246541607
2021-08-26,67.5999984741211,67.80000305175781,65.19999694824219,65.30000305175781,59.22798538208008,13482875,-0.025700536374158874,69.3200008392334,-0.004883701799962433,0.027128985898205397
2021-08-27,64.80000305175781,65.69999694824219,64.30000305175781,65.0,58.95587921142578,12733290,-0.0046048131211700585,68.9550006866455,-0.005321845073936652,0.02704590708552812
2021-08-30,65.9000015258789,66.5999984741211,65.0999984741211,66.4000015258789,60.2256965637207,7279013,0.02130980956685479,68.55000076293945,-0.005755102296151115,0.02651490889286649
2021-08-31,66.0,66.9000015258789,65.5,66.4000015258789,60.2256965637207,8013234,0.0,68.0800006866455,-0.0066200626723245375,0.026000429500983198
2021-09-01,66.5,68.5,66.30000305175781,68.0999984741211,61.76762008666992,15919373,0.02528011128652956,67.71000061035156,-0.005157773275297893,0.026962189781378272
2021-09-02,68.0999984741211,68.0999984741211,66.0,66.19999694824219,60.04429244995117,10434405,-0.028296773905120535,67.26000061035157,-0.006373538676500342,0.02745014794244489
2021-09-03,66.80000305175781,66.9000015258789,65.80000305175781,66.0,59.862892150878906,9956705,-0.0030256748174752857,66.8800006866455,-0.005449513148817733,0.02722405723281688
2021-09-06,66.9000015258789,67.80000305175781,66.19999694824219,66.4000015258789,60.2256965637207,13353268,0.006042337436066342,66.51500091552734,-0.005215283916247916,0.027305737825598763
2021-09-07,67.0,67.0,65.0999984741211,65.19999694824219,59.13727951049805,10806900,-0.018237657335987124,66.23000068664551,-0.004190551646657063,0.026349526292344837
2021-09-08,65.19999694824219,65.4000015258789,63.79999923706055,64.30000305175781,58.32097244262695,12824614,-0.013899743421690956,66.0800006866455,-0.0022800301645725806,0.023969969833238177
2021-09-09,64.0,65.5999984741211,63.70000076293945,65.5999984741211,59.50008773803711,7365701,0.0200159939848801,66.04500045776368,-0.0005307135265825798,0.02426986024352966
2021-09-10,65.80000305175781,67.0,64.80000305175781,66.80000305175781,60.588504791259766,9863400,0.018127453537902183,66.17000045776368,0.001907172376139104,0.023524650770364575
2021-09-13,67.0,67.30000305175781,65.80000305175781,65.80000305175781,59.68149185180664,7288792,-0.01508324151702771,66.14500045776367,-0.0003785029255388532,0.02279652165751137
2021-09-14,66.19999694824219,66.9000015258789,65.5999984741211,66.19999694824219,60.04429244995117,8379289,0.006060532133332291,66.14000015258789,-7.547631887223865e-05,0.022842052630923936
2021-09-15,65.30000305175781,66.0,64.0,64.0,58.048866271972656,17144602,-0.033797333484228954,65.89000015258789,-0.0037611710618793886,0.021980304169643597
2021-09-16,64.30000305175781,64.69999694824219,63.900001525878906,64.5999984741211,58.59307098388672,6492446,0.009331303808467525,65.83500022888184,-0.000844224593626698,0.019376520485434826
2021-09-17,64.69999694824219,64.9000015258789,64.0,64.9000015258789,58.865177154541016,8929091,0.004633260053135851,65.85000038146973,0.00023166300265678544,0.019033354874240946
2021-09-22,63.79999923706055,63.79999923706055,62.5,63.0,57.141849517822266,11702646,-0.02971292082974255,65.66000022888184,-0.002928419991803178,0.01845909540467268
2021-09-23,63.70000076293945,64.80000305175781,63.599998474121094,64.4000015258789,58.41167068481445,9846942,0.02197893041254683,65.58000030517579,-0.0012270542611173033,0.0191302121346414
2021-09-24,64.80000305175781,65.19999694824219,64.5,64.9000015258789,58.865177154541016,4845748,0.0077339904171957585,65.47500038146973,-0.0015922486084845404,0.018871337626876403
2021-09-27,64.80000305175781,64.9000015258789,64.30000305175781,64.5999984741211,58.59307098388672,4315796,-0.004633260053135857,65.44000015258788,-0.0005388847924333897,0.018023766470323336
2021-09-28,64.80000305175781,66.69999694824219,64.4000015258789,66.30000305175781,60.1349983215332,18803874,0.025975556053205933,65.50500030517578,0.00099013366628541,0.018934781208690656
2021-09-29,65.0,67.19999694824219,64.19999694824219,67.19999694824219,60.9513053894043,28425912,0.013483258894694788,65.54500007629395,0.0005988061326774097,0.01857009346332523
2021-09-30,66.5999984741211,68.30000305175781,65.9000015258789,65.9000015258789,59.772193908691406,30777728,-0.019534737453119008,65.52000007629394,-0.0003779307399785407,0.01910915978166736
2021-10-01,66.0,66.19999694824219,64.0,64.30000305175781,58.32097244262695,13261350,-0.024578785958107318,65.33000030517579,-0.002870875602210385,0.01883598257897952
2021-10-04,64.69999694824219,65.5999984741211,63.70000076293945,64.9000015258789,58.865177154541016,12020973,0.009287968516461426,65.26500053405762,-0.0009916384811312867,0.018023115416837376
2021-10-05,63.900001525878906,64.69999694824219,63.20000076293945,64.5999984741211,58.59307098388672,14666688,-0.004633260053135857,65.19500045776367,-0.0010720177429143153,0.018036244189184304
2021-10-06,64.80000305175781,64.80000305175781,61.400001525878906,61.400001525878906,55.69063186645508,24147097,-0.05080452716359493,64.94500045776367,-0.0039143609728973785,0.021078732269268586
2021-10-07,61.70000076293945,62.400001525878906,61.400001525878906,61.599998474121094,55.872032165527344,13099583,0.003251985764167784,64.76500053405762,-0.0028398788178896333,0.020856723762920817
2021-10-08,61.900001525878906,63.099998474121094,61.599998474121094,61.599998474121094,55.872032165527344,9731931,0.0,64.63000030517578,-0.0021448916468050855,0.020699783573263925
2021-10-12,61.400001525878906,61.599998474121094,59.900001525878906,61.0,55.327823638916016,12539495,-0.00978798159540103,64.40000038146972,-0.003635090425819142,0.02008408362174749
2021-10-13,61.599998474121094,61.900001525878906,59.400001525878906,59.400001525878906,53.87660598754883,16064224,-0.026579612116515244,64.03000030517578,-0.005870443708540013,0.020022283051708674
2021-10-14,60.5,62.400001525878906,60.20000076293945,62.29999923706055,56.50694274902344,18447446,0.0476671614903923,63.85500011444092,-0.0027329235581690127,0.023171515438423707
2021-10-15,63.400001525878906,64.0,62.599998474121094,63.70000076293945,57.776763916015625,13248091,0.022223161008000737,63.73000030517578,-0.0019247921144355904,0.023768492182340294
2021-10-18,64.0,64.5999984741211,62.099998474121094,62.70000076293945,56.869747161865234,10743226,-0.01582311474822083,63.66500034332275,-0.001026081177635184,0.02282085154959289
2021-10-19,62.900001525878906,63.79999923706055,62.0,63.5,57.595359802246094,6726684,0.012678446091677677,63.610000419616696,-0.0008587240634746765,0.022912892853466586
2021-10-20,63.599998474121094,63.79999923706055,63.0,63.5,57.595359802246094,4146558,0.0,63.54000034332275,-0.001090387066131469,0.022877838830944134
2021-10-21,63.20000076293945,63.900001525878906,62.5,62.5,56.6883430480957,6527177,-0.01587334915629012,63.515000343322754,-0.0003984084824588476,0.022164723660313582
2021-10-22,62.5,62.70000076293945,61.79999923706055,62.099998474121094,56.325538635253906,9518924,-0.006420592374241987,63.400000190734865,-0.0018183846217982886,0.02155704706110825
2021-10-25,61.900001525878906,63.5,61.900001525878906,63.5,57.595359802246094,8368017,0.022293941530532203,63.33000011444092,-0.0010903870661314664,0.0221347263208403
2021-10-26,63.79999923706055,64.4000015258789,63.400001525878906,63.70000076293945,57.776763916015625,7709312,0.003144668656543143,63.285000228881835,-0.0007014906306475162,0.02213753066614177
2021-10-27,63.70000076293945,66.19999694824219,63.400001525878906,66.19999694824219,60.04429244995117,17819647,0.03849584228871168,63.27999992370606,-7.547631887222899e-05,0.023088232621084174
2021-10-28,65.0999984741211,67.19999694824219,64.69999694824219,66.5,60.31639862060547,14856414,0.004521530817907647,63.24500007629395,-0.0005235627227115861,0.02289741512791171
2021-10-29,67.19999694824219,67.30000305175781,66.0,66.5,60.31639862060547,13483676,0.0,63.275,0.0004531741499443643,0.02245616762798246
2021-11-01,67.69999694824219,68.0,66.80000305175781,67.0,60.7699089050293,7933979,0.007490671729157659,63.40999984741211,0.002056647034307613,0.021707159461306864
2021-11-02,67.80000305175781,69.0,65.80000305175781,66.5,60.31639862060547,16582301,-0.007490671729157626,63.489999771118164,0.0012177150220266607,0.02173718353477072
2021-11-03,67.0,69.0,66.9000015258789,68.5999984741211,62.221126556396484,16063885,0.03109056482689819,63.68999977111817,0.003003906266028363,0.02267846355534732
2021-11-04,69.0,69.0,66.5,66.69999694824219,60.497798919677734,16722114,-0.02808760532062,63.95499954223633,0.0041397523581771095,0.020284130604314162
2021-11-05,67.0,67.30000305175781,65.5,65.69999694824219,59.59078598022461,12996456,-0.015106028127413448,64.15999946594238,0.003221851663598048,0.02073673861120141
2021-11-08,66.0999984741211,67.5999984741211,66.0,67.5999984741211,61.31411361694336,11577026,0.02850908143607193,64.45999946594239,0.004647305735401645,0.02147049323038453
2021-11-09,67.69999694824219,68.80000305175781,67.4000015258789,68.69999694824219,62.31182861328125,16403439,0.01614119433004656,64.84499931335449,0.005943764531674024,0.021335386170765826
2021-11-10,69.30000305175781,70.0,68.5,69.9000015258789,63.400245666503906,16041934,0.017316516262427847,65.3699993133545,0.00813857095062118,0.02003155577300706
2021-11-11,69.0,69.30000305175781,68.0,68.0,61.676918029785156,10182128,-0.027557965893112674,65.65499935150146,0.00437731458144593,0.019266542570964135
2021-11-12,68.80000305175781,69.19999694824219,68.19999694824219,68.69999694824219,62.31182861328125,6092094,0.010241449630684846,65.90499916076661,0.0037782290125801346,0.018864516070565364
2021-11-15,69.30000305175781,70.5999984741211,69.30000305175781,70.30000305175781,63.76305389404297,12527132,0.023022687420321836,66.28499927520753,0.005720519121007269,0.018739510820200884
2021-11-16,70.4000015258789,70.80000305175781,69.69999694824219,70.80000305175781,64.21656036376953,9298428,0.00708720157648359,66.64999942779541,0.005440956895247564,0.018671830770711353
2021-11-17,71.0999984741211,72.0,70.4000015258789,71.0,64.39795684814453,11486026,0.0028208332377184604,67.02499942779541,0.005581998557133487,0.01863919357204715
2021-11-18,71.19999694824219,71.5999984741211,70.5999984741211,71.5999984741211,64.9421615600586,8446481,0.008415175614126452,67.47999935150146,0.0067964247956543156,0.017946073501443206
2021-11-19,71.80000305175781,72.0,69.5,69.5999984741211,63.12813949584961,11619003,-0.02833050723861556,67.85499935150146,0.005700929052435637,0.01940480016722329
2021-11-22,71.69999694824219,76.0,71.5,75.4000015258789,68.3888168334961,50363122,0.08004274983420469,68.4499994277954,0.008588369467619261,0.02538027739478992
2021-11-23,76.0,76.5999984741211,73.69999694824219,75.69999694824219,68.66092681884766,31540774,0.003970824878529634,69.04999923706055,0.008629677278718585,0.025371621989205683
2021-11-24,75.0,76.19999694824219,74.4000015258789,75.4000015258789,68.3888168334961,12673353,-0.003970824878529733,69.50999946594239,0.006506343920356514,0.024502716064374517
2021-11-25,76.0,76.0,74.30000305175781,74.4000015258789,67.48180389404297,10267930,-0.013351332902859881,69.90499954223633,0.005612700734318138,0.02490159018276837
2021-11-26,74.5,75.19999694824219,73.0999984741211,73.5,66.66549682617188,14513838,-0.012170556129380047,70.25499954223633,0.0050041729278491355,0.025192971421977274
2021-11-29,72.0999984741211,74.4000015258789,71.0999984741211,73.30000305175781,66.48409271240234,12954942,-0.0027247556923823877,70.56999969482422,0.004493401556772133,0.02524341111089574
2021-11-30,74.0999984741211,76.4000015258789,74.0999984741211,74.19999694824219,67.30039978027344,30865704,0.012203458518113715,70.95499954223632,0.0054781080691357,0.025135213622656506
2021-12-01,74.0999984741211,76.0,74.0999984741211,76.0,68.93302917480469,20002729,0.023969231241808685,71.32499961853027,0.005122041389881225,0.024801515593218103
2021-12-02,78.30000305175781,80.0,78.30000305175781,79.80000305175781,72.37968444824219,60840042,0.04879020241201036,71.97999992370606,0.008965931776512743,0.025335336384938418
2021-12-03,76.9000015258789,79.19999694824219,76.9000015258789,78.80000305175781,71.47266387939453,33625136,-0.01261050710661777,72.63500022888184,0.009090707827552526,0.02521640882339647
2021-12-06,79.0,79.0999984741211,77.0999984741211,77.5,70.29354858398438,14574280,-0.016635099232422366,73.13000030517578,0.006833498794127811,0.025406507939481928
2021-12-07,77.9000015258789,78.0999984741211,76.5999984741211,77.5,70.29354858398438,9325672,0.0,73.57000045776367,0.006026439077625484,0.025351589662355106
2021-12-08,78.5,78.80000305175781,76.9000015258789,76.9000015258789,69.74934387207031,15391196,-0.0077720400053246895,73.92000045776368,0.004772011264237858,0.025384225591936323
2021-12-09,77.0,78.0,76.4000015258789,77.5,70.29354858398438,9596089,0.007772040005324675,74.39500045776367,0.006538511559159725,0.024218502662174533
2021-12-10,77.19999694824219,78.30000305175781,76.5,77.80000305175781,70.5656509399414,9195472,0.003863534050722666,74.85000076293946,0.006219615780161615,0.024209166833539884
2021-12-13,78.5,78.69999694824219,76.5999984741211,76.5999984741211,69.47723388671875,7018836,-0.015544413583568712,75.16500053405761,0.004291260729967088,0.024335970896810694
2021-12-14,76.0,76.30000305175781,74.80000305175781,74.80000305175781,67.84461212158203,9102088,-0.023779131047123345,75.36500053405761,0.002747944098786742,0.025115567823813027
2021-12-15,74.80000305175781,76.4000015258789,74.80000305175781,76.0,68.93302917480469,5919885,0.015915414506999192,75.61500053405761,0.003402673162250778,0.025287657439041784
2021-12-16,76.9000015258789,77.5,75.0,76.0,68.93302917480469,10989659,0.0,75.83500061035156,0.0029819143815444553,0.025269868682224344
2021-12-17,75.0999984741211,76.19999694824219,74.5999984741211,75.69999694824219,68.66092681884766,5794200,-0.003955220156770456,76.14000053405762,0.004200678735636711,0.024247308432275738
2021-12-20,76.30000305175781,78.30000305175781,75.5,75.9000015258789,68.84233093261719,13771275,0.0026385843758298137,76.16500053405761,0.00033047046271796694,0.016418150268820136
2021-12-21,78.0999984741211,78.4000015258789,76.5999984741211,76.80000305175781,69.65864562988281,17491528,0.011787975384665163,76.22000083923339,0.0007213279880247434,0.016601401896104345
2021-12-22,79.5,79.9000015258789,76.30000305175781,76.5,69.38653564453125,28309645,-0.003913939057565408,76.27500076293946,0.0007241722790729595,0.016600560538514084
2021-12-23,77.4000015258789,77.5,75.80000305175781,75.9000015258789,68.84233093261719,11592687,-0.007874036327099758,76.35000076293946,0.0009980371078609658,0.016400100930184052
2021-12-24,77.0,77.0,75.5999984741211,75.69999694824219,68.66092681884766,6932332,-0.0026385843758298506,76.46000061035156,0.0014746356955384757,0.016133608503559563
2021-12-27,76.19999694824219,76.69999694824219,75.69999694824219,76.5999984741211,69.47723388671875,4484662,0.011818936696894641,76.62500038146973,0.0022018203150023273,0.016261622352770663
2021-12-28,76.9000015258789,77.0,76.0,76.69999694824219,69.56793212890625,6456204,0.0013046117585170135,76.75000038146973,0.0016568779770224917,0.01609053308258243
2021-12-29,76.9000015258789,77.0,76.0999984741211,76.5999984741211,69.47723388671875,3099776,-0.0013046117585170502,76.78000030517578,0.00039318582700620527,0.015214589257116874
2021-12-30,77.5,78.5,77.30000305175781,78.0999984741211,70.83775329589844,15639804,0.019392980481682743,76.69500007629395,-0.0010766752695101757,0.011177284174239539
2022-01-03,77.80000305175781,78.0,76.0,76.19999694824219,69.11443328857422,11411973,-0.024628614664853398,76.56499977111817,-0.001677580647421957,0.01211381285469648
2022-01-04,76.80000305175781,77.19999694824219,76.5,77.19999694824219,70.02143859863281,7390636,0.013037994856903327,76.54999961853028,-0.0001939259429556724,0.012002063310015432
2022-01-05,77.19999694824219,77.19999694824219,75.5,75.9000015258789,68.84233093261719,11475002,-0.016982712994797627,76.46999969482422,-0.0010430615926955537,0.012574715831512045
2022-01-06,75.0,75.19999694824219,73.30000305175781,73.80000305175781,66.9375991821289,11757950,-0.02805793154723256,76.31499977111817,-0.002057356169790947,0.013894895437236026
2022-01-07,74.0,74.80000305175781,73.4000015258789,73.69999694824219,66.84689331054688,10501119,-0.00135601517070784,76.12499961853027,-0.002513758928592573,0.013703635793942672
2022-01-10,73.5,74.9000015258789,72.69999694824219,74.9000015258789,67.93531036376953,5131797,0.01615115310793872,75.97999954223633,-0.0018993779757317704,0.014268409792209861
2022-01-11,74.0999984741211,74.5999984741211,73.19999694824219,73.5,66.66549682617188,6130523,-0.018868504676597585,75.82499961853027,-0.0020655825303832137,0.014453873323786613
2022-01-12,74.19999694824219,74.80000305175781,73.5999984741211,74.4000015258789,67.48180389404297,7325314,0.01217055612938005,75.80499954223633,-0.0002680981715580441,0.013833493073140872
2022-01-13,74.4000015258789,75.19999694824219,73.9000015258789,74.5999984741211,67.6632080078125,6805972,0.002684524407403085,75.73499946594238,-0.0009296426765378495,0.013325883314898436
2022-01-14,74.30000305175781,75.0,73.80000305175781,74.30000305175781,67.39110565185547,7190677,-0.004029493958405066,75.64999961853027,-0.0011311173744581028,0.01334154011015988
2022-01-17,74.30000305175781,74.9000015258789,73.9000015258789,74.4000015258789,67.48180389404297,5705721,0.0013449695510019542,75.5849998474121,-0.0008661078890694823,0.013335129717561303
2022-01-18,74.9000015258789,76.0,74.5999984741211,75.0999984741211,68.11671447753906,7251106,0.009364576103956399,75.54499969482421,-0.000529808302663153,0.013511807869136487
2022-01-19,74.4000015258789,75.80000305175781,74.30000305175781,75.19999694824219,68.20741271972656,5917069,0.001330651921780158,75.46499938964844,-0.0010526744758074034,0.013208999767971732
2022-01-20,75.0999984741211,75.5999984741211,74.5999984741211,75.0999984741211,68.11671447753906,4852746,-0.0013306519217801314,75.39499931335449,-0.0009235101190181394,0.013192167912434813
2022-01-21,74.30000305175781,74.80000305175781,72.0,72.30000305175781,65.57707977294922,15217131,-0.03799636707775766,75.21499938964844,-0.0024296266565510343,0.01553832572161484
2022-01-24,71.5999984741211,73.0999984741211,71.0,72.5999984741211,65.84918212890625,8526545,0.004140729438764732,75.05999946594238,-0.002090660965821305,0.01560731899747497
2022-01-25,72.0,74.0,71.80000305175781,72.0,65.30497741699219,8703044,-0.008298781797079054,74.82999954223632,-0.0030965468905199897,0.015309108824034764
2022-01-26,72.4000015258789,73.5,71.80000305175781,72.0,65.30497741699219,4027430,0.0,74.59499969482422,-0.0031617774784458404,0.01529213893568198
2022-02-07,75.0,76.4000015258789,74.30000305175781,76.4000015258789,69.29583740234375,18125566,0.05931659712865636,74.5849998474121,-0.00013071703408716988,0.02072310232823416
2022-02-08,77.0,77.9000015258789,76.5999984741211,77.4000015258789,70.20285034179688,11806230,0.01300408416516742,74.55,-0.000450161849912936,0.02045379873361878
2022-02-09,78.0,78.80000305175781,77.4000015258789,78.5,71.2005615234375,11974165,0.014111824478483664,74.6650001525879,0.0014868601072539171,0.019869591358240037
2022-02-10,78.80000305175781,79.0,78.19999694824219,79.0,71.65406799316406,8819087,0.0063492276786587445,74.75500030517578,0.001152421748341688,0.01972066706222334
2022-02-11,78.5999984741211,79.5,77.9000015258789,79.0,71.65406799316406,17529968,0.0,74.91000022888184,0.0020015573980815696,0.019258919758336993
2022-02-14,78.4000015258789,78.9000015258789,77.5,78.69999694824219,71.3819580078125,11769061,-0.0038047358207651907,75.15499992370606,0.0032142171844049376,0.01798821705720551
2022-02-15,79.0,79.5,78.69999694824219,78.80000305175781,71.47266387939453,9919403,0.0012699189454674546,75.41000022888184,0.0033455138902137027,0.017962668305491012
2022-02-16,80.0,80.5999984741211,79.5,80.5,73.01458740234375,18656529,0.021344148832794063,75.69000015258788,0.0036051636764564696,0.018193564079236713
2022-02-17,81.0,84.19999694824219,80.80000305175781,82.69999694824219,75.010009765625,36730205,0.02696238070358169,76.15,0.0058967079454654335,0.018099985489196228
2022-02-18,81.80000305175781,84.0,81.5999984741211,83.5,75.73563385009766,21141610,0.009627066728710434,76.60499992370606,0.005769533475431953,0.018062480680264333
2022-02-21,83.0,83.0999984741211,80.30000305175781,80.4000015258789,72.92388916015625,13540161,-0.03783243669329592,76.89500007629394,0.003743685420397003,0.020530265556998318
2022-02-22,79.19999694824219,79.4000015258789,77.69999694824219,78.69999694824219,71.3819580078125,11721956,-0.021371078517257624,77.11499977111816,0.0028766061924543744,0.021230113661117076
2022-02-23,78.80000305175781,80.4000015258789,78.5,79.0,71.65406799316406,7756368,0.0038047358207653472,77.34499969482422,0.002999594505942544,0.021227898458738164
2022-02-24,77.5,77.69999694824219,75.9000015258789,76.30000305175781,69.20513916015625,14609304,-0.034774874179785156,77.40499992370606,0.0007926219917554662,0.02276982389814005
2022-02-25,77.5,78.19999694824219,76.80000305175781,77.0999984741211,69.93074035644531,8862746,0.010430282491140495,77.5,0.0012476035202234833,0.022871825447324523
2022-03-01,78.19999694824219,80.0,77.5,79.9000015258789,72.47038269042969,11701452,0.035672611091209915,77.7400001525879,0.0030977666708729853,0.02411513966263842
2022-03-02,79.0,80.0999984741211,78.30000305175781,79.69999694824219,72.28897857666016,7922265,-0.002506324363980498,78.10999984741211,0.004872268806561844,0.022158472431208453
2022-03-03,82.30000305175781,83.30000305175781,81.5999984741211,82.5999984741211,74.9193115234375,14342460,0.03574011454821564,78.60999984741211,0.006452238062034389,0.023205401824764632
2022-03-04,81.30000305175781,82.80000305175781,80.5,81.5999984741211,74.01229858398438,9202767,-0.01218041878325726,79.08999977111816,0.006258156212725479,0.023351042760524257
2022-03-07,79.5999984741211,79.5999984741211,76.0,76.9000015258789,69.74934387207031,18351246,-0.059323346916588214,79.3349998474121,0.003291988866896068,0.027573785053275766
2022-03-08,75.9000015258789,77.5999984741211,74.30000305175781,74.69999694824219,67.75390625,13420270,-0.02902584506872409,79.24999961853027,-0.001125133242972954,0.025090808891596317
2022-03-09,76.0,76.5,74.80000305175781,74.9000015258789,67.93531036376953,6397993,0.0026738596101360274,79.12499961853027,-0.0016416444707245236,0.024890166110356004
2022-03-10,76.30000305175781,77.5,76.19999694824219,76.69999694824219,69.56793212890625,10624226,0.023747757689583607,79.03499946594238,-0.0011598478101695266,0.02530102391177805
2022-03-11,76.0,76.30000305175781,74.5999984741211,75.5999984741211,68.57022094726562,8132114,-0.014445405583068543,78.86499938964843,-0.0021995794732558908,0.025403266885557683
2022-03-14,75.80000305175781,76.19999694824219,74.69999694824219,75.69999694824219,68.66092681884766,9222311,0.0013218571276570328,78.69999923706055,-0.0021334866168730396,0.02541100921925516
2022-03-15,75.30000305175781,75.5,73.0,73.0,66.21199035644531,12456849,-0.03631867898116953,78.41499938964844,-0.0037591837748932556,0.02653859640060599
2022-03-16,73.5,73.80000305175781,70.5,70.9000015258789,64.30725860595703,19421615,-0.029188986088745334,78.01999931335449,-0.005282129026603896,0.027102767974902277
2022-03-17,73.0,74.30000305175781,72.5999984741211,74.19999694824219,67.30039978027344,13165132,0.045493653984876495,77.7049991607666,-0.004074653768999775,0.028834100922304273
2022-03-18,74.19999694824219,74.80000305175781,73.9000015258789,74.80000305175781,67.84461212158203,6774780,0.00805381673480943,77.30999946594238,-0.005020081967438387,0.028062550192004286
2022-03-21,75.0,75.4000015258789,74.30000305175781,74.9000015258789,67.93531036376953,5573978,0.0013359851160567138,76.87999954223633,-0.005434636048071073,0.027895529979988065
2022-03-22,75.0999984741211,75.30000305175781,73.4000015258789,74.0,67.11900329589844,11130927,-0.012088817691218865,76.55999946594238,-0.004147455097967221,0.02689802889975585
2022-03-23,74.5,74.69999694824219,73.0,73.69999694824219,66.84689331054688,14097103,-0.00406233541671971,76.30999946594238,-0.0032820179429403247,0.026591401090770624
2022-03-24,73.0,73.0,70.30000305175781,71.30000305175781,64.6700668334961,30172837,-0.033106387565548276,75.92499961853028,-0.005127574112256006,0.027343910147013553
2022-03-25,71.0,71.0999984741211,68.9000015258789,68.9000015258789,62.49323654174805,25798509,-0.03424017005600591,75.55499954223633,-0.005100838906067043,0.02731364182611049
2022-03-28,68.19999694824219,69.9000015258789,67.5,69.80000305175781,63.309547424316406,9667102,0.012977853323888693,75.18999977111817,-0.004973460364429633,0.027395701200744756
2022-03-29,69.80000305175781,69.80000305175781,68.69999694824219,69.0,62.58393478393555,10162527,-0.011527548892525047,74.64499969482422,-0.007333468363616383,0.025689875783705258
2022-03-30,70.0,70.4000015258789,69.0999984741211,69.30000305175781,62.856040954589844,7012813,0.0043384456355064225,74.125,-0.006991229863642036,0.025802911250736513
2022-03-31,69.5,70.19999694824219,69.19999694824219,69.19999694824219,62.76533508300781,9862130,-0.0014441317096893403,73.45499992370605,-0.008850442176537285,0.023825774903674417
2022-04-01,68.5,69.19999694824219,68.0,69.19999694824219,62.76533508300781,10512461,0.0,72.8349998474121,-0.008241421237374421,0.023891759092208944
2022-04-06,68.30000305175781,68.5,66.5,66.5999984741211,60.40709686279297,18682585,-0.03829626388782801,72.31999969482422,-0.00719006708593641,0.021905695513285448
2022-04-07,66.80000305175781,67.69999694824219,66.19999694824219,66.19999694824219,60.04429244995117,12448654,-0.00602413779134763,71.89499969482422,-0.006039981722067588,0.021294222946015184
2022-04-08,66.80000305175781,67.19999694824219,66.4000015258789,66.80000305175781,60.588504791259766,7105288,0.009022709383695426,71.48999977111816,-0.005722539233389618,0.021477494860936894
2022-04-11,66.80000305175781,67.5999984741211,65.69999694824219,66.80000305175781,60.588504791259766,9297726,0.0,70.99500007629395,-0.006909927117868799,0.020391463873673323
2022-04-12,66.19999694824219,66.30000305175781,65.0999984741211,65.5,59.409385681152344,11017224,-0.019652983586389977,70.4900001525879,-0.007170306018034871,0.020525555686230657
2022-04-13,66.0,66.80000305175781,65.80000305175781,66.69999694824219,60.497798919677734,7123592,0.01815476452688032,70.0400001525879,-0.006328660648073706,0.021225289425810333
2022-04-14,66.69999694824219,66.69999694824219,64.0999984741211,64.0999984741211,58.139564514160156,19607289,-0.039760567046125614,69.59500007629394,-0.006500755051321511,0.021493504709311842
2022-04-15,63.599998474121094,64.69999694824219,63.29999923706055,63.900001525878906,57.95816421508789,7817943,-0.00312495485930301,69.24500007629395,-0.005197553489849394,0.02082523477118874
2022-04-18,63.29999923706055,64.9000015258789,63.29999923706055,63.79999923706055,57.867462158203125,5145135,-0.0015662068702124506,68.72500019073486,-0.007550546532603841,0.01712642510408168
2022-04-19,64.5999984741211,65.0,64.0999984741211,64.4000015258789,58.41167068481445,5802778,0.009360478411633975,68.20500011444092,-0.007485213448762615,0.01719145372671062
2022-04-20,65.0999984741211,65.80000305175781,64.4000015258789,65.30000305175781,59.22798538208008,10086680,0.013878426212727661,67.72500019073486,-0.006858091393929067,0.017749872434749726
2022-04-21,65.9000015258789,66.9000015258789,65.30000305175781,66.9000015258789,60.679203033447266,8501735,0.024206906925729764,67.37000026702881,-0.005043305163081635,0.018998484841633325
2022-04-22,66.0,66.5,65.5,66.4000015258789,60.2256965637207,8303057,-0.007501910480044942,67.00500049591065,-0.005215283916247896,0.019004704409155568
2022-04-25,65.0,65.30000305175781,63.599998474121094,64.30000305175781,58.32097244262695,10644878,-0.03213740075767811,66.65500049591064,-0.005166834575854389,0.018930950388442946
2022-04-26,64.69999694824219,64.9000015258789,63.70000076293945,64.19999694824219,58.23026657104492,7776665,-0.0015565155440678726,66.42000026702881,-0.003532651850257487,0.0176569671257867
2022-04-27,62.70000076293945,63.20000076293945,61.5,63.20000076293945,57.32325744628906,8709342,-0.015698849936107477,66.09000015258789,-0.004966487013257295,0.017408260596332558
2022-04-28,63.599998474121094,64.69999694824219,63.20000076293945,64.19999694824219,58.23026657104492,7007482,0.015698849936107585,65.85,-0.0036051670718256637,0.017925060348419425
2022-04-29,65.0999984741211,65.9000015258789,64.9000015258789,65.5999984741211,59.50008773803711,8169826,0.021572509528948052,65.66499977111816,-0.0027434638771535826,0.018723488976557293
2022-05-03,65.5999984741211,66.0,65.19999694824219,65.9000015258789,59.772193908691406,6582676,0.004562791973227179,65.5,-0.0024431176930077565,0.01879347689676168
2022-05-04,65.80000305175781,66.5,65.4000015258789,66.0999984741211,59.953590393066406,7581066,0.003030259110318107,65.34500007629394,-0.002291604737491851,0.01882639609636693
2022-05-05,67.5,68.0,66.4000015258789,67.0,60.7699089050293,11169386,0.013523895617726782,65.3650001525879,0.00029940323778588826,0.01709687372770959
2022-05-06,65.4000015258789,66.9000015258789,65.4000015258789,66.80000305175781,60.588504791259766,7144918,-0.002989493163369871,65.39500045776367,0.0004511354691847763,0.01705120453987616
2022-05-09,65.9000015258789,66.5,65.0999984741211,65.0999984741211,59.04658126831055,5807632,-0.02577860045207297,65.31000022888183,-0.0012889300226036435,0.017885746394627845
2022-05-10,64.19999694824219,66.19999694824219,64.0999984741211,66.0,59.862892150878906,8877581,0.013730216250902259,65.27000007629394,-0.0006024192100585308,0.018198591660422064
2022-05-11,65.5,65.5999984741211,64.19999694824219,65.19999694824219,59.13727951049805,8013033,-0.012195319899920735,65.25499992370605,-0.00022953602573506866,0.017860978543355818
2022-05-12,64.5,65.5,64.5,64.5999984741211,58.59307098388672,7039719,-0.009245034958365398,65.15,-0.0015995259999973545,0.01742206072710824
2022-05-13,65.4000015258789,65.9000015258789,64.9000015258789,65.5,59.409385681152344,5504179,0.013835755473066876,65.22000007629394,0.00108029012596227,0.015227036845260113
2022-05-16,66.5,68.0,66.4000015258789,66.9000015258789,60.679203033447266,14793319,0.02114884730133056,65.37000007629395,0.0022939802339939485,0.01582967300057831
2022-05-17,67.30000305175781,67.5999984741211,66.5999984741211,67.0,60.7699089050293,6983448,0.0014936294484292714,65.53000011444092,0.0024469720499260346,0.0158051686845344
2022-05-18,67.5999984741211,68.0,67.0,67.19999694824219,60.9513053894043,6865540,0.002980582725074086,65.66999988555908,0.00212797726559804,0.015722455952647436
2022-05-19,66.30000305175781,66.9000015258789,65.5999984741211,66.9000015258789,60.679203033447266,5476372,-0.0044742121735032465,65.74999980926513,0.0012103453462864947,0.015535005785948696
2022-05-20,67.4000015258789,67.4000015258789,66.4000015258789,66.80000305175781,60.588504791259766,3767017,-0.0014958637149406278,65.74499988555908,-7.47931857470248e-05,0.01456535506043694
2022-05-23,67.4000015258789,67.4000015258789,65.80000305175781,66.4000015258789,60.2256965637207,4618587,-0.0060060467651042275,65.74499988555908,1.0928757898653884e-17,0.014529004765426656
2022-05-24,66.5999984741211,66.5999984741211,64.30000305175781,64.30000305175781,58.32097244262695,7547714,-0.03213740075767811,65.74499988555908,1.1102230246251566e-17,0.014529004765426656
2022-05-25,64.9000015258789,65.0,64.0,64.69999694824219,58.68376922607422,6864769,0.0062014756342222265,65.76999988555909,0.00038789955891451605,0.01458870119403662
2022-05-26,65.30000305175781,65.5,63.5,63.5,57.595359802246094,6548328,-0.018721248440390005,65.78499984741211,0.00023677963370038972,0.014778528399348448
2022-05-27,64.30000305175781,64.5999984741211,63.400001525878906,63.900001525878906,57.95816421508789,8500781,0.006279479364012059,65.77000007629394,-0.00023418889490438654,0.014405217450727295
2022-05-30,64.5,65.9000015258789,64.4000015258789,65.80000305175781,59.68149185180664,8510974,0.029300499447910605,65.78000030517578,0.00015221060104374102,0.015107466146875874
2022-05-31,65.69999694824219,66.80000305175781,64.9000015258789,66.80000305175781,60.588504791259766,13629070,0.015083241517027782,65.82500038146972,0.0006782330782337713,0.015448426248317246
2022-06-01,66.30000305175781,67.30000305175781,66.0999984741211,66.80000305175781,60.588504791259766,5931334,0.0,65.86000061035156,0.000526720122717866,0.015439001275960814
2022-06-02,66.30000305175781,67.0,66.19999694824219,66.80000305175781,60.588504791259766,2778385,0.0,65.85000076293946,-0.00014947465816847314,0.015132917280914353
2022-06-06,66.19999694824219,67.19999694824219,65.5999984741211,66.80000305175781,60.588504791259766,5485280,0.0,65.85000076293946,2.0404684886177192e-17,0.015118145784530076
2022-06-07,66.0999984741211,66.19999694824219,65.5999984741211,65.80000305175781,59.68149185180664,4267838,-0.01508324151702771,65.88500099182129,0.0005347679467522836,0.014326744783133259
2022-06-08,66.19999694824219,66.5,65.9000015258789,66.0999984741211,59.953590393066406,3686255,0.004548839062670897,65.89000091552734,7.569908734071547e-05,0.014025605779509908
2022-06-09,66.30000305175781,66.4000015258789,65.5,65.69999694824219,59.59078598022461,4091628,-0.0060698447325662165,65.91500091552734,0.0003819728457084414,0.013808747154797789
2022-06-10,65.0999984741211,65.69999694824219,64.80000305175781,65.0999984741211,59.04658126831055,5820816,-0.009174353265150004,65.94000091552735,0.0003855069303692111,0.013806162432997414
2022-06-13,62.400001525878906,62.79999923706055,61.599998474121094,62.20000076293945,56.41624069213867,14593203,-0.04556951376448185,65.77500095367432,-0.0025847565315082256,0.016821192369565176
2022-06-14,61.70000076293945,62.29999923706055,61.29999923706055,62.20000076293945,56.41624069213867,7896058,0.0,65.54000091552734,-0.0036421988965747525,0.01588963758698486
2022-06-15,61.900001525878906,62.5,61.20000076293945,61.20000076293945,55.50923156738281,11504858,-0.01620781002643004,65.25000095367432,-0.004527270870317719,0.016080360483933926
2022-06-16,62.099998474121094,62.400001525878906,60.400001525878906,60.400001525878906,54.78361892700195,7207997,-0.013158071780946533,64.91000118255616,-0.00533420359561875,0.016088704639980134
2022-06-17,60.0,60.29999923706055,59.29999923706055,60.099998474121094,54.511512756347656,7612988,-0.004979314051503247,64.57000102996827,-0.0053594586895187495,0.016087680032616167
2022-06-20,60.599998474121094,60.599998474121094,59.0,59.5,53.96730422973633,5590294,-0.010033503600577361,64.20500087738037,-0.0057863406838005865,0.016093035912545437
2022-06-21,59.79999923706055,60.20000076293945,59.400001525878906,60.0,54.42081069946289,7397955,0.00836824967051658,63.88500080108643,-0.005067625862019546,0.016400743613119752
2022-06-22,60.29999923706055,60.29999923706055,58.0,58.099998474121094,52.69748306274414,7033213,-0.03217892462721151,63.57500057220459,-0.005069702055496216,0.016404353003531144
2022-06-23,59.0,59.400001525878906,57.79999923706055,58.29999923706055,52.87888717651367,6374221,0.00343644267511735,63.25500068664551,-0.00520795370345146,0.016315775274136662
2022-06-24,59.0,59.70000076293945,58.29999923706055,58.900001525878906,53.423095703125,6797594,0.010239036293797353,63.025000762939456,-0.003759939466742092,0.01633844577073212
2022-06-27,59.5,59.900001525878906,59.29999923706055,59.79999923706055,54.23940658569336,6164031,0.015164531634597264,62.820000648498535,-0.003315686853212831,0.016741611980133287
2022-06-28,59.79999923706055,59.79999923706055,58.099998474121094,58.900001525878906,53.423095703125,7607840,-0.015164531634597233,62.47500057220459,-0.005538938407338224,0.015049169283838322
2022-06-29,58.0,58.099998474121094,57.099998474121094,57.099998474121094,51.790470123291016,12716342,-0.031037026624762806,61.990000343322755,-0.007844951814427754,0.015255019308197238
2022-06-30,50.79999923706055,51.5,48.5,49.400001525878906,47.9135627746582,33864106,-0.14485363485692782,61.12000026702881,-0.015087633557274143,0.03409144347909811
2022-07-01,49.29999923706055,49.54999923706055,48.150001525878906,48.29999923706055,46.84666061401367,23328131,-0.02251891021943432,60.195000076293944,-0.01621357906824586,0.03393843960364871
2022-07-04,48.29999923706055,49.29999923706055,47.650001525878906,49.150001525878906,47.671085357666016,11973517,0.017445332775845063,59.3125,-0.015341312429453607,0.03459491991183763
2022-07-05,49.70000076293945,49.75,47.849998474121094,49.400001525878906,47.9135627746582,9368087,0.00507357744358909,58.492499923706056,-0.014333471481422767,0.034895141760200137
2022-07-06,49.400001525878906,49.900001525878906,48.25,48.599998474121094,47.137630462646484,11219422,-0.01632695557235102,57.617499923706056,-0.015377261213173862,0.034611672687328
2022-07-07,49.099998474121094,50.5,48.20000076293945,50.5,48.98046112060547,15250267,0.038349836771551925,56.857500076293945,-0.01315627713796796,0.03660795677757723
2022-07-08,50.5,51.20000076293945,49.150001525878906,49.650001525878906,48.15604019165039,15455861,-0.0169749150574259,56.08500022888184,-0.01354630522758175,0.03660485395535718
2022-07-11,49.04999923706055,49.400001525878906,48.349998474121094,49.0,47.525596618652344,11272759,-0.013178123113261624,55.42500019073486,-0.01192673569502074,0.03582162012000945
2022-07-12,48.400001525878906,48.5,47.150001525878906,47.349998474121094,45.92524337768555,11606933,-0.03425351070407122,54.68250007629395,-0.013639411230224302,0.03603956422469415
2022-07-13,48.54999923706055,50.20000076293945,48.54999923706055,49.0,47.525596618652344,12999992,0.0342535107040712,54.07250003814697,-0.01111634519369924,0.03758357119746681
2022-07-14,48.54999923706055,50.0,48.29999923706055,49.849998474121094,48.35001754760742,8225283,0.017198167687813806,53.54499988555908,-0.009598533220261222,0.038106111944958276
2022-07-15,49.650001525878906,51.599998474121094,49.349998474121094,51.400001525878906,49.8533821105957,12570926,0.030619736349038588,53.11000003814697,-0.00781858070023413,0.039150349185524166
2022-07-18,51.79999923706055,54.70000076293945,51.5,54.20000076293945,52.569129943847656,22567662,0.05304272037449512,52.84500007629394,-0.004664769501480506,0.041436386609081235
2022-07-19,53.0,53.70000076293945,52.79999923706055,53.0,51.40523910522461,11976554,-0.02238900896985221,52.49500007629395,-0.0062026324334989455,0.041497937296340215
2022-07-20,54.0,54.29999923706055,53.099998474121094,53.400001525878906,51.7932014465332,14359398,0.007518860988538249,52.260000228881836,-0.0042177431527114576,0.041137902304084026
2022-07-21,53.400001525878906,54.5,53.29999923706055,54.29999923706055,52.66611862182617,7521573,0.016713438348779152,52.06000022888183,-0.003553893369028367,0.04137436721175027
2022-07-22,54.0,54.20000076293945,53.0,53.70000076293945,52.08417510986328,14151157,-0.011111197167181787,51.80000019073486,-0.004621405042077325,0.041275074222799385
2022-07-25,53.0,53.0,52.0,52.70000076293945,51.11426544189453,7955601,-0.018797545697911554,51.44500026702881,-0.006319508908702765,0.041116530053225436
2022-07-26,52.599998474121094,53.099998474121094,52.20000076293945,52.5,50.920284271240234,5970106,-0.003802300426767931,51.125000190734866,-0.0057513973483113,0.041066351141432304
2022-07-27,52.599998474121094,53.099998474121094,51.900001525878906,52.599998474121094,51.01727294921875,4810765,0.0019029211369810505,50.900000190734865,-0.004104399960224108,0.040657382485581026
2022-07-28,52.900001525878906,53.099998474121094,52.099998474121094,52.5,50.920284271240234,4785542,-0.001902921136980983,51.055000114440915,0.0030431357257732342,0.023597709878120963
2022-07-29,53.099998474121094,53.099998474121094,52.099998474121094,52.29999923706055,50.72629928588867,5795095,-0.003816813114453365,51.25500011444092,0.003978240581022282,0.02289143554134419
2022-08-01,52.5,52.599998474121094,51.5,52.20000076293945,50.629310607910156,6005412,-0.0019138469788333732,51.40750007629394,0.0030102815932883603,0.02270051452386656
2022-08-02,51.79999923706055,51.79999923706055,50.0,50.400001525878906,48.88347244262695,9634388,-0.03509130415159361,51.45750007629395,0.0010020375135292251,0.024233259652308898
2022-08-03,50.400001525878906,51.5,50.20000076293945,51.20000076293945,49.659400939941406,8850188,0.015748341593925654,51.587500190734865,0.0026058023718430593,0.024086996756706294
2022-08-04,50.5,51.70000076293945,50.400001525878906,51.0,49.465415954589844,6884914,-0.003913914222297411,51.61250019073486,0.0004926148221505923,0.022593716312390516
2022-08-05,51.900001525878906,53.5,51.900001525878906,53.20000076293945,51.599220275878906,8732162,0.042232777964240055,51.79000015258789,0.00345299947323389,0.024018516314094226
2022-08-08,52.900001525878906,53.400001525878906,52.29999923706055,53.099998474121094,51.502227783203125,5903371,-0.0018815111766223324,51.99500007629395,0.004017830070065854,0.023738016906044948
2022-08-09,52.900001525878906,53.400001525878906,52.5,52.900001525878906,51.30824661254883,4987523,-0.003773531803098354,52.27250022888184,0.005541829015114498,0.02207157474826904
2022-08-10,52.29999923706055,52.400001525878906,51.599998474121094,51.599998474121094,50.04736328125,5685010,-0.024881724792625133,52.40250015258789,0.002585067240279681,0.02198362666134442
2022-08-11,52.70000076293945,53.400001525878906,52.599998474121094,53.0,51.40523910522461,5001453,0.02677027063590177,52.56000022888183,0.00306367238768408,0.02241841006073913
2022-08-12,53.29999923706055,54.29999923706055,53.099998474121094,54.099998474121094,52.472137451171875,5851160,0.02054224409552781,52.695000076293944,0.002559797775008541,0.021873082591185394
2022-08-15,54.5,54.70000076293945,53.400001525878906,53.79999923706055,52.1811637878418,4954621,-0.0055607046609418365,52.675,-0.0003703734767633069,0.018404664902235277
2022-08-16,53.900001525878906,54.0,53.400001525878906,53.79999923706055,52.1811637878418,3522915,0.0,52.714999961853025,0.0007490769717293037,0.01766077365312299
2022-08-17,53.599998474121094,55.0,53.20000076293945,55.0,53.34505844116211,6288633,0.022059732245763075,52.79499988555908,0.001476120534590545,0.01824381337134162
2022-08-18,54.400001525878906,54.400001525878906,53.29999923706055,53.599998474121094,51.9871826171875,6724481,-0.025784145623605082,52.75999984741211,-0.0006487586640286667,0.018840803738735028
2022-08-19,53.79999923706055,54.70000076293945,53.79999923706055,54.29999923706055,52.66611862182617,4496125,0.01297517328057341,52.78999977111816,0.0005555598583590931,0.018906533352870195
2022-08-22,53.599998474121094,54.20000076293945,53.400001525878906,54.099998474121094,52.472137451171875,1624000,-0.00369005524178958,52.859999656677246,0.0013109343811651918,0.0183872865182112
2022-08-23,53.20000076293945,53.79999923706055,53.099998474121094,53.400001525878906,51.7932014465332,3857994,-0.013023383106989627,52.90499973297119,0.000849880247154107,0.018636170085860656
2022-08-24,53.70000076293945,53.70000076293945,52.599998474121094,52.599998474121094,51.01727294921875,5462451,-0.015094683806101046,52.90499973297119,2.0816681711721684e-18,0.01897020402320172
2022-08-25,53.0,53.70000076293945,53.0,53.599998474121094,51.9871826171875,3022041,0.01883294887430688,52.95999965667725,0.0010367935005643953,0.019421995415058502
2022-08-26,54.29999923706055,54.29999923706055,53.400001525878906,53.5,51.890193939208984,3863654,-0.0018673857069049454,53.01999969482422,0.0011342648709418161,0.01940123566124944
2022-08-29,52.20000076293945,52.900001525878906,52.099998474121094,52.5,50.920284271240234,3879148,-0.018868484304382805,53.03499965667724,0.00028653300466434454,0.019905298105706175
2022-08-30,52.5,53.0,52.099998474121094,52.70000076293945,51.11426544189453,3577403,0.0038023004267679107,53.14999961853027,0.002231213233582421,0.01808362241849658
2022-08-31,52.70000076293945,53.79999923706055,52.5,53.400001525878906,51.7932014465332,5737239,0.013195304516314196,53.259999656677245,0.0021035613797018475,0.01799196199820234
2022-09-01,52.70000076293945,53.0,52.29999923706055,52.599998474121094,51.01727294921875,5566113,-0.015094683806101046,53.3399995803833,0.001544522900511666,0.018358738603005808
2022-09-02,52.70000076293945,52.900001525878906,52.099998474121094,52.099998474121094,50.532318115234375,3445255,-0.009551171262741317,53.284999465942384,-0.0010446745608374028,0.01579027655124759
2022-09-05,52.29999923706055,52.5,50.900001525878906,51.099998474121094,49.562408447265625,5002813,-0.01938045212280347,53.18499946594238,-0.00191962160814646,0.016315174780587412
2022-09-06,50.599998474121094,51.79999923706055,50.20000076293945,51.20000076293945,49.659400939941406,5850114,0.001955079597608883,53.09999942779541,-0.001633191038111098,0.016331192484411564
2022-09-07,50.5,51.5,50.0,50.599998474121094,49.07745361328125,7416548,-0.011788000808913386,53.04999942779541,-0.000978504838925511,0.015596056638329137
2022-09-08,51.20000076293945,51.29999923706055,50.400001525878906,51.099998474121094,49.562408447265625,5742685,0.009832921211304581,52.95499935150146,-0.0018253723101553702,0.014425947698986728
2022-09-12,52.099998474121094,52.599998474121094,52.0,52.29999923706055,50.72629928588867,4137045,0.02321188913411038,52.86499938964844,-0.0016918900582262417,0.014654349489035734
2022-09-13,52.79999923706055,52.79999923706055,52.099998474121094,52.400001525878906,50.82329177856445,4684390,0.0019102639636978758,52.794999504089354,-0.0013183416269942562,0.014645757852751474
2022-09-14,51.20000076293945,51.20000076293945,50.29999923706055,50.70000076293945,49.17444610595703,10730352,-0.03298069480156973,52.639999580383304,-0.0029673763670727427,0.016257543206274185
2022-09-15,51.0,51.20000076293945,50.400001525878906,50.400001525878906,48.88347244262695,5632222,-0.005934720292555261,52.40999965667724,-0.004367098993988659,0.015157265075448793
2022-09-16,50.20000076293945,50.20000076293945,48.79999923706055,49.099998474121094,47.62258529663086,15661097,-0.02613220162918666,52.18499965667725,-0.004384501794267738,0.0151833266516742
2022-09-19,49.20000076293945,49.25,48.0,48.599998474121094,47.137630462646484,11133516,-0.01023550421374865,51.89999961853027,-0.005545035668983842,0.014664805504369617
2022-09-20,49.099998474121094,49.099998474121094,47.54999923706055,47.650001525878906,46.21622085571289,12916828,-0.019740837386909342,51.57749977111816,-0.006347574776239829,0.014993458824284319
2022-09-21,47.5,47.75,47.04999923706055,47.150001525878906,45.731266021728516,8521601,-0.010548620681162043,51.26499977111816,-0.0062238366549484505,0.01494560046189939
2022-09-22,47.0,47.0,46.0,46.79999923706055,45.39179229736328,7978718,-0.007450854820215078,50.974999809265135,-0.005841645205654152,0.014803877032169519
2022-09-23,46.95000076293945,48.099998474121094,46.849998474121094,47.599998474121094,46.167720794677734,7417233,0.01694954255961831,50.67499980926514,-0.00593581552138858,0.014643780814397257
2022-09-26,46.400001525878906,46.54999923706055,45.5,45.650001525878906,44.276397705078125,13583026,-0.04182908871451146,50.28249988555908,-0.007933900671768907,0.01664852461972696
2022-09-27,45.75,46.20000076293945,45.25,46.0,44.615867614746094,5399402,0.007637756022512204,49.95749988555908,-0.006608588655424155,0.016786705896775653
2022-09-28,46.45000076293945,46.900001525878906,45.29999923706055,45.5,44.13091278076172,9849115,-0.010929070532190317,49.59749984741211,-0.007345157203372067,0.016628298153387802
2022-09-29,46.04999923706055,47.349998474121094,46.0,47.150001525878906,45.731266021728516,9292952,0.03562171548478628,49.28499984741211,-0.006223836654948462,0.01871194394185227
2022-09-30,46.29999923706055,48.95000076293945,46.0,48.95000076293945,47.47710418701172,14534138,0.03746534312092536,49.10249996185303,-0.003595835308597142,0.020956753407607925
2022-10-03,48.0,48.04999923706055,46.70000076293945,47.54999923706055,46.11922836303711,12602483,-0.029017611616210918,48.875,-0.004569157326270622,0.02168722437854808
2022-10-04,49.0,50.20000076293945,48.29999923706055,49.95000076293945,48.44701385498047,16171566,0.049240747422220205,48.81750011444092,-0.0011380973490194388,0.024470246452855518
2022-10-05,51.0,51.599998474121094,50.099998474121094,51.400001525878906,49.8533821105957,25055967,0.028615681778853517,48.82750015258789,0.00019493276004279285,0.025357700492562973
2022-10-06,51.5,51.5,49.599998474121094,50.20000076293945,48.689491271972656,13122792,-0.023623160251798503,48.80750026702881,-0.0003968252121014629,0.025786526284895802
2022-10-07,49.849998474121094,50.400001525878906,49.650001525878906,50.20000076293945,48.689491271972656,6661661,0.0,48.76250038146973,-0.000888471272666692,0.02567471545517025
2022-10-11,49.20000076293945,50.0,48.599998474121094,49.75,48.253028869628906,14009967,-0.009004578291078705,48.6350004196167,-0.0024992946439261463,0.025086983459770375
2022-10-12,51.70000076293945,53.0,50.599998474121094,52.70000076293945,51.11426544189453,30385905,0.057605006419744295,48.650000381469724,0.00028544247887617483,0.02846582958518313
2022-10-13,51.70000076293945,52.70000076293945,51.0,51.400001525878906,49.8533821105957,16212021,-0.024977267876867028,48.6850004196167,0.0006856138251113101,0.02802642693518388
2022-10-14,52.79999923706055,55.599998474121094,52.099998474121094,55.20000076293945,53.539039611816406,31331616,0.07132476495693744,48.92500038146973,0.0045485880875859456,0.032095040585944784
2022-10-17,53.70000076293945,56.400001525878906,53.599998474121094,56.20000076293945,54.508949279785156,17164554,0.017953803370663865,49.28000049591064,0.006752888337578472,0.03138299164008723
2022-10-18,56.900001525878906,57.0,54.599998474121094,55.79999923706055,54.12098693847656,17365370,-0.007142914760565252,49.64000053405762,0.006907517810237641,0.03130239672860279
2022-10-19,54.70000076293945,55.29999923706055,53.5,53.79999923706055,52.1811637878418,20033863,-0.036500402727807246,49.9475004196167,0.006069539543192746,0.032262924262464694
2022-10-20,53.5,55.70000076293945,53.099998474121094,55.70000076293945,54.02399444580078,25816688,0.034706707643827515,50.375000381469725,0.008332305959442225,0.032621071062345006
2022-10-21,55.20000076293945,56.79999923706055,55.099998474121094,55.70000076293945,54.02399444580078,18301382,0.0,50.82000045776367,0.008704848700452978,0.03247354766767005
2022-10-24,57.099998474121094,57.70000076293945,55.29999923706055,55.599998474121094,53.927001953125,16108172,-0.0017969868178643097,51.220000457763675,0.007767522231578848,0.032493591771950915
2022-10-25,55.900001525878906,56.29999923706055,53.79999923706055,54.099998474121094,52.472137451171875,11533914,-0.02734901616502131,51.64250030517578,0.008491525859053353,0.0314757220101728
2022-10-26,54.400001525878906,55.0,54.099998474121094,54.5,52.860103607177734,9249313,0.007366544021548668,52.067500305175784,0.008477965259005179,0.031476167616464254
2022-10-27,54.70000076293945,55.400001525878906,54.5,55.0,53.34505844116211,8574444,0.009132483563272474,52.54250030517578,0.009481042963778318,0.031143053197639374
2022-10-28,53.79999923706055,54.5,52.79999923706055,53.099998474121094,51.502227783203125,13212344,-0.03515628572052742,52.84000015258789,0.005942142903512632,0.032025142726530315
2022-10-31,54.0,54.900001525878906,53.20000076293945,54.5,52.860103607177734,9050812,0.0260238021572549,53.117500114440915,0.00537006585532911,0.03153077111071798
2022-11-01,54.20000076293945,55.0,54.0,54.0,52.37514877319336,7279820,-0.009216655104923952,53.44000015258789,0.006360113680893458,0.030693953786956666
2022-11-02,53.599998474121094,54.900001525878906,53.599998474121094,54.79999923706055,53.15107345581055,5674876,0.014706133467442624,53.68250007629395,0.004633382983154579,0.02908384657522217
2022-11-03,53.900001525878906,56.400001525878906,53.79999923706055,56.0,54.31496810913086,10116673,0.021661510703432224,53.9125,0.004285674429383514,0.028822433654848545
2022-11-04,55.599998474121094,55.599998474121094,54.20000076293945,54.900001525878906,53.248069763183594,8367865,-0.019838314425877673,54.14750003814697,0.004474916720679556,0.02864140220592128
2022-11-07,55.400001525878906,57.29999923706055,55.20000076293945,56.900001525878906,55.187889099121094,13552495,0.03578199163986572,54.482500076293945,0.006264016302672842,0.0294532269701591
2022-11-08,57.20000076293945,57.400001525878906,56.5,57.099998474121094,55.381866455078125,12414683,0.0035087219899036606,54.85,0.00688968131672196,0.029243975116652103
2022-11-09,57.5,58.20000076293945,57.29999923706055,58.099998474121094,56.351776123046875,10388423,0.017361547655847995,55.11999988555908,0.0048775083785271445,0.02685794062479884
2022-11-10,57.79999923706055,58.20000076293945,57.0,58.0,56.25478744506836,6914327,-0.0017226270484698499,55.44999980926514,0.006040240419947005,0.025986682544689922
2022-11-11,59.29999923706055,59.900001525878906,58.599998474121094,59.79999923706055,58.00062561035156,19246707,0.0305626376519818,55.67999973297119,0.004002134054699221,0.021869285111838662
2022-11-14,60.0,60.5,59.70000076293945,59.900001525878906,58.097618103027344,12997402,0.0016708823967735242,55.864999771118164,0.0031879880060047042,0.02162427483003562
2022-11-15,59.5,59.70000076293945,58.70000076293945,59.70000076293945,57.90363693237305,10239611,-0.00334449741706305,56.05999984741211,0.0033779088731798143,0.02154530159025742
2022-11-16,59.70000076293945,60.400001525878906,59.0,60.099998474121094,58.29159927368164,9674460,0.006677782974049792,56.374999809265134,0.0055368181582726664,0.019395050967489513
2022-11-17,58.5,59.400001525878906,57.29999923706055,58.900001525878906,57.127708435058594,16966129,-0.020168699588357566,56.53499984741211,0.0027930477966634113,0.018927170267935108
2022-11-18,59.400001525878906,62.0,59.20000076293945,60.70000076293945,58.8735466003418,20633463,0.030102594070667614,56.78499984741211,0.004298177500196792,0.01986695167182913
2022-11-21,60.900001525878906,60.900001525878906,58.099998474121094,58.400001525878906,56.64275360107422,14115487,-0.038627794672226955,56.925,0.00245663710747866,0.022048847976121673
2022-11-22,58.599998474121094,59.20000076293945,57.599998474121094,59.20000076293945,57.41868209838867,9291933,0.01360563881520608,57.180000114440915,0.00450436985649003,0.02101245411186238
2022-11-23,59.5,60.20000076293945,59.20000076293945,59.79999923706055,58.00062561035156,8212489,0.010084093420950395,57.445000076293944,0.004640247326460116,0.021040704096467622
2022-11-24,59.900001525878906,60.400001525878906,59.70000076293945,59.900001525878906,58.097618103027344,7471252,0.0016708823967735242,57.69000015258789,0.004267167268135168,0.021023003085225988
2022-11-25,60.29999923706055,60.599998474121094,59.400001525878906,59.70000076293945,57.90363693237305,6574344,-0.00334449741706305,58.020000267028806,0.005857756683308387,0.018988217698136127
2022-11-28,59.0,59.099998474121094,58.20000076293945,58.5,56.739742279052734,10400136,-0.020305278940300802,58.22000026702881,0.0035413026284306015,0.019223083260691613
2022-11-29,57.900001525878906,57.900001525878906,56.599998474121094,57.20000076293945,55.47886276245117,17532700,-0.022472842513956388,58.380000305175784,0.0028784932579789804,0.0199026520417891
2022-11-30,56.099998474121094,56.900001525878906,56.0,56.79999923706055,55.09089660644531,17540324,-0.007017599428781488,58.48000030517578,0.0017923066131677746,0.019815782063038873
2022-12-01,58.5,58.900001525878906,57.0,57.5,55.769832611083984,13811305,0.012248635508231718,58.55500030517578,0.0013216628534077491,0.019427000457090855
2022-12-02,56.900001525878906,57.20000076293945,55.900001525878906,56.099998474121094,54.411956787109375,17119135,-0.024649162473921987,58.61500015258789,0.0010811204510055336,0.0197302072777173
2022-12-05,56.0,56.900001525878906,56.0,56.20000076293945,54.508949279785156,7565330,0.0017809851456975976,58.58000011444092,-0.000618929873702873,0.01796909105337664
2022-12-06,55.599998474121094,55.70000076293945,54.099998474121094,54.29999923706055,52.66611862182617,15038874,-0.03439255758564107,58.44000015258789,-0.002513993852480109,0.01944854412309373
2022-12-07,54.20000076293945,54.5,53.5,53.5,51.890193939208984,8639047,-0.014842558987478431,58.21000022888184,-0.00412419918464643,0.019045337384161753
2022-12-08,53.5,54.5,53.0,54.0,52.37514877319336,8638108,0.00930239266231341,58.010000228881836,-0.0035729481991072674,0.01927665743078491
2022-12-09,54.5,54.79999923706055,53.599998474121094,53.70000076293945,52.08417510986328,8446615,-0.0055710308420168836,57.70500030517578,-0.005379631623807201,0.017522426119693135
2022-12-12,53.5,55.099998474121094,53.29999923706055,54.79999923706055,53.15107345581055,7237040,0.020277164309459354,57.45000019073486,-0.00444931752817291,0.018388962176373976
2022-12-13,55.099998474121094,55.400001525878906,54.599998474121094,54.79999923706055,53.15107345581055,7492003,0.0,57.20500011444092,-0.004282092657319757,0.01841472692167603
2022-12-14,55.099998474121094,55.79999923706055,55.0,55.5,53.830013275146484,7286990,0.012692840720671767,56.97500019073486,-0.003981339769988658,0.018650753657335283
2022-12-15,55.29999923706055,56.099998474121094,55.099998474121094,55.900001525878906,54.217979431152344,4797368,0.0071813867052457105,56.82500019073486,-0.002613835455308495,0.018402425628452353
2022-12-16,55.099998474121094,55.099998474121094,54.29999923706055,54.5,52.860103607177734,8717305,-0.02536370578843621,56.51500015258789,-0.005387150448263686,0.017362546547164525
2022-12-19,54.20000076293945,54.599998474121094,53.70000076293945,53.70000076293945,52.08417510986328,6214264,-0.014787685946940883,56.28000011444092,-0.004195145011999382,0.01569900186147071
2022-12-20,53.79999923706055,53.900001525878906,52.0,52.0,50.435325622558594,10424774,-0.03216929714083015,55.920000076293945,-0.0064838918098011926,0.016292769745887867
2022-12-21,52.099998474121094,52.599998474121094,51.5,51.5,49.95037078857422,7970799,-0.009661910911736859,55.50500011444092,-0.007471192026435557,0.015827589187552088
2022-12-22,52.20000076293945,52.5,51.5,51.70000076293945,50.14435577392578,6429126,0.0038759886017423074,55.09500007629394,-0.007360936716187117,0.01590212973007181
2022-12-23,50.5,51.5,50.099998474121094,51.400001525878906,49.8533821105957,5217138,-0.00581959412395364,54.680000114440915,-0.007484691551531646,0.015878841460201888
2022-12-26,51.70000076293945,51.79999923706055,51.20000076293945,51.5,49.95037078857422,1864159,0.001943605522211426,54.33000011444092,-0.006372247328406036,0.015711861422727198
2022-12-27,51.599998474121094,52.29999923706055,51.599998474121094,51.900001525878906,50.33833694458008,2730070,0.007737011902516437,54.06500015258789,-0.004861754607582394,0.015533663721255371
2022-12-28,51.599998474121094,51.900001525878906,51.20000076293945,51.29999923706055,49.75638961791992,3262228,-0.011628082267597166,53.79000015258789,-0.0050922787495231775,0.015601403713844907
2022-12-29,50.79999923706055,52.0,50.5,51.79999923706055,50.2413444519043,4282502,0.0096993972322667,53.50500011444092,-0.0052197406633214295,0.015462064952431789
2022-12-30,52.20000076293945,52.29999923706055,51.20000076293945,51.20000076293945,49.659400939941406,2392918,-0.011650587590253173,53.260000228881836,-0.004569811919137988,0.014864013080209671
2023-01-03,51.0,53.20000076293945,51.0,53.0,51.40523910522461,7481451,0.034552366605498645,53.10000019073486,-0.002931242846147936,0.017220478734619044
2023-01-04,53.20000076293945,54.29999923706055,53.099998474121094,54.099998474121094,52.472137451171875,9028332,0.02054224409552781,53.09000015258789,-0.00018450276208949214,0.016294415432443452
2023-01-05,56.0,56.099998474121094,54.400001525878906,54.900001525878906,53.248069763183594,17480593,0.014679218661621857,53.160000228881835,0.0012915861203655222,0.016233730877555152
2023-01-06,53.900001525878906,55.29999923706055,53.70000076293945,55.0,53.34505844116211,9937043,0.0018198089231993859,53.21000022888184,0.000917456933409821,0.01612525461373709
2023-01-09,55.599998474121094,56.70000076293945,55.400001525878906,56.70000076293945,54.99390411376953,12651259,0.030441038956957614,53.36000022888184,0.002718060423358546,0.01732833222170243
2023-01-10,56.79999923706055,57.5,56.20000076293945,56.5,54.799922943115234,9998608,-0.0035335860370333634,53.44500026702881,0.00152752290603391,0.016870348039818923
2023-01-11,56.79999923706055,57.20000076293945,55.79999923706055,57.0,55.28487777709961,10009483,0.008810629682154906,53.55500030517578,0.0019680543901416554,0.016943238326871127
2023-01-12,57.0,57.099998474121094,56.20000076293945,56.20000076293945,54.508949279785156,4137134,-0.014134497359469733,53.59000034332276,0.0006266874861345802,0.017110598443211826
2023-01-13,56.70000076293945,56.79999923706055,55.70000076293945,56.0,54.31496810913086,5275436,-0.0035650797399311485,53.59500026702881,8.936416387573729e-05,0.017062596066718033
2023-01-16,56.79999923706055,57.5,56.20000076293945,57.5,55.769832611083984,9153476,0.02643325706815543,53.74500026702881,0.002679212306705319,0.01692632201395238
2023-01-17,56.79999923706055,57.79999923706055,56.79999923706055,57.70000076293945,55.96381759643555,6146727,0.0034722389332698814,53.94500026702881,0.003592208550715857,0.016419456166511463
2023-01-30,60.5,61.20000076293945,59.0,60.29999923706055,58.48558044433594,23903595,0.04407490434416948,54.36000022888184,0.007404418624965839,0.016530158613004112
2023-01-31,60.0,60.20000076293945,57.599998474121094,57.79999923706055,56.06080627441406,14448867,-0.04234332860205688,54.67500019073486,0.005770347740449837,0.019630604099408235
2023-02-01,58.20000076293945,58.5,57.29999923706055,58.20000076293945,56.44877243041992,7590377,0.0068966053676302345,55.000000190734866,0.0059213785787442345,0.019626881917492147
2023-02-02,59.099998474121094,60.099998474121094,58.599998474121094,59.900001525878906,58.097618103027344,12762698,0.028791162748857332,55.42500019073486,0.007651916422384783,0.020058279227340256
2023-02-03,60.0,60.20000076293945,59.400001525878906,59.900001525878906,58.097618103027344,7308239,0.0,55.84500026702881,0.007554736146274212,0.020092070807263704
2023-02-06,59.400001525878906,59.400001525878906,58.099998474121094,58.099998474121094,56.351776123046875,6828593,-0.0305108930002855,56.15500011444092,0.005642340901134114,0.021819774546036372
2023-02-07,58.0,58.70000076293945,57.79999923706055,58.20000076293945,56.44877243041992,3568877,0.0017197302514281273,56.500000190734866,0.0063097315270853795,0.021464977370109887
2023-02-08,58.400001525878906,59.20000076293945,58.29999923706055,58.400001525878906,56.64275360107422,6552802,0.003430548115927145,56.83000030517578,0.005996289071268402,0.021458644137953627
2023-02-09,58.0,58.400001525878906,57.5,58.0,56.25478744506836,7297394,-0.006872905415825161,57.17000026702881,0.006235173179989802,0.02127768457308092
2023-02-10,57.70000076293945,59.0,57.5,58.29999923706055,56.54576110839844,5624148,0.005159069723587146,57.43500022888183,0.004765508335894228,0.02020702537434728
2023-02-13,58.0,58.0,57.099998474121094,57.599998474121094,55.8668212890625,5456137,-0.012079539059114588,57.61000022888184,0.0031344191781621073,0.020183102375909128
2023-02-14,57.900001525878906,58.79999923706055,57.79999923706055,58.400001525878906,56.64275360107422,5169621,0.01379337475135257,57.785000228881835,0.0030901269826486433,0.020157389283283
2023-02-15,58.29999923706055,59.0,58.0,58.5,56.739742279052734,4624508,0.0017108382755662878,57.96000022888184,0.003084678450266988,0.02015776544538717
2023-02-16,58.5,60.0,58.5,59.70000076293945,57.90363693237305,8701734,0.02030527894030088,58.11000022888184,0.0025778904494341516,0.01955211199627566
2023-02-17,59.29999923706055,60.099998474121094,59.20000076293945,59.70000076293945,57.90363693237305,5956210,0.0,58.270000267028806,0.0027545697512858197,0.019509899848125425
2023-02-20,59.70000076293945,60.5,59.70000076293945,60.0,58.194610595703125,3534813,0.0050125290439889374,58.42000026702881,0.0025646647193775214,0.019466285144823778
2023-02-21,60.5,60.5,59.900001525878906,60.400001525878906,58.58257293701172,3858926,0.006644567981564161,58.630000305175784,0.003603617986429216,0.01907876197037593
2023-02-22,59.5,59.5,58.5,58.70000076293945,56.9337272644043,7270630,-0.02854939037234914,58.765000343322754,0.0023544024548083167,0.020348540538201648
2023-02-23,59.099998474121094,59.599998474121094,58.599998474121094,59.5,57.709651947021484,5587094,0.013536572720268451,58.865000343322755,0.0017095682374139675,0.01974059723895013
2023-02-24,60.099998474121094,60.099998474121094,58.400001525878906,58.400001525878906,56.64275360107422,7950040,-0.0186603965893396,58.900000381469724,0.0006029364612834935,0.02025036476469495
2023-03-01,57.900001525878906,58.20000076293945,57.20000076293945,57.29999923706055,55.57585144042969,6538567,-0.0190153055563754,58.750000381469725,-0.002551574033743751,0.01789959259746433
2023-03-02,58.0,58.099998474121094,56.599998474121094,57.29999923706055,55.57585144042969,8192545,0.0,58.72500038146973,-0.00043440760364090656,0.015253975862254332
2023-03-03,57.79999923706055,58.099998474121094,57.099998474121094,57.900001525878906,56.157798767089844,5727212,0.010416800526774492,58.7100004196167,-0.0002583978456836937,0.01536293761404073
2023-03-06,58.099998474121094,58.400001525878906,57.599998474121094,57.70000076293945,55.96381759643555,6733729,-0.003460224196069027,58.60000038146973,-0.0018709671929300117,0.013762543204719762
2023-03-07,58.0,58.79999923706055,57.70000076293945,58.5,56.739742279052734,4302028,0.01376956750123614,58.53000030517578,-0.0011824888178682048,0.014198573078042263
2023-03-08,58.900001525878906,61.0,58.599998474121094,61.0,59.164520263671875,17958738,0.041847109935500504,58.67500038146973,0.002435411328921096,0.015491928491184564
2023-03-09,61.29999923706055,61.400001525878906,59.0,59.099998474121094,57.32168960571289,13542596,-0.03164296557985305,58.72000026702881,0.000767276537357037,0.01726750403872272
2023-03-10,58.79999923706055,59.0,57.900001525878906,58.70000076293945,56.9337272644043,6692443,-0.006791158762142493,58.73500022888184,0.000256191193453555,0.01733566445968852
2023-03-13,58.29999923706055,59.099998474121094,58.0,58.5,56.739742279052734,6155002,-0.00341298559350487,58.760000228881836,0.0004291871845695695,0.017277944977842838
2023-03-14,58.0,58.79999923706055,57.599998474121094,58.0,56.25478744506836,6420352,-0.008583743691391442,58.74500026702881,-0.0002579534861793599,0.01735304941896521
2023-03-15,58.400001525878906,58.900001525878906,58.0,58.0,56.25478744506836,4682607,0.0,58.765000343322754,0.00034602346677636955,0.017128706360273027
2023-03-16,58.0,58.20000076293945,57.5,57.70000076293945,55.96381759643555,3847337,-0.005185823809844699,58.73000030517578,-0.0006029364612834939,0.016868248947859803
2023-03-17,58.5,60.0,58.400001525878906,59.29999923706055,57.51567077636719,12497955,0.027352106401346925,58.770000267028806,0.000679126945005538,0.017990459116367628
2023-03-20,59.599998474121094,59.79999923706055,58.79999923706055,59.20000076293945,57.41868209838867,3407786,-0.001687738360470938,58.74500026702881,-0.0004205239200330528,0.017389814523190588
2023-03-21,59.400001525878906,59.599998474121094,58.20000076293945,58.599998474121094,56.836734771728516,5865192,-0.010186884233373265,58.69000015258789,-0.0009298681317017161,0.017525505708976357
2023-03-22,59.099998474121094,59.79999923706055,59.0,59.099998474121094,57.32168960571289,5370898,0.008496228049380671,58.64500007629395,-0.0007556831814321292,0.017604808036196497
2023-03-23,59.099998474121094,60.599998474121094,58.900001525878906,59.79999923706055,58.00062561035156,7652107,0.011774749604942866,58.61499996185303,-0.0004991741002631941,0.017755041010193245
2023-03-24,61.5,64.69999694824219,61.20000076293945,63.29999923706055,61.39531326293945,27132732,0.05687966889897335,58.84499988555908,0.0037722788633029304,0.020685869734549573
2023-03-27,63.20000076293945,63.70000076293945,62.400001525878906,63.20000076293945,61.29832077026367,11552839,-0.0015810038727360083,59.02999992370606,0.003016400033652707,0.020586260201054456
2023-03-28,63.0,63.20000076293945,62.5,62.5,60.619384765625,10552510,-0.0111377564822826,59.23499984741211,0.0033925320390055572,0.02023508573763437
2023-03-29,62.5,62.70000076293945,60.79999923706055,61.0,59.164520263671875,12280371,-0.024292692569044587,59.41999988555908,0.0031286626883720984,0.020574234188717955
2023-03-30,65.0,65.30000305175781,63.599998474121094,63.900001525878906,61.97726058959961,28820964,0.04644552108934679,59.75,0.005450938742839437,0.02271260432197047
2023-03-31,65.0,67.0,64.5,66.5,64.4990234375,39538044,0.03988256239915045,60.179999923706056,0.006924226836458236,0.023972408344483033
2023-04-06,64.9000015258789,66.5999984741211,64.0999984741211,66.4000015258789,64.40203857421875,24024441,-0.0015048681993165313,60.61499996185303,0.007021994636295862,0.023931780812045087
2023-04-07,68.69999694824219,68.80000305175781,67.5,68.5999984741211,66.53583526611328,25773374,0.032595433026214614,61.11999988555908,0.007963287912544784,0.024572795049935633
2023-04-10,68.0,68.30000305175781,66.30000305175781,66.69999694824219,64.69300079345703,22882864,-0.02808760532062,61.40499973297119,0.004466552149738759,0.024473006787161553
2023-04-11,68.0,69.0,67.80000305175781,68.19999694824219,66.14786529541016,26671688,0.022239612934146887,61.859999656677246,0.007160681075438756,0.023222551390383837
2023-04-12,68.19999694824219,69.9000015258789,67.19999694824219,69.0999984741211,67.02079010009766,34836210,0.013110188589206592,62.37999954223633,0.008155748443006209,0.023018745898419693
2023-04-13,68.69999694824219,68.80000305175781,67.4000015258789,67.5,65.46893310546875,17324502,-0.023427110812955985,62.82999954223633,0.007155042182033655,0.023963792559811268
2023-04-14,68.0,68.19999694824219,67.19999694824219,67.5999984741211,65.56592559814453,9321285,0.0014803625982608237,63.30999946594238,0.007658247496516267,0.023720335511719343
2023-04-17,66.9000015258789,68.30000305175781,66.9000015258789,68.0,65.95388793945312,10751187,0.005899744699361756,63.80999946594238,0.007953234731484354,0.023656683985911066
2023-04-18,67.5999984741211,67.9000015258789,67.0,67.30000305175781,65.27495574951172,6658043,-0.010347423179841442,64.2899995803833,0.0076951547629845185,0.0238350497799134
2023-04-19,67.30000305175781,67.69999694824219,66.9000015258789,67.0,64.98397827148438,8274239,-0.0044676626052992255,64.67499961853028,0.006104166312652211,0.02351370916569348
2023-04-20,66.4000015258789,66.4000015258789,65.0,65.5,63.52911376953125,10441869,-0.022642476749759777,64.9899995803833,0.005056429393187769,0.024331803437305795
2023-04-21,65.5,66.19999694824219,64.19999694824219,64.5,62.5592041015625,9469779,-0.015384918839479456,65.28499965667724,0.00479652766288246,0.024530148626135007
2023-04-24,64.5999984741211,65.5999984741211,63.79999923706055,64.19999694824219,62.268226623535156,7818150,-0.004662060640980896,65.5399995803833,0.0041386132283643805,0.02460204925404896
2023-04-25,64.69999694824219,65.9000015258789,63.099998474121094,63.5,61.58929443359375,9737583,-0.010963257262099955,65.72499961853028,0.0030017128850122403,0.024755499961156037
2023-04-26,63.20000076293945,64.19999694824219,62.29999923706055,64.0999984741211,62.17123794555664,7189546,0.00940443422331488,65.7649995803833,0.0006279511512293165,0.02136071971624961
2023-04-27,65.0,65.5999984741211,64.5,65.5999984741211,63.626102447509766,8309956,0.023131332567732987,65.88499946594239,0.0018635679732527661,0.021933289171087948
2023-04-28,66.4000015258789,68.0,66.19999694824219,67.80000305175781,65.7599105834961,16789807,0.032986567267832244,66.14999961853027,0.004069784160758509,0.022760276052299588
2023-05-02,67.80000305175781,67.80000305175781,66.5,66.69999694824219,64.69300079345703,6876180,-0.016357332789439464,66.43499946594238,0.004466552149738764,0.022304426841073987
2023-05-03,66.30000305175781,67.5,66.19999694824219,67.0999984741211,65.08097076416016,7984544,0.005979114069178152,66.59499931335449,0.002443231798730333,0.02001373105347936
2023-05-04,66.5,68.0,66.30000305175781,68.0,65.95388793945312,7720651,0.013323683938842016,66.6699993133545,0.001115287875714911,0.018197529104468105
2023-05-05,67.19999694824219,67.69999694824219,66.5999984741211,66.69999694824219,64.69300079345703,9281287,-0.019302798008020188,66.68499908447265,0.00022539138527972804,0.018758922007345268
2023-05-08,66.69999694824219,67.0,64.4000015258789,64.80000305175781,62.850181579589844,9224604,-0.028899256714830686,66.4949993133545,-0.002849343101772537,0.01820553939772124
2023-05-09,65.19999694824219,65.5999984741211,64.19999694824219,64.69999694824219,62.7531852722168,5796710,-0.001544496114219932,66.39499931335449,-0.0015221876414525334,0.017209081971897255
2023-05-10,64.5,64.5,63.599998474121094,64.19999694824219,62.268226623535156,4938427,-0.007757991178289968,66.19499931335449,-0.0030220678470743766,0.016313002257684634
2023-05-11,64.19999694824219,64.5,63.20000076293945,63.29999923706055,61.39531326293945,4712840,-0.014117846063371532,65.90499935150146,-0.004383469579703283,0.01602952065060042
2023-05-12,63.0,63.79999923706055,62.599998474121094,63.79999923706055,61.88026809692383,4662603,0.00786786129507103,65.71999931335449,-0.0028187209743019315,0.015594248579275912
2023-05-15,63.29999923706055,64.80000305175781,63.20000076293945,63.900001525878906,61.97726058959961,5724659,0.0015662068702124918,65.53499946594238,-0.0028144287607043484,0.015595505915535404
2023-05-16,65.0999984741211,65.69999694824219,64.5999984741211,64.5999984741211,62.656192779541016,5491224,0.010895001905481332,65.36499938964843,-0.00256466590039837,0.0157813019455563
2023-05-17,67.69999694824219,68.69999694824219,66.4000015258789,68.0,65.95388793945312,25569104,0.05129331800796731,65.39999923706054,0.000517371158992068,0.01971116755591998
2023-05-18,68.5999984741211,70.19999694824219,68.5999984741211,69.30000305175781,67.21477508544922,18574858,0.018937245056659075,65.51499938964844,0.001687616542089983,0.020090746900756767
2023-05-19,69.9000015258789,70.0,68.4000015258789,69.9000015258789,67.79672241210938,12638648,0.008620720836453401,65.73499946594238,0.0032507764214006417,0.0192987172044042
2023-05-22,72.0,72.9000015258789,69.4000015258789,70.0999984741211,67.9906997680664,21290251,0.0028571012041507067,66.01499938964844,0.00416287742358215,0.01879613133002086
2023-05-23,70.0,70.19999694824219,68.5999984741211,69.9000015258789,67.79672241210938,11479629,-0.0028571012041507075,66.29999961853028,0.004253125395423659,0.018755818999775516
2023-05-24,69.69999694824219,71.19999694824219,68.9000015258789,69.9000015258789,67.79672241210938,15070368,0.0,66.61999969482422,0.004801288258528657,0.018445332178963367
2023-05-25,69.9000015258789,72.4000015258789,69.5999984741211,72.4000015258789,70.22149658203125,33510122,0.0351406493981265,67.03499984741211,0.006088099017269239,0.019642255133235663
2023-05-26,72.9000015258789,73.30000305175781,70.5999984741211,71.9000015258789,69.73654174804688,20984704,-0.006930034518107222,67.35,0.004585030662977227,0.019418332695784222
2023-05-29,72.0999984741211,72.30000305175781,70.5999984741211,71.19999694824219,69.05760192871094,13717774,-0.009783510393076547,67.51999969482422,0.002446526779931788,0.01845721220097653
2023-05-30,71.69999694824219,71.9000015258789,70.5,71.9000015258789,69.73654174804688,8859616,0.009783510393076584,67.77999992370606,0.00375356893905759,0.017974812746445686
2023-05-31,71.30000305175781,73.5,71.30000305175781,73.5,71.28839874267578,21054299,0.02200912026955239,68.1,0.004555069249076303,0.01843087801038599
2023-06-01,72.5999984741211,72.69999694824219,71.0999984741211,71.4000015258789,69.2515869140625,13233842,-0.028987515502399433,68.27000007629394,0.00243950927701423,0.019752351663809814
2023-06-02,72.0,73.4000015258789,71.69999694824219,72.9000015258789,70.70645141601562,12722215,0.02079076922934439,68.58000030517579,0.004444187638882459,0.01946199892075199
2023-06-05,72.9000015258789,73.0,71.9000015258789,72.0999984741211,69.9305191040039,6975257,-0.01103463681820165,68.94500007629395,0.005337418633713911,0.018221546139893647
2023-06-06,72.5,72.5999984741211,71.69999694824219,72.4000015258789,70.22149658203125,4625613,0.004152297339811704,69.33000030517579,0.0056222583064154934,0.018152702017138884
2023-06-07,72.5,72.5,71.19999694824219,71.9000015258789,69.73654174804688,7161086,-0.006930034518107222,69.71500053405762,0.00566365613942463,0.01812149918743766
2023-06-08,71.69999694824219,71.69999694824219,70.0,70.19999694824219,68.08769226074219,8493974,-0.023928018389807744,70.0600004196167,0.005173147523102819,0.018805001184171086
2023-06-09,70.9000015258789,71.4000015258789,70.5,71.30000305175781,69.15459442138672,6035250,0.015548102662470715,70.43500061035157,0.005557159591472804,0.018940852850879635
2023-06-12,71.69999694824219,73.30000305175781,71.5,72.9000015258789,70.70645141601562,10024075,0.02219228972383418,70.88500061035157,0.006588463734153888,0.01927077186045703
2023-06-13,73.69999694824219,75.5,73.30000305175781,74.80000305175781,72.54927825927734,16312486,0.02572926583359609,71.3950008392334,0.007330176930559626,0.019725366487866557
2023-06-14,76.4000015258789,76.9000015258789,74.80000305175781,76.19999694824219,73.90715026855469,18330112,0.018543496863952666,71.80500068664551,0.005692685873358893,0.017063449410363512
2023-06-15,76.4000015258789,76.4000015258789,74.5,75.30000305175781,73.03423309326172,11668208,-0.01188124730944541,72.10500068664551,0.0041517612550536695,0.017195471582257697
2023-06-16,75.19999694824219,78.80000305175781,74.5999984741211,78.5,76.13794708251953,19445388,0.04161844945452355,72.53500061035156,0.0058016476859571765,0.019121962071738254
2023-06-19,78.0,78.80000305175781,77.19999694824219,78.0,75.65299224853516,9514064,-0.00638979809877101,72.93000068664551,0.005339302720811091,0.019307790866832486
2023-06-20,78.0,78.5999984741211,77.0,77.4000015258789,75.071044921875,9195803,-0.007722026379712773,73.30500068664551,0.005096056462032988,0.019446632614349743
2023-06-21,76.5999984741211,76.9000015258789,73.69999694824219,74.5999984741211,72.35529327392578,19655065,-0.03684631355430493,73.54000053405761,0.003253740784317742,0.02158285010044634
2023-06-26,73.5,73.5999984741211,72.19999694824219,73.0,70.8034439086914,20500324,-0.021681045607183022,73.57000045776367,0.0004126560340522653,0.02089334108348872
2023-06-27,73.0,73.0,70.5999984741211,70.80000305175781,68.66963958740234,19315754,-0.030600397344794063,73.51500053405762,-0.0007708621072820768,0.021973647377694566
2023-06-28,70.30000305175781,70.80000305175781,69.19999694824219,69.5,69.5,9806145,-0.018532291232850644,73.43000068664551,-0.0012083011492707817,0.022247880892175397
2023-06-29,72.0,73.19999694824219,71.5999984741211,72.19999694824219,72.19999694824219,14797451,0.03811325105991946,73.44500045776367,0.00020818588407136226,0.023830135406666456
2023-06-30,71.5,71.5,69.9000015258789,70.80000305175781,70.80000305175781,16782369,-0.019580959827068867,73.31000061035157,-0.0018713181207597007,0.023641482861894332
2023-07-03,70.5,70.5999984741211,70.0,70.0999984741211,70.0999984741211,6046998,-0.009936271530227032,73.24500045776367,-0.0009187559221510808,0.022862382737736282
2023-07-04,70.0999984741211,70.69999694824219,69.69999694824219,70.4000015258789,70.4000015258789,8446884,0.004270512565042736,73.12000045776367,-0.0017447687553661633,0.022328953855811403
2023-07-05,70.5999984741211,70.80000305175781,69.5999984741211,70.0999984741211,70.0999984741211,8236329,-0.004270512565042747,73.02000045776367,-0.0014065625427082183,0.02223185420910816
2023-07-06,69.80000305175781,70.5,69.30000305175781,70.0999984741211,70.0999984741211,6255104,0.0,72.90500030517578,-0.0016141774096988036,0.022196570273543704
2023-07-07,69.5999984741211,69.5999984741211,68.0,69.0999984741211,69.0999984741211,9573269,-0.014368063581929925,72.76500015258789,-0.001986078862889939,0.022352091587211128
2023-07-10,69.19999694824219,71.4000015258789,69.0999984741211,69.69999694824219,69.69999694824219,8364792,0.00864556529085053,72.7400001525879,-0.00035739967885702495,0.021850250146294506
2023-07-11,70.9000015258789,71.19999694824219,69.69999694824219,69.9000015258789,69.9000015258789,9979775,0.002865397086928853,72.67000007629395,-0.000991534957634118,0.02154627096919924
2023-07-12,70.5999984741211,70.5999984741211,68.5,70.0999984741211,70.0999984741211,9466419,0.0028571012041507067,72.52999992370606,-0.001958294383618292,0.020874592789693756
2023-07-13,70.4000015258789,72.0,70.4000015258789,70.9000015258789,70.9000015258789,10925303,0.011347682786275858,72.3349998474121,-0.002677373535984303,0.020104111126689955
2023-07-14,71.0,71.9000015258789,70.69999694824219,71.69999694824219,71.69999694824219,5832587,0.011220249983057349,72.10999984741211,-0.003043535880029069,0.01976102956697967
2023-07-17,71.69999694824219,72.4000015258789,70.5,71.69999694824219,71.69999694824219,5462692,0.0,71.92999954223633,-0.0024494735145567984,0.01965969329264404
2023-07-18,71.69999694824219,71.80000305175781,69.5,69.5,69.5,7311455,-0.031163952471956885,71.47999954223633,-0.00608859361088082,0.017712978935073228
2023-07-19,70.19999694824219,71.5,69.9000015258789,70.4000015258789,70.4000015258789,12337719,0.012866532267666337,71.09999961853028,-0.005125777092558953,0.018212067416820646
2023-07-20,70.19999694824219,70.9000015258789,69.5,70.30000305175781,70.30000305175781,4639613,-0.0014214426112992488,70.74499969482422,-0.004810747904138277,0.018219286062762186
2023-07-21,69.5999984741211,70.19999694824219,69.0999984741211,70.0999984741211,70.0999984741211,11819161,-0.002849069953743423,70.51999969482422,-0.003110885724110202,0.016585798289868007
2023-07-24,70.0999984741211,70.19999694824219,69.0999984741211,69.30000305175781,69.30000305175781,5412669,-0.011477822040604158,70.3349998474121,-0.0026007245457812583,0.016135340242388968
2023-07-25,69.5,69.9000015258789,68.0999984741211,68.19999694824219,68.19999694824219,8343305,-0.016000430130532404,70.20499954223632,-0.0018707261850681757,0.015098880005150677
2023-07-26,68.30000305175781,68.4000015258789,66.19999694824219,67.0999984741211,67.0999984741211,12438082,-0.016260498864968765,70.08499946594239,-0.0017571365666740816,0.014974974082568605
2023-07-27,67.80000305175781,72.5999984741211,67.80000305175781,71.4000015258789,71.4000015258789,15176680,0.06211386947912681,70.04499969482421,-0.0005571056457137138,0.018809016939365066
2023-07-28,72.9000015258789,75.5,72.80000305175781,74.80000305175781,74.80000305175781,22000007,0.046520035062940494,70.24499969482422,0.002747944098786754,0.020973274120573485
2023-07-31,75.30000305175781,75.69999694824219,72.19999694824219,72.30000305175781,72.30000305175781,11632275,-0.033993754404962266,70.35499992370606,0.0015450699550499925,0.02238163165833854
2023-08-01,72.5,73.0999984741211,70.69999694824219,71.0,71.0,9054801,-0.01814429433305431,70.3849998474121,0.0004243296101451398,0.022795351705690792
2023-08-02,70.5,70.5999984741211,69.0,69.0999984741211,69.0999984741211,9403893,-0.02712516834987532,70.3349998474121,-0.000718403179096489,0.02360168332375753
2023-08-04,69.19999694824219,70.4000015258789,68.30000305175781,69.9000015258789,69.9000015258789,6779847,0.011510962377779292,70.325,-0.00014285506020752435,0.02375994619947456
2023-08-07,69.30000305175781,70.4000015258789,69.19999694824219,70.0,70.0,2882410,0.00142957098013953,70.37000007629395,0.0006470266678959484,0.023523564364622964
2023-08-08,69.5,69.5,68.0999984741211,68.5,68.5,6442048,-0.02166149678117942,70.31000022888183,-0.0008683264357055491,0.023953432042542994
2023-08-09,68.4000015258789,69.0,68.19999694824219,68.9000015258789,68.9000015258789,3501985,0.0058224548977160945,70.26000022888184,-0.0007204735451661869,0.0239867944806492
2023-08-10,68.30000305175781,68.30000305175781,67.0,67.0999984741211,67.0999984741211,6902419,-0.026472178928631036,70.11000022888183,-0.002186937551805274,0.024644099149690363
2023-08-11,68.0,68.5999984741211,67.19999694824219,67.9000015258789,67.9000015258789,5116288,0.01185203579982897,69.96000022888184,-0.0021617199011276186,0.024658931275737546
2023-08-14,68.0,68.0,64.0,64.9000015258789,64.9000015258789,11204102,-0.04518840981581828,69.62000045776367,-0.0049821528910714,0.026224051860425906
2023-08-15,65.9000015258789,66.19999694824219,64.30000305175781,64.5999984741211,64.5999984741211,5530793,-0.004633260053135857,69.26500053405762,-0.005213815893728193,0.026198175456191193
2023-08-16,64.0999984741211,64.30000305175781,63.20000076293945,63.70000076293945,63.70000076293945,8688421,-0.014029812612950271,68.97500057220459,-0.004357108900777862,0.02557772141174857
2023-08-17,63.5,66.19999694824219,62.400001525878906,65.5999984741211,65.5999984741211,12823651,0.029391098134504797,68.7350004196167,-0.0035308806074359394,0.026416513394850506
2023-08-18,65.30000305175781,65.80000305175781,64.5,64.5999984741211,64.5999984741211,8146849,-0.015361285521554514,68.45000019073487,-0.004227872752948702,0.026541530723338324
2023-08-21,64.30000305175781,64.69999694824219,63.20000076293945,63.400001525878906,63.400001525878906,5206044,-0.01875050165746878,68.11500034332275,-0.00502294433813497,0.026735514608503156
2023-08-22,63.900001525878906,64.19999694824219,63.29999923706055,63.5,63.5,3288676,0.0015760203879753526,67.82500019073487,-0.004370252216705995,0.02672897878948233
2023-08-23,63.900001525878906,63.900001525878906,62.79999923706055,63.5,63.5,6706916,0.0,67.59000034332276,-0.003570230710179375,0.026601706725376217
2023-08-24,64.30000305175781,65.80000305175781,64.0999984741211,65.30000305175781,65.30000305175781,5932383,0.027952177118161083,67.50000057220458,-0.0013595969110228826,0.02731901830991495
2023-08-25,65.4000015258789,65.9000015258789,64.80000305175781,65.0,65.0,4476642,-0.0046048131211700585,67.18000049591065,-0.004695531041037726,0.02287187174952201
2023-08-28,65.9000015258789,66.0,64.5999984741211,65.5999984741211,65.5999984741211,3249151,0.009188402794056697,66.72000026702881,-0.006562112654481917,0.019787522248813413
2023-08-29,65.80000305175781,66.5,64.80000305175781,66.19999694824219,66.19999694824219,4034623,0.00910474415420697,66.41499996185303,-0.004407187726523454,0.018972911579730224
2023-08-30,67.30000305175781,67.5,66.30000305175781,66.69999694824219,66.69999694824219,5438665,0.0075244903241856054,66.19999980926514,-0.003123748493661458,0.01886261775148005
2023-08-31,66.9000015258789,68.69999694824219,66.5,66.5999984741211,66.5999984741211,9640167,-0.0015003525328380967,66.07499980926514,-0.0018425077028095972,0.01799693588010421
2023-09-01,67.0999984741211,69.69999694824219,67.0,68.19999694824219,68.19999694824219,12858265,0.023739965466984904,65.9899995803833,-0.0012310575483493165,0.018669669555389547
2023-09-04,67.19999694824219,68.5999984741211,67.0999984741211,67.5999984741211,67.5999984741211,6652162,-0.008836559625488412,65.86999950408935,-0.0017443640786307135,0.018733687234553684
2023-09-05,67.5999984741211,68.80000305175781,67.0999984741211,68.0999984741211,68.0999984741211,5055685,0.007369230272276353,65.84999942779541,-0.00029282772595792497,0.018227070645318002
2023-09-06,68.19999694824219,68.5,67.5999984741211,68.0,68.0,3281860,-0.001469485572914736,65.80499935150146,-0.0006574247494894666,0.018171152968964856
2023-09-07,67.4000015258789,69.19999694824219,67.19999694824219,67.19999694824219,67.19999694824219,7365927,-0.011834503060066504,65.80999927520752,7.445904393876007e-05,0.017353048682092684
2023-09-08,67.0999984741211,67.69999694824219,66.0,67.19999694824219,67.19999694824219,4340497,0.0,65.77499904632569,-0.0005181427460526885,0.0171306256452816
2023-09-11,66.69999694824219,66.80000305175781,65.5999984741211,65.69999694824219,65.69999694824219,5321930,-0.022574323075367015,65.81499881744385,0.0006125615909698746,0.01458402307078867
2023-09-12,65.9000015258789,67.19999694824219,65.9000015258789,66.80000305175781,66.80000305175781,4275918,0.016604247186923136,65.92499904632568,0.0016744369529728246,0.01495052301047147
2023-09-13,66.9000015258789,68.80000305175781,66.9000015258789,68.4000015258789,68.4000015258789,9509751,0.023669720709079575,66.15999908447266,0.003559413619074317,0.015240097630392519
2023-09-14,69.30000305175781,70.0,68.80000305175781,70.0,70.0,11961838,0.02312239511268329,66.3799991607666,0.0032459784679832416,0.014737028958643034
2023-09-15,70.5,73.5,69.69999694824219,72.4000015258789,72.4000015258789,28612637,0.03371107841798693,66.76999931335449,0.005699596664960314,0.015539267111157992
2023-09-18,72.4000015258789,74.19999694824219,71.19999694824219,72.30000305175781,72.30000305175781,11424906,-0.001382149092976266,67.21499938964844,0.00656801429318494,0.014555101214911036
2023-09-19,72.5999984741211,73.30000305175781,71.5,71.69999694824219,71.69999694824219,8375601,-0.008333466331666466,67.62499923706055,0.006072539957202848,0.014898591741045481
2023-09-20,71.4000015258789,71.4000015258789,70.0,70.69999694824219,70.69999694824219,7633790,-0.014045175305068396,67.98499908447266,0.005370281191949429,0.015518030361715087
2023-09-21,70.0,72.80000305175781,69.9000015258789,72.80000305175781,72.80000305175781,12756121,0.02927046738475466,68.35999908447266,0.005436195705279108,0.01562145293094735
2023-09-22,72.9000015258789,72.9000015258789,71.5999984741211,72.0,72.0,7446461,-0.011049878106334215,68.70999908447266,0.0051139424560209,0.015903422124512515
2023-09-25,72.80000305175781,72.80000305175781,71.19999694824219,71.5999984741211,71.5999984741211,5405084,-0.0055710663606135654,69.00999908447265,0.004375968998287387,0.01604620624128168
2023-09-26,71.0999984741211,71.30000305175781,70.30000305175781,70.30000305175781,70.30000305175781,5053957,-0.01832321042832832,69.21499938964844,0.003004571269160622,0.016776253200588034
2023-09-27,69.19999694824219,70.4000015258789,68.80000305175781,69.80000305175781,69.80000305175781,7202689,-0.007137788737329027,69.36999969482422,0.0022714573160848906,0.016888332058161745
2023-09-28,67.80000305175781,68.0,65.5999984741211,65.5999984741211,65.5999984741211,26694329,-0.06205838080009056,69.31999969482422,-0.0007564440972777323,0.02219511233246491
2023-10-02,67.30000305175781,68.0,67.0,67.5999984741211,67.5999984741211,8990139,0.030032287787051054,69.28999977111816,-0.0004418279812744251,0.022601501441811556
2023-10-03,67.9000015258789,70.5,67.69999694824219,68.0999984741211,68.0999984741211,13584119,0.007369230272276353,69.31499977111817,0.0003684615136138133,0.022575183407090204
2023-10-04,67.69999694824219,69.0,67.0999984741211,67.69999694824219,67.69999694824219,5911170,-0.005891055908456491,69.29499969482421,-0.00029455279542282885,0.022553466587407294
2023-10-05,68.19999694824219,70.0,68.19999694824219,69.5,69.5,7886061,0.026240617730181624,69.36999969482422,0.0010909523697319892,0.023315750903418014
2023-10-06,70.19999694824219,70.19999694824219,68.9000015258789,69.19999694824219,69.19999694824219,6272793,-0.004325934047669915,69.46999969482422,0.0014663808203518188,0.023156580164717926
2023-10-11,69.69999694824219,71.19999694824219,68.9000015258789,70.69999694824219,70.69999694824219,13546350,0.02144471121455834,69.64499969482422,0.0025386163810797355,0.02357776218595455
2023-10-12,69.4000015258789,71.19999694824219,67.30000305175781,71.0,71.0,20167290,0.004234347303680475,69.90999984741211,0.0038790499000321103,0.0228249483300219
2023-10-13,69.9000015258789,71.69999694824219,69.5999984741211,70.80000305175781,70.80000305175781,12134439,-0.002820833237718321,70.10999984741211,0.0029077958788000374,0.022667711977600077
2023-10-16,70.80000305175781,70.80000305175781,69.5999984741211,70.5999984741211,70.5999984741211,6034635,-0.002828920917416616,70.21999969482422,0.0015828637974752279,0.022159020565744408
2023-10-17,70.5,71.5,70.19999694824219,70.9000015258789,70.9000015258789,11657348,0.00424033217346527,70.26499977111817,0.0006387606505143269,0.021587893500606595
2023-10-18,71.19999694824219,71.5,69.5999984741211,70.19999694824219,70.19999694824219,11373478,-0.00992218750021483,70.15499954223633,-0.0015429026453957612,0.020231903022951796
2023-10-19,69.9000015258789,70.9000015258789,69.9000015258789,70.5,70.5,8211776,0.004264442258792041,70.06499938964843,-0.001260573077807346,0.02027361950924777
2023-10-20,69.9000015258789,70.80000305175781,69.69999694824219,70.30000305175781,70.30000305175781,7695565,-0.002840867591109534,69.99499969482422,-0.0009859431407794991,0.020209867824031086
2023-10-23,70.5,70.69999694824219,69.5,69.5999984741211,69.5999984741211,6420376,-0.010007296810287261,69.93999977111817,-0.0007840492160404424,0.020092368865611304
2023-10-24,69.30000305175781,69.4000015258789,67.4000015258789,67.80000305175781,67.80000305175781,9622281,-0.026202305459300225,69.68999977111817,-0.0035576878582431865,0.019546590498216096
2023-10-25,67.9000015258789,68.69999694824219,67.9000015258789,68.0,68.0,4768827,0.0029454652185805933,69.48999977111816,-0.0028579206919974462,0.01951474396110471
2023-10-26,67.30000305175781,67.4000015258789,66.0999984741211,66.0999984741211,66.0999984741211,10419918,-0.028338981402867374,69.21499977111816,-0.0039963164441101364,0.020328465656814346
2023-10-27,66.4000015258789,66.4000015258789,64.5,64.80000305175781,64.80000305175781,11646236,-0.019863073319983496,68.93999977111817,-0.004073309588692895,0.020388411732986847
2023-10-30,64.5,65.4000015258789,64.0999984741211,64.9000015258789,64.9000015258789,6493385,0.0015419967680194166,68.69499969482422,-0.0036393203134254732,0.020412113310339295
2023-10-31,65.0999984741211,66.30000305175781,64.69999694824219,64.69999694824219,64.69999694824219,5029421,-0.0030864928822392605,68.64999961853027,-0.0006907259175329085,0.015096301111761993
2023-11-01,65.4000015258789,65.4000015258789,64.0,64.5,64.5,3435596,-0.003095930537309142,68.49499969482422,-0.002347136833750918,0.013252756085922886
2023-11-02,65.5,66.0999984741211,65.0999984741211,65.5999984741211,65.5999984741211,8308459,0.016910448887967174,68.36999969482422,-0.0018700759029663776,0.013782082970373581
2023-11-03,65.9000015258789,66.4000015258789,65.5,66.0999984741211,66.0999984741211,6546412,0.007593051083545421,68.28999977111816,-0.001195870553366282,0.013904300440648753
