Date,Open,High,Low,Close,Adj Close,Volume,r,s,m,v
2000-02-01,3.2395288944244385,3.378365993499756,3.2395288944244385,3.355226993560791,1.8184648752212524,11671069,0.03509151014749944,2.991936540603638,0.015664745889794426,0.03816928963990533
2000-02-02,3.355226993560791,3.355226993560791,3.355226993560791,3.355226993560791,1.8184648752212524,0,0.0,3.0301167368888855,0.012911753993043989,0.03715035627763861
2000-02-03,3.355226993560791,3.355226993560791,3.355226993560791,3.355226993560791,1.8184648752212524,0,0.0,3.0625120401382446,0.010727993387477045,0.03652524526210853
2000-02-04,3.355226993560791,3.355226993560791,3.355226993560791,3.355226993560791,1.8184648752212524,0,0.0,3.0949073433876038,0.010727993387477047,0.03652524526210853
2000-02-07,3.355226993560791,3.355226993560791,3.355226993560791,3.355226993560791,1.8184648752212524,0,0.0,3.127302646636963,0.010727993387477047,0.03652524526210853
2000-02-08,3.355226993560791,3.355226993560791,3.355226993560791,3.355226993560791,1.8184648752212524,0,0.0,3.152756094932556,0.00822747010343636,0.03538859626493648
2000-02-09,3.401505947113037,3.5866219997406006,3.378365993499756,3.5866219997406006,1.9438762664794922,14704293,0.06669138595977726,3.190936291217804,0.01197021303558958,0.037461493300065964
2000-02-10,3.7023189067840576,3.81801700592041,3.7023189067840576,3.81801700592041,2.0692875385284424,21429376,0.06252036705321425,3.23837229013443,0.014283205889533593,0.03913123589429342
2000-02-11,3.9568541049957275,4.0725507736206055,3.748598098754883,4.0725507736206055,2.207240104675293,27411353,0.06453834941200055,3.2985349774360655,0.017510123360133623,0.04052752695613295
2000-02-14,4.141970157623291,4.257667064666748,3.9799931049346924,4.049411773681641,2.194699287414551,21925495,-0.005697899345593746,3.3448139667510985,0.012975559011029503,0.037543311315567984
2000-02-15,4.026271820068359,4.026271820068359,3.771738052368164,3.771738052368164,2.044205665588379,8186054,-0.07103571243336389,3.3772092700004577,0.009423773389361309,0.04193838164323847
2000-02-16,3.5634820461273193,3.9105749130249023,3.5634820461273193,3.887434959411621,2.1069109439849854,12393094,0.030213629597100264,3.4130754709243774,0.010199148112539719,0.04218382073143796
2000-02-17,3.933713912963867,4.026271820068359,3.794877052307129,4.0031328201293945,2.169617176055908,13276618,0.029327712939808404,3.4628254175186157,0.01428786718952906,0.039681011676341915
2000-02-18,4.0031328201293945,4.049411773681641,3.794877052307129,3.933713912963867,2.131993532180786,10986229,-0.017493263951238118,3.518360209465027,0.016588872199185974,0.036105246217374244
2000-02-21,4.280807018280029,4.396503925323486,4.211388111114502,4.234528064727783,2.2950282096862793,22446466,0.07368788933830799,3.5819938659667967,0.017872807290318517,0.03770263081790222
2000-02-22,4.165109157562256,4.165109157562256,3.9568541049957275,3.9568541049957275,2.1445345878601074,10302508,-0.06782259337542113,3.6271159172058107,0.012943091761069035,0.042114853583854056
2000-02-23,3.794877052307129,3.887434959411621,3.7023189067840576,3.7023189067840576,2.006582021713257,10061153,-0.06648993671964334,3.654883313179016,0.008125947800711282,0.04545623829501507
2000-02-24,3.6329009532928467,3.794877052307129,3.447784900665283,3.447784900665283,1.8686295747756958,9201149,-0.07122738784150634,3.660668206214905,0.0017066560330543622,0.04719932097661081
2000-02-25,3.2858080863952637,3.424644947052002,3.2163898944854736,3.2163898944854736,1.743217945098877,7085978,-0.0694723872420033,3.6525694012641905,-0.0024566289455781667,0.049683976140380344
2000-02-28,3.2163898944854736,3.2163898944854736,3.2163898944854736,3.2163898944854736,1.743217945098877,0,0.0,3.6514124512672423,-0.000358416823053085,0.04880605324619575
2000-02-29,3.0775530338287354,3.1932499408721924,3.008133888244629,3.008133888244629,1.630347490310669,7938914,-0.06693966399907696,3.6340577960014344,-0.005459975530381906,0.050217648902368885
2000-03-01,3.0312740802764893,3.2163898944854736,3.0312740802764893,3.2163898944854736,1.743217945098877,6819131,0.06693966399907696,3.6271159410476685,-0.0021129923304280566,0.05276675762992911
2000-03-02,3.2858080863952637,3.3320870399475098,3.1238319873809814,3.262669086456299,1.7683002948760986,9006223,0.014286018756402228,3.6224880456924438,-0.0013986913926079454,0.05289340910895585
2000-03-03,3.262669086456299,3.355226993560791,3.1701109409332275,3.1701109409332275,1.7181355953216553,6702824,-0.028779014155500823,3.6132322430610655,-0.0028376421003829867,0.0532436583673193
2000-03-06,3.1006920337677,3.1238319873809814,2.961854934692383,2.984994888305664,1.6178067922592163,3329804,-0.060168550033937986,3.5947206377983094,-0.005846069602079886,0.05475333397275888
2000-03-07,2.984994888305664,3.1701109409332275,2.9155759811401367,3.1238319873809814,1.6930534839630127,3269951,0.045462414900406006,3.5831508874893188,-0.003572948857059585,0.05593966041296433
2000-03-08,3.1238319873809814,3.2858080863952637,3.0775530338287354,3.2395288944244385,1.7557592391967773,6211240,0.03636746699369216,3.565796232223511,-0.00508914480536384,0.05432255013161901
2000-03-09,3.262669086456299,3.2858080863952637,3.1469709873199463,3.2163898944854736,1.743217945098877,5303701,-0.0071683364610616055,3.535714876651764,-0.008573579981077634,0.05194040146246254
2000-03-10,3.2163898944854736,3.262669086456299,3.0312740802764893,3.054413080215454,1.6554298400878906,4860991,-0.051672123418227744,3.4848079919815063,-0.014384103622589049,0.0497864847992262
2000-03-13,3.054413080215454,3.0775530338287354,2.846158027648926,2.846158027648926,1.5425599813461304,1782449,-0.07061743204193859,3.4246453046798706,-0.01763008025740629,0.0512841398991464
2000-03-14,2.7767388820648193,2.846158027648926,2.684180974960327,2.7535998821258545,1.4923956394195557,2906396,-0.03306092068770543,3.373738396167755,-0.015731340670123366,0.049886736000334615
2000-03-15,2.7535998821258545,2.7767388820648193,2.637902021408081,2.6610419750213623,1.4422309398651123,2836297,-0.03419133764362234,3.312418746948242,-0.0189515890321595,0.0488324058450599
2000-03-16,2.637902021408081,2.7767388820648193,2.4990649223327637,2.7767388820648193,1.5049360990524292,4539864,0.042559409094726774,3.2510990500450134,-0.01829000422441358,0.049604451919382724
2000-03-17,2.7767388820648193,2.8230180740356445,2.7073209285736084,2.7535998821258545,1.4923956394195557,4615488,-0.008368071451104448,3.192093348503113,-0.017833744599406894,0.04965410771803574
2000-03-20,2.6610419750213623,2.6610419750213623,2.6610419750213623,2.6610419750213623,1.4422309398651123,14477,-0.03419133764362234,3.1134190440177916,-0.023227705948503412,0.04481220630415203
2000-03-21,2.56848406791687,2.846158027648926,2.56848406791687,2.8230180740356445,1.5300184488296509,6350614,0.05908878564804064,3.0567272424697878,-0.01688213699733032,0.04709258447654744
2000-03-22,2.8230180740356445,2.8692970275878906,2.7535998821258545,2.8230180740356445,1.5300184488296509,5117833,0.0,3.012762200832367,-0.013557640161348156,0.04573352214789773
2000-03-23,2.8230180740356445,2.984994888305664,2.8230180740356445,2.984994888305664,1.6178067922592163,8796646,0.05579148271041674,2.989622700214386,-0.0072066966337520025,0.04612132586123629
2000-03-24,2.984994888305664,3.008133888244629,2.892436981201172,2.892436981201172,1.5676422119140625,2960306,-0.031498641500216924,2.973425054550171,-0.005308009346662683,0.0441631779075345
2000-03-27,2.7767388820648193,2.8692970275878906,2.7304599285125732,2.8230180740356445,1.5300184488296509,3795518,-0.02429284121019988,2.9537564635276796,-0.0065226514071726775,0.04434320760061742
2000-03-28,2.7767388820648193,2.9155759811401367,2.7767388820648193,2.8692970275878906,1.555100917816162,5525184,0.016260509974333995,2.9468146204948424,-0.0023626427085021297,0.04222921458849549
2000-03-29,2.8692970275878906,2.961854934692383,2.8230180740356445,2.9155759811401367,1.5801827907562256,8671319,0.016000330794945377,2.9317739248275756,-0.004909609368708708,0.03926125251239291
2000-03-30,2.9155759811401367,2.984994888305664,2.846158027648926,2.9155759811401367,1.5801827907562256,7949391,0.0,2.9144192695617677,-0.005623910306528821,0.03902286821881433
2000-03-31,2.846158027648926,2.961854934692383,2.8230180740356445,2.938715934753418,1.5927242040634155,3499446,0.007905336616380477,2.902849519252777,-0.0037896927679347556,0.03873832268527592
2000-04-03,2.938715934753418,2.938715934753418,2.938715934753418,2.938715934753418,1.5927242040634155,0,0.0,2.9005355715751646,-0.0007812652662378562,0.03639495970663082
2000-04-04,2.938715934753418,2.938715934753418,2.938715934753418,2.938715934753418,1.5927242040634155,0,0.0,2.891279768943787,-0.0030543860112581564,0.03473664802976434
2000-04-05,2.892436981201172,2.961854934692383,2.846158027648926,2.892436981201172,1.5676422119140625,2953823,-0.01587333617545997,2.873925173282623,-0.005666426169715763,0.033560509000994915
2000-04-06,2.892436981201172,3.008133888244629,2.892436981201172,2.984994888305664,1.6178067922592163,7619017,0.03149864150021685,2.862355422973633,-0.00373307727165184,0.03456806960253309
2000-04-07,3.008133888244629,3.1006920337677,2.9155759811401367,3.1006920337677,1.680512547492981,7842887,0.03802728889406933,2.864669370651245,0.0007518933439630137,0.03383205743332084
2000-04-10,2.9155759811401367,3.008133888244629,2.9155759811401367,2.961854934692383,1.6052653789520264,4509604,-0.045809584088829035,2.870454216003418,0.0019922857416184913,0.03144851532094401
2000-04-11,2.938715934753418,3.008133888244629,2.892436981201172,2.892436981201172,1.5676422119140625,4413673,-0.023716346305457128,2.8773960709571837,0.0024595144607309064,0.030966037107890025
2000-04-12,2.9155759811401367,3.0312740802764893,2.9155759811401367,2.9155759811401367,1.5801827907562256,10989624,0.007967999559079524,2.8901227712631226,0.0045674813208659995,0.029750897015766567
2000-04-13,2.9155759811401367,2.961854934692383,2.846158027648926,2.892436981201172,1.5676422119140625,5966215,-0.007967999559079524,2.8959076762199403,0.0020411108881756845,0.028472796199794863
2000-04-14,2.892436981201172,2.892436981201172,2.7304599285125732,2.7304599285125732,1.4798537492752075,4554981,-0.05762932589278306,2.894750678539276,-0.0004219518339082462,0.03140078672704138
2000-04-17,2.6610419750213623,2.684180974960327,2.614763021469116,2.684180974960327,1.4547715187072754,2111108,-0.0170944228209085,2.895907628536224,0.0004328939072274458,0.03065698459138327
2000-04-18,2.7073209285736084,2.7767388820648193,2.7073209285736084,2.7304599285125732,1.4798537492752075,4408935,0.01709442282090846,2.8912797212600707,-0.0016668242341291634,0.027726179880791846
2000-04-19,2.7304599285125732,2.7998790740966797,2.637902021408081,2.6610419750213623,1.4422309398651123,3344562,-0.02575230096545749,2.8831809163093567,-0.0029544392824020376,0.028237948338469713
2000-04-20,2.591623067855835,2.6610419750213623,2.591623067855835,2.614763021469116,1.4171488285064697,2796732,-0.017544295378988654,2.8646693229675293,-0.006621228186872307,0.024754719415741224
2000-04-21,2.614763021469116,2.6610419750213623,2.545344114303589,2.545344114303589,1.379524827003479,5019075,-0.026907617875951376,2.84731467962265,-0.00639167700565903,0.024532174976256566
2000-04-24,2.545344114303589,2.56848406791687,2.475925922393799,2.522205114364624,1.3669841289520264,2054752,-0.009132288492183865,2.8322740316390993,-0.005633649369758229,0.02418164998696985
2000-04-25,2.4990649223327637,2.522205114364624,2.4296469688415527,2.522205114364624,1.3669841289520264,1067849,0.0,2.8149194359779357,-0.006446674868474929,0.023674831526505177
2000-04-26,2.545344114303589,2.545344114303589,2.3602280616760254,2.3602280616760254,1.2791961431503296,1972168,-0.0663753136051713,2.78715204000473,-0.010565457088480763,0.026554553228780677
2000-04-27,2.3139491081237793,2.3602280616760254,2.2260189056396484,2.3370890617370605,1.2666549682617188,4658722,-0.009852086411720994,2.7582276940345762,-0.011058061409066813,0.02643937303214311
2000-04-28,2.3139491081237793,2.3833680152893066,2.2722980976104736,2.3370890617370605,1.2666549682617188,4032088,0.0,2.7281463503837586,-0.011453328239885836,0.02619894937671291
2000-05-01,2.3370890617370605,2.3370890617370605,2.3370890617370605,2.3370890617370605,1.2666549682617188,0,0.0,2.6980650067329406,-0.011453328239885836,0.02619894937671291
2000-05-02,2.4296469688415527,2.4296469688415527,2.2722980976104736,2.3370890617370605,1.2666549682617188,1955530,0.0,2.667983663082123,-0.011453328239885836,0.02619894937671291
2000-05-03,2.267669916152954,2.3139491081237793,2.2260189056396484,2.3139491081237793,1.2541136741638184,2692411,-0.009950528762651685,2.639059269428253,-0.011157187869245421,0.0261798254730256
2000-05-04,2.267669916152954,2.4065070152282715,2.267669916152954,2.3602280616760254,1.2791961431503296,4317519,0.019802615174372613,2.6078209280967712,-0.011741989185537633,0.025292428394654443
2000-05-05,2.3602280616760254,2.3602280616760254,2.295438051223755,2.295438051223755,1.244080901145935,1882097,-0.02783455338024379,2.567558228969574,-0.015035081299253291,0.02261756678276387
2000-05-08,2.3602280616760254,2.3602280616760254,2.267669916152954,2.3093221187591553,1.251605749130249,2446033,0.006030329093028231,2.5349315881729124,-0.012443085640160426,0.021863024396404036
2000-05-09,2.3093221187591553,2.3093221187591553,2.3093221187591553,2.3093221187591553,1.251605749130249,0,0.0,2.505775845050812,-0.01125726832488757,0.021862567865157854
2000-05-10,2.3139491081237793,2.3370890617370605,2.2722980976104736,2.3046939373016357,1.2490973472595215,2824196,-0.002006140834146188,2.475231742858887,-0.011755975344548855,0.02151188638419588
2000-05-11,2.2908101081848145,2.3046939373016357,2.2722980976104736,2.2815539836883545,1.236556053161621,823310,-0.010091102955652935,2.4446875929832457,-0.011862130514377527,0.021497443570711854
2000-05-12,2.2908101081848145,2.3602280616760254,2.2908101081848145,2.3370890617370605,1.2666549682617188,3276302,0.024049381665293492,2.42501904964447,-0.007778195136473699,0.020055307070633306
2000-05-15,2.3370890617370605,2.3602280616760254,2.3093221187591553,2.3093221187591553,1.251605749130249,1167116,-0.011952137875494437,2.4062761068344116,-0.007521080889202995,0.01996233168171849
2000-05-16,2.3139491081237793,2.3370890617370605,2.2722980976104736,2.3093221187591553,1.251605749130249,1944769,0.0,2.3852192163467407,-0.008375802030248418,0.01920448372469348
2000-05-17,2.3370890617370605,2.4065070152282715,2.3139491081237793,2.3833680152893066,1.2917373180389404,3040299,0.0315605934168512,2.371335518360138,-0.005510157311132984,0.020693459786082717
2000-05-18,2.3370890617370605,2.3602280616760254,2.3139491081237793,2.3370890617370605,1.2666549682617188,1914693,-0.019608455541356814,2.357451820373535,-0.005613365319251392,0.020761673668133834
2000-05-19,2.3139491081237793,2.3602280616760254,2.3139491081237793,2.3370890617370605,1.2666549682617188,2111123,0.0,2.3470390677452087,-0.004267984425453823,0.02017262144044496
2000-05-22,2.3370890617370605,2.3370890617370605,2.3093221187591553,2.3139491081237793,1.2541136741638184,1895028,-0.009950528762651685,2.3366262674331666,-0.004308896438977214,0.020183832560849938
2000-05-23,2.286181926727295,2.3370890617370605,2.286181926727295,2.3093221187591553,1.251605749130249,1186417,-0.0020016091128428172,2.325982117652893,-0.004408976894619355,0.020166297450495776
2000-05-24,2.2722980976104736,2.3046939373016357,2.2722980976104736,2.2815539836883545,1.236556053161621,1540655,-0.012097243789799128,2.3220484137535093,-0.001695073403850747,0.014140067415452845
2000-05-25,2.3046939373016357,2.3139491081237793,2.295438051223755,2.295438051223755,1.244080901145935,768119,0.006066914696770762,2.319965863227844,-0.0008991233484261592,0.014104738830408236
2000-05-26,2.3139491081237793,2.3139491081237793,2.2722980976104736,2.295438051223755,1.244080901145935,1116852,0.0,2.317883312702179,-0.0008991233484261592,0.014104738830408236
2000-05-29,2.3093221187591553,2.4296469688415527,2.2908101081848145,2.3833680152893066,1.2917373180389404,4315132,0.03759092250987964,2.3201972603797913,0.0009804227770678227,0.016527410767105562
2000-05-30,2.3833680152893066,2.3833680152893066,2.3833680152893066,2.3833680152893066,1.2917373180389404,0,0.0,2.3225112080574037,0.0009804227770678227,0.016527410767105562
2000-05-31,2.3833680152893066,2.4296469688415527,2.3139491081237793,2.3139491081237793,1.2541136741638184,2223494,-0.02955898430400838,2.3225112080574037,-1.214306433183765e-17,0.017746602244836415
2000-06-01,2.3139491081237793,2.3602280616760254,2.3139491081237793,2.3370890617370605,1.2666549682617188,1044067,0.009950528762651595,2.321354258060455,-0.000492604320586063,0.017299090648554314
2000-06-02,2.3602280616760254,2.3602280616760254,2.3000659942626953,2.3370890617370605,1.2666549682617188,704423,0.0,2.323436808586121,0.0008991233484261264,0.016058830282192425
2000-06-05,2.3139491081237793,2.3833680152893066,2.3046939373016357,2.3833680152893066,1.2917373180389404,4055835,0.019608455541356786,2.327139103412628,0.001578029670842554,0.016566176914094705
2000-06-06,2.3833680152893066,2.3833680152893066,2.3833680152893066,2.3833680152893066,1.2917373180389404,0,0.0,2.330841398239136,0.001578029670842554,0.016566176914094705
2000-06-07,2.3833680152893066,2.3833680152893066,2.3139491081237793,2.3370890617370605,1.2666549682617188,1305175,-0.019608455541356814,2.332461154460907,0.0006979139354820228,0.017221245961278133
2000-06-08,2.3370890617370605,2.3370890617370605,2.295438051223755,2.3093221187591553,1.251605749130249,1720004,-0.011952137875494437,2.333849561214447,0.0006048621894899477,0.01728751099175733
2000-06-09,2.3093221187591553,2.3370890617370605,2.267669916152954,2.286181926727295,1.2390644550323486,1839009,-0.010070881183339651,2.331304204463959,-0.0011011509529417094,0.01651860048197768
2000-06-12,2.286181926727295,2.286181926727295,2.216763973236084,2.249159097671509,1.218998908996582,1745932,-0.016326733209361673,2.3282960534095762,-0.0013198807196350714,0.01669783575547177
2000-06-13,2.221390962600708,2.230647087097168,2.0918099880218506,2.151973009109497,1.1663259267807007,4332755,-0.04417131200649616,2.3204285979270933,-0.003528446319959879,0.01924151829196065
2000-06-14,2.151973009109497,2.1658570766448975,2.1010661125183105,2.1334609985351562,1.1562927961349487,2083018,-0.008639557015173379,2.307933247089386,-0.005538453841561109,0.017394137904790646
2000-06-15,2.1380889415740967,2.151973009109497,2.105694055557251,2.124206066131592,1.1512764692306519,2572789,-0.004347426343864213,2.2972890973091125,-0.004775402381686477,0.017076258193031293
2000-06-16,2.124206066131592,2.175112009048462,2.124206066131592,2.161228895187378,1.1713422536849976,3290913,0.017278876245714895,2.2884960889816286,-0.003911458569400733,0.017754216761213006
2000-06-19,2.1658570766448975,2.207508087158203,2.1658570766448975,2.1843678951263428,1.1838833093643188,2809049,0.010649500973752607,2.2820170283317567,-0.0028814570825805184,0.017981518517984685
2000-06-20,2.1889960765838623,2.221390962600708,2.1797399520874023,2.1889960765838623,1.1863915920257568,2513109,0.0021165323605351213,2.2760007262229918,-0.0026755500089116215,0.01801567003239096
2000-06-21,2.1889960765838623,2.1936240196228027,2.1334609985351562,2.1566009521484375,1.1688343286514282,1417493,-0.014909677236324822,2.269753074645996,-0.0028161716812379065,0.018103842328174958
2000-06-22,2.1566009521484375,2.161228895187378,2.128833055496216,2.128833055496216,1.1537845134735107,1186298,-0.012959380649030069,2.2614228248596193,-0.003767486448527948,0.018112380910452006
2000-06-23,2.1334609985351562,2.175112009048462,2.128833055496216,2.1334609985351562,1.1562927961349487,1991832,0.0021715746492165008,2.253323972225189,-0.0036589077160671226,0.01814263836268013
2000-06-26,2.1334609985351562,2.142716884613037,2.105694055557251,2.1334609985351562,1.1562927961349487,1467425,0.0,2.2408286213874815,-0.005538453841561104,0.01538135653395633
2000-06-27,2.1334609985351562,2.1334609985351562,2.0825541019439697,2.096437931060791,1.1362268924713135,1917284,-0.017505861760951952,2.226482117176056,-0.006413746929608702,0.015546802123745845
2000-06-28,2.096437931060791,2.1103219985961914,2.059415102005005,2.08718204498291,1.131210446357727,2396445,-0.004424828848084534,2.2151437640190124,-0.00515703915681251,0.01456207323787024
2000-06-29,2.08718204498291,2.1103219985961914,2.059415102005005,2.059415102005005,1.1161614656448364,2184597,-0.013392840941408149,2.2012600660324098,-0.006324207642015496,0.014218908352230997
2000-06-30,2.0640430450439453,2.128833055496216,2.059415102005005,2.096437931060791,1.1362268924713135,4209295,0.01781766978949271,2.189227509498596,-0.005433324152540861,0.015162854396667104
2000-07-03,2.096437931060791,2.1658570766448975,2.096437931060791,2.1103219985961914,1.1437517404556274,2413643,0.006600860605233281,2.1755752086639406,-0.006083703899347036,0.014285808032857455
2000-07-04,2.114949941635132,2.124206066131592,2.0825541019439697,2.0918099880218506,1.1337188482284546,2685883,-0.00881082764248029,2.1609973073005677,-0.006524245281471051,0.014224045853615913
2000-07-05,2.0918099880218506,2.105694055557251,2.050158977508545,2.0918099880218506,1.1337188482284546,3042459,0.0,2.148733353614807,-0.0055438225044032105,0.01394781773234875
2000-07-06,2.0825541019439697,2.128833055496216,1.9992519617080688,2.0918099880218506,1.1337188482284546,6642326,0.0,2.137857747077942,-0.004946215610628489,0.013914807622924286
2000-07-07,2.0918099880218506,2.114949941635132,2.059415102005005,2.0825541019439697,1.1287020444869995,2515181,-0.004434640125908077,2.1276763558387755,-0.00466440355775691,0.013862533193085232
2000-07-10,2.0825541019439697,2.105694055557251,2.059415102005005,2.096437931060791,1.1362268924713135,2803530,0.006644607163155032,2.1200402975082397,-0.0035158365391310745,0.013796884413205887
2000-07-11,2.08718204498291,2.096437931060791,2.0362749099731445,2.073298931121826,1.1236860752105713,2597288,-0.011098655970591087,2.116106593608856,-0.001862203737335821,0.010173929031714877
2000-07-12,2.073298931121826,2.073298931121826,1.9899959564208984,2.0686709880828857,1.1211777925491333,2273177,-0.002234658896657967,2.1128670930862428,-0.0015419588314100504,0.010049411808665346
2000-07-13,2.0686709880828857,2.0686709880828857,2.0131359100341797,2.059415102005005,1.1161614656448364,3567492,-0.004484354922243553,2.1096275448799133,-0.0015488052603290173,0.01005147013500446
2000-07-14,2.059415102005005,2.096437931060791,2.0362749099731445,2.0779271125793457,1.1261943578720093,4546383,0.008948804886116251,2.1054624557495116,-0.0019653088283089495,0.009380432346319785
2000-07-17,2.1010661125183105,2.1473450660705566,2.096437931060791,2.142716884613037,1.1613092422485352,8809611,0.030703779751433014,2.1033799052238464,-0.0009625948894249293,0.011607359114163556
2000-07-18,2.1334609985351562,2.1334609985351562,2.050158977508545,2.0686709880828857,1.1211777925491333,1807206,-0.035168229715305706,2.0973636507987976,-0.0028268329932169705,0.013861954144851633
2000-07-19,2.1334609985351562,2.1334609985351562,2.050158977508545,2.0686709880828857,1.1211777925491333,1807206,0.0,2.09296715259552,-0.0020813491314007294,0.013575912526408452
2000-07-20,2.0640430450439453,2.096437931060791,2.0362749099731445,2.059415102005005,1.1161614656448364,2971110,-0.004484354922243553,2.0894962549209595,-0.0016575978450614041,0.01334886981545232
2000-07-21,2.059415102005005,2.0779271125793457,2.0362749099731445,2.0640430450439453,1.1186695098876953,1966377,0.0022446911388990893,2.086025357246399,-0.0016539420205772745,0.013349983661867272
2000-07-24,2.0640430450439453,2.0825541019439697,2.0362749099731445,2.073298931121826,1.1236860752105713,2515093,0.004474322680002322,2.0830172538757323,-0.0014302258865771585,0.01341648306244194
2000-07-25,2.073298931121826,2.0779271125793457,2.0362749099731445,2.0686709880828857,1.1211777925491333,1532016,-0.002234658896657967,2.081628906726837,-0.000666665743362459,0.012877150100258451
2000-07-26,2.0640430450439453,2.08718204498291,2.0362749099731445,2.0686709880828857,1.1211777925491333,1849823,0.0,2.080703353881836,-0.00044542430095823244,0.012847159418089022
2000-07-27,2.0686709880828857,2.0686709880828857,1.9899959564208984,2.0362749099731445,1.1036196947097778,3742520,-0.01578425222409579,2.079546344280243,-0.0005649948650926145,0.012984400963342519
2000-07-28,1.9899959564208984,2.0779271125793457,1.9899959564208984,2.073298931121826,1.1236860752105713,2885200,0.01801891112075368,2.0783893942832945,-0.0005549327985295659,0.012999465325329255
2000-07-31,2.073298931121826,2.142716884613037,2.073298931121826,2.105694055557251,1.1412434577941895,6264180,0.01550410515503235,2.0781579971313477,-0.0001097705710396124,0.013403573381997496
2000-08-01,2.114949941635132,2.1380889415740967,2.0455310344696045,2.0686709880828857,1.1211777925491333,2952743,-0.01773876405169034,2.0770010471343996,-0.000556167391500115,0.01384984784883034
2000-08-02,2.0918099880218506,2.2121360301971436,2.08718204498291,2.2121360301971436,1.1989328861236572,12149500,0.06705221189960073,2.083017349243164,0.0027964432034799213,0.020507163184257805
2000-08-03,2.2121360301971436,2.2121360301971436,2.0825541019439697,2.0825541019439697,1.1287020444869995,7081069,-0.06036350419550657,2.08255455493927,-0.00022173200629540708,0.024909839869717308
2000-08-04,2.0918099880218506,2.124206066131592,2.0640430450439453,2.105694055557251,1.1412434577941895,6824693,0.011050056347596256,2.083711552619934,0.0005525028173798095,0.025012437065326017
2000-08-07,2.114949941635132,2.114949941635132,2.0362749099731445,2.050158977508545,1.1111445426940918,5445234,-0.02672779024619661,2.081397604942322,-0.0011161170530877725,0.025688655042361463
2000-08-08,2.059415102005005,2.0686709880828857,1.9483449459075928,1.9668569564819336,1.065996766090393,5579204,-0.04148052505159653,2.0760755062103273,-0.002635210507138045,0.02716587876383017
2000-08-09,1.9668569564819336,1.9899959564208984,1.9668569564819336,1.9714850187301636,1.068505048751831,3757643,0.0023502602911090686,2.071216207742691,-0.0024059645477496933,0.027188772658175285
2000-08-10,1.9714850187301636,2.0131359100341797,1.9668569564819336,1.980741024017334,1.073521375656128,4462067,0.00468395385773436,2.0672825038433076,-0.0019475491087507975,0.027229146686916058
2000-08-11,1.980741024017334,2.0316479206085205,1.980741024017334,1.9853689670562744,1.0760295391082764,5270209,0.00233374523137909,2.062654596567154,-0.002278302091487655,0.02712981769662286
2000-08-14,1.9853689670562744,1.9992519617080688,1.9668569564819336,1.980741024017334,1.073521375656128,4507662,-0.0023337452313790773,2.0545558035373688,-0.003930178340628259,0.02599810175781764
2000-08-15,1.9853689670562744,2.0131359100341797,1.9714850187301636,1.980741024017334,1.073521375656128,4956891,0.0,2.050159305334091,-0.002171766854862975,0.024941948214776972
2000-08-16,1.980741024017334,1.980741024017334,1.9437170028686523,1.9714850187301636,1.068505048751831,4077663,-0.004683953857734429,2.045300006866455,-0.0024059645477496963,0.02494247315566694
2000-08-17,1.9714850187301636,1.9946240186691284,1.9020659923553467,1.9576009511947632,1.0609800815582275,4704079,-0.007067356342516394,2.040209299325943,-0.002535114618763338,0.024960482079733053
2000-08-18,1.9576009511947632,1.9946240186691284,1.9483449459075928,1.9576009511947632,1.0609800815582275,4282504,0.0,2.034887194633484,-0.0026473491757082928,0.02494289897739557
2000-08-21,1.9622290134429932,1.9853689670562744,1.9205780029296875,1.9529730081558228,1.058471918106079,3349251,-0.0023668879543442206,2.0288708984851835,-0.00298940970742562,0.0248869404760004
2000-08-22,1.9529730081558228,1.9529730081558228,1.8789269924163818,1.9437170028686523,1.0534553527832031,4846690,-0.00475071030510524,2.022623199224472,-0.0031152122778479834,0.024889283599825472
2000-08-23,1.9437170028686523,1.9437170028686523,1.9437170028686523,1.9437170028686523,1.0534553527832031,0,0.0,2.01637549996376,-0.0031152122778479834,0.024889283599825472
2000-08-24,1.9437170028686523,1.9622290134429932,1.8881829977035522,1.911321997642517,1.0358977317810059,3934830,-0.016806972786203977,2.010127854347229,-0.003166348305953393,0.024917716967872934
2000-08-25,1.8511589765548706,1.911321997642517,1.8511589765548706,1.8881829977035522,1.0233569145202637,3554528,-0.0121801582230038,2.0008720576763155,-0.004676301773141266,0.02447748065135511
2000-08-28,1.8881829977035522,1.8881829977035522,1.8557870388031006,1.865043044090271,1.0108157396316528,3452970,-0.012330857005372692,1.9888395071029663,-0.0060680498811615195,0.024057385623595114
2000-08-29,1.865043044090271,1.8696709871292114,1.8511589765548706,1.865043044090271,1.0108157396316528,8699548,0.0,1.9786581099033356,-0.005181111678577002,0.023931130057126385
2000-08-30,1.865043044090271,1.8696709871292114,1.8511589765548706,1.865043044090271,1.0108157396316528,6830311,0.0,1.961303460597992,-0.008533722273557039,0.0169607467211726
2000-08-31,1.8511589765548706,1.8974380493164062,1.8511589765548706,1.8974380493164062,1.0283730030059814,4119235,0.017220448402462077,1.9520476579666137,-0.004654524643658606,0.012858867891463396
2000-09-01,1.8974380493164062,1.8974380493164062,1.8557870388031006,1.8835550546646118,1.0208487510681152,4215519,-0.007343603471739292,1.9409407079219818,-0.005574207634625384,0.012323149226487553
2000-09-04,1.8974380493164062,1.976112961769104,1.8742990493774414,1.9390900135040283,1.0509474277496338,4500961,0.029057820124303052,1.935387259721756,-0.0027849271161004005,0.013536775841500296
2000-09-05,1.9390900135040283,1.9668569564819336,1.8974380493164062,1.9437170028686523,1.0534553527832031,2897685,0.0023833229595546,1.9342302620410918,-0.000591734715542844,0.01003887536849454
2000-09-06,1.9437170028686523,1.9622290134429932,1.8974380493164062,1.9344619512557983,1.0484391450881958,2914929,-0.004772894336182667,1.9323791086673736,-0.0009478924469074306,0.010055349843899672
2000-09-07,1.9344619512557983,1.9576009511947632,1.8974380493164062,1.911321997642517,1.0358977317810059,2104647,-0.012034078450021324,1.9289081573486329,-0.0017837940622952148,0.010255428206475835
2000-09-08,1.911321997642517,1.9437170028686523,1.9020659923553467,1.9205780029296875,1.0409144163131714,3094384,0.004831035928844273,1.9256686091423034,-0.0016589295274219557,0.010323178746472393
2000-09-11,1.8048800230026245,1.9159499406814575,1.8048800230026245,1.8696709871292114,1.0133236646652222,1553620,-0.026863711252717033,1.9201151072978973,-0.0028854278284888538,0.011764200943933854
2000-09-12,1.8696709871292114,1.8696709871292114,1.8696709871292114,1.8696709871292114,1.0133236646652222,0,0.0,1.9145616054534913,-0.0028854278284888538,0.011764200943933854
2000-09-13,1.8696709871292114,1.8742990493774414,1.7678569555282593,1.8511589765548706,1.0032907724380493,2725166,-0.009950555924232692,1.9085453033447266,-0.003148757931813767,0.011865089299020495
2000-09-14,1.8048800230026245,1.8372759819030762,1.735461950302124,1.7586009502410889,0.9531262516975403,3655478,-0.05129333844873257,1.8985953032970428,-0.005360057037124576,0.016025596109092793
2000-09-15,1.6382759809494019,1.7215780019760132,1.6382759809494019,1.6614160537719727,0.9004539251327515,8023079,-0.05684829512837014,1.8837860584259034,-0.008202471793543083,0.01965531520417379
2000-09-18,1.4439040422439575,1.5272059440612793,1.4392759799957275,1.4392759799957275,0.7800586223602295,1389399,-0.14353008769761408,1.8581012070178986,-0.015260631780706574,0.035999600903621594
2000-09-19,1.3420900106430054,1.3698580265045166,1.3420900106430054,1.3698580265045166,0.7424353361129761,6208001,-0.04943309129478947,1.8294082581996918,-0.017494750830190788,0.03669284084801226
2000-09-20,1.374485969543457,1.4624160528182983,1.3559739589691162,1.4624160528182983,0.7925998568534851,3334130,0.06538279451271367,1.805343210697174,-0.014225611104555105,0.04099409620202307
2000-09-21,1.4624160528182983,1.564229965209961,1.4624160528182983,1.564229965209961,0.8477809429168701,5268061,0.06730376919947617,1.7879886090755464,-0.010020074005271096,0.044848545199518905
2000-09-22,1.573485016822815,1.5919970273971558,1.4809269905090332,1.5272059440612793,0.8277145624160767,4613109,-0.023953782341508696,1.7699397563934327,-0.010608755211196341,0.04495553327964023
2000-09-25,1.434648036956787,1.5272059440612793,1.434648036956787,1.5272059440612793,0.8277145624160767,1862499,0.0,1.753047901391983,-0.009992212360927706,0.045015188680861226
2000-09-26,1.5040669441223145,1.5272059440612793,1.434648036956787,1.5272059440612793,0.8277145624160767,1705311,0.0,1.7361560463905334,-0.009992212360927706,0.045015188680861226
2000-09-27,1.4624160528182983,1.5272059440612793,1.4392759799957275,1.5272059440612793,0.8277145624160767,1778348,0.0,1.7192641913890838,-0.009992212360927706,0.045015188680861226
2000-09-28,1.5225789546966553,1.5272059440612793,1.4809269905090332,1.5179510116577148,0.8226985931396484,933900,-0.0060784787345875245,1.7002898395061492,-0.011157158717780186,0.04457319434739657
2000-09-29,1.5179510116577148,1.5364619493484497,1.4809269905090332,1.5364619493484497,0.8327311873435974,2521662,0.012120930966050403,1.6829351842403413,-0.010183931995890702,0.04487233720758598
2000-10-02,1.5179510116577148,1.615136981010437,1.5040669441223145,1.573485016822815,0.8527970314025879,3712266,0.023810577496343313,1.6646549344062804,-0.010446294127288688,0.04464558749420397
2000-10-03,1.573485016822815,1.6475319862365723,1.5272059440612793,1.6475319862365723,0.8929290175437927,4107115,0.045985486940810144,1.6498456835746764,-0.008266185928225912,0.046337566081096786
2000-10-04,1.5919970273971558,1.6336480379104614,1.5919970273971558,1.5966249704360962,0.8653383851051331,3429201,-0.031386394356362146,1.6329538345336914,-0.009596860929234886,0.04661327888992433
2000-10-05,1.619763970375061,1.689182996749878,1.5781129598617554,1.689182996749878,0.9155029058456421,3556042,0.05635297030303396,1.6218468844890594,-0.0061775084915821205,0.04887834435831525
2000-10-06,1.6429040431976318,1.79099702835083,1.6429040431976318,1.79099702835083,0.970684289932251,4393076,0.0585274856975919,1.6153678357601167,-0.003492686003144739,0.05094586455189835
2000-10-09,1.7956249713897705,1.8881829977035522,1.7956249713897705,1.865043044090271,1.0108157396316528,5994079,0.04051166890567382,1.6151364386081695,-0.00012391699522519664,0.05154321003882277
2000-10-10,1.865043044090271,1.865043044090271,1.865043044090271,1.865043044090271,1.0108157396316528,0,0.0,1.6149050414562225,-0.00012391699522519683,0.05154321003882277
2000-10-11,1.860414981842041,1.865043044090271,1.8048800230026245,1.8187639713287354,0.9857333898544312,1822187,-0.025126999032212258,1.6132852911949158,-0.000882739150624175,0.05180653412276677
2000-10-12,1.8187639713287354,1.8465319871902466,1.7586009502410889,1.7956249713897705,0.9731923341751099,3839754,-0.012803998920274893,1.61513649225235,0.0010417278257987088,0.05053463587038141
2000-10-13,1.7817410230636597,1.8233920335769653,1.7586009502410889,1.8233920335769653,0.9882416725158691,7119860,0.015345386347345894,1.6232352912425996,0.0046514118995845104,0.04872802205567289
2000-10-16,1.8233920335769653,1.8233920335769653,1.8233920335769653,1.8233920335769653,0.9882416725158691,0,0.0,1.6424410939216614,0.011827916284465214,0.034141976819533355
2000-10-17,1.8835550546646118,2.0131359100341797,1.8789269924163818,2.0131359100341797,1.0910789966583252,5624583,0.09899513937511357,1.6746049880981446,0.019249327817960366,0.03619500095643114
2000-10-18,2.0131359100341797,2.0316479206085205,1.9437170028686523,1.9437170028686523,1.0534553527832031,8867521,-0.03509153975539199,1.6986700356006623,0.014225611104555082,0.03642682812484482
2000-10-19,1.8881829977035522,1.9205780029296875,1.8465319871902466,1.8511589765548706,1.0032907724380493,11692128,-0.04879020403430932,1.7130164861679078,0.008420912442865807,0.036771824094362825
2000-10-20,1.8742990493774414,1.980741024017334,1.8742990493774414,1.980741024017334,1.073521375656128,5129760,0.06765911249400955,1.7356932401657104,0.01300155718464172,0.038204829713435313
2000-10-23,2.105694055557251,2.2352750301361084,2.0825541019439697,2.230647087097168,1.208965539932251,5927094,0.11882068772110285,1.770865297317505,0.018942591570696866,0.04475388919410157
2000-10-24,2.230647087097168,2.3093221187591553,2.1797399520874023,2.3093221187591553,1.251605749130249,6111072,0.03466230941872833,1.8099711060523986,0.02067570704163328,0.04465276282549956
2000-10-25,2.3093221187591553,2.3093221187591553,2.2445309162139893,2.253787040710449,1.2215068340301514,4768901,-0.024342095838315377,1.8463001608848573,0.019458602249717512,0.04556834437011382
2000-10-26,2.253787040710449,2.3046939373016357,2.221390962600708,2.230647087097168,1.208965539932251,3666274,-0.010320213580412994,1.8819349646568297,0.01924651550742624,0.045703127795389945
2000-10-27,2.230647087097168,2.230647087097168,2.230647087097168,2.230647087097168,1.208965539932251,0,0.0,1.9166442215442658,0.018640468959123718,0.045882602178706995
2000-10-30,2.114949941635132,2.114949941635132,2.114949941635132,2.114949941635132,1.1462600231170654,1108494,-0.053260573005466015,1.9437174677848816,0.014786911434033254,0.048582584150692755
2000-10-31,2.040903091430664,2.059415102005005,2.040903091430664,2.0455310344696045,1.108636498451233,3094276,-0.03337371361809617,1.9636174201965333,0.010818951406087936,0.04913798119823082
2000-11-01,1.9946240186691284,2.02701997756958,1.980741024017334,2.017764091491699,1.0935873985290527,2859960,-0.013667417379532481,1.9846743762493133,0.011704900254929419,0.04849247129120484
2000-11-02,1.9622290134429932,2.0918099880218506,1.9622290134429932,2.0918099880218506,1.1337188482284546,3662568,0.03603970120925331,2.004805725812912,0.010689236800240387,0.04771459922235016
2000-11-03,2.0918099880218506,2.1566009521484375,2.0455310344696045,2.114949941635132,1.1462600231170654,3854350,0.011001429788375539,2.021003371477127,0.008312934004779568,0.04637129313170463
2000-11-06,2.128833055496216,2.175112009048462,2.105694055557251,2.170485019683838,1.1763588190078735,4796992,0.02591950999193996,2.0362754702568053,0.007583326059092876,0.045950904086580605
2000-11-07,2.170485019683838,2.286181926727295,2.151973009109497,2.286181926727295,1.2390644550323486,3965081,0.05193249124891483,2.0573324143886564,0.010179950621538618,0.04695614895985298
2000-11-08,2.249159097671509,2.4065070152282715,2.249159097671509,2.4065070152282715,1.3042782545089722,4281855,0.051293179672072774,2.0867195665836333,0.014000959556752868,0.04704109810139012
2000-11-09,2.3833680152893066,2.545344114303589,2.3370890617370605,2.522205114364624,1.3669841289520264,4731878,0.04695723940365357,2.123048573732376,0.01698902147294929,0.04714673265633979
2000-11-10,2.522205114364624,2.6610419750213623,2.4990649223327637,2.637902021408081,1.4296892881393433,5914129,0.04485034808796328,2.163774073123932,0.01846426955998016,0.04755246324305274
2000-11-13,2.614763021469116,2.614763021469116,2.522205114364624,2.545344114303589,1.379524827003479,4803924,-0.035718059595779415,2.199871677160263,0.01667836658019119,0.04893309342058745
2000-11-14,2.4990649223327637,2.545344114303589,2.3833680152893066,2.4296469688415527,1.316819429397583,10199010,-0.046519886283155516,2.220697230100632,0.009402615297277737,0.04682202695169688
2000-11-15,2.3602280616760254,2.545344114303589,2.3602280616760254,2.522205114364624,1.3669841289520264,3444348,0.03738759779097179,2.2496216356754304,0.013026572174595925,0.04599457067031834
2000-11-16,2.522205114364624,2.545344114303589,2.4065070152282715,2.4527859687805176,1.3293604850769043,2977592,-0.027909055648709803,2.2797029852867126,0.014070629593875903,0.0447373156256094
2000-11-17,2.4527859687805176,2.4527859687805176,2.295438051223755,2.3139491081237793,1.2541136741638184,3479115,-0.0582688731308341,2.296363389492035,0.0077742303126337176,0.04565056410273843
2000-11-20,2.2815539836883545,2.286181926727295,2.175112009048462,2.239902973175049,1.213982105255127,3949955,-0.032523086115610014,2.296826183795929,0.00020704162079807493,0.03821188652862693
2000-11-21,2.230647087097168,2.2584149837493896,2.175112009048462,2.2584149837493896,1.224015235900879,3597744,0.008230683227904146,2.2942808270454407,-0.0011145396887431345,0.03740609222257657
2000-11-22,2.221390962600708,2.3833680152893066,2.221390962600708,2.3000659942626953,1.246589183807373,5216191,0.018274583071302808,2.296594774723053,0.0010162942567377748,0.037226694314820355
2000-11-23,2.3000659942626953,2.4065070152282715,2.295438051223755,2.4065070152282715,1.3042782545089722,4848851,0.04523850919229329,2.3053877711296082,0.003794230395373089,0.03839096516700556
2000-11-24,2.4065070152282715,2.545344114303589,2.4065070152282715,2.545344114303589,1.379524827003479,4965459,0.0560895278958374,2.3211226224899293,0.006598706790164959,0.04010942803068182
2000-11-27,2.545344114303589,2.684180974960327,2.522205114364624,2.684180974960327,1.4547715187072754,4559411,0.053109791399488945,2.349584174156189,0.011917225010412707,0.03878481323426692
2000-11-28,2.684180974960327,2.7535998821258545,2.637902021408081,2.7535998821258545,1.4923956394195557,3781412,0.025533459499073322,2.3849876165390014,0.014862583666271181,0.0373754795655122
2000-11-29,2.7535998821258545,2.8692970275878906,2.7535998821258545,2.8692970275878906,1.555100917816162,4770416,0.04115795797875243,2.427564263343811,0.017603852434185427,0.037182903289499705
2000-11-30,2.8692970275878906,2.9155759811401367,2.8230180740356445,2.892436981201172,1.5676422119140625,4437070,0.00803233123586583,2.467595613002777,0.01620348393551605,0.03697887768573957
2000-12-01,2.8692970275878906,3.0312740802764893,2.8692970275878906,3.0312740802764893,1.642889142036438,4911515,0.04688362679837343,2.513411819934845,0.017997593786015946,0.03757878999947151
2000-12-04,3.054413080215454,3.0775530338287354,2.984994888305664,2.984994888305664,1.6178067922592163,7593076,-0.01538498529815644,2.554137313365936,0.015932369021511128,0.038249513558683314
2000-12-05,2.892436981201172,3.1006920337677,2.892436981201172,3.0775530338287354,1.6679713726043701,12039322,0.03053677730850002,2.5937058687210084,0.014862583324490386,0.03748113320080703
2000-12-06,3.0775530338287354,3.1469709873199463,3.0775530338287354,3.0775530338287354,1.6679713726043701,4010458,0.0,2.6272581696510313,0.012297924340886748,0.03660171846203651
2000-12-07,3.0775530338287354,3.1469709873199463,3.054413080215454,3.1469709873199463,1.7055946588516235,4155779,0.02230558719382049,2.6584964632987975,0.011065341730395094,0.03577894859626819
2000-12-08,3.1469709873199463,3.1701109409332275,3.1006920337677,3.1469709873199463,1.7055946588516235,3407593,0.0,2.683949911594391,0.00882282432599693,0.034945798284653815
2000-12-11,3.1469709873199463,3.1469709873199463,3.1238319873809814,3.1469709873199463,1.7055946588516235,2196676,0.0,2.714031255245209,0.010608727305785902,0.03342952558566692
2000-12-12,3.1469709873199463,3.2395288944244385,3.1469709873199463,3.2163898944854736,1.743217945098877,4405888,0.02181918093071617,2.7533684015274047,0.014025680666479487,0.030660805437348157
2000-12-13,3.2395288944244385,3.2395288944244385,3.1932499408721924,3.2163898944854736,1.743217945098877,4567948,0.0,2.788077640533447,0.012156300776930896,0.030299091296317335
2000-12-14,3.2163898944854736,3.2395288944244385,3.1469709873199463,3.1932499408721924,1.7306767702102661,5128676,-0.007220391391470792,2.825100839138031,0.013190733989792846,0.02919218181808888
2000-12-15,3.1932499408721924,3.1932499408721924,3.1006920337677,3.1006920337677,1.680512547492981,3883618,-0.029413865147496426,2.864437985420227,0.014633484388959731,0.02601470429365067
2000-12-18,2.961854934692383,3.1006920337677,2.938715934753418,3.1006920337677,1.680512547492981,6501869,0.0,2.9074774384498596,0.01625963869474023,0.023837212303147212
2000-12-19,3.1006920337677,3.1932499408721924,3.054413080215454,3.1701109409332275,1.7181355953216553,3481060,0.022141261139868675,2.9530622363090515,0.01695516759033846,0.02379351444708289
2000-12-20,3.1701109409332275,3.2395288944244385,3.1469709873199463,3.1701109409332275,1.7181355953216553,4287627,0.0,2.996564483642578,0.016041438436773317,0.024089235526323305
2000-12-21,3.1701109409332275,3.1701109409332275,3.1006920337677,3.1006920337677,1.680512547492981,2361762,-0.022141261139868598,3.0312737345695497,0.012672449920165224,0.024499175099289592
2000-12-22,3.1006920337677,3.1701109409332275,3.0775530338287354,3.1701109409332275,1.7181355953216553,5373927,0.022141261139868675,3.0625120759010316,0.010975036582366787,0.022420589122676172
2000-12-25,3.1701109409332275,3.1701109409332275,3.1701109409332275,3.1701109409332275,1.7181355953216553,0,0.0,3.0868085741996767,0.008319547012392339,0.020202989464706597
2000-12-26,3.1932499408721924,3.2163898944854736,3.1006920337677,3.1469709873199463,1.7055946588516235,5361611,-0.007326185531617522,3.106477129459381,0.006676564760857796,0.02006507470191125
2000-12-27,3.1469709873199463,3.1469709873199463,3.054413080215454,3.054413080215454,1.6554298400878906,2893321,-0.02985294248751163,3.115732932090759,0.0031260197375445943,0.01992465842721476
2000-12-28,2.984994888305664,3.054413080215454,2.984994888305664,3.0312740802764893,1.642889142036438,4454134,-0.007604436716652432,3.122674787044525,0.0023441813399186807,0.020028523913578903
2000-12-29,3.0312740802764893,3.0312740802764893,2.984994888305664,2.984994888305664,1.6178067922592163,1302966,-0.01538498529815644,3.120360827445984,-0.0007692492649078125,0.017408990082700627
2001-01-01,2.984994888305664,2.984994888305664,2.984994888305664,2.984994888305664,1.6178067922592163,0,0.0,3.120360827445984,9.540979117872439e-18,0.017065697966047105
2001-01-02,2.961854934692383,2.984994888305664,2.8230180740356445,2.938715934753418,1.5927242040634155,1553620,-0.015625305324756908,3.113418972492218,-0.002308104131662837,0.015792455558454616
2001-01-03,2.892436981201172,2.892436981201172,2.7767388820648193,2.8230180740356445,1.5300184488296509,3443657,-0.04016617738565992,3.1006922245025637,-0.0043164130009458335,0.01789717954004443
2001-01-04,2.8230180740356445,2.8692970275878906,2.7535998821258545,2.846158027648926,1.5425599813461304,2395254,0.008163472683287133,3.0856515765190125,-0.0050235187264725005,0.017049291321069235
2001-01-05,2.846158027648926,2.846158027648926,2.7767388820648193,2.7767388820648193,1.5049360990524292,1902819,-0.02469284923660096,3.067139971256256,-0.006258161188302548,0.017552999951445436
2001-01-08,2.7767388820648193,2.7767388820648193,2.7304599285125732,2.7535998821258545,1.4923956394195557,1687806,-0.008368071451104448,3.0474714159965517,-0.006676564760857771,0.01749561486033329
2001-01-09,2.7535998821258545,2.7767388820648193,2.684180974960327,2.7073209285736084,1.4673131704330444,1490306,-0.016949544993108363,3.0220179677009584,-0.008615001057048998,0.016277543688883508
2001-01-10,2.684180974960327,2.7073209285736084,2.614763021469116,2.6610419750213623,1.4422309398651123,2907796,-0.017241792650513975,2.9942505717277528,-0.009477090689574696,0.016253824588985482
2001-01-11,2.637902021408081,2.846158027648926,2.637902021408081,2.846158027648926,1.5425599813461304,5246442,0.06725225833132774,2.976895976066589,-0.005753458203434769,0.023647121771262405
2001-01-12,2.892436981201172,2.892436981201172,2.7767388820648193,2.8230180740356445,1.5300184488296509,3031612,-0.00816347268328711,2.9630122780799866,-0.004690938580224304,0.02299651615179281
2001-01-15,2.7767388820648193,2.7998790740966797,2.6610419750213623,2.7304599285125732,1.4798537492752075,2254586,-0.03333648468258318,2.94450067281723,-0.006357762814353463,0.023831593022115356
2001-01-16,2.7304599285125732,2.7535998821258545,2.637902021408081,2.7073209285736084,1.4673131704330444,1983188,-0.008510508314943595,2.921361172199249,-0.007890351287094076,0.02286852018291848
2001-01-17,2.7073209285736084,2.7073209285736084,2.637902021408081,2.6610419750213623,1.4422309398651123,1153661,-0.017241792650513975,2.895907723903656,-0.008752440919619775,0.022880401787537707
2001-01-18,2.6610419750213623,2.684180974960327,2.591623067855835,2.6610419750213623,1.4422309398651123,1462866,0.0,2.8739252209663393,-0.007645377862626345,0.02273367068809716
2001-01-19,2.6610419750213623,2.6610419750213623,2.6610419750213623,2.6610419750213623,1.4422309398651123,0,0.0,2.848471772670746,-0.00875244091961978,0.021723467838281663
2001-01-22,2.6610419750213623,2.6610419750213623,2.6610419750213623,2.6610419750213623,1.4422309398651123,0,0.0,2.8230183243751528,-0.00875244091961978,0.021723467838281663
2001-01-23,2.6610419750213623,2.6610419750213623,2.6610419750213623,2.6610419750213623,1.4422309398651123,0,0.0,2.7987218737602233,-0.008386131643038903,0.021810378277317216
2001-01-24,2.6610419750213623,2.6610419750213623,2.6610419750213623,2.6610419750213623,1.4422309398651123,0,0.0,2.7790533185005186,-0.0068934845186633216,0.021278977442212542
2001-01-25,2.6610419750213623,2.6610419750213623,2.6610419750213623,2.6610419750213623,1.4422309398651123,0,0.0,2.7605417132377625,-0.006513262682830699,0.02133347510570623
2001-01-26,2.6610419750213623,2.6610419750213623,2.6610419750213623,2.6610419750213623,1.4422309398651123,0,0.0,2.7443440675735475,-0.005744013417922878,0.021274034434902597
2001-01-29,2.6610419750213623,2.6610419750213623,2.545344114303589,2.637902021408081,1.4296892881393433,1402363,-0.008733853659160646,2.7269894242286683,-0.00618070610088091,0.021239533306086595
2001-01-30,2.591623067855835,2.614763021469116,2.4990649223327637,2.545344114303589,1.379524827003479,1261911,-0.035718059595779415,2.7073208332061767,-0.007185343814432035,0.02216482108921352
2001-01-31,2.545344114303589,2.637902021408081,2.545344114303589,2.637902021408081,1.4296892881393433,2343611,0.03571805959577937,2.6980650305747984,-0.003391131965360071,0.022710248503163756
2001-02-01,2.6610419750213623,2.6610419750213623,2.591623067855835,2.637902021408081,1.4296892881393433,1503924,0.0,2.6876522302627563,-0.0037993055995244273,0.02256454033205406
2001-02-02,2.6610419750213623,2.684180974960327,2.637902021408081,2.684180974960327,1.4547715187072754,2148337,0.01739173180370955,2.6830243349075316,-0.001695076547508902,0.022475689123543086
2001-02-05,2.637902021408081,2.684180974960327,2.591623067855835,2.684180974960327,1.4547715187072754,1916169,0.0,2.6795533895492554,-0.0012766729749536798,0.02242275468136503
2001-02-06,2.6610419750213623,2.684180974960327,2.56848406791687,2.591623067855835,1.4046071767807007,2163186,-0.03509129760537388,2.673768496513367,-0.002183760605566956,0.023434289299768228
2001-02-07,2.56848406791687,2.591623067855835,2.4990649223327637,2.522205114364624,1.3669841289520264,1745284,-0.027150782286298844,2.6668266534805296,-0.002679210087356199,0.023870098916601856
2001-02-08,2.4990649223327637,2.545344114303589,2.4527859687805176,2.4990649223327637,1.3544427156448364,1707039,-0.009216933436909982,2.6494719982147217,-0.006502669675768086,0.01729892833674406
2001-02-09,2.4990649223327637,2.591623067855835,2.4990649223327637,2.591623067855835,1.4046071767807007,2830873,0.03636771572320879,2.637902247905731,-0.004276110255443289,0.019764090045197212
2001-02-12,2.591623067855835,2.7535998821258545,2.56848406791687,2.7535998821258545,1.4923956394195557,5181618,0.06062475710444721,2.6390592455863953,0.0004219518339082292,0.023337283616442342
2001-02-13,2.7767388820648193,2.846158027648926,2.7073209285736084,2.7767388820648193,1.5049360990524292,4163877,0.008368071451104322,2.642530143260956,0.0012658808222106251,0.02330242247990213
2001-02-14,2.7767388820648193,2.7998790740966797,2.614763021469116,2.6610419750213623,1.4422309398651123,2994252,-0.04255940909472672,2.642530143260956,-1.214306433183765e-17,0.024987499979215837
2001-02-15,2.6610419750213623,2.7767388820648193,2.637902021408081,2.7767388820648193,1.5049360990524292,4306491,0.042559409094726774,2.6483149886131288,0.0021279704547363266,0.026738367944508637
2001-02-16,2.7767388820648193,2.7767388820648193,2.591623067855835,2.637902021408081,1.4296892881393433,5208453,-0.05129326275388732,2.6471579909324645,-0.00043669268295803943,0.0292912920825677
2001-02-19,2.591623067855835,2.7998790740966797,2.545344114303589,2.7998790740966797,1.5174779891967773,7961710,0.05959231606085585,2.6540998458862304,0.002542923120084753,0.03222237293121713
2001-02-20,2.846158027648926,2.984994888305664,2.8230180740356445,2.984994888305664,1.6178067922592163,10967998,0.0640218059567622,2.6702974915504454,0.005744013417922863,0.03501547930183182
2001-02-21,3.008133888244629,3.0312740802764893,2.7998790740966797,2.846158027648926,1.5425599813461304,6658938,-0.047628010027129776,2.6795532941818236,0.0033626129165663736,0.03699057479777076
2001-02-22,2.7767388820648193,2.7767388820648193,2.6610419750213623,2.6610419750213623,1.4422309398651123,1156034,-0.06725225833132772,2.6795532941818236,-1.2490009027033011e-17,0.04022748433119668
2001-02-23,2.475925922393799,2.846158027648926,2.475925922393799,2.846158027648926,1.5425599813461304,7217096,0.06725225833132774,2.688809096813202,0.0033626129165663745,0.04294640623090431
2001-02-26,2.846158027648926,2.9155759811401367,2.7073209285736084,2.8230180740356445,1.5300184488296509,6832494,-0.00816347268328711,2.69806489944458,0.003391131965360051,0.04293813924446354
2001-02-27,2.846158027648926,2.846158027648926,2.637902021408081,2.637902021408081,1.4296892881393433,3505479,-0.06782263930720121,2.7026927947998045,0.0017859029797889614,0.04502650060980713
2001-02-28,2.637902021408081,2.637902021408081,2.637902021408081,2.637902021408081,1.4296892881393433,0,0.0,2.7026927947998045,-6.938893903907228e-18,0.044312489978566766
2001-03-01,2.614763021469116,2.6610419750213623,2.4990649223327637,2.614763021469116,1.4171488285064697,4765087,-0.008810441719828059,2.7015358448028564,-0.0004405220859914099,0.04435626181572906
2001-03-02,2.637902021408081,2.637902021408081,2.4990649223327637,2.545344114303589,1.379524827003479,2441746,-0.026907617875951376,2.6945940017700196,-0.002655489569974456,0.04452466941554672
2001-03-05,2.522205114364624,2.614763021469116,2.522205114364624,2.56848406791687,1.392066478729248,4140117,0.009050015262169078,2.6888091564178467,-0.0022029888068660023,0.0445990025994313
2001-03-06,2.614763021469116,2.614763021469116,2.4527859687805176,2.545344114303589,1.379524827003479,3975909,-0.009050015262169007,2.6864952087402343,-0.0009009246897057586,0.04396391051088154
2001-03-07,2.545344114303589,2.56848406791687,2.4527859687805176,2.4990649223327637,1.3544427156448364,2591242,-0.018349221929093783,2.6853381991386414,-0.00046084667184550544,0.043730753842024905
2001-03-08,2.4990649223327637,2.56848406791687,2.475925922393799,2.545344114303589,1.379524827003479,3266881,0.01834922192909365,2.6876521587371824,0.0009174610964546761,0.0438744337372337
2001-03-09,2.545344114303589,2.591623067855835,2.545344114303589,2.545344114303589,1.379524827003479,2616737,0.0,2.6853382110595705,-0.0009009246897057633,0.04307419756647024
2001-03-12,2.545344114303589,2.545344114303589,2.4527859687805176,2.475925922393799,1.3419016599655151,2432636,-0.027651416652252875,2.6714545130729674,-0.005314733377540767,0.040906111100046556
2001-03-13,2.4527859687805176,2.475925922393799,2.4065070152282715,2.475925922393799,1.3419016599655151,2815544,0.0,2.6564138650894167,-0.0057331369500959834,0.04080145417504181
2001-03-14,2.475925922393799,2.475925922393799,2.475925922393799,2.475925922393799,1.3419016599655151,0,0.0,2.6471580624580384,-0.0036051664953596478,0.039879122599792434
2001-03-15,2.4990649223327637,2.4990649223327637,2.4296469688415527,2.4990649223327637,1.3544427156448364,2947773,0.00930219472315918,2.6332743644714354,-0.005268027213938027,0.03852318084511341
2001-03-16,2.4990649223327637,2.545344114303589,2.475925922393799,2.4990649223327637,1.3544427156448364,2908446,0.0,2.6263325095176695,-0.0027033640762436613,0.03697406890048822
2001-03-19,2.4990649223327637,2.4990649223327637,2.4296469688415527,2.475925922393799,1.3419016599655151,2592955,-0.009302194723159128,2.610134851932526,-0.0061480896154444105,0.033950446684494505
2001-03-20,2.475925922393799,2.4990649223327637,2.4065070152282715,2.4527859687805176,1.3293604850769043,2493573,-0.009389927488640745,2.5835244059562683,-0.009818676287714557,0.029662358664481202
2001-03-21,2.4527859687805176,2.4527859687805176,2.3833680152893066,2.4065070152282715,1.3042782545089722,2264621,-0.01904818375494377,2.5615418553352356,-0.008389684974105256,0.028406867846431524
2001-03-22,2.4065070152282715,2.4527859687805176,2.3833680152893066,2.4296469688415527,1.316819429397583,2796302,0.009569641612681947,2.549972105026245,-0.004548589976904773,0.025020735957994592
2001-03-23,2.4296469688415527,2.4527859687805176,2.3833680152893066,2.4296469688415527,1.316819429397583,2518360,0.0,2.5291465520858765,-0.00791120289347116,0.01854424562495841
2001-03-26,2.4296469688415527,2.4527859687805176,2.3602280616760254,2.4296469688415527,1.316819429397583,3170120,0.0,2.509477996826172,-0.007503029259306805,0.018628053613384283
2001-03-27,2.4296469688415527,2.4527859687805176,2.3602280616760254,2.4065070152282715,1.3042782545089722,2636053,-0.009569641612681864,2.4979082465171816,-0.004590379374580837,0.012116166212975338
2001-03-28,2.4065070152282715,2.4296469688415527,2.3833680152893066,2.4065070152282715,1.3042782545089722,3030102,0.0,2.486338496208191,-0.004590379374580837,0.012116166212975338
2001-03-29,2.4065070152282715,2.4296469688415527,2.3602280616760254,2.4065070152282715,1.3042782545089722,2969385,0.0,2.475925695896149,-0.004149857288589434,0.012114822701633636
2001-03-30,2.4065070152282715,2.4296469688415527,2.3602280616760254,2.3833680152893066,1.2917373180389404,2908446,-0.00966170507188188,2.4678268909454344,-0.0032875616483859595,0.010969343348289402
2001-04-02,2.3833680152893066,2.3833680152893066,2.2908101081848145,2.3139491081237793,1.2541136741638184,2954687,-0.02955898430400838,2.45510014295578,-0.005218011626694832,0.012029880513717317
2001-04-03,2.3139491081237793,2.3139491081237793,2.1797399520874023,2.198251962661743,1.1914080381393433,1696235,-0.05129315339180487,2.4377455353736877,-0.007330168533176626,0.015842402760301768
2001-04-04,2.198251962661743,2.221390962600708,2.175112009048462,2.207508087158203,1.1964246034622192,2452678,0.004201834875337035,2.4231676936149595,-0.006202615692955085,0.015819363277982407
2001-04-05,2.207508087158203,2.207508087158203,2.207508087158203,2.207508087158203,1.1964246034622192,0,0.0,2.4062758922576903,-0.007120076789409767,0.014821104883594519
2001-04-06,2.221390962600708,2.3093221187591553,2.221390962600708,2.3000659942626953,1.246589183807373,3187210,0.041073498700064666,2.394011986255646,-0.005066401854406534,0.0182975572997845
2001-04-09,2.3139491081237793,2.3139491081237793,2.2815539836883545,2.3046939373016357,1.2490973472595215,2653514,0.002010069869413998,2.3854503870010375,-0.00358332752832319,0.01755774657214899
2001-04-10,2.3139491081237793,2.3139491081237793,2.267669916152954,2.276926040649414,1.2340478897094727,2382944,-0.01212158004637309,2.3755003929138185,-0.004189406530641844,0.017636579382352042
2001-04-11,2.2815539836883545,2.3139491081237793,2.276926040649414,2.3139491081237793,1.2541136741638184,3003496,0.016129329993362182,2.3674015522003176,-0.003382940030973736,0.01819806507418515
2001-04-12,2.3370890617370605,2.3370890617370605,2.2815539836883545,2.3139491081237793,1.2541136741638184,2714257,0.0,2.358145761489868,-0.003848049767131694,0.01797429008133349
2001-04-13,2.3139491081237793,2.475925922393799,2.3139491081237793,2.475925922393799,1.3419016599655151,4820763,0.06765880061947484,2.35698881149292,-0.0004651097361579523,0.024070033208786326
2001-04-16,2.545344114303589,2.591623067855835,2.4990649223327637,2.522205114364624,1.3669841289520264,5826645,0.01851912816006909,2.3593027710914614,0.0009259564080034583,0.02433491037027158
2001-04-17,2.522205114364624,2.522205114364624,2.4527859687805176,2.475925922393799,1.3419016599655151,2649192,-0.0185191281600691,2.360459768772125,0.00046949637443204057,0.024622514440306952
2001-04-18,2.475925922393799,2.522205114364624,2.4527859687805176,2.522205114364624,1.3669841289520264,2742157,0.01851912816006909,2.366244673728943,0.0023478619701826835,0.024487784660109316
2001-04-19,2.545344114303589,2.56848406791687,2.475925922393799,2.4990649223327637,1.3544427156448364,2886030,-0.009216933436909982,2.3697155714035034,0.0014085332177030871,0.024556405504938192
2001-04-20,2.4990649223327637,2.522205114364624,2.3602280616760254,2.475925922393799,1.3419016599655151,3100840,-0.009302194723159128,2.372029519081116,0.0009434234815451307,0.024672308322234496
2001-04-23,2.4990649223327637,2.4990649223327637,2.4065070152282715,2.4296469688415527,1.316819429397583,2132770,-0.018868469630902652,2.372029519081116,-1.908195823574488e-18,0.025067858708674763
2001-04-24,2.4065070152282715,2.475925922393799,2.4065070152282715,2.4527859687805176,1.3293604850769043,2641913,0.009478542142261914,2.374343466758728,0.0009524091877471869,0.025046983556017595
2001-04-25,2.4527859687805176,2.4527859687805176,2.3833680152893066,2.4065070152282715,1.3042782545089722,2278156,-0.01904818375494377,2.374343466758728,-1.5612511283791264e-18,0.025444109326990556
2001-04-26,2.4527859687805176,2.4527859687805176,2.3833680152893066,2.4065070152282715,1.3042782545089722,2278156,0.0,2.374343466758728,-1.5612511283791264e-18,0.025444109326990556
2001-04-27,2.3602280616760254,2.3833680152893066,2.3139491081237793,2.3833680152893066,1.2917373180389404,2313574,-0.00966170507188188,2.374343466758728,-1.5612511283791264e-18,0.025444109326990556
2001-04-30,2.3833680152893066,2.475925922393799,2.3602280616760254,2.4527859687805176,1.3293604850769043,3750835,0.028709888826825732,2.381285309791565,0.0029134436565417038,0.02521634012218886
2001-05-01,2.4527859687805176,2.4527859687805176,2.4527859687805176,2.4527859687805176,1.3293604850769043,0,0.0,2.3940120100975038,0.005478101326131947,0.021788451776033953
2001-05-02,2.4296469688415527,2.4296469688415527,2.3139491081237793,2.3602280616760254,1.2791961431503296,2647017,-0.03846625795646142,2.4016480088233947,0.003344696684542025,0.02390600622013294
2001-05-03,2.3602280616760254,2.4527859687805176,2.3370890617370605,2.4296469688415527,1.316819429397583,3070567,0.02898771581419966,2.4127549529075623,0.004794082475252008,0.024562282365779984
2001-05-04,2.4296469688415527,2.4527859687805176,2.3046939373016357,2.3833680152893066,1.2917373180389404,2400656,-0.019231346684563763,2.4169200539588926,0.0017788402060205863,0.023555086690750612
2001-05-07,2.3833680152893066,2.4065070152282715,2.3139491081237793,2.3370890617370605,1.2666549682617188,2079638,-0.019608455541356814,2.418539810180664,0.000697913935482046,0.024035056623879194
2001-05-08,2.3602280616760254,2.3833680152893066,2.3139491081237793,2.3139491081237793,1.2541136741638184,1983111,-0.009950528762651685,2.4203909635543823,0.0008064664996681161,0.02397894824973871
2001-05-09,2.3139491081237793,2.3602280616760254,2.3139491081237793,2.3370890617370605,1.2666549682617188,968069,0.009950528762651595,2.4215479612350466,0.0004975264381325867,0.02381035165625922
2001-05-10,2.3139491081237793,2.3370890617370605,2.3000659942626953,2.3139491081237793,1.2541136741638184,1091786,-0.009950528762651685,2.4215479612350466,2.4286128663675298e-18,0.023924978961316137
2001-05-11,2.3139491081237793,2.3370890617370605,2.3093221187591553,2.3370890617370605,1.2666549682617188,795287,0.009950528762651595,2.4146061182022094,-0.00288541359284116,0.01810855458942343
2001-05-14,2.3370890617370605,2.3370890617370605,2.239902973175049,2.3139491081237793,1.2541136741638184,834250,-0.009950528762651685,2.4041933178901673,-0.004308896438977199,0.017444212753940667
2001-05-15,2.3139491081237793,2.3370890617370605,2.3093221187591553,2.3139491081237793,1.2541136741638184,780055,0.0,2.3960944771766663,-0.0033829400309737427,0.01713905759715668
2001-05-16,2.3139491081237793,2.3370890617370605,2.2908101081848145,2.3139491081237793,1.2541136741638184,905391,0.0,2.385681676864624,-0.004308896438977197,0.016376803874723556
2001-05-17,2.3139491081237793,2.3370890617370605,2.3139491081237793,2.3370890617370605,1.2666549682617188,842719,0.009950528762651595,2.377582883834839,-0.0033505233289991194,0.016633300772880822
2001-05-18,2.3370890617370605,2.3370890617370605,2.2815539836883545,2.2815539836883545,1.236556053161621,838611,-0.024049381665293607,2.3678642868995667,-0.004087882676105843,0.017227294080413347
2001-05-21,2.2908101081848145,2.2908101081848145,2.267669916152954,2.276926040649414,1.2340478897094727,796382,-0.0020304770907201026,2.3602282404899597,-0.003245983049096715,0.01687477849009105
2001-05-22,2.2908101081848145,2.3139491081237793,2.207508087158203,2.2722980976104736,1.2315394878387451,1162514,-0.0020346083177201447,2.3512038469314573,-0.0038216405720958176,0.01661218811979506
2001-05-23,2.2722980976104736,2.3093221187591553,2.267669916152954,2.3093221187591553,1.251605749130249,1227338,0.016162329198239296,2.346344602108002,-0.0020611149244366645,0.016778516194013923
2001-05-24,2.3139491081237793,2.3139491081237793,2.2445309162139893,2.3093221187591553,1.251605749130249,903219,0.0,2.341485357284546,-0.0020611149244366645,0.016778516194013923
2001-05-25,2.267669916152954,2.3046939373016357,2.267669916152954,2.3000659942626953,1.246589183807373,869098,-0.004016210703560258,2.337320256233215,-0.0017788402060205835,0.016691178502692167
2001-05-28,2.3000659942626953,2.3000659942626953,2.267669916152954,2.286181926727295,1.2390644550323486,780855,-0.006054670479779348,2.3289900541305544,-0.003517068171350838,0.015081541094066779
2001-05-29,2.267669916152954,2.2908101081848145,2.267669916152954,2.286181926727295,1.2390644550323486,918347,0.0,2.320659852027893,-0.003517068171350837,0.015081541094066779
2001-05-30,2.2815539836883545,2.286181926727295,2.267669916152954,2.2815539836883545,1.236556053161621,989651,-0.0020263626064594455,2.3167261481285095,-0.0016950734038507387,0.01264076070216387
2001-05-31,2.2815539836883545,2.2815539836883545,2.267669916152954,2.2815539836883545,1.236556053161621,921534,0.0,2.3093214988708497,-0.0031444591945607218,0.010400944106177984
2001-06-01,2.2815539836883545,2.286181926727295,2.267669916152954,2.286181926727295,1.2390644550323486,968043,0.0020263626064595582,2.304462194442749,-0.002081573730009556,0.009735361660256193
2001-06-04,2.286181926727295,2.286181926727295,2.2352750301361084,2.276926040649414,1.2340478897094727,846461,-0.004056839697179658,2.301454043388367,-0.001303992937800698,0.00884184286074375
2001-06-05,2.276926040649414,2.2815539836883545,2.267669916152954,2.2815539836883545,1.236556053161621,1168661,0.0020304770907200623,2.2998342871665955,-0.0007049426451321106,0.008628485266364037
2001-06-06,2.2815539836883545,2.2908101081848145,2.267669916152954,2.2908101081848145,1.2415724992752075,1159273,0.004048731445927088,2.297520339488983,-0.001000032510968336,0.008341024762578133
2001-06-07,2.2908101081848145,2.2908101081848145,2.267669916152954,2.2815539836883545,1.236556053161621,793588,-0.004048731445927014,2.295900583267212,-0.0007049426451321023,0.008108873661726931
2001-06-08,2.286181926727295,2.286181926727295,2.253787040710449,2.276926040649414,1.2340478897094727,724214,-0.0020304770907201026,2.2928924322128297,-0.001303992937800687,0.0077131587998301365
2001-06-11,2.276926040649414,2.2815539836883545,2.26304292678833,2.267669916152954,1.2290310859680176,675133,-0.004073469845709253,2.290578472614288,-0.0010101399919535657,0.007474672970328712
2001-06-12,2.267669916152954,2.2722980976104736,2.239902973175049,2.26304292678833,1.2265233993530273,814624,-0.00204250021292271,2.288033163547516,-0.0011122650025997011,0.007474098356888404
2001-06-13,2.26304292678833,2.26304292678833,2.230647087097168,2.249159097671509,1.218998908996582,1112923,-0.006153923453550107,2.284793663024902,-0.0014199611752772063,0.007552163951048526
2001-06-14,2.249159097671509,2.249159097671509,2.230647087097168,2.249159097671509,1.218998908996582,934747,0.0,2.2803971648216246,-0.0019174876134097861,0.007076447308556515
2001-06-15,2.2445309162139893,2.249159097671509,2.2445309162139893,2.249159097671509,1.218998908996582,702264,0.0,2.2787774205207825,-0.0007150185301451059,0.004792446964285947
2001-06-18,2.249159097671509,2.249159097671509,2.221390962600708,2.249159097671509,1.218998908996582,1069621,0.0,2.277389073371887,-0.0006134946756091007,0.004784613984415604
2001-06-19,2.249159097671509,2.249159097671509,2.221390962600708,2.2445309162139893,1.2164905071258545,855688,-0.002059858637188149,2.276000714302063,-0.000614757191582501,0.00478501202475567
2001-06-20,2.2445309162139893,2.2445309162139893,2.221390962600708,2.239902973175049,1.213982105255127,1216536,-0.002064003972877763,2.2725297570228578,-0.001526073850138354,0.0027052598758558334
2001-06-21,2.239902973175049,2.267669916152954,2.2352750301361084,2.26304292678833,1.2265233993530273,1294327,0.010277786063615908,2.2702157974243162,-0.0010121845469575586,0.0037750618821793046
2001-06-22,2.2584149837493896,2.2815539836883545,2.249159097671509,2.276926040649414,1.2340478897094727,1022061,0.0061159700586319735,2.2690587997436524,-0.000505575508847947,0.004022463978139233
2001-06-25,2.276926040649414,2.276926040649414,2.276926040649414,2.276926040649414,1.2340478897094727,0,0.0,2.2685960054397585,-0.00020284198485897963,0.0038048052202785637
2001-06-26,2.2815539836883545,2.2815539836883545,2.239902973175049,2.2815539836883545,1.236556053161621,300406,0.0020304770907200623,2.2683646082878113,-0.0001013181303229765,0.0038374521418764285
2001-06-27,2.276926040649414,2.2815539836883545,2.253787040710449,2.276926040649414,1.2340478897094727,627126,-0.0020304770907201026,2.268133211135864,-0.00010152385453600936,0.0038375608830800447
2001-06-28,2.276926040649414,2.286181926727295,2.267669916152954,2.286181926727295,1.2390644550323486,1552110,0.00405683969717969,2.2683646082878113,0.00010131813032297516,0.003948813146239356
2001-06-29,2.286181926727295,2.3139491081237793,2.2584149837493896,2.3139491081237793,1.2541136741638184,2040886,0.012072490296182462,2.2697529673576353,0.0006036245148091203,0.004761834634974302
2001-07-02,2.2908101081848145,2.3000659942626953,2.2815539836883545,2.2815539836883545,1.236556053161621,671211,-0.01409885290264191,2.2699843645095825,0.00010152385453600773,0.0057134519329131534
2001-07-03,2.2815539836883545,2.3000659942626953,2.276926040649414,2.2908101081848145,1.2415724992752075,851362,0.004048731445927088,2.2704471707344056,0.00020243657229635902,0.0057668884543550895
2001-07-04,2.2908101081848145,2.2908101081848145,2.2584149837493896,2.2815539836883545,1.236556053161621,760610,-0.004048731445927014,2.2699843645095825,-0.000202436572296346,0.0057668884543550895
2001-07-05,2.276926040649414,2.2815539836883545,2.239902973175049,2.249159097671509,1.218998908996582,757371,-0.014300370602902087,2.2683646202087404,-0.0007150185301450997,0.006531647655678425
2001-07-06,2.249159097671509,2.249159097671509,2.2028799057006836,2.2445309162139893,1.2164905071258545,1022061,-0.002059858637188149,2.266744863986969,-0.000716487607468502,0.006531962393072754
2001-07-09,2.2445309162139893,2.2445309162139893,2.2028799057006836,2.2445309162139893,1.2164905071258545,654724,0.0,2.2655879139900206,-0.0005128141151830393,0.006485118544955603
2001-07-10,2.2445309162139893,2.249159097671509,2.221390962600708,2.249159097671509,1.218998908996582,674394,0.002059858637188193,2.26489372253418,-0.00030769617267749415,0.006499051454784668
2001-07-11,2.249159097671509,2.2584149837493896,2.221390962600708,2.2445309162139893,1.2164905071258545,895598,-0.002059858637188149,2.2646623134613035,-0.00010299293185939631,0.006368381426908325
2001-07-12,2.2445309162139893,2.286181926727295,2.221390962600708,2.2584149837493896,1.224015235900879,1388320,0.00616667925502631,2.265125107765198,0.00020534103089191923,0.006521083793957564
2001-07-13,2.2584149837493896,2.276926040649414,2.239902973175049,2.253787040710449,1.2215068340301514,1019922,-0.0020513020634522956,2.2653565049171447,0.00010277592771930444,0.006540585939537396
2001-07-16,2.253787040710449,2.253787040710449,2.2121360301971436,2.221390962600708,1.2039488554000854,784375,-0.014478371138760146,2.2639680981636046,-0.0006211426292187028,0.007308697592805048
2001-07-17,2.221390962600708,2.221390962600708,2.198251962661743,2.216763973236084,1.2014412879943848,648469,-0.0020850966709752812,2.2625797510147097,-0.0006224045309080595,0.007308961245928764
2001-07-18,2.2028799057006836,2.2028799057006836,2.124206066131592,2.128833055496216,1.1537845134735107,576516,-0.040474494415536355,2.257026255130768,-0.002542929053040989,0.011533338280175824
2001-07-19,2.1195778846740723,2.1195778846740723,2.059415102005005,2.0825541019439697,1.1287020444869995,594239,-0.021978894274890533,2.24800181388855,-0.004155763069966311,0.01189582253631358
2001-07-20,2.0825541019439697,2.0825541019439697,2.059415102005005,2.0825541019439697,1.1287020444869995,494835,0.0,2.2382832169532776,-0.00446156157289791,0.011694787172597127
2001-07-23,2.0825541019439697,2.1010661125183105,2.0825541019439697,2.0918099880218506,1.1337188482284546,663378,0.00443464012590804,2.2290274143218993,-0.004239829566602508,0.011825143739149235
2001-07-24,2.0918099880218506,2.1010661125183105,2.059415102005005,2.08718204498291,1.131210446357727,832891,-0.002214861810837529,2.219308817386627,-0.0044520965116803864,0.011744492703289616
2001-07-25,2.08718204498291,2.08718204498291,2.0547869205474854,2.08718204498291,1.131210446357727,501318,0.0,2.209821617603302,-0.004350572657144382,0.011775263655922696
2001-07-26,2.08718204498291,2.1010661125183105,2.0547869205474854,2.1010661125183105,1.138735055923462,946217,0.006630036173683786,2.200565826892853,-0.004221912833319177,0.011885501937805684
2001-07-27,2.1010661125183105,2.2445309162139893,2.096437931060791,2.2445309162139893,1.2164905071258545,1940201,0.06605166481983415,2.1970949172973633,-0.0015229541071365925,0.019481730373639247
2001-07-30,2.2445309162139893,2.2445309162139893,2.2445309162139893,2.2445309162139893,1.2164905071258545,0,0.0,2.195243763923645,-0.0008180114620044973,0.01925650378814159
2001-07-31,2.2445309162139893,2.249159097671509,2.1797399520874023,2.216763973236084,1.2014412879943848,805994,-0.012448090618161474,2.1915414571762084,-0.0016428525652089254,0.019389921585096163
2001-08-01,2.216763973236084,2.216763973236084,2.175112009048462,2.175112009048462,1.1788668632507324,516011,-0.018968301108930635,2.186219358444214,-0.0023888310483591068,0.019770612639328826
2001-08-02,2.1658570766448975,2.1843678951263428,2.151973009109497,2.1797399520874023,1.1813749074935913,793027,0.0021254200245771062,2.1827484011650085,-0.0015675415169851467,0.01959010050329739
2001-08-03,2.1797399520874023,2.1797399520874023,2.151973009109497,2.170485019683838,1.1763588190078735,620162,-0.004254927699850003,2.179046106338501,-0.0016772949701182396,0.019599150718436858
2001-08-06,2.170485019683838,2.207508087158203,2.1658570766448975,2.198251962661743,1.1914080381393433,615830,0.012711828153292463,2.1767321586608888,-0.0010417035624536162,0.019860780561713264
2001-08-07,2.1936240196228027,2.1936240196228027,2.142716884613037,2.175112009048462,1.1788668632507324,718982,-0.010582320478019524,2.1730298042297362,-0.001673812518214002,0.019957815952524924
2001-08-08,2.175112009048462,2.221390962600708,2.151973009109497,2.216763973236084,1.2014412879943848,1523423,0.01896830110893053,2.171641457080841,-0.0006224045309080682,0.020483385542764142
2001-08-09,2.216763973236084,2.2260189056396484,2.175112009048462,2.216763973236084,1.2014412879943848,935640,0.0,2.1695589065551757,-0.0009307384936593835,0.020422133136009185
2001-08-10,2.216763973236084,2.2445309162139893,2.198251962661743,2.2445309162139893,1.2164905071258545,1957702,0.012448090618161552,2.1690961003303526,-0.00020576885957869132,0.020636493863969516
2001-08-13,2.2445309162139893,2.2722980976104736,2.239902973175049,2.2722980976104736,1.2315394878387451,1388545,0.012295143831649888,2.171641457080841,0.0011329068889418105,0.020530025877461916
2001-08-14,2.2722980976104736,2.2815539836883545,2.249159097671509,2.2722980976104736,1.2315394878387451,879459,0.0,2.1744181632995607,0.0012371617224905744,0.02051811502288811
2001-08-15,2.2722980976104736,2.3000659942626953,2.2584149837493896,2.295438051223755,1.244080901145935,1372123,0.0101320001052111,2.1827484130859376,0.003767486448527948,0.018078881057379547
2001-08-16,2.295438051223755,2.4527859687805176,2.295438051223755,2.4527859687805176,1.3293604850769043,4721374,0.06630081133670525,2.201260006427765,0.008181471729107737,0.021846290960062277
2001-08-17,2.4990649223327637,2.522205114364624,2.3833680152893066,2.4527859687805176,1.3293604850769043,1676892,0.0,2.2197715997695924,0.008181471729107737,0.021846290960062277
2001-08-20,2.3139491081237793,2.3833680152893066,2.3000659942626953,2.3602280616760254,1.2791961431503296,937822,-0.03846625795646142,2.233192503452301,0.006036426824989264,0.024211671533486946
2001-08-21,2.3602280616760254,2.3602280616760254,2.2908101081848145,2.3139491081237793,1.2541136741638184,1262248,-0.01980261517437265,2.2445308566093445,0.005157039156812507,0.024838426940124364
2001-08-22,2.3139491081237793,2.3833680152893066,2.3093221187591553,2.3370890617370605,1.2666549682617188,1212655,0.009950528762651595,2.257026207447052,0.0056545655949450865,0.024829347494385062
2001-08-23,2.3370890617370605,2.3370890617370605,2.2908101081848145,2.3370890617370605,1.2666549682617188,782843,0.0,2.2688273549079896,0.005323063786260898,0.024859879052057825
2001-08-24,2.3370890617370605,2.4065070152282715,2.267669916152954,2.2908101081848145,1.2415724992752075,2335435,-0.020000650219366638,2.2711413145065307,0.0010204480343008581,0.020932643362309978
2001-08-27,2.2908101081848145,2.3000659942626953,2.221390962600708,2.2908101081848145,1.2415724992752075,1195823,0.0,2.273455274105072,0.0010204480343008581,0.020932643362309978
2001-08-28,2.2908101081848145,2.4296469688415527,2.2722980976104736,2.4296469688415527,1.316819429397583,5075747,0.058840452445287086,2.2840994238853454,0.0045848751874732864,0.024314803983741515
2001-08-29,2.545344114303589,2.591623067855835,2.522205114364624,2.591623067855835,1.4046071767807007,5350677,0.06453838007727068,2.3049249768257143,0.008760209246783352,0.027071043480532214
2001-08-30,2.7304599285125732,2.7535998821258545,2.637902021408081,2.7073209285736084,1.4673131704330444,11286486,0.04367521211133883,2.3313040256500246,0.010837698851121439,0.028109470443118595
2001-08-31,2.6610419750213623,2.6610419750213623,2.522205114364624,2.522205114364624,1.3669841289520264,3305315,-0.07082599439763772,2.3488900303840636,0.007509145516232052,0.03342886423438259
2001-09-03,2.522205114364624,2.614763021469116,2.4990649223327637,2.522205114364624,1.3669841289520264,3425538,0.0,2.3650876879692078,0.006873554108567428,0.03344558042318181
2001-09-04,2.522205114364624,2.545344114303589,2.4065070152282715,2.4296469688415527,1.316819429397583,2914946,-0.037387597790971755,2.377814435958862,0.005533290242919818,0.03469562843108255
2001-09-05,2.4065070152282715,2.545344114303589,2.4065070152282715,2.4990649223327637,1.3544427156448364,3310367,0.028170664354061816,2.3919294834136964,0.0059934084051763824,0.034943309748596135
2001-09-06,2.4990649223327637,2.56848406791687,2.3833680152893066,2.475925922393799,1.3419016599655151,2312074,-0.009302194723159128,2.404887580871582,0.005528298669018427,0.03508888789237929
2001-09-07,2.4527859687805176,2.475925922393799,2.3833680152893066,2.475925922393799,1.3419016599655151,1663832,0.0,2.4164573311805726,0.004905894138110349,0.03507008159198995
2001-09-10,2.475925922393799,2.4990649223327637,2.4065070152282715,2.4527859687805176,1.3293604850769043,1512575,-0.009389927488640745,2.4254817247390745,0.003821640572095817,0.035164694632655216
2001-09-11,2.4065070152282715,2.4990649223327637,2.3833680152893066,2.4527859687805176,1.3293604850769043,2221119,0.0,2.434506118297577,0.003821640572095817,0.035164694632655216
2001-09-12,2.4527859687805176,2.4527859687805176,2.4527859687805176,2.4527859687805176,1.3293604850769043,0,0.0,2.442373514175415,0.003315040566835262,0.035141975689201715
2001-09-13,2.2815539836883545,2.2815539836883545,2.2815539836883545,2.2815539836883545,1.236556053161621,108042,-0.07236772603347602,2.433811914920807,-0.0036183863016738017,0.03573545808728339
2001-09-14,2.124206066131592,2.267669916152954,2.124206066131592,2.170485019683838,1.1763588190078735,2480628,-0.04990612864245529,2.419696867465973,-0.0061136927337965665,0.03718259894177038
2001-09-17,2.170485019683838,2.170485019683838,2.170485019683838,2.170485019683838,1.1763588190078735,0,0.0,2.4102097153663635,-0.0041903798359734954,0.03640783152414802
2001-09-18,2.170485019683838,2.170485019683838,2.170485019683838,2.170485019683838,1.1763588190078735,0,0.0,2.4030365109443665,-0.003200249077254863,0.03622973767068409
2001-09-19,2.170485019683838,2.170485019683838,2.170485019683838,2.170485019683838,1.1763588190078735,0,0.0,2.3947063088417053,-0.0036977755153874427,0.03610775680425862
2001-09-20,2.175112009048462,2.1843678951263428,2.1473450660705566,2.1843678951263428,1.1838833093643188,1086953,0.006375839893487016,2.3870702505111696,-0.003378983520713092,0.036170214224734515
2001-09-21,2.175112009048462,2.1843678951263428,2.1334609985351562,2.1843678951263428,1.1838833093643188,836236,0.0,2.381748139858246,-0.00237895100974476,0.035962363344805806
2001-09-24,2.1843678951263428,2.1843678951263428,2.1843678951263428,2.1843678951263428,1.1838833093643188,0,0.0,2.376426029205322,-0.00237895100974476,0.035962363344805806
2001-09-25,2.175112009048462,2.2121360301971436,2.175112009048462,2.1889960765838623,1.1863915920257568,867568,0.0021165323605351213,2.364393484592438,-0.0052151470139823585,0.03299446032082407
2001-09-26,2.1936240196228027,2.207508087158203,2.175112009048462,2.2028799057006836,1.1939164400100708,1581726,0.0063225261471554555,2.34495632648468,-0.00812593971048812,0.028820828454479974
2001-09-27,2.221390962600708,2.230647087097168,2.1797399520874023,2.198251962661743,1.1914080381393433,1206391,-0.002103070247885188,2.3195028781890867,-0.010414853828449321,0.02618787985324935
2001-09-28,2.198251962661743,2.198251962661743,2.198251962661743,2.198251962661743,1.1914080381393433,0,0.0,2.303305220603943,-0.006873554108567434,0.022050710901815256
2001-10-01,2.198251962661743,2.198251962661743,2.198251962661743,2.198251962661743,1.1914080381393433,0,0.0,2.287107563018799,-0.006873554108567434,0.022050710901815256
2001-10-02,2.1797399520874023,2.1797399520874023,2.105694055557251,2.175112009048462,1.1788668632507324,1118098,-0.010582320478019524,2.2743808150291445,-0.005533290242919823,0.020882081358974194
2001-10-03,2.175112009048462,2.175112009048462,2.151973009109497,2.170485019683838,1.1763588190078735,475377,-0.0021295076752729193,2.257951819896698,-0.0070482988443865595,0.019351171968881923
2001-10-04,2.267669916152954,2.267669916152954,2.175112009048462,2.2028799057006836,1.1939164400100708,840573,0.014814898401177484,2.244299519062042,-0.0058424441881697285,0.019945619375195463
2001-10-05,2.198251962661743,2.2028799057006836,2.1334609985351562,2.2028799057006836,1.1939164400100708,877320,0.0,2.2306472182273867,-0.005842444188169729,0.019945619375195463
2001-10-08,2.2028799057006836,2.2028799057006836,2.151973009109497,2.198251962661743,1.1914080381393433,1564560,-0.002103070247885188,2.217920517921448,-0.005478101326131951,0.019943961331452636
2001-10-09,2.198251962661743,2.198251962661743,2.170485019683838,2.198251962661743,1.1914080381393433,339257,0.0,2.205193817615509,-0.005478101326131951,0.019943961331452636
2001-10-10,2.198251962661743,2.198251962661743,2.198251962661743,2.198251962661743,1.1914080381393433,0,0.0,2.1924671173095702,-0.005478101326131951,0.019943961331452636
2001-10-11,2.198251962661743,2.267669916152954,2.175112009048462,2.267669916152954,1.2290310859680176,1106344,0.03109035355273343,2.1917729139328004,-0.00030519734682147876,0.014300021283337181
2001-10-12,2.267669916152954,2.286181926727295,2.207508087158203,2.253787040710449,1.2215068340301514,535880,-0.006140905112086756,2.1959380149841308,0.001883063829696948,0.008470863143643016
2001-10-15,2.2445309162139893,2.253787040710449,2.2445309162139893,2.253787040710449,1.2215068340301514,435402,0.0,2.2001031160354616,0.001883063829696948,0.008470863143643016
2001-10-16,2.253787040710449,2.253787040710449,2.2445309162139893,2.253787040710449,1.2215068340301514,293874,0.0,2.204268217086792,0.001883063829696948,0.008470863143643016
2001-10-17,2.2445309162139893,2.26304292678833,2.2445309162139893,2.2584149837493896,1.224015235900879,544523,0.0020513020634522995,2.2086647152900696,0.0019856289328695634,0.008459273666335136
2001-10-18,2.2445309162139893,2.2584149837493896,2.2445309162139893,2.2584149837493896,1.224015235900879,276583,0.0,2.212367069721222,0.0016668369381952126,0.008405083397751579
2001-10-19,2.253787040710449,2.2584149837493896,2.2352750301361084,2.2445309162139893,1.2164905071258545,496985,-0.00616667925502634,2.2153752207756043,0.0013585029754438955,0.008580723026397568
2001-10-22,2.2445309162139893,2.2722980976104736,2.239902973175049,2.267669916152954,1.2290310859680176,1087404,0.010256282303660895,2.2195403218269347,0.0018713170906269401,0.008798961439205782
2001-10-23,2.286181926727295,2.286181926727295,2.249159097671509,2.267669916152954,1.2290310859680176,600436,0.0,2.2234740138053892,0.001765490472600184,0.008808579661561407
2001-10-24,2.267669916152954,2.267669916152954,2.239902973175049,2.267669916152954,1.2290310859680176,633116,0.0,2.226713514328003,0.0014493641652424112,0.008749683010958896
2001-10-25,2.267669916152954,2.267669916152954,2.2445309162139893,2.26304292678833,1.2265233993530273,365176,-0.00204250021292271,2.2299530625343325,0.0014523926669905353,0.008748399090216932
2001-10-26,2.26304292678833,2.2722980976104736,2.2445309162139893,2.267669916152954,1.2290310859680176,395427,0.0020425002129227415,2.233423960208893,0.0015545176776366723,0.008742471763851605
2001-10-29,2.26304292678833,2.286181926727295,2.26304292678833,2.286181926727295,1.2390644550323486,799498,0.008130309542888904,2.2378204584121706,0.0019610331547811172,0.008854689079135242
2001-10-30,2.276926040649414,2.276926040649414,2.2445309162139893,2.267669916152954,1.2290310859680176,484020,-0.008130309542888901,2.242448353767395,0.002083633701537649,0.008687267495648314
2001-10-31,2.2445309162139893,2.276926040649414,2.2445309162139893,2.26304292678833,1.2265233993530273,559000,-0.00204250021292271,2.2470762491226197,0.002087984074655159,0.008685068119546656
2001-11-01,2.2445309162139893,2.267669916152954,2.221390962600708,2.221390962600708,1.2039488554000854,382462,-0.018576776037924306,2.2480018019676207,0.0004184003527000697,0.009297666721239424
2001-11-02,2.2028799057006836,2.3093221187591553,2.2028799057006836,2.3093221187591553,1.251605749130249,1854277,0.03882046697707561,2.2533239126205444,0.0023594237015538504,0.012652600631527233
2001-11-05,2.3093221187591553,2.3370890617370605,2.2722980976104736,2.3093221187591553,1.251605749130249,1492685,0.0,2.258877420425415,0.00246457721394811,0.01262226444528798
2001-11-06,2.2722980976104736,2.3833680152893066,2.2722980976104736,2.3833680152893066,1.2917373180389404,2186737,0.0315605934168512,2.268133223056793,0.00404260688479067,0.01417523804683389
2001-11-07,2.3833680152893066,2.4065070152282715,2.3370890617370605,2.3833680152893066,1.2917373180389404,1812917,0.0,2.2773890256881715,0.00404260688479067,0.01417523804683389
2001-11-08,2.3602280616760254,2.4296469688415527,2.3139491081237793,2.4296469688415527,1.316819429397583,1912314,0.019231346684563836,2.285487878322601,0.00344965654138219,0.013198675202061552
2001-11-09,2.4296469688415527,2.4296469688415527,2.4296469688415527,2.4296469688415527,1.316819429397583,0,0.0,2.2942808747291563,0.003756701796986528,0.013034228696106072
2001-11-12,2.3602280616760254,2.4527859687805176,2.3139491081237793,2.4527859687805176,1.3293604850769043,1369951,0.009478542142261914,2.30423082113266,0.0042306289040996235,0.013062734756054625
2001-11-13,2.4065070152282715,2.4527859687805176,2.3833680152893066,2.4065070152282715,1.3042782545089722,1068519,-0.01904818375494377,2.311866819858551,0.0032782197163524355,0.014044907261139635
2001-11-14,2.3602280616760254,2.4296469688415527,2.3602280616760254,2.4296469688415527,1.316819429397583,600715,0.009569641612681947,2.320428419113159,0.0036541366938139174,0.01411080095935843
2001-11-15,2.4296469688415527,2.4296469688415527,2.3833680152893066,2.4065070152282715,1.3042782545089722,399760,-0.009569641612681864,2.327833020687103,0.003175654613179824,0.01440050449823583
2001-11-16,2.3370890617370605,2.475925922393799,2.3370890617370605,2.4527859687805176,1.3293604850769043,1878389,0.01904818375494384,2.3382457733154296,0.004436397763678333,0.01464129807965888
2001-11-19,2.4527859687805176,2.591623067855835,2.4065070152282715,2.591623067855835,1.4046071767807007,2737742,0.05505983793500874,2.3544434309005737,0.006676575545245725,0.018498190933670423
2001-11-20,2.684180974960327,2.684180974960327,2.614763021469116,2.684180974960327,1.4547715187072754,3190215,0.03509129760537382,2.375268983840942,0.008431140425514416,0.019470258153768676
2001-11-21,2.7073209285736084,2.7073209285736084,2.614763021469116,2.7073209285736084,1.4673131704330444,3558851,0.00858391450596497,2.397251534461975,0.008860336150812664,0.01936897020677273
2001-11-22,2.6610419750213623,2.7767388820648193,2.6610419750213623,2.7304599285125732,1.4798537492752075,2565960,0.008510508314943491,2.4206223845481873,0.009387986577205975,0.01919932204098698
2001-11-23,2.7535998821258545,2.7535998821258545,2.684180974960327,2.7073209285736084,1.4673131704330444,2709222,-0.008510508314943595,2.44260493516922,0.00886033615081266,0.019553566130348077
2001-11-26,2.7073209285736084,2.7998790740966797,2.7073209285736084,2.7767388820648193,1.5049360990524292,3675533,0.02531761644421291,2.4671327829360963,0.00971970149587886,0.01989450595905849
2001-11-27,2.7998790740966797,2.846158027648926,2.7767388820648193,2.846158027648926,1.5425599813461304,3105892,0.02469284923660091,2.496057188510895,0.011360859434853349,0.01969736858101855
2001-11-28,2.846158027648926,2.892436981201172,2.8230180740356445,2.8692970275878906,1.555100917816162,3669050,0.008097037291046903,2.5263698935508727,0.01186783631005183,0.019463328845769214
2001-11-29,2.846158027648926,2.938715934753418,2.8230180740356445,2.938715934753418,1.5927242040634155,4457097,0.023905667411325788,2.5622361421585085,0.013991958482514333,0.01824597905516057
2001-11-30,2.938715934753418,3.008133888244629,2.938715934753418,2.984994888305664,1.6178067922592163,2668599,0.015625305324756866,2.596019780635834,0.012832200399898398,0.017297263996586446
2001-12-03,2.984994888305664,3.1469709873199463,2.961854934692383,3.1469709873199463,1.7055946588516235,2811923,0.052842364502320445,2.637902224063873,0.01547431862501442,0.01916856470435287
2001-12-04,3.1469709873199463,3.1701109409332275,3.1006920337677,3.1701109409332275,1.7181355953216553,2332288,0.007326185531617438,2.6772393703460695,0.014262598230752732,0.018861687837666744
2001-12-05,3.1469709873199463,3.2395288944244385,3.1469709873199463,3.2163898944854736,1.743217945098877,3915892,0.014492995399098582,2.7188904643058778,0.01498724800070766,0.018560897100607588
2001-12-06,3.2395288944244385,3.2395288944244385,3.1701109409332275,3.2395288944244385,1.7557592391967773,2729099,0.007168336461061674,2.759384560585022,0.014384097489532552,0.018611652144841957
2001-12-07,3.2395288944244385,3.262669086456299,3.1469709873199463,3.262669086456299,1.7683002948760986,4263953,0.007117682295340739,2.801035666465759,0.01473998160429959,0.018388846411794155
2001-12-10,3.262669086456299,3.2858080863952637,3.1701109409332275,3.262669086456299,1.7683002948760986,3236889,0.0,2.8415298223495484,0.014266054497186495,0.01865184617530818
2001-12-11,3.2395288944244385,3.262669086456299,3.054413080215454,3.1932499408721924,1.7306767702102661,3135547,-0.02150641014787306,2.8808669686317443,0.01414314317754003,0.018889518900858895
2001-12-12,3.1701109409332275,3.2395288944244385,3.1469709873199463,3.2395288944244385,1.7557592391967773,4977635,0.014388727852532378,2.9213610649108888,0.014384097489532548,0.018858820046629136
2001-12-13,3.2395288944244385,3.2395288944244385,3.1469709873199463,3.1469709873199463,1.7055946588516235,4530878,-0.02898751739177769,2.9583842635154722,0.013413203700577758,0.02057836043149108
2001-12-14,3.1469709873199463,3.1932499408721924,3.0775530338287354,3.1469709873199463,1.7055946588516235,1585228,0.0,2.9930935144424438,0.012460794512830567,0.020743964006048884
2001-12-17,3.1469709873199463,3.2163898944854736,3.1238319873809814,3.1932499408721924,1.7306767702102661,3835247,0.014598789539245259,3.023174858093262,0.010437742093042393,0.018186123268761123
2001-12-18,3.1932499408721924,3.2163898944854736,2.984994888305664,3.1006920337677,1.680512547492981,3891484,-0.029413865147496426,3.0440004110336303,0.007212483955398881,0.019271295139268077
2001-12-19,3.1006920337677,3.1006920337677,2.892436981201172,2.938715934753418,1.5927242040634155,1684349,-0.05365259421882618,3.055570161342621,0.004100658519159324,0.0235810821579254
2001-12-20,2.938715934753418,2.938715934753418,2.8230180740356445,2.8230180740356445,1.5300184488296509,540203,-0.04016617738565992,3.0601980686187744,0.0016668242341291526,0.025533173755250844
2001-12-21,2.7767388820648193,2.8230180740356445,2.6610419750213623,2.7073209285736084,1.4673131704330444,522485,-0.041846992997526755,3.0601980686187744,-5.204170427930421e-18,0.027262104419299226
2001-12-24,2.7073209285736084,2.7998790740966797,2.684180974960327,2.7073209285736084,1.4673131704330444,1802113,0.0,3.056727170944214,-0.0012658808222106507,0.026604504587390956
2001-12-25,2.7073209285736084,2.7998790740966797,2.7073209285736084,2.7998790740966797,1.5174779891967773,2747466,0.033616669751181376,3.0544132232666015,-0.0008196897964816274,0.027132373906344317
2001-12-26,2.7767388820648193,2.938715934753418,2.7767388820648193,2.938715934753418,1.5927242040634155,4130355,0.048396500632005124,3.057884168624878,0.0011952833705662837,0.029243687220844364
2001-12-27,2.938715934753418,3.008133888244629,2.9155759811401367,2.938715934753418,1.5927242040634155,2340154,0.0,3.057884168624878,-5.724587470723463e-18,0.02875098599268432
2001-12-28,2.9155759811401367,3.008133888244629,2.9155759811401367,2.961854934692383,1.6052653789520264,1538494,0.007843010129997158,3.056727170944214,-0.00038911475973799113,0.02858054099793803
2001-12-31,2.961854934692383,3.008133888244629,2.9155759811401367,2.938715934753418,1.5927242040634155,2949501,-0.007843010129997167,3.0463144183158875,-0.0034233834913538715,0.025708828698586567
2002-01-01,2.938715934753418,2.938715934753418,2.938715934753418,2.938715934753418,1.5927242040634155,0,0.0,3.034744668006897,-0.0037896927679347435,0.025599564406901806
2002-01-02,2.9155759811401367,2.9155759811401367,2.8230180740356445,2.8692970275878906,1.555100917816162,1015579,-0.023905667411325913,3.017390024662018,-0.005709625908455969,0.02559614397624264
2002-01-03,2.8692970275878906,2.8692970275878906,2.8692970275878906,2.8692970275878906,1.555100917816162,0,0.0,2.9988784313201906,-0.006068042731509052,0.02545613130924935
2002-01-04,2.8230180740356445,2.846158027648926,2.7535998821258545,2.7767388820648193,1.5049360990524292,1031562,-0.032789886527647895,2.9745819211006164,-0.008063421172658482,0.02592787637431617
2002-01-07,2.7767388820648193,2.892436981201172,2.7767388820648193,2.8692970275878906,1.555100917816162,3496186,0.03278988652764791,2.954913318157196,-0.006423926846276089,0.027456238720129533
2002-01-08,2.8692970275878906,2.892436981201172,2.7767388820648193,2.7767388820648193,1.5049360990524292,1108517,-0.032789886527647895,2.9340877652168276,-0.006988100665264829,0.027894889679024676
2002-01-09,2.8230180740356445,2.8230180740356445,2.7304599285125732,2.7304599285125732,1.4798537492752075,1021977,-0.01680710812926928,2.9086343169212343,-0.008547892464354914,0.027506131024557994
2002-01-10,2.7304599285125732,2.7535998821258545,2.684180974960327,2.7304599285125732,1.4798537492752075,1218745,0.0,2.8878087639808654,-0.007098516594766029,0.02713361871324983
2002-01-11,2.7535998821258545,2.8230180740356445,2.7304599285125732,2.7535998821258545,1.4923956394195557,3645281,0.0084390366781648,2.8681402087211607,-0.006676564760857788,0.02731482899924761
2002-01-14,2.7535998821258545,2.7535998821258545,2.6610419750213623,2.6610419750213623,1.4422309398651123,706283,-0.03419133764362234,2.8415298104286193,-0.009116071120001169,0.02749286604363682
2002-01-15,2.6610419750213623,2.684180974960327,2.56848406791687,2.614763021469116,1.4171488285064697,950761,-0.017544295378988654,2.8172333598136903,-0.00852259263157578,0.027157713036443546
2002-01-16,2.6610419750213623,2.7073209285736084,2.637902021408081,2.637902021408081,1.4296892881393433,2114916,0.008810441719828027,2.8021926641464234,-0.00539944083464307,0.025216871611612623
2002-01-17,2.614763021469116,2.637902021408081,2.591623067855835,2.591623067855835,1.4046071767807007,1040891,-0.01769956580166428,2.7906229138374328,-0.004276110255443288,0.02406050633370155
2002-01-18,2.637902021408081,2.7073209285736084,2.637902021408081,2.684180974960327,1.4547715187072754,3046738,0.03509129760537382,2.789465916156769,-0.0004291957252982585,0.02388734291502893
2002-01-21,2.7073209285736084,2.7073209285736084,2.614763021469116,2.637902021408081,1.4296892881393433,2040532,-0.017391731803709634,2.7859949707984923,-0.0012987823154837403,0.024185595630182834
2002-01-22,2.614763021469116,2.637902021408081,2.4990649223327637,2.56848406791687,1.392066478729248,1028699,-0.026668044333610356,2.774425220489502,-0.004313018019723327,0.023347169340942407
2002-01-23,2.522205114364624,2.56848406791687,2.4990649223327637,2.545344114303589,1.379524827003479,1039359,-0.009050015262169007,2.7547566294670105,-0.007185343814432034,0.01978284302570928
2002-01-24,2.4990649223327637,2.56848406791687,2.475925922393799,2.522205114364624,1.3669841289520264,1437317,-0.009132288492183865,2.7339310884475707,-0.007641958239041226,0.019713538199618637
2002-01-25,2.4990649223327637,2.545344114303589,2.4990649223327637,2.545344114303589,1.379524827003479,896735,0.009132288492183888,2.713105547428131,-0.007577494320931889,0.019768869965685918
2002-01-28,2.545344114303589,2.591623067855835,2.545344114303589,2.545344114303589,1.379524827003479,1296957,0.0,2.6934369564056397,-0.007185343814432031,0.019840984238940346
2002-01-29,2.545344114303589,2.56848406791687,2.522205114364624,2.522205114364624,1.3669841289520264,904040,-0.009132288492183865,2.6726114153862,-0.007641958239041224,0.019771883211718806
2002-01-30,2.4990649223327637,2.522205114364624,2.4527859687805176,2.4527859687805176,1.3293604850769043,791847,-0.027909055648709803,2.6517858624458315,-0.007842127650910418,0.019964528537175875
2002-01-31,2.4527859687805176,2.4527859687805176,2.4527859687805176,2.4527859687805176,1.3293604850769043,0,0.0,2.6309603095054626,-0.007842127650910418,0.019964528537175875
2002-02-01,2.522205114364624,2.56848406791687,2.4527859687805176,2.4990649223327637,1.3544427156448364,3081315,0.018692122211800007,2.61707661151886,-0.005268027213938024,0.019897396650838218
2002-02-04,2.4990649223327637,2.4990649223327637,2.4527859687805176,2.4527859687805176,1.3293604850769043,1739452,-0.018692122211799892,2.596251058578491,-0.007842127650910413,0.01794949514477272
2002-02-05,2.4527859687805176,2.4527859687805176,2.4065070152282715,2.4065070152282715,1.3042782545089722,1495278,-0.01904818375494377,2.5777394652366636,-0.007155042512275207,0.017191256106356436
2002-02-06,2.4065070152282715,2.4990649223327637,2.4065070152282715,2.4527859687805176,1.3293604850769043,1726502,0.01904818375494384,2.563855767250061,-0.005362277918064552,0.017983052024356627
2002-02-07,2.4527859687805176,2.4527859687805176,2.4527859687805176,2.4527859687805176,1.3293604850769043,0,0.0,2.5499720692634584,-0.005362277918064552,0.017983052024356627
2002-02-08,2.4527859687805176,2.4527859687805176,2.4527859687805176,2.4527859687805176,1.3293604850769043,0,0.0,2.5349313735961916,-0.005784229751972792,0.01773953348195007
2002-02-11,2.4527859687805176,2.4527859687805176,2.4527859687805176,2.4527859687805176,1.3293604850769043,0,0.0,2.524518573284149,-0.004074662869791676,0.016459153702663452
2002-02-12,2.4527859687805176,2.4527859687805176,2.4527859687805176,2.4527859687805176,1.3293604850769043,0,0.0,2.5164197206497194,-0.003197448100842243,0.016168443654722
2002-02-13,2.4527859687805176,2.4527859687805176,2.4527859687805176,2.4527859687805176,1.3293604850769043,0,0.0,2.507163918018341,-0.0036379701868336444,0.01594250508009754
2002-02-14,2.4527859687805176,2.4527859687805176,2.4527859687805176,2.4527859687805176,1.3293604850769043,0,0.0,2.5002220630645753,-0.0027529918967504298,0.015608615233626711
2002-02-15,2.4527859687805176,2.4527859687805176,2.4527859687805176,2.4527859687805176,1.3293604850769043,0,0.0,2.4886523127555846,-0.004507556777019121,0.012861135414389907
2002-02-18,2.475925922393799,2.522205114364624,2.4527859687805176,2.475925922393799,1.3419016599655151,1121458,0.009389927488640842,2.4805535078048706,-0.0031684738124015967,0.012843270853009497
2002-02-19,2.4990649223327637,2.522205114364624,2.4527859687805176,2.4527859687805176,1.3293604850769043,1023790,-0.009389927488640745,2.474768602848053,-0.0023045679701531167,0.011710527254412463
2002-02-20,2.4527859687805176,2.4990649223327637,2.4296469688415527,2.4527859687805176,1.3293604850769043,1259750,0.0,2.4701406955718994,-0.0018520672070446663,0.011610583553260953
2002-02-21,2.475925922393799,2.475925922393799,2.4065070152282715,2.4527859687805176,1.3293604850769043,1134711,0.0,2.466669738292694,-0.0013954527824354731,0.011488131071541468
2002-02-22,2.475925922393799,2.475925922393799,2.3833680152893066,2.4065070152282715,1.3042782545089722,1106769,-0.01904818375494377,2.4597278833389282,-0.002804476394791856,0.01185137029265812
2002-02-25,2.4296469688415527,2.475925922393799,2.4065070152282715,2.4527859687805176,1.3293604850769043,966531,0.01904818375494384,2.4550999760627747,-0.001852067207044664,0.012814828132024253
2002-02-26,2.4527859687805176,2.4527859687805176,2.4065070152282715,2.4527859687805176,1.3293604850769043,791365,0.0,2.4516290187835694,-0.0013954527824354707,0.012703988551749522
2002-02-27,2.4527859687805176,2.4527859687805176,2.4065070152282715,2.4527859687805176,1.3293604850769043,660016,0.0,2.4516290187835694,1.9428902930940238e-17,0.011065511997320492
2002-02-28,2.4527859687805176,2.4527859687805176,2.4527859687805176,2.4527859687805176,1.3293604850769043,0,0.0,2.4516290187835694,1.9428902930940238e-17,0.011065511997320492
2002-03-01,2.4527859687805176,2.475925922393799,2.4065070152282715,2.475925922393799,1.3419016599655151,1138980,0.009389927488640842,2.4504720687866213,-0.00046510973615793876,0.010414853572060383
2002-03-04,2.522205114364624,2.637902021408081,2.522205114364624,2.637902021408081,1.4296892881393433,2790148,0.06336947624803231,2.459727871417999,0.0036379701868336717,0.01696255847527965
2002-03-05,2.6610419750213623,2.7304599285125732,2.545344114303589,2.637902021408081,1.4296892881393433,3267445,0.0,2.4712976217269897,0.00459037937458086,0.016136377653433787
2002-03-06,2.591623067855835,2.637902021408081,2.522205114364624,2.614763021469116,1.4171488285064697,1579552,-0.008810441719828059,2.47939647436142,0.003197448100842265,0.016024684477634138
2002-03-07,2.614763021469116,2.614763021469116,2.522205114364624,2.545344114303589,1.379524827003479,1503921,-0.026907617875951376,2.4840243816375733,0.0018520672070446963,0.01737952526101733
2002-03-08,2.591623067855835,2.614763021469116,2.522205114364624,2.56848406791687,1.392066478729248,1830205,0.009050015262169078,2.489809286594391,0.00230456797015315,0.017446452259053207
2002-03-11,2.56848406791687,2.637902021408081,2.56848406791687,2.591623067855835,1.4046071767807007,1903671,0.008968478531945956,2.496751141548157,0.002752991896750448,0.01749927851476447
2002-03-12,2.591623067855835,2.6610419750213623,2.591623067855835,2.6610419750213623,1.4422309398651123,2690410,0.02643341946082495,2.507163941860199,0.004074662869791695,0.018262007764500505
2002-03-13,2.684180974960327,2.8230180740356445,2.6610419750213623,2.8230180740356445,1.5300184488296509,4150915,0.05908878564804064,2.5256755471229555,0.007029102152193728,0.021971146416574626
2002-03-14,2.8692970275878906,2.938715934753418,2.7304599285125732,2.8230180740356445,1.5300184488296509,5846658,0.0,2.5441871523857116,0.007029102152193728,0.021971146416574626
2002-03-15,2.8230180740356445,2.8692970275878906,2.7767388820648193,2.8692970275878906,1.555100917816162,4899414,0.016260509974333995,2.5650127053260805,0.007842127650910427,0.021998187277465036
2002-03-18,2.8692970275878906,3.008133888244629,2.8692970275878906,2.938715934753418,1.5927242040634155,4452866,0.023905667411325788,2.5881522059440614,0.008567914647044674,0.022289472280612514
2002-03-19,2.938715934753418,2.984994888305664,2.8692970275878906,2.938715934753418,1.5927242040634155,4701229,0.0,2.6124487042427065,0.009037411021476713,0.021988163618222117
2002-03-20,2.892436981201172,2.961854934692383,2.846158027648926,2.9155759811401367,1.5801827907562256,4904941,-0.007905336616380407,2.6355882048606873,0.008642144190657692,0.02222891032314085
2002-03-21,2.892436981201172,2.9155759811401367,2.846158027648926,2.9155759811401367,1.5801827907562256,1581494,0.0,2.658727705478668,0.008642144190657692,0.02222891032314085
2002-03-22,2.892436981201172,2.9155759811401367,2.8692970275878906,2.9155759811401367,1.5801827907562256,2038289,0.0,2.6841811537742615,0.009594553378404879,0.021371593736829335
2002-03-25,2.9155759811401367,3.0312740802764893,2.892436981201172,2.961854934692383,1.6052653789520264,4211435,0.01574834674637759,2.7096346020698547,0.009429561527976566,0.021307410321411535
2002-03-26,2.961854934692383,3.1469709873199463,2.961854934692383,3.1469709873199463,1.7055946588516235,6208489,0.06062465969708009,2.7443438529968263,0.012460794512830572,0.02403326963241166
2002-03-27,3.2858080863952637,3.355226993560791,3.008133888244629,3.0312740802764893,1.642889142036438,10660591,-0.03745737920416404,2.773268258571625,0.01058792555262237,0.026398527510536656
2002-03-28,3.054413080215454,3.0775530338287354,2.8692970275878906,3.0775530338287354,1.6679713726043701,5132915,0.015151792010343635,2.804506611824036,0.011345515153139552,0.0262958959267776
2002-03-29,3.054413080215454,3.0775530338287354,2.9155759811401367,3.0775530338287354,1.6679713726043701,2879247,0.0,2.8345879673957826,0.01087601877870751,0.026416199737950813
2002-04-01,3.008133888244629,3.1006920337677,2.9155759811401367,2.961854934692383,1.6052653789520264,2505026,-0.03831907250325969,2.8507856130599976,0.005791591341142909,0.02555289915069997
2002-04-02,3.0312740802764893,3.0312740802764893,2.9155759811401367,2.938715934753418,1.5927242040634155,1905674,-0.007843010129997167,2.8658263087272644,0.005399440834643051,0.025706180530360355
2002-04-03,2.984994888305664,3.1238319873809814,2.961854934692383,3.1238319873809814,1.6930534839630127,5138285,0.06108772022516277,2.8912797570228577,0.008894348931892592,0.028293873875554928
2002-04-04,3.308948040008545,3.308948040008545,3.1006920337677,3.2395288944244385,1.7557592391967773,12881795,0.03636746699369216,2.9259889960289,0.012058103175374767,0.0276092349627086
2002-04-05,3.2395288944244385,3.2395288944244385,3.2395288944244385,3.2395288944244385,1.7557592391967773,0,0.0,2.9595412373542787,0.011605602412266316,0.027735006731733833
2002-04-08,3.2395288944244385,3.447784900665283,3.2395288944244385,3.447784900665283,1.8686295747756958,10582355,0.06230405078094166,3.002349328994751,0.014272381024716101,0.02994426880499645
2002-04-09,3.6097609996795654,3.6097609996795654,3.2395288944244385,3.2395288944244385,1.7557592391967773,10242758,-0.062304050780941624,3.031273674964905,0.009835507512627772,0.034304263638679396
2002-04-10,3.2395288944244385,3.2395288944244385,3.0312740802764893,3.1238319873809814,1.6930534839630127,3288874,-0.036367466993692185,3.046314370632172,0.00506269488054113,0.033726533525881376
2002-04-11,3.1238319873809814,3.1932499408721924,3.1006920337677,3.1932499408721924,1.7306767702102661,2655329,0.021978739141159765,3.064825963973999,0.006161631837599119,0.03391046309190191
2002-04-12,3.1701109409332275,3.2163898944854736,3.008133888244629,3.1701109409332275,1.7181355953216553,2989740,-0.0072726040076277814,3.079866659641266,0.00498497613850103,0.0339498636657039
2002-04-15,3.0775530338287354,3.378365993499756,3.0775530338287354,3.3320870399475098,1.8059237003326416,5482000,0.049832261980014544,3.0995352149009703,0.006281305866935469,0.03518294195628732
2002-04-16,3.378365993499756,3.447784900665283,3.2395288944244385,3.355226993560791,1.8184648752212524,4430296,0.006920580027645132,3.120360767841339,0.0066273348683177245,0.03515193176989579
2002-04-17,3.378365993499756,3.447784900665283,3.262669086456299,3.3320870399475098,1.8059237003326416,5926104,-0.0069205800276451014,3.1411863207817077,0.00667657269775449,0.035131187828227585
2002-04-18,3.378365993499756,3.424644947052002,3.2395288944244385,3.3320870399475098,1.8059237003326416,7431774,0.0,3.1620118737220766,0.00667657269775449,0.035131187828227585
2002-04-19,3.424644947052002,3.5634820461273193,3.378365993499756,3.5634820461273193,1.931335210800171,12584107,0.06713932328115009,3.1944071769714357,0.010033538861811995,0.03758190350828222
2002-04-22,3.7023189067840576,3.794877052307129,3.7023189067840576,3.794877052307129,2.056746244430542,18677648,0.06291384336097813,3.2360582828521727,0.012391813692542022,0.03939545012871198
2002-04-23,3.933713912963867,4.049411773681641,3.794877052307129,4.0031328201293945,2.169617176055908,24155343,0.053425246568460046,3.278866374492645,0.01203184303611102,0.0389620408579049
2002-04-24,4.165109157562256,4.280807018280029,3.9568541049957275,4.280807018280029,2.320111036300659,35952069,0.06706428788499692,3.3413430213928224,0.017257926390569066,0.03898442324016055
2002-04-25,4.327085971832275,4.558481216430664,4.0725507736206055,4.280807018280029,2.320111036300659,51296926,0.0,3.401505720615387,0.016500336790051886,0.039174267354993665
2002-04-26,4.280807018280029,4.280807018280029,4.0031328201293945,4.0031328201293945,2.169617176055908,7128868,-0.06706428788499695,3.4477847099304197,0.013147122395802038,0.04331266113701657
2002-04-29,3.748598098754883,4.11883020401001,3.748598098754883,4.0031328201293945,2.169617176055908,14115236,0.0,3.4998486042022705,0.015063076020965021,0.041735007219521655
2002-04-30,4.0725507736206055,4.0725507736206055,3.725459098815918,3.725459098815918,2.0191233158111572,7346295,-0.07188716736584108,3.5391857624053955,0.011860868159172828,0.04584009912219697
2002-05-01,3.725459098815918,3.725459098815918,3.725459098815918,3.725459098815918,2.0191233158111572,0,0.0,3.5692671179771422,0.008806482147914688,0.0443999708476499
2002-05-02,3.5634820461273193,3.6791799068450928,3.470923900604248,3.470923900604248,1.8811702728271484,8317874,-0.07076927994542298,3.580836868286133,0.003449644800958932,0.04726998085688909
2002-05-03,3.378365993499756,3.5866219997406006,3.2858080863952637,3.470923900604248,1.8811702728271484,13448866,0.0,3.592406618595123,0.0034496448009589315,0.04726998085688909
2002-05-06,3.470923900604248,3.5634820461273193,3.2395288944244385,3.378365993499756,1.8310058116912842,8364580,-0.027028653568676925,3.588935673236847,-0.0010169904165219976,0.04560738610479994
2002-05-07,3.1469709873199463,3.3320870399475098,3.1469709873199463,3.2395288944244385,1.7557592391967773,6948750,-0.041964242450501635,3.588935673236847,1.734723475976807e-18,0.04437906569651124
2002-05-08,3.2395288944244385,3.447784900665283,3.2395288944244385,3.447784900665283,1.8686295747756958,12801919,0.06230405078094166,3.605133318901062,0.004933575888731693,0.045591392676220505
2002-05-09,3.6791799068450928,3.6791799068450928,3.2395288944244385,3.262669086456299,1.7683002948760986,19233637,-0.05518636848560101,3.6086042761802672,0.0010753205073936554,0.0473058770503244
2002-05-10,3.262669086456299,3.2858080863952637,3.054413080215454,3.054413080215454,1.6554298400878906,6475779,-0.06595814217462999,3.6028193831443787,-0.0018589564009564553,0.04961465812823125
2002-05-13,2.892436981201172,3.262669086456299,2.892436981201172,3.262669086456299,1.7683002948760986,14869344,0.0659581421746299,3.599348485469818,-0.0010526623912256873,0.050619762275296465
2002-05-14,3.401505947113037,3.447784900665283,3.1006920337677,3.262669086456299,1.7683002948760986,13438817,0.0,3.5947205901145933,-0.0013986913926079439,0.050586032556005064
2002-05-15,3.1932499408721924,3.308948040008545,3.1469709873199463,3.2395288944244385,1.7557592391967773,5629927,-0.007117682295340636,3.59009268283844,-0.0014085465059927207,0.050587184129959176
2002-05-16,3.2395288944244385,3.355226993560791,3.1469709873199463,3.1469709873199463,1.7055946588516235,5271775,-0.02898751739177769,3.5808368802070616,-0.0028579223755816055,0.05095860166500584
2002-05-17,3.1932499408721924,3.2395288944244385,2.961854934692383,3.054413080215454,1.6554298400878906,3885710,-0.02985294248751163,3.5553834319114683,-0.007707535664014692,0.04850260129745062
2002-05-20,3.1006920337677,3.1006920337677,2.846158027648926,2.846158027648926,1.5425599813461304,13590427,-0.07061743204193859,3.5079474806785584,-0.014384099434160524,0.04744874804577797
2002-05-21,2.846158027648926,2.846158027648926,2.6610419750213623,2.7304599285125732,1.4798537492752075,5739545,-0.0414999573658702,3.4443138360977175,-0.019130359630877038,0.04499293088340218
2002-05-22,2.6610419750213623,2.7998790740966797,2.614763021469116,2.7767388820648193,1.5049360990524292,5434862,0.016807108129269235,3.3691104292869567,-0.021643218618663425,0.04116629170550338
2002-05-23,2.7304599285125732,2.9155759811401367,2.7073209285736084,2.7767388820648193,1.5049360990524292,4743998,0.0,3.2939070224761964,-0.021643218618663425,0.04116629170550338
2002-05-24,2.7767388820648193,2.961854934692383,2.7767388820648193,2.938715934753418,1.5927242040634155,9680418,0.05669555393897379,3.2406861782073975,-0.015455226527464885,0.043229298491328255
2002-05-27,2.9155759811401367,2.961854934692383,2.7767388820648193,2.961854934692383,1.6052653789520264,5935742,0.007843010129997158,3.1886222839355467,-0.015063076020965026,0.04341206531110158
2002-05-28,2.938715934753418,3.008133888244629,2.8230180740356445,2.8692970275878906,1.555100917816162,4577996,-0.03174867754132305,3.1458141803741455,-0.013056151529739126,0.04153401769988151
2002-05-29,2.8230180740356445,2.846158027648926,2.7767388820648193,2.7767388820648193,1.5049360990524292,2313576,-0.032789886527647895,3.0983781695365904,-0.01469564585612152,0.041638555179230555
2002-05-30,2.846158027648926,2.892436981201172,2.7767388820648193,2.8692970275878906,1.555100917816162,4588930,0.03278988652764791,3.068296825885773,-0.009517687532467976,0.040727602542684024
2002-05-31,2.9155759811401367,2.9155759811401367,2.7998790740966797,2.846158027648926,1.5425599813461304,3021050,-0.008097037291046964,3.0370585322380066,-0.009922539397020326,0.040668213592384365
2002-06-03,2.8692970275878906,2.8692970275878906,2.684180974960327,2.7767388820648193,1.5049360990524292,2844763,-0.02469284923660096,3.00697717666626,-0.009805749180416528,0.04061982822188257
2002-06-04,2.637902021408081,2.7767388820648193,2.637902021408081,2.7767388820648193,1.5049360990524292,1721299,0.0,2.983837676048279,-0.007707537057891445,0.039949555426084804
2002-06-05,2.7535998821258545,2.8692970275878906,2.7304599285125732,2.8692970275878906,1.555100917816162,7478770,0.03278988652764791,2.954913282394409,-0.009183245270556131,0.03770958079214579
2002-06-06,2.846158027648926,2.9155759811401367,2.7767388820648193,2.8692970275878906,1.555100917816162,7038529,0.0,2.9352446794509888,-0.006423926846276082,0.036153186560943414
2002-06-07,2.8230180740356445,2.8692970275878906,2.7767388820648193,2.8692970275878906,1.555100917816162,4145744,0.0,2.9259888768196105,-0.0031260197375445817,0.033335160264315405
2002-06-10,2.8692970275878906,3.054413080215454,2.846158027648926,3.054413080215454,1.6554298400878906,8740446,0.06252039475089159,2.9155760765075684,-0.0032979071087314974,0.032967020753455714
2002-06-11,3.054413080215454,3.0775530338287354,2.938715934753418,3.054413080215454,1.6554298400878906,9927440,0.0,2.905163276195526,-0.003297907108731498,0.032967020753455714
2002-06-12,3.008133888244629,3.1006920337677,2.961854934692383,3.1006920337677,1.680512547492981,5319010,0.015037866879260538,2.898221433162689,-0.0021901296500014397,0.03320330611084408
2002-06-13,3.1006920337677,3.2395288944244385,3.0312740802764893,3.1932499408721924,1.7306767702102661,14148264,0.029413865147496488,2.9005353808403016,0.0007299394769622696,0.03329051360085865
2002-06-14,3.1469709873199463,3.2858080863952637,3.1469709873199463,3.2858080863952637,1.7808414697647095,8552909,0.028573426075439234,2.912105131149292,0.003651257905109813,0.0330280364713503
2002-06-17,3.2395288944244385,3.3320870399475098,3.2163898944854736,3.3320870399475098,1.8059237003326416,11091279,0.013986231896947497,2.9364015817642213,0.007881441102054116,0.02805938913435593
2002-06-18,3.3320870399475098,3.5172030925750732,3.2858080863952637,3.5172030925750732,1.9062527418136597,13701692,0.05406725139757052,2.9757387399673463,0.012659801540226154,0.027335353089220495
2002-06-19,3.470923900604248,3.6097609996795654,3.424644947052002,3.5172030925750732,1.9062527418136597,12045014,0.0,3.012761950492859,0.011819446133762691,0.027459209480557578
2002-06-20,3.5634820461273193,3.748598098754883,3.470923900604248,3.748598098754883,2.0316643714904785,18786061,0.0637158319603625,3.061354911327362,0.015005237731780816,0.029626362472316023
2002-06-21,3.81801700592041,3.9568541049957275,3.748598098754883,3.9105749130249023,2.119452953338623,19289864,0.042302470013144126,3.1099478602409363,0.014285583535489333,0.02872135103020254
2002-06-24,3.9105749130249023,3.9105749130249023,3.748598098754883,3.9105749130249023,2.119452953338623,12824423,0.0,3.1573838591575623,0.013893433028989474,0.02886711806251785
2002-06-25,3.9105749130249023,3.9105749130249023,3.7023189067840576,3.725459098815918,2.0191233158111572,10588668,-0.04849430752633022,3.2001919627189634,0.013056151529739116,0.030459556194348713
2002-06-26,3.6097609996795654,3.6097609996795654,3.5172030925750732,3.5172030925750732,1.9062527418136597,8210134,-0.05752399444717663,3.2372151732444765,0.01181944613376268,0.03282891512981527
2002-06-27,3.5172030925750732,3.6329009532928467,3.5172030925750732,3.5634820461273193,1.931335210800171,4617264,0.013072071883579528,3.2719244241714476,0.010833555401559261,0.03246000437270975
2002-06-28,3.5634820461273193,3.6097609996795654,3.5172030925750732,3.5634820461273193,1.931335210800171,4847010,0.0,3.3077906250953673,0.011238407266111609,0.032261355631084676
2002-07-01,3.5634820461273193,3.5634820461273193,3.3320870399475098,3.3320870399475098,1.8059237003326416,1678996,-0.06713932328115015,3.335558032989502,0.009116083563884148,0.035936372550651956
2002-07-02,3.1932499408721924,3.3320870399475098,3.1932499408721924,3.308948040008545,1.7933827638626099,5685105,-0.006968520207060886,3.3621684908866882,0.008767657553531106,0.036062969821890084
2002-07-03,3.2858080863952637,3.308948040008545,3.1006920337677,3.308948040008545,1.7933827638626099,5868754,0.0,3.384151041507721,0.007128163227148711,0.03565644811862139
2002-07-04,3.2163898944854736,3.308948040008545,3.1932499408721924,3.308948040008545,1.7933827638626099,9269919,0.0,3.4061335921287537,0.007128163227148711,0.03565644811862139
2002-07-05,3.308948040008545,3.355226993560791,3.2395288944244385,3.3320870399475098,1.8059237003326416,10981233,0.0069685202070608205,3.4292730927467345,0.007476589237501751,0.03561715310994647
2002-07-08,3.378365993499756,3.378365993499756,3.1932499408721924,3.2163898944854736,1.743217945098877,6467056,-0.03533926658091599,3.4373719334602355,0.0025836061709113714,0.034356951059320906
2002-07-09,3.1932499408721924,3.2858080863952637,3.1006920337677,3.1701109409332275,1.7181355953216553,5026039,-0.014492995399098572,3.443156826496124,0.001858956400956443,0.03456651451630416
2002-07-10,3.1469709873199463,3.1932499408721924,3.0775530338287354,3.1238319873809814,1.6930534839630127,3818595,-0.014706135133531998,3.4443138241767883,0.00037175630031681595,0.03460948902714051
2002-07-11,3.054413080215454,3.1238319873809814,2.961854934692383,2.984994888305664,1.6178067922592163,3074487,-0.04546241490040595,3.433901071548462,-0.0033720577020783056,0.03534456124419664
2002-07-12,2.984994888305664,3.0775530338287354,2.984994888305664,3.054413080215454,1.6554298400878906,3933749,0.02298942201480883,3.4223313212394713,-0.0036512579051098267,0.03510014005472683
2002-07-15,3.054413080215454,3.262669086456299,3.054413080215454,3.262669086456299,1.7683002948760986,8383936,0.0659581421746299,3.4188604235649107,-0.0010526623912257053,0.03825655111798387
2002-07-16,3.355226993560791,3.424644947052002,3.2163898944854736,3.262669086456299,1.7683002948760986,12266665,0.0,3.4061337232589723,-0.003756024961104232,0.03600032908018928
2002-07-17,3.2395288944244385,3.262669086456299,3.1006920337677,3.1469709873199463,1.7055946588516235,4532293,-0.03610519968711844,3.387622117996216,-0.005561284945460154,0.03670051791795741
2002-07-18,3.1701109409332275,3.262669086456299,3.1469709873199463,3.2163898944854736,1.743217945098877,8049007,0.02181918093071617,3.3610117077827453,-0.007656117496942472,0.033603130187778
2002-07-19,3.2163898944854736,3.355226993560791,3.1701109409332275,3.2163898944854736,1.743217945098877,11852030,0.0,3.3263024568557737,-0.009771240997599675,0.03156240062461208
2002-07-22,3.1238319873809814,3.2163898944854736,3.054413080215454,3.1701109409332275,1.7181355953216553,3271462,-0.014492995399098572,3.2892792582511903,-0.010495890767554606,0.03149254966094507
2002-07-23,3.1006920337677,3.1932499408721924,3.0775530338287354,3.1238319873809814,1.6930534839630127,2607111,-0.014706135133531998,3.2591979026794435,-0.008806482147914695,0.030227729906373013
2002-07-24,3.1006920337677,3.1932499408721924,3.0775530338287354,3.0775530338287354,1.6679713726043701,1614881,-0.014925637591905985,3.2372153997421265,-0.006676564305151162,0.02803561129118751
2002-07-25,3.1469709873199463,3.1701109409332275,3.054413080215454,3.0775530338287354,1.6679713726043701,3138118,0.0,3.2129189491271974,-0.007330167899330138,0.02770135702108259
2002-07-26,3.0312740802764893,3.0775530338287354,2.8692970275878906,2.938715934753418,1.5927242040634155,3476760,-0.04616208263325689,3.181680643558502,-0.009638272030992984,0.02895329976849177
2002-07-29,2.938715934753418,2.961854934692383,2.8692970275878906,2.892436981201172,1.5676422119140625,2549380,-0.01587333617545997,3.1596981406211855,-0.007074972675708474,0.025678859665322427
2002-07-30,2.9155759811401367,2.984994888305664,2.8692970275878906,2.984994888305664,1.6178067922592163,3481929,0.03149864150021685,3.1435004830360413,-0.005151614590344588,0.02708913075142628
2002-07-31,2.984994888305664,2.984994888305664,2.846158027648926,2.938715934753418,1.5927242040634155,2117612,-0.015625305324756908,3.124988877773285,-0.005932879856582433,0.027157969314905453
2002-08-01,2.9155759811401367,2.961854934692383,2.892436981201172,2.961854934692383,1.6052653789520264,1421822,0.007843010129997158,3.107634222507477,-0.005540729350082574,0.027304377025258977
2002-08-02,2.892436981201172,3.054413080215454,2.892436981201172,3.054413080215454,1.6554298400878906,4658700,0.030771717209568575,3.093750524520874,-0.004350569499957187,0.028376077703902124
2002-08-05,2.9155759811401367,2.9155759811401367,2.846158027648926,2.846158027648926,1.5425599813461304,2176196,-0.07061743204193859,3.0752389311790465,-0.006114477773008317,0.03134494352554089
2002-08-06,2.6610419750213623,2.846158027648926,2.6610419750213623,2.7073209285736084,1.4673131704330444,2638354,-0.050010465680813826,3.0520994305610656,-0.00789035128709408,0.032816225022482944
2002-08-07,2.7535998821258545,2.8230180740356445,2.7073209285736084,2.8230180740356445,1.5300184488296509,1681108,0.04184699299752684,3.0370587348937987,-0.005062694880541138,0.034586751008970275
2002-08-08,2.8230180740356445,2.9155759811401367,2.7998790740966797,2.8692970275878906,1.555100917816162,5002701,0.016260509974333995,3.03127384185791,-0.001976548636804141,0.033529781951524264
2002-08-09,2.938715934753418,3.054413080215454,2.938715934753418,2.984994888305664,1.6178067922592163,8290801,0.03953097273608285,3.0278029322624205,-0.0011494711007404399,0.03437147897492364
2002-08-12,2.984994888305664,3.008133888244629,2.7767388820648193,2.846158027648926,1.5425599813461304,6648814,-0.047628010027129776,3.006977379322052,-0.006828778710828423,0.03200189541603985
2002-08-13,2.8230180740356445,2.8230180740356445,2.7073209285736084,2.7304599285125732,1.4798537492752075,3059387,-0.0414999573658702,2.980366921424866,-0.008903776579121933,0.032869479509868633
2002-08-14,2.684180974960327,2.7998790740966797,2.684180974960327,2.7998790740966797,1.5174779891967773,1233862,0.02510616143623786,2.963012325763702,-0.005843208522954119,0.03305264374323218
2002-08-15,2.8230180740356445,2.8692970275878906,2.7998790740966797,2.8230180740356445,1.5300184488296509,2650186,0.008230323246345298,2.943343734741211,-0.006522651407172663,0.03259051489672556
2002-08-16,2.7998790740966797,2.8230180740356445,2.7304599285125732,2.7998790740966797,1.5174779891967773,1490957,-0.008230323246345329,2.9225181937217712,-0.00693416756948993,0.03255576253796098
2002-08-19,2.7535998821258545,2.7998790740966797,2.7535998821258545,2.7535998821258545,1.4923956394195557,701527,-0.016667124758073016,2.9016926407814028,-0.007042874037438651,0.0325859463166559
2002-08-20,2.7535998821258545,2.7998790740966797,2.7535998821258545,2.7998790740966797,1.5174779891967773,831910,0.016667124758072888,2.8854949951171873,-0.005474211042858407,0.03295072752981062
2002-08-21,2.7767388820648193,2.7998790740966797,2.7304599285125732,2.7535998821258545,1.4923956394195557,341197,-0.016667124758073016,2.8692973375320436,-0.005561285401166759,0.03297930664178059
2002-08-22,2.7535998821258545,2.7998790740966797,2.7304599285125732,2.7535998821258545,1.4923956394195557,1380971,0.0,2.8530996799468995,-0.005561285401166759,0.03297930664178059
2002-08-23,2.7535998821258545,2.7535998821258545,2.7535998821258545,2.7535998821258545,1.4923956394195557,0,0.0,2.8438438773155212,-0.0032531812695039144,0.031573652349170415
2002-08-26,2.7073209285736084,2.7304599285125732,2.6610419750213623,2.7073209285736084,1.4673131704330444,989645,-0.016949544993108363,2.834588074684143,-0.003306991710386333,0.03159720098262136
2002-08-27,2.7073209285736084,2.8230180740356445,2.6610419750213623,2.8230180740356445,1.5300184488296509,3939173,0.04184699299752684,2.826489233970642,-0.0027895741355208337,0.032274623322570986
2002-08-28,2.8230180740356445,2.8230180740356445,2.684180974960327,2.7535998821258545,1.4923956394195557,4483675,-0.024897448004418267,2.8172334313392637,-0.003253181269503902,0.03253425592397728
2002-08-29,2.7304599285125732,2.7535998821258545,2.637902021408081,2.7304599285125732,1.4798537492752075,2979755,-0.008439036678164884,2.8056636810302735,-0.004067283609912004,0.0324455744629146
2002-08-30,2.7073209285736084,2.7304599285125732,2.614763021469116,2.6610419750213623,1.4422309398651123,2212846,-0.02575230096545749,2.785995125770569,-0.006893484518663307,0.031704496203153895
2002-09-02,2.6610419750213623,2.684180974960327,2.56848406791687,2.591623067855835,1.4046071767807007,2586488,-0.02643341946082498,2.7732683777809144,-0.004684283889607626,0.02839735229654394
2002-09-03,2.591623067855835,2.614763021469116,2.4990649223327637,2.522205114364624,1.3669841289520264,1479033,-0.027150782286298844,2.7640125870704653,-0.0035412997198818767,0.0268974027995081
2002-09-04,2.4065070152282715,2.4990649223327637,2.3833680152893066,2.4065070152282715,1.3042782545089722,1255429,-0.04695723940365361,2.7431870341300963,-0.0079815113399409,0.026334360572040246
2002-09-05,2.4065070152282715,2.4296469688415527,2.3139491081237793,2.3833680152893066,1.2917373180389404,1848138,-0.00966170507188188,2.7188905835151673,-0.009277622092251692,0.02570891897249946
2002-09-06,2.3833680152893066,2.3833680152893066,2.3833680152893066,2.3833680152893066,1.2917373180389404,0,0.0,2.6888092398643493,-0.011254170729055834,0.023151312606022077
2002-09-09,2.3370890617370605,2.4527859687805176,2.3370890617370605,2.4065070152282715,1.3042782545089722,1452062,0.009661705071881884,2.6668266892433166,-0.008389684974105253,0.021925705095408022
2002-09-10,2.4065070152282715,2.475925922393799,2.3833680152893066,2.4296469688415527,1.316819429397583,4412368,0.009569641612681947,2.651786041259766,-0.005836205025177645,0.020812238822496176
2002-09-11,2.4296469688415527,2.4527859687805176,2.3833680152893066,2.4065070152282715,1.3042782545089722,1547138,-0.009569641612681864,2.632117438316345,-0.0075699951776236315,0.019501989577252094
2002-09-12,2.4065070152282715,2.4296469688415527,2.3833680152893066,2.4296469688415527,1.316819429397583,1324581,0.009569641612681947,2.612448883056641,-0.0075030292593068,0.01956130948995491
2002-09-13,2.3833680152893066,2.4527859687805176,2.3833680152893066,2.4527859687805176,1.3293604850769043,2536787,0.009478542142261914,2.5950942277908324,-0.006617585989876437,0.019924087993827184
2002-09-16,2.4527859687805176,2.4527859687805176,2.3833680152893066,2.4296469688415527,1.316819429397583,2043060,-0.00947854214226189,2.5788965821266174,-0.006258156859085881,0.01979769314044438
2002-09-17,2.4296469688415527,2.475925922393799,2.3833680152893066,2.4296469688415527,1.316819429397583,3349251,0.0,2.560384976863861,-0.007091513096989526,0.019121124660881717
2002-09-18,2.4065070152282715,2.4527859687805176,2.3833680152893066,2.3833680152893066,1.2917373180389404,4376300,-0.019231346684563763,2.5418733835220335,-0.007219724193314061,0.019197156062385774
2002-09-19,2.3833680152893066,2.4296469688415527,2.3602280616760254,2.4296469688415527,1.316819429397583,3033773,0.019231346684563836,2.5256757378578185,-0.00625815685908587,0.020040915667680043
2002-09-20,2.3833680152893066,2.3833680152893066,2.3370890617370605,2.3602280616760254,1.2791961431503296,1411439,-0.028987715814199632,2.5060071468353273,-0.007707542649795851,0.02060477928054178
2002-09-23,2.3370890617370605,2.3833680152893066,2.3139491081237793,2.3602280616760254,1.2791961431503296,1326735,0.0,2.488652503490448,-0.006860065400140433,0.020553151771889277
2002-09-24,2.3370890617370605,2.3370890617370605,2.3000659942626953,2.3139491081237793,1.2541136741638184,1366278,-0.01980261517437265,2.463199055194855,-0.009942545808735407,0.017215823894443382
2002-09-25,2.3139491081237793,2.3139491081237793,2.2445309162139893,2.3139491081237793,1.2541136741638184,1835821,0.0,2.441216516494751,-0.008697673408514494,0.016976017489922585
2002-09-26,2.2908101081848145,2.3139491081237793,2.2908101081848145,2.3139491081237793,1.2541136741638184,918917,0.0,2.4203909754753115,-0.00827572157460625,0.017087299052535938
2002-09-27,2.3000659942626953,2.3139491081237793,2.2908101081848145,2.3139491081237793,1.2541136741638184,657749,0.0,2.403036332130432,-0.006988106526333376,0.0166661296606242
2002-09-30,2.267669916152954,2.3139491081237793,2.267669916152954,2.3139491081237793,1.2541136741638184,1156031,0.0,2.389152634143829,-0.0056664355532921274,0.016080741724699758
2002-10-01,2.2908101081848145,2.3602280616760254,2.2908101081848145,2.3139491081237793,1.2541136741638184,1246353,0.0,2.378739833831787,-0.004308896438977186,0.015298585972344582
2002-10-02,2.3139491081237793,2.3602280616760254,2.3046939373016357,2.3139491081237793,1.2541136741638184,750448,0.0,2.3741119384765623,-0.001961034468794505,0.011553819684142078
2002-10-03,2.3139491081237793,2.3139491081237793,2.276926040649414,2.3046939373016357,1.2490973472595215,593750,-0.00400774994698898,2.370178234577179,-0.0016783367125498597,0.011423923633883922
2002-10-04,2.2815539836883545,2.3139491081237793,2.2722980976104736,2.3139491081237793,1.2541136741638184,947520,0.004007749946988924,2.3667072892189025,-0.0014779492152004136,0.011489872559094982
2002-10-07,2.3000659942626953,2.3139491081237793,2.2722980976104736,2.3093221187591553,1.251605749130249,375980,-0.0020016091128428172,2.3618480443954466,-0.002061114924436649,0.011186709535084697
2002-10-08,2.2815539836883545,2.3000659942626953,2.267669916152954,2.3000659942626953,1.246589183807373,1236636,-0.004016210703560258,2.355368995666504,-0.002740407540248759,0.010850724125597443
2002-10-09,2.3000659942626953,2.3093221187591553,2.286181926727295,2.3000659942626953,1.246589183807373,455206,0.0,2.3500469446182253,-0.002261925459614666,0.010744199317201811
2002-10-10,2.3000659942626953,2.3000659942626953,2.3000659942626953,2.3000659942626953,1.246589183807373,0,0.0,2.343567895889282,-0.0027404075402487635,0.010397039016131567
2002-10-11,2.3046939373016357,2.3046939373016357,2.276926040649414,2.3046939373016357,1.2490973472595215,218243,0.002010069869413998,2.3361632943153383,-0.003113831153891159,0.010063862882213122
2002-10-14,2.3000659942626953,2.3046939373016357,2.2815539836883545,2.2908101081848145,1.2415724992752075,209600,-0.006042371509725996,2.329221451282501,-0.002942022622264364,0.009978455279005717
2002-10-15,2.3093221187591553,2.3602280616760254,2.2908101081848145,2.3139491081237793,1.2541136741638184,2737742,0.01005012145671504,2.3234365582466125,-0.002439516549428612,0.01037941254027092
2002-10-16,2.3370890617370605,2.3602280616760254,2.295438051223755,2.3139491081237793,1.2541136741638184,3558417,0.0,2.3199656128883364,-0.001477949215200424,0.009603741967763178
2002-10-17,2.3139491081237793,2.3370890617370605,2.3139491081237793,2.3139491081237793,1.2541136741638184,574342,0.0,2.3141807198524473,-0.0024395165494286155,0.008294647920378553
2002-10-18,2.3139491081237793,2.3833680152893066,2.3139491081237793,2.3833680152893066,1.2917373180389404,2704252,0.029558984304008374,2.3153377175331116,0.00048781845648178444,0.008750740919808514
2002-10-21,2.3833680152893066,2.4296469688415527,2.3833680152893066,2.4065070152282715,1.3042782545089722,2463320,0.009661705071881884,2.317651665210724,0.0009709037100758787,0.008985920764722481
2002-10-22,2.4065070152282715,2.4527859687805176,2.3370890617370605,2.3370890617370605,1.2666549682617188,2481272,-0.029270160613238682,2.3188086628913878,0.000497526438132577,0.010292280785387818
2002-10-23,2.3602280616760254,2.3833680152893066,2.3139491081237793,2.3833680152893066,1.2917373180389404,1508746,0.019608455541356786,2.3222796082496644,0.0014779492152004162,0.011141306107255852
2002-10-24,2.4065070152282715,2.4065070152282715,2.3370890617370605,2.3370890617370605,1.2666549682617188,1233829,-0.019608455541356814,2.323436605930328,0.0004975264381325756,0.012099745297394824
2002-10-25,2.3370890617370605,2.3833680152893066,2.3139491081237793,2.3602280616760254,1.2791961431503296,1173324,0.009852086411721046,2.3257505536079406,0.000990130758718628,0.012277664719627985
2002-10-28,2.3370890617370605,2.4065070152282715,2.3370890617370605,2.3602280616760254,1.2791961431503296,1831228,0.0,2.328064501285553,0.000990130758718628,0.012277664719627985
2002-10-29,2.3602280616760254,2.3833680152893066,2.3139491081237793,2.3602280616760254,1.2791961431503296,1170496,0.0,2.3303784489631654,0.000990130758718628,0.012277664719627985
2002-10-30,2.3139491081237793,2.3602280616760254,2.3139491081237793,2.3139491081237793,1.2541136741638184,926990,-0.01980261517437265,2.3303784489631654,-4.6837533851373795e-18,0.013130580446775996
2002-10-31,2.3139491081237793,2.3602280616760254,2.3139491081237793,2.3370890617370605,1.2666549682617188,944220,0.009950528762651595,2.3319982051849366,0.0006979139354820241,0.01327649287929973
2002-11-01,2.3370890617370605,2.3370890617370605,2.276926040649414,2.276926040649414,1.2340478897094727,2761516,-0.026079858756013742,2.330147051811218,-0.0008064664996681092,0.014527416705064095
2002-11-04,2.276926040649414,2.3046939373016357,2.276926040649414,2.295438051223755,1.244080901145935,642431,0.008097391787491,2.3294528484344483,-0.00030151645465141834,0.014658609329281851
2002-11-05,2.295438051223755,2.3139491081237793,2.276926040649414,2.2908101081848145,1.2415724992752075,955102,-0.0020181832508438546,2.3289900541305544,-0.00020161508201559818,0.014638755533357788
2002-11-06,2.2908101081848145,2.3000659942626953,2.267669916152954,2.2908101081848145,1.2415724992752075,680658,0.0,2.32852725982666,-0.00020161508201559818,0.014638755533357788
2002-11-07,2.2908101081848145,2.2908101081848145,2.267669916152954,2.267669916152954,1.2290310859680176,821111,-0.010152678382356383,2.326907455921173,-0.0007092490011334173,0.014806469560354116
2002-11-08,2.267669916152954,2.2908101081848145,2.267669916152954,2.2908101081848145,1.2415724992752075,862164,0.0101526783823565,2.326213264465332,-0.00030211857548629223,0.014995913379610613
2002-11-11,2.2908101081848145,2.3602280616760254,2.2908101081848145,2.3139491081237793,1.2541136741638184,3628673,0.01005012145671504,2.32737021446228,0.0005025060728357596,0.015103051098385495
2002-11-12,2.3370890617370605,2.3370890617370605,2.3046939373016357,2.3046939373016357,1.2490973472595215,1136249,-0.00400774994698898,2.326907455921173,-0.00020038749734944137,0.014961784933542745
2002-11-13,2.3000659942626953,2.3602280616760254,2.3000659942626953,2.3139491081237793,1.2541136741638184,1936087,0.004007749946988924,2.326907455921173,4.8138576458356395e-18,0.014991419163489941
2002-11-14,2.3139491081237793,2.4065070152282715,2.3139491081237793,2.3370890617370605,1.2666549682617188,3163421,0.009950528762651595,2.3280644536018373,0.0004975264381325846,0.01515563590445057
2002-11-15,2.3370890617370605,2.4065070152282715,2.3370890617370605,2.3833680152893066,1.2917373180389404,2749854,0.019608455541356786,2.3280644536018373,5.204170427930421e-18,0.01429000629896131
2002-11-18,2.4065070152282715,2.545344114303589,2.4065070152282715,2.545344114303589,1.379524827003479,6231748,0.06575123296771926,2.335006308555603,0.002804476394791874,0.020458501842771596
2002-11-19,2.591623067855835,2.591623067855835,2.4296469688415527,2.4296469688415527,1.316819429397583,5548728,-0.046519886283155516,2.3396342039108275,0.001941990111296032,0.022173583640719263
2002-11-20,2.4296469688415527,2.475925922393799,2.3370890617370605,2.3602280616760254,1.2791961431503296,3081702,-0.028987715814199632,2.3384772062301638,-0.00048781845648178856,0.022789831218391503
2002-11-21,2.3602280616760254,2.4065070152282715,2.3139491081237793,2.3139491081237793,1.2541136741638184,2051833,-0.01980261517437265,2.3373202085494995,-0.0004975264381325804,0.022798444611208463
2002-11-22,2.3370890617370605,2.3602280616760254,2.3139491081237793,2.3602280616760254,1.2791961431503296,1901519,0.019802615174372613,2.3373202085494995,-2.0816681711721684e-18,0.023142172792191763
2002-11-25,2.3602280616760254,2.3602280616760254,2.3139491081237793,2.3602280616760254,1.2791961431503296,689731,0.0,2.3373202085494995,-2.0816681711721684e-18,0.023142172792191763
2002-11-26,2.3602280616760254,2.522205114364624,2.3139491081237793,2.475925922393799,1.3419016599655151,7761624,0.047856185445102145,2.343105101585388,0.0023928092722551053,0.025496487715202285
2002-11-27,2.475925922393799,2.637902021408081,2.475925922393799,2.614763021469116,1.4171488285064697,9839188,0.054559034528204264,2.358145797252655,0.006110891757383951,0.027437529306237107
2002-11-28,2.614763021469116,2.7535998821258545,2.614763021469116,2.7535998821258545,1.4923956394195557,12634240,0.051735633022611006,2.3789713382720947,0.008200146970381923,0.02927466726896867
2002-11-29,2.7535998821258545,2.9155759811401367,2.7535998821258545,2.8692970275878906,1.555100917816162,14572603,0.04115795797875243,2.4085898876190184,0.011562037807120229,0.028990169880556093
2002-12-02,2.8692970275878906,2.8692970275878906,2.8692970275878906,2.8692970275878906,1.555100917816162,0,0.0,2.4372828364372254,0.011157168217745681,0.02909744753038845
2002-12-03,2.892436981201172,2.9155759811401367,2.846158027648926,2.892436981201172,1.5676422119140625,4352088,0.00803233123586583,2.467364180088043,0.011659693942081165,0.028944312849859734
2002-12-04,2.8692970275878906,2.8692970275878906,2.7304599285125732,2.7304599285125732,1.4798537492752075,7949607,-0.05762932589278306,2.489346671104431,0.008778227647442011,0.03278049366007885
2002-12-05,2.7304599285125732,2.7767388820648193,2.684180974960327,2.7767388820648193,1.5049360990524292,4989306,0.016807108129269235,2.5148001194000242,0.010126216973023293,0.03251428571988797
2002-12-06,2.7767388820648193,2.7998790740966797,2.7073209285736084,2.7767388820648193,1.5049360990524292,4747295,0.0,2.5390965580940246,0.009618583053905467,0.03259301060663281
2002-12-09,2.7998790740966797,2.8230180740356445,2.7535998821258545,2.8230180740356445,1.5300184488296509,3727394,0.016529376553313855,2.564550006389618,0.009942545808735407,0.0326297057681022
2002-12-10,2.8230180740356445,2.8230180740356445,2.7767388820648193,2.7998790740966797,1.5174779891967773,2793969,-0.008230323246345329,2.58930926322937,0.00973141714376759,0.032738201718532395
2002-12-11,2.7998790740966797,2.961854934692383,2.7767388820648193,2.8230180740356445,1.5300184488296509,11825037,0.008230323246345298,2.614762711524963,0.009942545808735409,0.032712953006697035
2002-12-12,2.846158027648926,2.846158027648926,2.7767388820648193,2.7767388820648193,1.5049360990524292,3800881,-0.016529376553313848,2.636745202541351,0.008618550542937137,0.03324416207909901
2002-12-13,2.7767388820648193,2.7998790740966797,2.591623067855835,2.7535998821258545,1.4923956394195557,5996246,-0.008368071451104448,2.6552567958831785,0.007219724193314075,0.0333458313864779
2002-12-16,2.7304599285125732,2.7767388820648193,2.684180974960327,2.7767388820648193,1.5049360990524292,2928503,0.008368071451104322,2.66682653427124,0.004350566117483329,0.030381508197713555
2002-12-17,2.7767388820648193,2.7767388820648193,2.684180974960327,2.7535998821258545,1.4923956394195557,2188899,-0.008368071451104448,2.6830241799354555,0.006258156859085881,0.0281339535758873
2002-12-18,2.7304599285125732,2.846158027648926,2.7073209285736084,2.7767388820648193,1.5049360990524292,9244826,0.008368071451104322,2.703849720954895,0.00812594622235108,0.0268830556977978
2002-12-19,2.7767388820648193,2.7767388820648193,2.7073209285736084,2.7304599285125732,1.4798537492752075,2504546,-0.01680710812926928,2.7246752619743346,0.008275721574606248,0.02672715846618478
2002-12-20,2.7304599285125732,2.7767388820648193,2.684180974960327,2.7535998821258545,1.4923956394195557,12464187,0.0084390366781648,2.7443438529968263,0.007707542649795858,0.026589649592716223
2002-12-23,2.7535998821258545,2.7535998821258545,2.684180974960327,2.7304599285125732,1.4798537492752075,2939346,-0.008439036678164884,2.7628554463386537,0.007285590815887613,0.026784642877174955
2002-12-24,2.7304599285125732,2.7535998821258545,2.684180974960327,2.7073209285736084,1.4673131704330444,3151537,-0.008510508314943595,2.774425196647644,0.004467256127885326,0.02521028213166963
2002-12-25,2.7073209285736084,2.7304599285125732,2.637902021408081,2.7073209285736084,1.4673131704330444,7701125,0.0,2.7790530920028687,0.001739304401475113,0.022287055340880844
2002-12-26,2.7073209285736084,2.7767388820648193,2.6610419750213623,2.7767388820648193,1.5049360990524292,8430942,0.02531761644421291,2.780210041999817,0.0004184035725552083,0.019813541651551428
2002-12-27,2.7535998821258545,2.7767388820648193,2.7304599285125732,2.7767388820648193,1.5049360990524292,1535474,0.0,2.7755821347236633,-0.001639494326382413,0.017342854005191713
2002-12-30,2.7767388820648193,2.7767388820648193,2.7073209285736084,2.7535998821258545,1.4923956394195557,2260204,-0.008368071451104448,2.7697972774505617,-0.0020578978989376356,0.017402059305467336
2002-12-31,2.7535998821258545,2.7535998821258545,2.7073209285736084,2.7535998821258545,1.4923956394195557,4057996,0.0,2.762855422496796,-0.0024595144607309273,0.01724894809281596
2003-01-01,2.7535998821258545,2.7535998821258545,2.7535998821258545,2.7535998821258545,1.4923956394195557,0,0.0,2.7640124201774596,0.00042195183390822584,0.01135383578507849
2003-01-02,2.7304599285125732,2.7304599285125732,2.6610419750213623,2.684180974960327,1.4547715187072754,1328896,-0.025533459499073353,2.7593845248222353,-0.0016950765475089037,0.012063114725961334
2003-01-03,2.684180974960327,2.7073209285736084,2.614763021469116,2.614763021469116,1.4171488285064697,2335834,-0.026202173523537566,2.75128573179245,-0.003005185223685782,0.01323522577256594
2003-01-06,2.56848406791687,2.7304599285125732,2.56848406791687,2.6610419750213623,1.4422309398651123,4127141,0.017544295378988647,2.743186926841736,-0.0029544392824020424,0.013315767009499484
2003-01-07,2.6610419750213623,2.684180974960327,2.591623067855835,2.591623067855835,1.4046071767807007,2214849,-0.02643341946082498,2.7327741265296934,-0.0038645940931260254,0.014282383873338007
2003-01-08,2.591623067855835,2.7304599285125732,2.591623067855835,2.684180974960327,1.4547715187072754,5959506,0.03509129760537382,2.7258322715759276,-0.0025215453751745985,0.0165608005279479
2003-01-09,2.684180974960327,2.846158027648926,2.637902021408081,2.8230180740356445,1.5300184488296509,10451133,0.05043090750349173,2.728146231174469,0.00082646882766568,0.01999276331958619
2003-01-10,2.846158027648926,2.961854934692383,2.7767388820648193,2.8230180740356445,1.5300184488296509,23157631,0.0,2.7316171407699583,0.0012448724002209026,0.019877444724454935
2003-01-13,2.8230180740356445,2.8230180740356445,2.684180974960327,2.7304599285125732,1.4798537492752075,15282741,-0.03333648468258318,2.7293031930923464,-0.0008403554064634721,0.021232187778732717
2003-01-14,2.7304599285125732,2.7535998821258545,2.684180974960327,2.684180974960327,1.4547715187072754,3954940,-0.0170944228209085,2.7258322477340697,-0.0012766729749536748,0.021483201390620345
2003-01-15,2.7073209285736084,2.7535998821258545,2.6610419750213623,2.684180974960327,1.4547715187072754,7104732,0.0,2.7212043523788454,-0.0016950765475088909,0.02136664698673532
2003-01-16,2.7304599285125732,2.7767388820648193,2.637902021408081,2.7073209285736084,1.4673131704330444,15365749,0.00858391450596497,2.720047402381897,-0.0004255254157471784,0.02117494475564243
2003-01-17,2.7073209285736084,2.7304599285125732,2.614763021469116,2.637902021408081,1.4296892881393433,4768715,-0.025975646309674506,2.714262509346008,-0.002146259565139144,0.021805596962592544
2003-01-20,2.637902021408081,2.637902021408081,2.591623067855835,2.591623067855835,1.4046071767807007,2156509,-0.01769956580166428,2.7073206663131715,-0.0026092860213141134,0.022043277457282493
2003-01-21,2.614763021469116,2.6610419750213623,2.591623067855835,2.637902021408081,1.4296892881393433,3069858,0.017699565801664277,2.703849720954895,-0.00129878231548372,0.022449349045380255
2003-01-22,2.637902021408081,2.7535998821258545,2.614763021469116,2.7535998821258545,1.4923956394195557,4002322,0.04292519130278292,2.7061636686325072,0.000847477249655426,0.024535083991932098
2003-01-23,2.7535998821258545,2.8230180740356445,2.684180974960327,2.7304599285125732,1.4798537492752075,16763327,-0.008439036678164884,2.703849720954895,-0.0008403554064634639,0.02391642535180576
2003-01-24,2.7535998821258545,2.9155759811401367,2.7304599285125732,2.9155759811401367,1.5801827907562256,17325353,0.06559732545186261,2.7107915759086607,0.002439510866129667,0.02815934117787109
2003-01-27,3.1006920337677,3.1006920337677,3.008133888244629,3.1006920337677,1.680512547492981,44987662,0.06155793083520663,2.728146183490753,0.00593581098044522,0.030949638948810036
2003-01-28,3.2858080863952637,3.308948040008545,3.1238319873809814,3.308948040008545,1.7933827638626099,38168746,0.0650050029128224,2.755913591384888,0.009186061126086342,0.03359384023545162
2003-01-29,3.308948040008545,3.308948040008545,3.308948040008545,3.308948040008545,1.7933827638626099,0,0.0,2.783680999279022,0.009186061126086342,0.03359384023545162
2003-01-30,3.308948040008545,3.308948040008545,3.308948040008545,3.308948040008545,1.7933827638626099,0,0.0,2.814919352531433,0.010462734101040008,0.03267762526191735
2003-01-31,3.308948040008545,3.308948040008545,3.308948040008545,3.308948040008545,1.7933827638626099,0,0.0,2.8496286034584046,0.011772842777216887,0.03163903511843862
2003-02-03,3.308948040008545,3.308948040008545,3.308948040008545,3.308948040008545,1.7933827638626099,0,0.0,2.8820239067077638,0.010895628008267455,0.0317137213937731
2003-02-04,3.308948040008545,3.308948040008545,3.308948040008545,3.308948040008545,1.7933827638626099,0,0.0,2.917890155315399,0.012217298981308704,0.03060767276502014
2003-02-05,3.308948040008545,3.308948040008545,3.308948040008545,3.308948040008545,1.7933827638626099,0,0.0,2.94912850856781,0.010462734101040013,0.030230897084974492
2003-02-06,3.308948040008545,3.308948040008545,3.0775530338287354,3.0775530338287354,1.6679713726043701,14136001,-0.07249551449839173,2.9618552565574645,0.004316413000945839,0.03394523956775358
2003-02-07,3.008133888244629,3.054413080215454,2.8692970275878906,2.8692970275878906,1.555100917816162,18770462,-0.07006775004458277,2.964169204235077,0.0008130254987167012,0.03780991537171241
2003-02-10,2.8230180740356445,2.8692970275878906,2.684180974960327,2.684180974960327,1.4547715187072754,10943013,-0.0666914174778257,2.9618552565574645,-0.0008547211410454249,0.04006392097029501
2003-02-11,2.7073209285736084,2.7535998821258545,2.4990649223327637,2.614763021469116,1.4171488285064697,12295039,-0.026202173523537566,2.958384358882904,-0.0013101086761768783,0.04030923583749663
2003-02-12,2.591623067855835,2.6610419750213623,2.545344114303589,2.614763021469116,1.4171488285064697,6121597,0.0,2.9549134612083434,-0.0013101086761768783,0.04030923583749663
2003-02-13,2.591623067855835,2.614763021469116,2.4527859687805176,2.4527859687805176,1.3293604850769043,12714816,-0.06394896201684508,2.942186713218689,-0.00493675250231738,0.04257163543371823
2003-02-14,2.4527859687805176,2.4990649223327637,2.3370890617370605,2.4065070152282715,1.3042782545089722,8196203,-0.01904818375494377,2.9306169629096983,-0.004590379374580844,0.04241935796867352
2003-02-17,2.4527859687805176,2.56848406791687,2.4527859687805176,2.56848406791687,1.392066478729248,7869660,0.06513954315800645,2.92946001291275,-0.0004484239265973071,0.04503561871509322
2003-02-18,2.56848406791687,2.591623067855835,2.4527859687805176,2.56848406791687,1.392066478729248,7995190,0.0,2.9259891152381896,-0.0013334022166805212,0.04483368090676116
2003-02-19,2.614763021469116,2.7304599285125732,2.56848406791687,2.56848406791687,1.392066478729248,15277988,0.0,2.9167333245277405,-0.0034796617818196674,0.043614306071618564
2003-02-20,2.56848406791687,2.56848406791687,2.4065070152282715,2.475925922393799,1.3419016599655151,5869640,-0.03670143191442189,2.9040066242218017,-0.004892781543632518,0.04423686165359341
2003-02-21,2.475925922393799,2.475925922393799,2.4296469688415527,2.4296469688415527,1.316819429397583,1629248,-0.018868469630902652,2.8797101736068726,-0.00911607129777078,0.041071721476968755
2003-02-24,2.4527859687805176,2.4990649223327637,2.4296469688415527,2.475925922393799,1.3419016599655151,1924924,0.018868469630902628,2.8484718680381773,-0.01125054435798598,0.038215483390865654
2003-02-25,2.475925922393799,2.4990649223327637,2.4065070152282715,2.4065070152282715,1.3042782545089722,3593422,-0.028438111243584547,2.8033498167991637,-0.015922700065806327,0.03386658299537289
2003-02-26,2.4065070152282715,2.4296469688415527,2.3602280616760254,2.4065070152282715,1.3042782545089722,3593820,0.0,2.75822776556015,-0.015922700065806327,0.03386658299537289
2003-02-27,2.3833680152893066,2.4065070152282715,2.3602280616760254,2.4065070152282715,1.3042782545089722,1911690,0.0,2.7131057143211366,-0.015922700065806327,0.03386658299537289
2003-02-28,2.4065070152282715,2.4065070152282715,2.4065070152282715,2.4065070152282715,1.3042782545089722,0,0.0,2.667983663082123,-0.015922700065806327,0.03386658299537289
2003-03-03,2.4065070152282715,2.4527859687805176,2.4065070152282715,2.4065070152282715,1.3042782545089722,1398258,0.0,2.622861611843109,-0.015922700065806327,0.03386658299537289
2003-03-04,2.4065070152282715,2.4065070152282715,2.3602280616760254,2.3602280616760254,1.2791961431503296,2642667,-0.01941807420151772,2.575425612926483,-0.016893603775882216,0.03366381441199946
2003-03-05,2.3370890617370605,2.3602280616760254,2.295438051223755,2.3139491081237793,1.2541136741638184,2191056,-0.01980261517437265,2.525675666332245,-0.017883734534600848,0.033431199527370385
2003-03-06,2.3139491081237793,2.3602280616760254,2.2908101081848145,2.3139491081237793,1.2541136741638184,1685861,0.0,2.487495470046997,-0.01425895880968126,0.031043143495794585
2003-03-07,2.3139491081237793,2.3139491081237793,2.2815539836883545,2.286181926727295,1.2390644550323486,921988,-0.01207249029618243,2.458339715003967,-0.011359195822261244,0.02812738444788642
2003-03-10,2.286181926727295,2.3046939373016357,2.267669916152954,2.2722980976104736,1.2315394878387451,768495,-0.006091448014899731,2.4377455711364746,-0.008329197349114945,0.024936046578546027
2003-03-11,2.2722980976104736,2.2722980976104736,2.221390962600708,2.221390962600708,1.2039488554000854,1560109,-0.022658137778836074,2.4180769681930543,-0.008151995561879871,0.024814648907258874
2003-03-12,2.221390962600708,2.249159097671509,2.1889960765838623,2.2445309162139893,1.2164905071258545,1780872,0.01036299394718606,2.3995653629302978,-0.007633845864520568,0.025100376837307897
2003-03-13,2.2445309162139893,2.276926040649414,2.230647087097168,2.276926040649414,1.2340478897094727,1623003,0.01432975214937007,2.3907723665237426,-0.00371991015620981,0.021734254925314472
2003-03-14,2.3139491081237793,2.4296469688415527,2.3139491081237793,2.3370890617370605,1.2666549682617188,5242153,0.026079858756013763,2.387301468849182,-0.0014635080306619336,0.022391753828343186
2003-03-17,2.3139491081237793,2.3370890617370605,2.267669916152954,2.267669916152954,1.2290310859680176,1914499,-0.030153328601722994,2.3722607612609865,-0.006228151618648406,0.016951207000996154
2003-03-18,2.3139491081237793,2.3602280616760254,2.3139491081237793,2.3139491081237793,1.2541136741638184,2970038,0.020202799839071296,2.3595340132713316,-0.005218011626694841,0.017916359215635985
2003-03-19,2.3370890617370605,2.3370890617370605,2.286181926727295,2.3000659942626953,1.246589183807373,1666436,-0.006017819816403054,2.346113109588623,-0.005518902617514994,0.017874598211704097
2003-03-20,2.3139491081237793,2.3370890617370605,2.267669916152954,2.3370890617370605,1.2666549682617188,1666414,0.015968348579054627,2.339171266555786,-0.0028854135928411675,0.016891558940142302
2003-03-21,2.3139491081237793,2.3139491081237793,2.2722980976104736,2.295438051223755,1.244080901145935,1691933,-0.017982466968522823,2.3324608206748962,-0.0028411134597221763,0.01684854233178677
2003-03-24,2.3370890617370605,2.3370890617370605,2.2908101081848145,2.2908101081848145,1.2415724992752075,717390,-0.0020181832508438546,2.323205029964447,-0.0038854461038095,0.016060990331502992
2003-03-25,2.267669916152954,2.2908101081848145,2.2445309162139893,2.2908101081848145,1.2415724992752075,795179,0.0,2.317420184612274,-0.002463540541630273,0.0149964553979451
2003-03-26,2.267669916152954,2.2908101081848145,2.249159097671509,2.2815539836883545,1.236556053161621,576939,-0.004048731445927014,2.311172533035278,-0.0026659771139266237,0.014988774751434075
2003-03-27,2.267669916152954,2.3139491081237793,2.267669916152954,2.3093221187591553,1.251605749130249,1248948,0.012097243789799011,2.3063132882118227,-0.0020611149244366732,0.015341948161735237
2003-03-28,2.267669916152954,2.3046939373016357,2.267669916152954,2.276926040649414,1.2340478897094727,905548,-0.01412772088051926,2.2998342394828795,-0.0027675009684626365,0.01556566270632387
2003-03-31,2.267669916152954,2.267669916152954,2.1797399520874023,2.1797399520874023,1.1813749074935913,1510512,-0.04362072385188513,2.288495886325836,-0.004948537161056893,0.01802001173423566
2003-04-01,2.0686709880828857,2.1936240196228027,2.0547869205474854,2.0825541019439697,1.1287020444869995,1601190,-0.0456105076060734,2.2746121883392334,-0.006258158831284677,0.019972905061161644
2003-04-02,2.08718204498291,2.1380889415740967,2.08718204498291,2.096437931060791,1.1362268924713135,821804,0.006644607163155032,2.263736629486084,-0.0049357977144082925,0.019904347699184075
2003-04-03,2.1103219985961914,2.1380889415740967,2.096437931060791,2.096437931060791,1.1362268924713135,979450,0.0,2.2528610706329344,-0.0049357977144082925,0.019904347699184075
2003-04-04,2.096437931060791,2.1566009521484375,2.096437931060791,2.1380889415740967,1.1588009595870972,638449,0.019672730890253898,2.2454564213752746,-0.0033485366550864764,0.020560229154648123
2003-04-07,2.170485019683838,2.267669916152954,2.1473450660705566,2.1843678951263428,1.1838833093643188,2466138,0.021414081746301467,2.2410599112510683,-0.0019732601670264167,0.02127461229028128
2003-04-08,2.198251962661743,2.221390962600708,2.1658570766448975,2.198251962661743,1.1914080381393433,798861,0.006335988259805446,2.2399029612541197,-0.0005235538650943406,0.02077285667492176
2003-04-09,2.198251962661743,2.2121360301971436,2.1658570766448975,2.170485019683838,1.1763588190078735,1137613,-0.012711828153292352,2.2362006664276124,-0.0016772949701182615,0.020777182133047623
2003-04-10,2.175112009048462,2.2445309162139893,2.170485019683838,2.2260189056396484,1.2064571380615234,2180989,0.02526409196439669,2.233655309677124,-0.0011305779793669304,0.021356336953697007
2003-04-11,2.221390962600708,2.2445309162139893,2.198251962661743,2.2028799057006836,1.1939164400100708,1565416,-0.010449193563219222,2.226944851875305,-0.0029570305953285797,0.020449526541192045
2003-04-14,2.198251962661743,2.2028799057006836,2.142716884613037,2.198251962661743,1.1914080381393433,1026078,-0.002103070247885188,2.2234739542007445,-0.0015545176776366892,0.01942221917066823
2003-04-15,2.2028799057006836,2.2028799057006836,2.1566009521484375,2.1936240196228027,1.1888998746871948,710920,-0.0021075024752753233,2.2174576997756956,-0.00267003279335402,0.01873536874744449
2003-04-16,2.1936240196228027,2.239902973175049,2.1936240196228027,2.239902973175049,1.213982105255127,1516886,0.020877569751470138,2.2144495487213134,-0.0013252633149603604,0.01943461454617373
2003-04-17,2.2028799057006836,2.216763973236084,2.175112009048462,2.1936240196228027,1.1888998746871948,1018820,-0.020877569751470176,2.2072762966156008,-0.003167559231486601,0.019455378363908562
2003-04-18,2.2121360301971436,2.216763973236084,2.175112009048462,2.2028799057006836,1.1939164400100708,1434778,0.004210572723160476,2.202648389339447,-0.002057907246902436,0.019197110511356492
2003-04-21,2.1797399520874023,2.2028799057006836,2.151973009109497,2.151973009109497,1.1663259267807007,1095529,-0.023380452368120547,2.195706534385681,-0.0031260207027662703,0.019780218737918333
2003-04-22,2.151973009109497,2.151973009109497,2.096437931060791,2.124206066131592,1.1512764692306519,1151731,-0.012986983359037604,2.18737633228302,-0.00377536987071815,0.01988508764893918
2003-04-23,2.1334609985351562,2.1334609985351562,2.105694055557251,2.105694055557251,1.1412434577941895,854223,-0.008752986232646514,2.178583335876465,-0.004010582610054126,0.01991628921095638
2003-04-24,2.105694055557251,2.1195778846740723,1.9622290134429932,1.9622290134429932,1.0634883642196655,2506536,-0.07056405157569229,2.1612286806106566,-0.00814364737832869,0.024457019889047464
2003-04-25,1.8511589765548706,1.8511589765548706,1.8280199766159058,1.8280199766159058,0.9907499551773071,3919704,-0.07084767771903346,2.1387833774089815,-0.0109796452202544,0.028190983277890994
2003-04-28,1.7030669450759888,1.7030669450759888,1.7030669450759888,1.7030669450759888,0.9230278134346008,896735,-0.07080269010545526,2.1149497270584106,-0.012338743532932905,0.030414948667029033
2003-04-29,1.5873689651489258,1.7030669450759888,1.5873689651489258,1.7030669450759888,0.9230278134346008,7631973,0.0,2.0959753692150116,-0.010058218152629236,0.029484635903761987
2003-04-30,1.6336480379104614,1.689182996749878,1.5873689651489258,1.6058809757232666,0.8703550100326538,1893083,-0.05875821046754653,2.0714475214481354,-0.013328359034164313,0.031116385752282774
2003-05-01,1.6058809757232666,1.6058809757232666,1.6058809757232666,1.6058809757232666,0.8703550100326538,0,0.0,2.046919673681259,-0.013328359034164313,0.031116385752282774
2003-05-02,1.6105090379714966,1.6429040431976318,1.5040669441223145,1.55034601688385,0.8402562737464905,2271155,-0.035194357809298846,2.017532527446747,-0.016071713469141952,0.030465588766179146
2003-05-05,1.5272059440612793,1.6567879915237427,1.5179510116577148,1.6567879915237427,0.8979455232620239,8710216,0.06640264036228322,1.9911535322666167,-0.013822285538342865,0.03474003117532511
2003-05-06,1.7076950073242188,1.7724850177764893,1.6614160537719727,1.7724850177764893,0.9606510400772095,5504226,0.06750174371496555,1.969865185022354,-0.01076399776558486,0.03903487294083834
2003-05-07,1.8419040441513062,1.8928109407424927,1.7817410230636597,1.8742990493774414,1.0158321857452393,9436461,0.05585222240056767,1.9550558865070342,-0.00733579523789186,0.04176978264325394
2003-05-08,1.8511589765548706,1.8511589765548706,1.7539739608764648,1.7539739608764648,0.950618326663971,4844551,-0.06635070092127035,1.931453639268875,-0.01191653488217521,0.043011579244291165
2003-05-09,1.7539739608764648,1.8048800230026245,1.7215780019760132,1.7863689661026,0.9681757688522339,7065859,0.01830100080797923,1.910628092288971,-0.010479025163615287,0.04354038701172872
2003-05-12,1.7817410230636597,1.814136028289795,1.7724850177764893,1.7817410230636597,0.9656676054000854,5214028,-0.0025940599634919153,1.8898025453090668,-0.010503574649395626,0.043535553965999695
2003-05-13,1.79099702835083,1.8187639713287354,1.7817410230636597,1.7817410230636597,0.9656676054000854,7044253,0.0,1.8692083954811096,-0.010398199525631858,0.043559489689105925
2003-05-14,1.7817410230636597,1.7817410230636597,1.735461950302124,1.7586009502410889,0.9531262516975403,2945180,-0.013072410815698633,1.8451432943344117,-0.012095698553990297,0.04293354797986929
2003-05-15,1.7539739608764648,1.7539739608764648,1.7215780019760132,1.7308340072631836,0.9380769729614258,1770157,-0.015915200834928766,1.8220037937164306,-0.011847580108163227,0.042894446568129865
2003-05-16,1.7262059450149536,1.7539739608764648,1.7262059450149536,1.7308340072631836,0.9380769729614258,2048445,0.0,1.7984014987945556,-0.01205810874432125,0.04282175530293793
2003-05-19,1.6660430431365967,1.7215780019760132,1.6660430431365967,1.670670986175537,0.9054698944091797,1188876,-0.03537804360472338,1.7743363976478577,-0.012657988306151391,0.04307201961724177
2003-05-20,1.6475319862365723,1.670670986175537,1.6429040431976318,1.6660430431365967,0.9029615521430969,905378,-0.0027739542351455514,1.751428246498108,-0.01214733684995679,0.043128418520696536
2003-05-21,1.6290199756622314,1.6660430431365967,1.619763970375061,1.624392032623291,0.8803876042366028,947974,-0.025317767621428372,1.72736314535141,-0.012975575919395882,0.04321876312150401
2003-05-22,1.619763970375061,1.6567879915237427,1.5873689651489258,1.6567879915237427,0.8979455232620239,944283,0.019747171073174613,1.7120910942554475,-0.008460014786952536,0.04157169332028965
2003-05-23,1.670670986175537,1.735461950302124,1.6660430431365967,1.7262059450149536,0.9355684518814087,3539834,0.041045121708058845,1.7070003926753998,-0.0028653748155979216,0.04024166873559981
2003-05-26,1.7678569555282593,1.8465319871902466,1.7678569555282593,1.8465319871902466,1.00078284740448,4369552,0.06738337351991258,1.7141736447811127,0.00404392836567047,0.039824010593179617
2003-05-27,1.8742990493774414,1.8881829977035522,1.8280199766159058,1.8372759819030762,0.9957665205001831,5525186,-0.005025248244970059,1.720884096622467,0.003792665953421968,0.03986669796535773
2003-05-28,1.8789269924163818,1.8789269924163818,1.809507966041565,1.8280199766159058,0.9907499551773071,2988396,-0.005050628962983894,1.731991046667099,0.0064780450286501,0.03714770307764589
2003-05-29,1.8233920335769653,1.8372759819030762,1.8048800230026245,1.8048800230026245,0.9782084822654724,1064869,-0.012739280774067609,1.7419409990310668,0.005841080989946719,0.0373731617149304
2003-05-30,1.8280199766159058,1.8419040441513062,1.809507966041565,1.8280199766159058,0.9907499551773071,1717843,0.012739280774067595,1.7558246970176696,0.00823776291911504,0.036119033728594374
2003-06-02,1.8326480388641357,1.9205780029296875,1.8326480388641357,1.8974380493164062,1.0283730030059814,3431362,0.03727118007395744,1.767857199907303,0.006781189904698751,0.03418560915836496
2003-06-03,1.8974380493164062,1.9390900135040283,1.8742990493774414,1.8742990493774414,1.0158321857452393,1731627,-0.01226983197844177,1.7729479014873504,0.0027926111200283856,0.031256361173516746
2003-06-04,1.8742990493774414,1.8742990493774414,1.8742990493774414,1.8742990493774414,1.0158321857452393,0,0.0,1.7729479014873504,1.908195823574488e-18,0.028652863320359483
2003-06-05,1.8974380493164062,1.9159499406814575,1.8742990493774414,1.8742990493774414,1.0158321857452393,3165582,0.0,1.7789641559123992,0.0033175350460635197,0.024035290571495043
2003-06-06,1.8789269924163818,1.8974380493164062,1.865043044090271,1.8742990493774414,1.0158321857452393,1746742,0.0,1.7833606600761414,0.002402485005664558,0.023781864082224338
2003-06-09,1.865043044090271,1.8881829977035522,1.8557870388031006,1.8881829977035522,1.0233569145202637,2249400,0.007380240581352256,1.788682758808136,0.0029012000329067663,0.02377615167464304
2003-06-10,1.8881829977035522,2.017764091491699,1.8881829977035522,2.017764091491699,1.0935873985290527,5849305,0.06637502318691613,1.800483912229538,0.006219951192252573,0.02766436950270274
2003-06-11,2.0825541019439697,2.1566009521484375,2.040903091430664,2.0779271125793457,1.1261943578720093,8720629,0.02938080334312378,1.8164502203464508,0.008342611900193694,0.027734782959638903
2003-06-12,2.128833055496216,2.1334609985351562,2.0779271125793457,2.1103219985961914,1.1437517404556274,5825119,0.015469725508609726,1.8354246199131012,0.009911858217370619,0.027172208247788755
2003-06-13,2.1010661125183105,2.1010661125183105,2.02701997756958,2.0362749099731445,1.1036196947097778,4552821,-0.035718427696578146,1.8506966650485992,0.008125936832541711,0.0289721616616024
2003-06-16,1.9668569564819336,2.0686709880828857,1.9668569564819336,2.040903091430664,1.1061280965805054,2208909,0.002270287656712139,1.8692082703113555,0.010008353395613487,0.027163403540929616
2003-06-17,2.08718204498291,2.08718204498291,2.040903091430664,2.0455310344696045,1.108636498451233,3561027,0.0022650285676650557,1.888182669878006,0.010260302535754018,0.027061782598012524
2003-06-18,2.0455310344696045,2.0825541019439697,2.040903091430664,2.0455310344696045,1.108636498451233,4091488,0.0,1.9092396199703217,0.011526190916825437,0.025876108401796504
2003-06-19,2.0455310344696045,2.175112009048462,2.0455310344696045,2.1103219985961914,1.1437517404556274,4829836,0.03118311147220096,1.931916320323944,0.012097987936776754,0.026191760163473778
2003-06-20,2.1103219985961914,2.2028799057006836,2.0918099880218506,2.1103219985961914,1.1437517404556274,6793580,0.0,1.951122123003006,0.01004573185137381,0.02540031844651407
2003-06-23,2.114949941635132,2.1566009521484375,2.059415102005005,2.059415102005005,1.1161614656448364,4065558,-0.02441853039472595,1.961766278743744,0.005455636655641884,0.022638053789840698
2003-06-24,2.059415102005005,2.059415102005005,2.0131359100341797,2.0316479206085205,1.1011121273040771,1331947,-0.013574764133265907,1.9714848756790162,0.005028160861227092,0.02292527977586622
2003-06-25,2.0362749099731445,2.105694055557251,2.0316479206085205,2.105694055557251,1.1412434577941895,4133844,0.03579788310719971,1.9853685796260834,0.007070586464736272,0.023783634752857576
2003-06-26,2.096437931060791,2.151973009109497,2.0547869205474854,2.0640430450439453,1.1186695098876953,2925715,-0.01997842783503467,1.9983267307281494,0.006708629111687919,0.02415319792616663
2003-06-27,2.0825541019439697,2.0825541019439697,2.0131359100341797,2.0316479206085205,1.1011121273040771,1770116,-0.01581945527216511,2.0085081279277803,0.005280692309376283,0.024617631879199853
2003-06-30,2.0316479206085205,2.08718204498291,2.0316479206085205,2.0686709880828857,1.1211777925491333,3693035,0.018059119055509533,2.017069774866104,0.0043200892584538885,0.023659837061455444
2003-07-01,2.0686709880828857,2.096437931060791,2.0455310344696045,2.0825541019439697,1.1287020444869995,3593022,0.006688707704094128,2.0274825274944304,0.005268016242580683,0.02333777541045475
2003-07-02,2.096437931060791,2.114949941635132,2.073298931121826,2.073298931121826,1.1236860752105713,3806357,-0.004454048807436069,2.03743252158165,0.00504531380220888,0.02341182571989209
2003-07-03,2.0825541019439697,2.1195778846740723,2.059415102005005,2.059415102005005,1.1161614656448364,2095751,-0.006719013818901549,2.046688324213028,0.004709363111263803,0.023535913255806985
2003-07-04,2.0825541019439697,2.2028799057006836,2.0825541019439697,2.2028799057006836,1.1939164400100708,22236868,0.06734354093373869,2.0631173670291902,0.008076540157950738,0.02733702862633248
2003-07-07,2.267669916152954,2.2908101081848145,2.221390962600708,2.2260189056396484,1.2064571380615234,11265630,0.010449193563219243,2.080009162425995,0.008229987807044087,0.027341527385513032
2003-07-08,2.2445309162139893,2.2584149837493896,2.175112009048462,2.1936240196228027,1.1888998746871948,5235376,-0.014659766286379652,2.08880215883255,0.004178248333379297,0.02408142669707376
2003-07-09,2.2121360301971436,2.253787040710449,2.2028799057006836,2.2121360301971436,1.1989328861236572,3398945,0.008403598611266097,2.09551260471344,0.003129388096786414,0.02337235183265377
2003-07-10,2.3602280616760254,2.3602280616760254,2.3602280616760254,2.3602280616760254,1.2791961431503296,3903498,0.06479967243018658,2.1080079078674316,0.005595885442865257,0.02705582691667674
2003-07-11,2.4990649223327637,2.4990649223327637,2.26304292678833,2.3046939373016357,1.2490973472595215,13228378,-0.023810365121361556,2.1214288592338564,0.0061912885716260855,0.026216811236811553
2003-07-14,2.3602280616760254,2.4296469688415527,2.3139491081237793,2.3602280616760254,1.2791961431503296,5956191,0.023810365121361646,2.137395107746124,0.0072682924448585606,0.026488290859544843
2003-07-15,2.3833680152893066,2.522205114364624,2.3833680152893066,2.522205114364624,1.3669841289520264,16309773,0.06637531360517124,2.1612288117408753,0.01047380669673387,0.029552862867089004
2003-07-16,2.56848406791687,2.684180974960327,2.522205114364624,2.684180974960327,1.4547715187072754,21576389,0.06224207989167277,2.1931613087654114,0.01358591069131751,0.03159831110292015
2003-07-17,2.7535998821258545,2.8230180740356445,2.591623067855835,2.684180974960327,1.4547715187072754,23284989,0.0,2.221854257583618,0.01202675511770746,0.031453313940134855
2003-07-18,2.684180974960327,2.7073209285736084,2.545344114303589,2.637902021408081,1.4296892881393433,11619313,-0.017391731803709634,2.2482332587242126,0.01115716852752198,0.03203829050883746
2003-07-21,2.637902021408081,2.7767388820648193,2.614763021469116,2.684180974960327,1.4547715187072754,18986873,0.01739173180370955,2.279471552371979,0.013247681637443753,0.030940029973132048
2003-07-22,2.684180974960327,2.7767388820648193,2.614763021469116,2.637902021408081,1.4296892881393433,14221381,-0.017391731803709634,2.3097842574119567,0.013056833253921568,0.031125404446168112
2003-07-23,2.6610419750213623,2.6610419750213623,2.475925922393799,2.475925922393799,1.3419016599655151,9569547,-0.06336947624803231,2.328295850753784,0.008098465286159966,0.0349730290174089
2003-07-24,2.475925922393799,2.475925922393799,2.3833680152893066,2.4296469688415527,1.316819429397583,8218414,-0.018868469630902652,2.3465760469436647,0.008153963196366567,0.03492697981844207
2003-07-25,2.4296469688415527,2.522205114364624,2.4296469688415527,2.4990649223327637,1.3544427156448364,7273024,0.028170664354061816,2.3699468970298767,0.010353469177677915,0.03472233580128895
2003-07-28,2.522205114364624,2.56848406791687,2.475925922393799,2.4990649223327637,1.3544427156448364,8604431,0.0,2.3914665937423707,0.009450513224902438,0.03474620930583449
2003-07-29,2.522205114364624,2.522205114364624,2.3602280616760254,2.4065070152282715,1.3042782545089722,7525681,-0.03774030596674377,2.4076642394065857,0.007229062541360543,0.03631683033412009
2003-07-30,2.3833680152893066,2.4065070152282715,2.3370890617370605,2.3370890617370605,1.2666549682617188,3390306,-0.029270160613238682,2.4208537459373476,0.005988256951070412,0.037151352865266225
2003-07-31,2.3370890617370605,2.3833680152893066,2.3139491081237793,2.3833680152893066,1.2917373180389404,6169969,0.019608455541356786,2.4370513916015626,0.007304630419083328,0.0371438283261607
2003-08-01,2.4065070152282715,2.475925922393799,2.3833680152893066,2.4527859687805176,1.3293604850769043,7642995,0.028709888826825732,2.449546694755554,0.00537294781373768,0.03478694706026673
2003-08-04,2.4527859687805176,2.4527859687805176,2.3602280616760254,2.4065070152282715,1.3042782545089722,3329652,-0.01904818375494377,2.4585711002349853,0.0038980789478295294,0.03518344456854928
2003-08-05,2.4065070152282715,2.4296469688415527,2.3139491081237793,2.3370890617370605,1.2666549682617188,5958145,-0.029270160613238682,2.4657443523406983,0.003167559231486579,0.03573637832295033
2003-08-06,2.3139491081237793,2.3370890617370605,2.2445309162139893,2.267669916152954,1.2290310859680176,3336288,-0.030153328601722994,2.4685210466384886,0.0012397128708371236,0.03647148821735238
2003-08-07,2.267669916152954,2.3139491081237793,2.221390962600708,2.3139491081237793,1.2541136741638184,3290909,0.020202799839071296,2.4662070989608766,-0.0009901307587186407,0.03363386901927897
2003-08-08,2.3139491081237793,2.3833680152893066,2.2908101081848145,2.3139491081237793,1.2541136741638184,7554182,0.0,2.4666698575019836,0.0002003874973494371,0.033202232286325385
2003-08-11,2.3602280616760254,2.3602280616760254,2.3139491081237793,2.3139491081237793,1.2541136741638184,3663650,0.0,2.4643559098243712,-0.0009901307587186453,0.0327346901012633
2003-08-12,2.3139491081237793,2.3602280616760254,2.3139491081237793,2.3139491081237793,1.2541136741638184,2506383,0.0,2.453943109512329,-0.004308896438977207,0.028656065708819043
2003-08-13,2.3370890617370605,2.3833680152893066,2.3139491081237793,2.3370890617370605,1.2666549682617188,5068130,0.009950528762651595,2.4365885138511656,-0.006923473995428265,0.024322190838819452
2003-08-14,2.3370890617370605,2.3602280616760254,2.2908101081848145,2.3370890617370605,1.2666549682617188,5588001,0.0,2.4192339181900024,-0.006923473995428265,0.024322190838819452
2003-08-15,2.3602280616760254,2.4065070152282715,2.3370890617370605,2.3602280616760254,1.2791961431503296,7418375,0.009852086411721046,2.4053502202034,-0.0055612830846567315,0.024467523158458765
2003-08-18,2.3602280616760254,2.522205114364624,2.3602280616760254,2.522205114364624,1.3669841289520264,21721541,0.06637531360517124,2.3972514271736145,-0.0031121039945836483,0.028930586243290552
2003-08-19,2.56848406791687,2.56848406791687,2.3833680152893066,2.4065070152282715,1.3042782545089722,14952832,-0.04695723940365361,2.385681676864624,-0.004590379374580846,0.030415871682499634
2003-08-20,2.4296469688415527,2.56848406791687,2.3602280616760254,2.56848406791687,1.392066478729248,24815344,0.06513954315800645,2.3903095841407778,0.0018350715957210918,0.03091493525757951
2003-08-21,2.684180974960327,2.7304599285125732,2.637902021408081,2.6610419750213623,1.4422309398651123,55747389,0.03540189799277099,2.401879334449768,0.004548589976904774,0.03138031799558197
2003-08-22,2.684180974960327,2.7998790740966797,2.614763021469116,2.7767388820648193,1.5049360990524292,29276445,0.042559409094726774,2.415763032436371,0.005268027213938022,0.03210691921323625
2003-08-25,2.938715934753418,2.961854934692383,2.8692970275878906,2.961854934692383,1.6052653789520264,35495713,0.06453856406897096,2.438902533054352,0.00849495541738657,0.03468900484204203
2003-08-26,2.961854934692383,3.1469709873199463,2.846158027648926,2.984994888305664,1.6178067922592163,55707460,0.0077822951947598,2.4678269267082213,0.010771085475461748,0.03294525539692339
2003-08-27,3.008133888244629,3.054413080215454,2.846158027648926,2.9155759811401367,1.5801827907562256,18931172,-0.023530641941137312,2.496751272678375,0.011058061409066818,0.0326013135204373
2003-08-28,2.938715934753418,2.938715934753418,2.7304599285125732,2.7304599285125732,1.4798537492752075,14737730,-0.06559732545186257,2.5141058683395388,0.0067977723594058485,0.03673088837903335
2003-08-29,2.7304599285125732,2.846158027648926,2.684180974960327,2.7767388820648193,1.5049360990524292,21798343,0.016807108129269235,2.5303035140037538,0.006202633324528024,0.036452541032071684
2003-09-01,2.7998790740966797,2.846158027648926,2.7535998821258545,2.7535998821258545,1.4923956394195557,8198535,-0.008368071451104448,2.547658157348633,0.006736638939719991,0.03614005333111368
2003-09-02,2.7535998821258545,2.7535998821258545,2.684180974960327,2.684180974960327,1.4547715187072754,6308587,-0.025533459499073353,2.565012753009796,0.006923473995428256,0.0359532863099216
2003-09-03,2.684180974960327,2.7073209285736084,2.545344114303589,2.545344114303589,1.379524827003479,7341342,-0.053109791399488994,2.578896462917328,0.005775650855539957,0.03753110347790842
2003-09-04,2.545344114303589,2.614763021469116,2.475925922393799,2.475925922393799,1.3419016599655151,3740357,-0.027651416652252875,2.586995303630829,0.003382940030973748,0.03808426650530686
2003-09-05,2.475925922393799,2.545344114303589,2.475925922393799,2.475925922393799,1.3419016599655151,4766740,0.0,2.59509414434433,0.003382940030973748,0.03808426650530686
2003-09-08,2.475925922393799,2.522205114364624,2.4296469688415527,2.4527859687805176,1.3293604850769043,3772147,-0.009389927488640745,2.6020359873771666,0.0029134436565417107,0.03818590886026572
2003-09-09,2.4527859687805176,2.522205114364624,2.4527859687805176,2.4527859687805176,1.3293604850769043,5455910,0.0,2.6089778304100038,0.0029134436565417107,0.03818590886026572
2003-09-10,2.4527859687805176,2.4527859687805176,2.3602280616760254,2.3833680152893066,1.2917373180389404,5071414,-0.028709888826825646,2.611291778087616,0.0009804227770678488,0.038784758448566395
2003-09-11,2.3833680152893066,2.3833680152893066,2.3833680152893066,2.3833680152893066,1.2917373180389404,0,0.0,2.613605725765228,0.0009804227770678488,0.038784758448566395
2003-09-12,2.3370890617370605,2.4296469688415527,2.3370890617370605,2.3833680152893066,1.2917373180389404,2262365,0.0,2.6147627234458923,0.0004878184564817966,0.03872867420183205
2003-09-15,2.3833680152893066,2.522205114364624,2.3833680152893066,2.4527859687805176,1.3293604850769043,6160483,0.028709888826825732,2.611291766166687,-0.001395452782435479,0.03618860167382948
2003-09-16,2.4527859687805176,2.522205114364624,2.4527859687805176,2.4990649223327637,1.3544427156448364,3147071,0.018692122211800007,2.615919661521912,0.0018870152983372016,0.03478870450836818
2003-09-17,2.522205114364624,2.545344114303589,2.4296469688415527,2.4527859687805176,1.3293604850769043,5911337,-0.018692122211799892,2.610134756565094,-0.0023045679701531154,0.03167769967735871
2003-09-18,2.4527859687805176,2.591623067855835,2.4065070152282715,2.56848406791687,1.392066478729248,11856894,0.046091359403062686,2.6055068612098693,-0.0017700948996385306,0.03242865161174933
2003-09-19,2.56848406791687,2.684180974960327,2.545344114303589,2.545344114303589,1.379524827003479,12538348,-0.009050015262169007,2.5939371228218078,-0.004350566117483319,0.0307241094631286
2003-09-22,2.545344114303589,2.591623067855835,2.4990649223327637,2.522205114364624,1.3669841289520264,5586942,-0.009132288492183865,2.57195463180542,-0.008034108745541061,0.026098225417501758
2003-09-23,2.522205114364624,2.545344114303589,2.4527859687805176,2.4527859687805176,1.3293604850769043,3414097,-0.027909055648709803,2.5453441858291628,-0.009818676287714542,0.026179935349786878
2003-09-24,2.475925922393799,2.614763021469116,2.4527859687805176,2.614763021469116,1.4171488285064697,10244339,0.0639489620168451,2.5303035378456116,-0.00544469608981542,0.03068807730680538
2003-09-25,2.56848406791687,2.6610419750213623,2.56848406791687,2.56848406791687,1.392066478729248,13019959,-0.017857602613782345,2.5222047448158262,-0.0030577099479114087,0.027448699575517127
2003-09-26,2.56848406791687,2.6610419750213623,2.545344114303589,2.591623067855835,1.4046071767807007,6869206,0.008968478531945956,2.512948954105377,-0.0034496414277775723,0.02720500830997296
2003-09-29,2.591623067855835,2.684180974960327,2.56848406791687,2.637902021408081,1.4296892881393433,12155061,0.017699565801664277,2.5071640610694885,-0.002146259565139136,0.027578842951866557
2003-09-30,2.6610419750213623,2.6610419750213623,2.475925922393799,2.4990649223327637,1.3544427156448364,7143629,-0.05406728152487311,2.4979082584381103,-0.003572950666429124,0.029521964564615668
2003-10-01,2.4990649223327637,2.4990649223327637,2.4296469688415527,2.4527859687805176,1.3293604850769043,3705786,-0.018692122211799892,2.493280351161957,-0.0018520672070446692,0.027409989923118973
2003-10-02,2.4990649223327637,2.4990649223327637,2.4527859687805176,2.4527859687805176,1.3293604850769043,4676646,0.0,2.4921233534812925,-0.0004694963744320253,0.026729086348143593
2003-10-03,2.4527859687805176,2.56848406791687,2.4527859687805176,2.522205114364624,1.3669841289520264,6717085,0.02790905564870977,2.494437313079834,0.0009259564080034632,0.027473061544421855
2003-10-06,2.545344114303589,2.56848406791687,2.475925922393799,2.475925922393799,1.3419016599655151,8338583,-0.0185191281600691,2.495594310760498,0.0004694963744320454,0.02772813490405664
2003-10-07,2.4990649223327637,2.4990649223327637,2.3046939373016357,2.3602280616760254,1.2791961431503296,11759569,-0.04785618544510222,2.4909664154052735,-0.0019233128978230658,0.029761136979645452
2003-10-08,2.3833680152893066,2.475925922393799,2.3833680152893066,2.4527859687805176,1.3293604850769043,7750815,0.03846625795646158,2.494437313079834,0.0014354944413412958,0.03036353878296151
2003-10-09,2.4527859687805176,2.56848406791687,2.4527859687805176,2.4990649223327637,1.3544427156448364,8630134,0.018692122211800007,2.500222158432007,0.0023701005519312962,0.0306037545401676
2003-10-10,2.4990649223327637,2.4990649223327637,2.4990649223327637,2.4990649223327637,1.3544427156448364,0,0.0,2.5060070037841795,0.0023701005519312962,0.0306037545401676
2003-10-13,2.4990649223327637,2.6610419750213623,2.475925922393799,2.6610419750213623,1.4422309398651123,16988958,0.0628011351840338,2.516419804096222,0.004074662869791699,0.03300336577219492
2003-10-14,2.846158027648926,2.846158027648926,2.637902021408081,2.684180974960327,1.4547715187072754,26231455,0.008657878144548957,2.5256756067276003,0.0035729506664291476,0.0328453492145683
2003-10-15,2.7073209285736084,2.7304599285125732,2.591623067855835,2.684180974960327,1.4547715187072754,12063601,0.0,2.5372453570365905,0.004507556777019142,0.03244191981961541
2003-10-16,2.7304599285125732,2.8692970275878906,2.684180974960327,2.8692970275878906,1.555100917816162,28418721,0.0666914174778257,2.5522860050201417,0.005537559680757293,0.03411550569003248
2003-10-17,2.8692970275878906,2.892436981201172,2.7767388820648193,2.7998790740966797,1.5174779891967773,15044953,-0.02449083322067931,2.565012753009796,0.004765518782831777,0.03463377795691756
2003-10-20,2.7998790740966797,2.9155759811401367,2.7767388820648193,2.7998790740966797,1.5174779891967773,12500380,0.0,2.5788964509963987,0.00522213320744097,0.034500849816667845
2003-10-21,2.8230180740356445,2.938715934753418,2.7535998821258545,2.846158027648926,1.5425599813461304,18961084,0.016393795929632356,2.5985650539398195,0.007437275786358079,0.03367402353793215
2003-10-22,2.8692970275878906,3.0312740802764893,2.846158027648926,2.8692970275878906,1.555100917816162,53796375,0.008097037291046903,2.611291754245758,0.004644679550068169,0.030946260800639037
2003-10-23,2.7998790740966797,2.8692970275878906,2.684180974960327,2.684180974960327,1.4547715187072754,15452667,-0.0666914174778257,2.617076599597931,0.0022029888068660006,0.034533735646363146
2003-10-24,2.7073209285736084,2.7535998821258545,2.684180974960327,2.7304599285125732,1.4798537492752075,7969057,0.01709442282090846,2.624018442630768,0.0026092860213141255,0.034665074539239824
2003-10-27,2.7304599285125732,2.7767388820648193,2.7073209285736084,2.7304599285125732,1.4798537492752075,4326800,0.0,2.6286463379859923,0.0017243077312309118,0.03448501471777913
2003-10-28,2.7304599285125732,2.8230180740356445,2.7304599285125732,2.7304599285125732,1.4798537492752075,8282374,0.0,2.640216088294983,0.0044276718074745675,0.03190381665047805
2003-10-29,2.7767388820648193,2.7767388820648193,2.7073209285736084,2.7304599285125732,1.4798537492752075,8383932,0.0,2.6540997862815856,0.005362277918064562,0.03146161106975081
2003-10-30,2.7073209285736084,2.7535998821258545,2.684180974960327,2.7304599285125732,1.4798537492752075,7528900,0.0,2.6679834842681887,0.005362277918064562,0.03146161106975081
2003-10-31,2.7767388820648193,2.7998790740966797,2.7304599285125732,2.7304599285125732,1.4798537492752075,5127595,0.0,2.678396224975586,0.003966825135629073,0.03102484362745814
2003-11-03,2.7304599285125732,2.7535998821258545,2.684180974960327,2.684180974960327,1.4547715187072754,5528425,-0.0170944228209085,2.6888089776039124,0.004038060402587104,0.03097208768914838
2003-11-04,2.7304599285125732,2.7767388820648193,2.7073209285736084,2.7767388820648193,1.5049360990524292,6539905,0.03390153095017787,2.709634518623352,0.008125946222351108,0.02910121358673939
2003-11-05,2.7998790740966797,2.892436981201172,2.7535998821258545,2.846158027648926,1.5425599813461304,24002247,0.02469284923660091,2.7293031215667725,0.007437275786358074,0.02850223853828421
2003-11-06,2.8692970275878906,2.9155759811401367,2.6610419750213623,2.684180974960327,1.4547715187072754,20132025,-0.058594380186778705,2.7385589241981507,0.0035729506664291394,0.03192921635349368
2003-11-07,2.7073209285736084,2.7304599285125732,2.614763021469116,2.637902021408081,1.4296892881393433,8625510,-0.017391731803709634,2.7455007791519166,0.002703364076243658,0.03226669343543322
2003-11-10,2.637902021408081,2.6610419750213623,2.614763021469116,2.637902021408081,1.4296892881393433,3024049,0.0,2.7443437814712524,-0.0004366926829580321,0.029000923357398727
2003-11-11,2.637902021408081,2.684180974960327,2.591623067855835,2.614763021469116,1.4171488285064697,3878579,-0.008810441719828059,2.740872883796692,-0.001310108676176883,0.028975642130393733
2003-11-12,2.614763021469116,2.637902021408081,2.522205114364624,2.522205114364624,1.3669841289520264,4445938,-0.03603990636813519,2.732774090766907,-0.0031121039945836426,0.02999269000495575
2003-11-13,2.545344114303589,2.56848406791687,2.522205114364624,2.545344114303589,1.379524827003479,3990118,0.009132288492183888,2.7165764451026915,-0.0059900604438657325,0.02534333556316417
2003-11-14,2.56848406791687,2.614763021469116,2.545344114303589,2.614763021469116,1.4171488285064697,6443527,0.026907617875951403,2.7073206424713137,-0.003420137889034197,0.025966878800962802
2003-11-17,2.591623067855835,2.614763021469116,2.545344114303589,2.545344114303589,1.379524827003479,3154154,-0.026907617875951376,2.6945938944816588,-0.004765518782831766,0.026472488675268194
2003-11-18,2.4990649223327637,2.545344114303589,2.475925922393799,2.4990649223327637,1.3544427156448364,2927677,-0.018349221929093783,2.677239239215851,-0.006502669675768073,0.02614887237595929
2003-11-19,2.4990649223327637,2.522205114364624,2.3602280616760254,2.4296469688415527,1.316819429397583,4312107,-0.028170664354061858,2.6552567362785338,-0.008316054758023512,0.026339973868908337
2003-11-20,2.4527859687805176,2.475925922393799,2.4296469688415527,2.4527859687805176,1.3293604850769043,2343281,0.009478542142261914,2.6436869859695435,-0.004507556777019131,0.02271211340791933
2003-11-21,2.4065070152282715,2.475925922393799,2.4065070152282715,2.4527859687805176,1.3293604850769043,2368562,0.0,2.6298032879829405,-0.0053622779180645536,0.022171607489379845
2003-11-24,2.4527859687805176,2.545344114303589,2.4527859687805176,2.4990649223327637,1.3544427156448364,2761833,0.018692122211800007,2.6182335376739503,-0.004427671807474554,0.02279475212469261
2003-11-25,2.545344114303589,2.545344114303589,2.475925922393799,2.475925922393799,1.3419016599655151,3050297,-0.009302194723159128,2.6055068373680115,-0.00489278154363251,0.02279455604303804
2003-11-26,2.475925922393799,2.4990649223327637,2.4527859687805176,2.4990649223327637,1.3544427156448364,981898,0.00930219472315918,2.593937087059021,-0.004427671807474551,0.022993678098478475
2003-11-27,2.475925922393799,2.475925922393799,2.4296469688415527,2.4296469688415527,1.316819429397583,1290321,-0.028170664354061858,2.57889643907547,-0.0058362050251776435,0.02356393488537053
2003-11-28,2.4527859687805176,2.591623067855835,2.4296469688415527,2.591623067855835,1.4046071767807007,20205966,0.06453838007727068,2.571954596042633,-0.00260928602131411,0.028340209794244065
2003-12-01,2.591623067855835,2.591623067855835,2.522205114364624,2.545344114303589,1.379524827003479,5218032,-0.01801849379411502,2.565012753009796,-0.0026554895699744353,0.028365809787561046
2003-12-02,2.56848406791687,2.56848406791687,2.475925922393799,2.475925922393799,1.3419016599655151,2180907,-0.027651416652252875,2.549972105026245,-0.005733136950095973,0.027517177875725628
2003-12-03,2.4990649223327637,2.4990649223327637,2.4527859687805176,2.4527859687805176,1.3293604850769043,2536787,-0.009389927488640745,2.5303035020828246,-0.007437275786358055,0.026572894960235766
2003-12-04,2.4527859687805176,2.4990649223327637,2.4527859687805176,2.4527859687805176,1.3293604850769043,3373022,0.0,2.5187337517738344,-0.00450755677701912,0.023711927773302433
2003-12-05,2.4527859687805176,2.4990649223327637,2.4296469688415527,2.475925922393799,1.3419016599655151,3854880,0.009389927488640842,2.51063494682312,-0.0031684738124015967,0.02370224294835407
2003-12-08,2.4527859687805176,2.475925922393799,2.4296469688415527,2.4527859687805176,1.3293604850769043,1482313,-0.009389927488640745,2.501379144191742,-0.003637970186833634,0.023729161292769155
2003-12-09,2.4527859687805176,2.475925922393799,2.4296469688415527,2.4296469688415527,1.316819429397583,1721083,-0.00947854214226189,2.492123341560364,-0.0036713752079553254,0.023737295015722013
2003-12-10,2.4296469688415527,2.4296469688415527,2.3602280616760254,2.4065070152282715,1.3042782545089722,2979753,-0.009569641612681864,2.486338436603546,-0.0023478619701826587,0.022545577591680695
2003-12-11,2.4065070152282715,2.4296469688415527,2.3833680152893066,2.4065070152282715,1.3042782545089722,2010194,0.0,2.4793965816497803,-0.0028044763947918535,0.02239279369097477
2003-12-12,2.4296469688415527,2.4527859687805176,2.4065070152282715,2.4296469688415527,1.316819429397583,1953391,0.009569641612681947,2.470140779018402,-0.0036713752079553263,0.021499800434702572
2003-12-15,2.4296469688415527,2.475925922393799,2.4296469688415527,2.4527859687805176,1.3293604850769043,1413167,0.009478542142261914,2.4655128717422485,-0.0018520672070446616,0.020962857726109032
2003-12-16,2.4296469688415527,2.4527859687805176,2.4065070152282715,2.4527859687805176,1.3293604850769043,978845,0.0,2.463198924064636,-0.0009346061105899726,0.02060125956624819
2003-12-17,2.4527859687805176,2.4990649223327637,2.4065070152282715,2.4065070152282715,1.3042782545089722,5121113,-0.01904818375494377,2.4620419263839723,-0.00047848208063406823,0.020060387599793325
2003-12-18,2.4296469688415527,2.4527859687805176,2.4065070152282715,2.4296469688415527,1.316819429397583,1365630,0.009569641612681947,2.4608849763870237,-0.00047392710711306654,0.020062777666024188
2003-12-19,2.4527859687805176,2.4527859687805176,2.3602280616760254,2.4065070152282715,1.3042782545089722,2729497,-0.009569641612681864,2.458571028709412,-0.0009524091877471597,0.020164735266880698
2003-12-22,2.4296469688415527,2.4527859687805176,2.3833680152893066,2.4065070152282715,1.3042782545089722,1380766,0.0,2.453943133354187,-0.00188701529833716,0.01963247057541788
2003-12-23,2.4065070152282715,2.4296469688415527,2.3833680152893066,2.3833680152893066,1.2917373180389404,1007619,-0.00966170507188188,2.4493152379989622,-0.0019049908157732977,0.019639780481389705
2003-12-24,2.4065070152282715,2.4527859687805176,2.4065070152282715,2.4296469688415527,1.316819429397583,8334233,0.019231346684563836,2.4458443403244017,-0.001408533217703065,0.02005900889884749
2003-12-25,2.4527859687805176,2.4990649223327637,2.4296469688415527,2.475925922393799,1.3419016599655151,8660634,0.018868469630902628,2.448158288002014,0.0009434234815451595,0.01950603698364167
2003-12-26,2.475925922393799,2.475925922393799,2.4296469688415527,2.4527859687805176,1.3293604850769043,2397340,-0.009389927488640745,2.441216433048248,-0.002752991896750412,0.012604122137366867
2003-12-29,2.4527859687805176,2.614763021469116,2.4527859687805176,2.614763021469116,1.4171488285064697,33944124,0.0639489620168451,2.444687378406525,0.0013453808937975945,0.019054763072628954
2003-12-30,2.6610419750213623,2.7073209285736084,2.56848406791687,2.56848406791687,1.392066478729248,25280704,-0.017857602613782345,2.4493152856826783,0.001835071595721121,0.01838440455689664
2003-12-31,2.591623067855835,2.6610419750213623,2.545344114303589,2.591623067855835,1.4046071767807007,13523010,0.008968478531945956,2.456257140636444,0.0027529918967504558,0.01825228698549166
2004-01-01,2.591623067855835,2.591623067855835,2.591623067855835,2.591623067855835,1.4046071767807007,0,0.0,2.46319899559021,0.0027529918967504558,0.01825228698549166
2004-01-02,2.614763021469116,2.637902021408081,2.56848406791687,2.614763021469116,1.4171488285064697,6378703,0.008889124081836354,2.470140850543976,0.0027279517264102316,0.018243043790000368
2004-01-05,2.614763021469116,2.7304599285125732,2.591623067855835,2.684180974960327,1.4547715187072754,13618470,0.026202173523537625,2.481710600852966,0.004507556777019151,0.018728279345109514
2004-01-06,2.7073209285736084,2.7304599285125732,2.637902021408081,2.637902021408081,1.4296892881393433,10157955,-0.017391731803709634,2.4921233534812925,0.0041118972939467625,0.01911882159737373
2004-01-07,2.6610419750213623,2.7304599285125732,2.637902021408081,2.6610419750213623,1.4422309398651123,11525746,0.008733853659160655,2.5048501014709474,0.005027072057538889,0.01886584845833158
2004-01-08,2.6610419750213623,2.684180974960327,2.545344114303589,2.591623067855835,1.4046071767807007,8615138,-0.02643341946082498,2.5141059041023253,0.0037054010844976394,0.020120739905940564
2004-01-09,2.637902021408081,2.6610419750213623,2.591623067855835,2.637902021408081,1.4296892881393433,9094405,0.017699565801664277,2.5245186567306517,0.0041118972939467565,0.020326521252943007
2004-01-12,2.637902021408081,2.637902021408081,2.56848406791687,2.591623067855835,1.4046071767807007,6130210,-0.01769956580166428,2.5314605116844175,0.0027529918967504467,0.0208505817494926
2004-01-13,2.614763021469116,2.614763021469116,2.545344114303589,2.56848406791687,1.392066478729248,4606409,-0.008968478531946048,2.5372454166412353,0.0023045679701531444,0.021008745861541042
2004-01-14,2.56848406791687,2.684180974960327,2.545344114303589,2.637902021408081,1.4296892881393433,13132308,0.026668044333610287,2.548815166950226,0.004590379374580847,0.021050216837948558
2004-01-15,2.6610419750213623,2.7535998821258545,2.6610419750213623,2.6610419750213623,1.4422309398651123,26984161,0.008733853659160655,2.560384917259216,0.004548589976904782,0.02104063906024224
2004-01-16,2.7073209285736084,2.7073209285736084,2.637902021408081,2.6610419750213623,1.4422309398651123,12000406,0.0,2.573111665248871,0.005027072057538875,0.020810229841083192
2004-01-19,2.6610419750213623,2.6610419750213623,2.6610419750213623,2.6610419750213623,1.4422309398651123,0,0.0,2.5858384132385255,0.005027072057538875,0.020810229841083192
2004-01-20,2.6610419750213623,2.6610419750213623,2.6610419750213623,2.6610419750213623,1.4422309398651123,0,0.0,2.599722111225128,0.00551015731113297,0.020561962208490665
2004-01-21,2.6610419750213623,2.6610419750213623,2.6610419750213623,2.6610419750213623,1.4422309398651123,0,0.0,2.6112918615341187,0.004548589976904778,0.020334945379828235
2004-01-22,2.6610419750213623,2.6610419750213623,2.6610419750213623,2.6610419750213623,1.4422309398651123,0,0.0,2.620547664165497,0.0036051664953596465,0.02007160842239049
2004-01-23,2.6610419750213623,2.6610419750213623,2.6610419750213623,2.6610419750213623,1.4422309398651123,0,0.0,2.630960464477539,0.004074662869791684,0.01986034934959064
2004-01-26,2.6610419750213623,2.6610419750213623,2.6610419750213623,2.6610419750213623,1.4422309398651123,0,0.0,2.6332744121551515,0.0008772147689494285,0.013995175374444972
2004-01-27,2.7304599285125732,2.846158027648926,2.7304599285125732,2.846158027648926,1.5425599813461304,35329199,0.06725225833132774,2.647158110141754,0.005132707816204933,0.019753617051203633
2004-01-28,2.892436981201172,3.0312740802764893,2.846158027648926,3.0312740802764893,1.642889142036438,56899063,0.06301299532528616,2.6691406607627868,0.007834933655871942,0.02362344553603401
2004-01-29,3.2395288944244385,3.2395288944244385,3.1469709873199463,3.2395288944244385,1.7557592391967773,75913307,0.06644489659594176,2.701535952091217,0.011157178485669031,0.026907513876383366
2004-01-30,3.2858080863952637,3.447784900665283,3.1469709873199463,3.378365993499756,1.8310058116912842,65532100,0.041964242450501565,2.739716100692749,0.012810934404102293,0.027763573924106288
2004-02-02,3.470923900604248,3.5634820461273193,3.355226993560791,3.378365993499756,1.8310058116912842,63013030,0.0,2.7744253516197204,0.01150082572792541,0.027716584208956556
2004-02-03,3.308948040008545,3.3320870399475098,3.1469709873199463,3.2163898944854736,1.743217945098877,32737198,-0.049132578911563196,2.8033497452735903,0.009913783372532731,0.03025090479093349
2004-02-04,3.1469709873199463,3.3320870399475098,3.1469709873199463,3.262669086456299,1.7683002948760986,27411597,0.014286018756402228,2.833431100845337,0.010191391627394809,0.030264979287334067
2004-02-05,3.308948040008545,3.470923900604248,3.1932499408721924,3.470923900604248,1.8811702728271484,37009609,0.061875213723837925,2.8773961424827577,0.014606823286627954,0.031071505306727802
2004-02-06,3.7023189067840576,3.7023189067840576,3.6097609996795654,3.7023189067840576,2.006582021713257,23551375,0.06453854260326952,2.9306169867515566,0.016948772126708218,0.03302092434610671
2004-02-09,3.9568541049957275,3.9568541049957275,3.9568541049957275,3.9568541049957275,2.1445345878601074,12573305,0.06648993671964333,2.998878538608551,0.0211582472527736,0.033730100176206104
2004-02-10,4.211388111114502,4.211388111114502,4.211388111114502,4.211388111114502,2.282486915588379,13553227,0.06234301933490615,3.0810237407684324,0.02472382214611621,0.03414440915827786
2004-02-11,4.4890618324279785,4.4890618324279785,4.0725507736206055,4.165109157562256,2.2574045658111572,138320787,-0.01104982738014548,3.1573840975761414,0.022837928560428423,0.03506071047916485
2004-02-12,4.141970157623291,4.257667064666748,3.887434959411621,3.887434959411621,2.1069109439849854,73503486,-0.06899293690621774,3.2187037467956543,0.0189515890321595,0.04057982723610183
2004-02-13,3.81801700592041,3.933713912963867,3.6791799068450928,3.841156005859375,2.0818288326263428,67718618,-0.011976182179646265,3.277709448337555,0.018352779923177187,0.040960775878002766
2004-02-16,3.841156005859375,4.0031328201293945,3.794877052307129,3.841156005859375,2.0818288326263428,47888874,0.0,3.3367151498794554,0.018352779923177187,0.040960775878002766
2004-02-17,3.887434959411621,4.095691204071045,3.81801700592041,4.095691204071045,2.2197821140289307,54042495,0.06416213077640175,3.4084476113319395,0.021560886461997275,0.04194843400466335
2004-02-18,4.165109157562256,4.257667064666748,3.8642959594726562,3.8642959594726562,2.094370126724243,72349058,-0.05815598778065481,3.4686103105545043,0.018653087072964532,0.04539566027350541
2004-02-19,3.8642959594726562,3.933713912963867,3.81801700592041,3.81801700592041,2.0692875385284424,29996517,-0.012048328046244033,3.5264590620994567,0.01805067067065233,0.0457348966063159
2004-02-20,3.81801700592041,3.9799931049346924,3.794877052307129,3.81801700592041,2.0692875385284424,33656555,0.0,3.584307813644409,0.01805067067065233,0.0457348966063159
2004-02-23,3.81801700592041,3.887434959411621,3.794877052307129,3.81801700592041,2.0692875385284424,22553262,0.0,3.6421565651893615,0.01805067067065233,0.0457348966063159
2004-02-24,3.887434959411621,4.0031328201293945,3.8642959594726562,3.8642959594726562,2.094370126724243,42187254,0.012048328046244028,3.693063461780548,0.015290474156398146,0.04425095465929541
2004-02-25,3.9799931049346924,4.026271820068359,3.887434959411621,3.9105749130249023,2.119452953338623,36461073,0.01190489228419669,3.7370285034179687,0.012735069004343671,0.04280200069413679
2004-02-26,3.9568541049957275,3.9568541049957275,3.81801700592041,3.81801700592041,2.0692875385284424,21518602,-0.02395322033044076,3.7659529089927672,0.008215163158024546,0.04158751585334911
2004-02-27,3.81801700592041,3.8642959594726562,3.748598098754883,3.748598098754883,2.0316643714904785,19682783,-0.018349249682703465,3.7844645142555238,0.005199488551364296,0.04119637811878762
2004-03-01,3.748598098754883,3.9105749130249023,3.748598098754883,3.748598098754883,2.0316643714904785,27887947,0.0,3.80297611951828,0.005199488551364296,0.04119637811878762
2004-03-02,3.794877052307129,4.0031328201293945,3.794877052307129,4.0031328201293945,2.169617176055908,47594691,0.06569532985265512,3.842313265800476,0.010940883989575212,0.041227348268896645
2004-03-03,4.095691204071045,4.165109157562256,3.9799931049346924,3.9799931049346924,2.1570754051208496,67778378,-0.005797172740849399,3.878179466724396,0.00993672441471263,0.0413858585992085
2004-03-04,4.0031328201293945,4.141970157623291,3.9799931049346924,4.026271820068359,2.1821579933166504,45065116,0.011560754234146535,3.9059468626976015,0.007421001440228061,0.039551066328916855
2004-03-05,4.0725507736206055,4.234528064727783,4.049411773681641,4.049411773681641,2.194699287414551,70826886,0.005730788403158289,3.9233015060424803,0.004480613730222499,0.03719718143059338
2004-03-08,4.303946018218994,4.327085971832275,4.303946018218994,4.327085971832275,2.3451931476593018,55663751,0.06632270023414688,3.9418130993843077,0.004472251905947676,0.03718252415512285
2004-03-09,4.3733649253845215,4.581620216369629,4.303946018218994,4.581620216369629,2.483144998550415,105351759,0.057158364862962205,3.960324704647064,0.004213019182350479,0.03677364523389758
2004-03-10,4.674178123474121,4.882433891296387,4.651039123535156,4.882433891296387,2.6461808681488037,139602131,0.06359114914718567,3.996190941333771,0.007945068008717037,0.03887088123793919
2004-03-11,4.766736030578613,4.836154937744141,4.558481216430664,4.627899169921875,2.508227586746216,98484228,-0.053540821619772035,4.0332141518592834,0.008717673773039322,0.03738637690659697
2004-03-12,4.4890618324279785,4.836154937744141,4.442782878875732,4.627899169921875,2.508227586746216,84629883,0.0,4.0725513100624084,0.009316482882021635,0.037132531559751616
2004-03-15,4.951851844787598,4.951851844787598,4.905572891235352,4.951851844787598,2.6838033199310303,66132605,0.06765859454877639,4.12808610200882,0.012699412609460453,0.039260127067864414
2004-03-16,4.951851844787598,5.252665996551514,4.627899169921875,4.766736030578613,2.583474636077881,93311058,-0.03809981631546644,4.161638343334198,0.007586315254867045,0.038862151102121566
2004-03-17,4.8592939376831055,4.905572891235352,4.581620216369629,4.627899169921875,2.508227586746216,55811172,-0.029558778233309834,4.199818503856659,0.009016175732234294,0.036786644114932106
2004-03-18,4.674178123474121,4.836154937744141,4.674178123474121,4.743597030639648,2.5709333419799805,45039965,0.024692693008193642,4.246097505092621,0.010853226784956177,0.03659625467074789
2004-03-19,4.766736030578613,4.974991798400879,4.674178123474121,4.974991798400879,2.6963448524475098,65746452,0.04762800691016254,4.303946244716644,0.013234627130464305,0.03739378067631481
2004-03-22,4.627899169921875,4.627899169921875,4.627899169921875,4.627899169921875,2.508227586746216,1214373,-0.07232069991835607,4.344440352916718,0.0096185921345465,0.04195903157367504
2004-03-23,4.303946018218994,4.60476016998291,4.303946018218994,4.303946018218994,2.3326518535614014,50519679,-0.07257074158273881,4.366422855854035,0.0053876386530973585,0.04579232864646969
2004-03-24,4.165109157562256,4.35022497177124,4.0031328201293945,4.0031328201293945,2.169617176055908,34747294,-0.0724550209382391,4.371050751209259,0.001169642991975569,0.04893765378620738
2004-03-25,3.725459098815918,3.887434959411621,3.725459098815918,3.725459098815918,2.0191233158111572,80316127,-0.07188716736584108,4.366422855854035,-0.0012270543597944473,0.0513472396214435
2004-03-26,3.7023189067840576,3.725459098815918,3.470923900604248,3.470923900604248,1.8811702728271484,29046898,-0.07076927994542298,4.352539145946503,-0.0038480558729304232,0.05355754401929032
2004-03-29,3.6791799068450928,3.7023189067840576,3.6560399532318115,3.7023189067840576,2.006582021713257,13109620,0.06453854260326952,4.350225186347961,-0.0006211287427669472,0.05570290460595497
2004-03-30,3.8642959594726562,3.9568541049957275,3.81801700592041,3.9568541049957275,2.1445345878601074,45878010,0.06648993671964333,4.347911250591278,-0.0005813983994175369,0.05575295550632753
2004-03-31,4.026271820068359,4.141970157623291,3.9568541049957275,3.9568541049957275,2.1445345878601074,43534117,0.0,4.34675430059433,-0.00029153976237506694,0.0557394796623915
2004-04-01,3.9568541049957275,4.0031328201293945,3.7023189067840576,3.748598098754883,2.0316643714904785,37992645,-0.05406736186430376,4.332870614528656,-0.0035729455672975823,0.05692419333791567
2004-04-02,3.771738052368164,3.9568541049957275,3.771738052368164,3.9568541049957275,2.1445345878601074,28626766,0.054067361864303796,4.3282427310943605,-0.0011561168942403062,0.05834829015426242
2004-04-05,4.026271820068359,4.026271820068359,3.771738052368164,3.81801700592041,2.0692875385284424,25786797,-0.03571811218160042,4.302789282798767,-0.006258157515027671,0.05657154794541522
2004-04-06,3.887434959411621,3.9568541049957275,3.794877052307129,3.81801700592041,2.0692875385284424,30297517,0.0,4.2646091222763065,-0.009116075758175782,0.05460895241487052
2004-04-07,3.887434959411621,3.9105749130249023,3.771738052368164,3.771738052368164,2.044205665588379,24945483,-0.01219526236695711,4.209074330329895,-0.01290539633388292,0.05185839921888795
2004-04-08,3.771738052368164,3.933713912963867,3.771738052368164,3.771738052368164,2.044205665588379,30148910,0.0,4.16626627445221,-0.010228355252894318,0.05102556547495997
2004-04-09,3.81801700592041,3.841156005859375,3.771738052368164,3.771738052368164,2.044205665588379,21245911,0.0,4.123458218574524,-0.010228355252894318,0.05102556547495997
2004-04-12,3.841156005859375,3.9799931049346924,3.841156005859375,3.9568541049957275,2.1445345878601074,42944746,0.04791337454855751,4.07370833158493,-0.011215616252905262,0.04961066758056828
2004-04-13,3.9799931049346924,4.0725507736206055,3.933713912963867,4.0031328201293945,2.169617176055908,40366761,0.011627967988351256,4.035528171062469,-0.008729227037714378,0.04943819901729438
2004-04-14,4.0031328201293945,4.11883020401001,3.9568541049957275,4.0031328201293945,2.169617176055908,38434093,0.0,4.004289853572845,-0.0072512881260488864,0.0492240944705849
2004-04-15,4.026271820068359,4.0725507736206055,3.8642959594726562,3.8642959594726562,2.094370126724243,44109873,-0.035297752123707574,3.960324800014496,-0.010250810382643947,0.04900239606882999
2004-04-16,3.887434959411621,4.0031328201293945,3.8642959594726562,3.8642959594726562,2.094370126724243,26422831,0.0,3.9047900080680846,-0.012632210728152075,0.04716441670504662
2004-04-19,3.887434959411621,3.933713912963867,3.771738052368164,3.794877052307129,2.056746244430542,21086583,-0.018127494444752385,3.8631389021873472,-0.00992255045447189,0.045064748204964374
2004-04-20,3.794877052307129,3.841156005859375,3.6560399532318115,3.6791799068450928,1.994040846824646,16996733,-0.03096213709377955,3.8319005966186523,-0.007842120230023928,0.04293023939804343
2004-04-21,3.6560399532318115,3.794877052307129,3.6329009532928467,3.725459098815918,2.0191233158111572,18826764,0.012500216296398381,3.8180169105529784,-0.003594358368292052,0.04032448501412794
2004-04-22,3.748598098754883,3.771738052368164,3.470923900604248,3.5634820461273193,1.931335210800171,17135804,-0.04445192256359703,3.8099180579185488,-0.00222259612817985,0.038294575608569
2004-04-23,3.6097609996795654,3.6560399532318115,3.5172030925750732,3.5403430461883545,1.9187941551208496,12621757,-0.006514541524234001,3.813389015197754,0.0009901407928795992,0.034774730134206254
2004-04-26,3.5403430461883545,3.6791799068450928,3.5403430461883545,3.5866219997406006,1.9438762664794922,13304496,0.01298718423050628,3.807604169845581,-0.0015874271257585628,0.03158031349909079
2004-04-27,3.6097609996795654,3.748598098754883,3.6097609996795654,3.6329009532928467,1.9689586162567139,20646913,0.012820677420560539,3.791406512260437,-0.004270890090712702,0.027508902245320207
2004-04-28,3.6560399532318115,3.6791799068450928,3.5172030925750732,3.5172030925750732,1.9062527418136597,11864463,-0.03236539201041236,3.7694239616394043,-0.00588915969123332,0.028188033069352
2004-04-29,3.5172030925750732,3.5403430461883545,3.2858080863952637,3.2858080863952637,1.7808414697647095,17729039,-0.06805348329451812,3.7462844610214234,-0.006588465762744039,0.029585044535204275
2004-04-30,3.2395288944244385,3.2395288944244385,3.0775530338287354,3.0775530338287354,1.6679713726043701,21330348,-0.06547780280850504,3.7023194074630736,-0.012565723996384481,0.028749823446217654
2004-05-03,3.008133888244629,3.1006920337677,2.8692970275878906,2.8692970275878906,1.555100917816162,12962683,-0.07006775004458277,3.6548834085464477,-0.014283205889533598,0.031132948915635554
2004-05-04,2.8692970275878906,3.054413080215454,2.8692970275878906,3.054413080215454,1.6554298400878906,16821556,0.06252039475089159,3.6167032122612,-0.011157186151989018,0.03547815693334097
2004-05-05,3.0775530338287354,3.2163898944854736,2.846158027648926,2.846158027648926,1.5425599813461304,35405908,-0.07061743204193859,3.570424211025238,-0.014078294635738092,0.03789117277562789
2004-05-06,2.892436981201172,2.961854934692383,2.6610419750213623,2.7767388820648193,1.5049360990524292,27925625,-0.02469284923660096,3.5206742525100707,-0.015312937097568138,0.03781051236536027
2004-05-07,2.7304599285125732,2.892436981201172,2.684180974960327,2.8692970275878906,1.555100917816162,15852157,0.03278988652764791,3.475552201271057,-0.013673442771185745,0.039194990836323336
2004-05-10,2.7767388820648193,2.7998790740966797,2.684180974960327,2.684180974960327,1.4547715187072754,8425419,-0.0666914174778257,3.411918544769287,-0.019403682372504904,0.03807883476433284
2004-05-11,2.591623067855835,2.7304599285125732,2.4990649223327637,2.637902021408081,1.4296892881393433,18083796,-0.017391731803709634,3.3436570048332213,-0.02085466736210795,0.03738064018723968
2004-05-12,2.7073209285736084,2.7998790740966797,2.684180974960327,2.7998790740966797,1.5174779891967773,16807303,0.05959231606085585,3.2834943175315856,-0.017875051559065158,0.041300038702508486
2004-05-13,2.8230180740356445,2.961854934692383,2.7767388820648193,2.8230180740356445,1.5300184488296509,24849616,0.008230323246345298,3.2314304232597353,-0.01569864779056251,0.041480100600827095
2004-05-14,2.8692970275878906,2.9155759811401367,2.7767388820648193,2.7767388820648193,1.5049360990524292,16292703,-0.016529376553313848,3.1770525693893434,-0.016525116618228204,0.041315192646291285
2004-05-17,2.614763021469116,2.6610419750213623,2.591623067855835,2.591623067855835,1.4046071767807007,8386088,-0.06899282855555167,3.1168898701667787,-0.019068383323768166,0.042952168498123056
2004-05-18,2.4990649223327637,2.6610419750213623,2.475925922393799,2.522205114364624,1.3669841289520264,12820858,-0.027150782286298844,3.059041130542755,-0.018877815583394134,0.042905050781136635
2004-05-19,2.591623067855835,2.684180974960327,2.591623067855835,2.684180974960327,1.4547715187072754,5881717,0.06224207989167277,3.0069772243499755,-0.016390722403630414,0.046139472868824194
2004-05-20,2.7535998821258545,2.8692970275878906,2.684180974960327,2.846158027648926,1.5425599813461304,43620649,0.058594380186778816,2.971111023426056,-0.011238407266111621,0.04853245024354253
2004-05-21,2.892436981201172,3.0312740802764893,2.846158027648926,3.0312740802764893,1.642889142036438,27930595,0.06301299532528616,2.9456575751304626,-0.007762030423635614,0.05129985522007946
2004-05-24,3.1932499408721924,3.2395288944244385,3.1006920337677,3.2395288944244385,1.7557592391967773,43244239,0.06644489659594176,2.9283029198646546,-0.00508914480536384,0.05377099566670097
2004-05-25,3.2395288944244385,3.355226993560791,3.1932499408721924,3.2163898944854736,1.743217945098877,40374034,-0.0071683364610616055,2.9074773669242857,-0.006088595499444948,0.05360609882661037
2004-05-26,3.308948040008545,3.401505947113037,3.1932499408721924,3.1932499408721924,1.7306767702102661,31737937,-0.007220391391470792,2.891279709339142,-0.004831345468497869,0.05325107370848035
2004-05-27,3.2395288944244385,3.2395288944244385,3.1238319873809814,3.1932499408721924,1.7306767702102661,16696826,0.0,2.886651802062988,-0.0014286713037719632,0.05113068886343161
2004-05-28,3.2395288944244385,3.3320870399475098,3.1932499408721924,3.308948040008545,1.7933827638626099,29895417,0.0355911377653259,2.8982215523719788,0.0036247757249195838,0.04943364931581362
2004-05-31,3.5403430461883545,3.5403430461883545,3.5172030925750732,3.5403430461883545,1.9187941551208496,32585838,0.06759330196397696,2.931773853302002,0.01050782832534757,0.04820126867832477
2004-06-01,3.5403430461883545,3.5403430461883545,3.308948040008545,3.308948040008545,1.7933827638626099,33903023,-0.06759330196397698,2.9445006012916566,0.004002143489604142,0.04957285150715534
2004-06-02,3.1469709873199463,3.355226993560791,3.1238319873809814,3.1932499408721924,1.7306767702102661,20610151,-0.03559113776532593,2.9618551969528197,0.005753458203434775,0.0473675934790564
2004-06-03,3.2395288944244385,3.2858080863952637,2.984994888305664,2.984994888305664,1.6178067922592163,20207870,-0.06744115404156577,2.9722679972648622,0.0036160429631865347,0.04971984252564493
2004-06-04,2.984994888305664,3.1932499408721924,2.984994888305664,3.1932499408721924,1.7306767702102661,26791845,0.06744115404156581,2.9884656429290772,0.00534860633888243,0.05136642781016011
2004-06-07,3.308948040008545,3.3320870399475098,3.2163898944854736,3.2395288944244385,1.7557592391967773,20449880,0.014388727852532378,3.016233038902283,0.009402613605400335,0.048501192324292126
2004-06-08,3.262669086456299,3.2858080863952637,3.1469709873199463,3.2163898944854736,1.743217945098877,16653774,-0.0071683364610616055,3.0451574325561523,0.009913783372532734,0.048257195280391726
2004-06-09,3.2163898944854736,3.2858080863952637,3.1701109409332275,3.1932499408721924,1.7306767702102661,14199205,-0.007220391391470792,3.064825975894928,0.006573147999916403,0.046931533261477656
2004-06-10,3.1469709873199463,3.262669086456299,3.1238319873809814,3.2163898944854736,1.743217945098877,14386655,0.007220391391470812,3.0844945669174195,0.006522651407172679,0.04693019966272612
2004-06-11,3.1932499408721924,3.2395288944244385,3.054413080215454,3.1006920337677,1.680512547492981,10895008,-0.03663425653896717,3.1006922245025637,0.005517407407890013,0.04765961634213035
2004-06-14,3.054413080215454,3.1469709873199463,2.892436981201172,2.892436981201172,1.5676422119140625,11605696,-0.0695259303942862,3.1157329201698305,0.005490752315953286,0.04770361050165984
2004-06-15,2.7998790740966797,2.892436981201172,2.7767388820648193,2.846158027648926,1.5425599813461304,12734977,-0.016129368526912814,3.1319305658340455,0.006041823003922587,0.047369177691936416
2004-06-16,2.892436981201172,2.938715934753418,2.7767388820648193,2.8230180740356445,1.5300184488296509,14166499,-0.00816347268328711,3.1388724207878114,0.0025215453751745937,0.04555414093410249
2004-06-17,2.7998790740966797,2.9155759811401367,2.7767388820648193,2.7998790740966797,1.5174779891967773,13305888,-0.008230323246345329,3.136558473110199,-0.0008196897964816138,0.043635197160956936
2004-06-18,2.7998790740966797,2.8692970275878906,2.7998790740966797,2.8230180740356445,1.5300184488296509,9707876,0.008230323246345298,3.126145672798157,-0.003558823400428657,0.0410608099635876
2004-06-21,2.8692970275878906,2.892436981201172,2.684180974960327,2.684180974960327,1.4547715187072754,6505108,-0.05043090750349166,3.0983782768249513,-0.009402613605400328,0.03882978100029814
2004-06-22,2.684180974960327,2.684180974960327,2.684180974960327,2.684180974960327,1.4547715187072754,0,0.0,3.0717678308486938,-0.009044196782347247,0.0388845347785662
2004-06-23,2.7073209285736084,2.8692970275878906,2.7073209285736084,2.8692970275878906,1.555100917816162,12609745,0.0666914174778257,3.0555701851844788,-0.005348606338882423,0.042418679525286544
2004-06-24,2.892436981201172,2.938715934753418,2.8692970275878906,2.892436981201172,1.5676422119140625,13614968,0.00803233123586583,3.0405295372009276,-0.0049469897770891315,0.04250991157741126
2004-06-25,2.9155759811401367,2.961854934692383,2.8692970275878906,2.9155759811401367,1.5801827907562256,10344106,0.007967999559079524,3.0208609342575072,-0.00632814668740145,0.041561662712267425
2004-06-28,2.961854934692383,2.961854934692383,2.846158027648926,2.9155759811401367,1.5801827907562256,9350893,0.0,2.9896225810050963,-0.009707811785600299,0.03781345241481115
2004-06-29,2.9155759811401367,2.938715934753418,2.8692970275878906,2.938715934753418,1.5927242040634155,6257056,0.007905336616380477,2.97111097574234,-0.005932879856582427,0.035423585132449045
2004-06-30,2.961854934692383,3.1238319873809814,2.961854934692383,3.0775530338287354,1.6679713726043701,24227004,0.046162082633256815,2.9653261303901672,-0.0018452188366532886,0.03652098941664317
2004-07-01,3.1006920337677,3.1701109409332275,3.0312740802764893,3.0312740802764893,1.642889142036438,44350635,-0.015151792010343503,2.9676400899887083,0.000769249264907824,0.03330828883450924
2004-07-02,2.8230180740356445,2.938715934753418,2.8230180740356445,2.892436981201172,1.5676422119140625,7781084,-0.04688362679837333,2.9525994420051576,-0.004946989777089133,0.030993671621824623
2004-07-05,2.846158027648926,2.9155759811401367,2.7767388820648193,2.7998790740966797,1.5174779891967773,10461276,-0.03252316445654518,2.9306169509887696,-0.0072925843925430115,0.031227589929358215
2004-07-06,2.7998790740966797,2.846158027648926,2.7767388820648193,2.7998790740966797,1.5174779891967773,8253635,0.0,2.90979140996933,-0.006934167569489931,0.03127019951825655
2004-07-07,2.7998790740966797,2.846158027648926,2.7767388820648193,2.7998790740966797,1.5174779891967773,5395574,0.0,2.8901228666305543,-0.0065731479999163915,0.031308378089690364
2004-07-08,2.7998790740966797,2.8692970275878906,2.7998790740966797,2.8230180740356445,1.5300184488296509,4756850,0.008230323246345298,2.8704542756080627,-0.006522651407172666,0.03133260137318942
2004-07-09,2.8230180740356445,2.8692970275878906,2.7998790740966797,2.8692970275878906,1.555100917816162,7195056,0.016260509974333995,2.8588845252990724,-0.0038779130815076086,0.030886359730052923
2004-07-12,2.892436981201172,3.054413080215454,2.892436981201172,2.9155759811401367,1.5801827907562256,18248132,0.016000330794945377,2.8600414752960206,0.0003983999779539704,0.026994270800508847
2004-07-13,2.961854934692383,2.961854934692383,2.8692970275878906,2.892436981201172,1.5676422119140625,7962581,-0.007967999559079524,2.862355422973633,0.000806468426345635,0.02679220387122092
2004-07-14,2.9155759811401367,2.938715934753418,2.8230180740356445,2.8230180740356445,1.5300184488296509,7189005,-0.02429284121019988,2.862355422973633,-3.469446951953614e-18,0.027314088567827428
2004-07-15,2.8230180740356445,2.846158027648926,2.7535998821258545,2.7767388820648193,1.5049360990524292,5897923,-0.016529376553313848,2.8611984133720396,-0.0004149526653484295,0.027508053945730925
2004-07-16,2.8230180740356445,2.846158027648926,2.7535998821258545,2.7535998821258545,1.4923956394195557,8318027,-0.008368071451104448,2.8577275037765504,-0.001244872400220917,0.027483874289488786
2004-07-19,2.7767388820648193,2.7998790740966797,2.684180974960327,2.7304599285125732,1.4798537492752075,6534281,-0.008439036678164884,2.8600414514541628,0.0008547211410454222,0.025022334931390843
2004-07-20,2.7304599285125732,2.7535998821258545,2.545344114303589,2.545344114303589,1.379524827003479,12187880,-0.0702042142203975,2.8530996084213256,-0.002655489569974453,0.029645659862264872
2004-07-21,2.545344114303589,2.637902021408081,2.545344114303589,2.637902021408081,1.4296892881393433,9131571,0.03571805959577937,2.8415298581123354,-0.00420415746407677,0.026471440557174836
2004-07-22,2.591623067855835,2.614763021469116,2.56848406791687,2.614763021469116,1.4171488285064697,3226590,-0.008810441719828059,2.8276461601257323,-0.005046296111861465,0.02632919970715711
2004-07-23,2.637902021408081,2.6610419750213623,2.614763021469116,2.614763021469116,1.4171488285064697,5029972,0.0,2.8126055121421816,-0.00544469608981544,0.02618178067700507
2004-07-26,2.614763021469116,2.684180974960327,2.591623067855835,2.6610419750213623,1.4422309398651123,7238702,0.017544295378988647,2.7998788118362428,-0.004567481320866008,0.026663286455134043
2004-07-27,2.684180974960327,2.7304599285125732,2.6610419750213623,2.7073209285736084,1.4673131704330444,4732907,0.017241792650513933,2.788309061527252,-0.004100658519159335,0.026973086801556086
2004-07-28,2.7304599285125732,2.7535998821258545,2.684180974960327,2.684180974960327,1.4547715187072754,4557142,-0.008583914505964976,2.768640458583832,-0.006837958376120426,0.02424361125439612
2004-07-29,2.7073209285736084,2.7304599285125732,2.6610419750213623,2.684180974960327,1.4547715187072754,3088230,0.0,2.751285803318024,-0.006080368775603249,0.024206849891183088
2004-07-30,2.7073209285736084,2.8230180740356445,2.7073209285736084,2.7304599285125732,1.4798537492752075,10093135,0.01709442282090846,2.7431869506835938,-0.002881466294639161,0.022712117806703253
2004-08-02,2.7304599285125732,2.7535998821258545,2.614763021469116,2.614763021469116,1.4171488285064697,5443073,-0.0432965963444461,2.7339311480522155,-0.0034201378890342067,0.023563927310208354
2004-08-03,2.637902021408081,2.7073209285736084,2.614763021469116,2.6610419750213623,1.4422309398651123,5455124,0.017544295378988647,2.7269892930984496,-0.002542923120084775,0.02402009546782706
2004-08-04,2.637902021408081,2.637902021408081,2.522205114364624,2.545344114303589,1.379524827003479,6491065,-0.04445191325493994,2.714262545108795,-0.004765518782831772,0.025765575877734398
2004-08-05,2.545344114303589,2.614763021469116,2.4990649223327637,2.591623067855835,1.4046071767807007,7908554,0.018018493794115055,2.7026927947998045,-0.004276110255443284,0.02611599833419316
2004-08-06,2.545344114303589,2.637902021408081,2.545344114303589,2.56848406791687,1.392066478729248,6495388,-0.008968478531946048,2.6876521468162538,-0.005537559680757286,0.025677455263495817
2004-08-09,2.522205114364624,2.591623067855835,2.4990649223327637,2.4990649223327637,1.3544427156448364,3221765,-0.027399237191262825,2.666826593875885,-0.007707538080067697,0.025595207774861482
2004-08-10,2.545344114303589,2.56848406791687,2.522205114364624,2.522205114364624,1.3669841289520264,4481618,0.009216933436909972,2.6483150005340574,-0.0068482914302682215,0.02587295108549037
2004-08-11,2.56848406791687,2.591623067855835,2.4990649223327637,2.4990649223327637,1.3544427156448364,5745588,-0.009216933436909982,2.6321173429489138,-0.006094496041603727,0.025555632150624934
2004-08-12,2.522205114364624,2.522205114364624,2.475925922393799,2.4990649223327637,1.3544427156448364,4542235,0.0,2.6182336449623107,-0.005268027213938034,0.025467535055220106
2004-08-13,2.475925922393799,2.545344114303589,2.475925922393799,2.4990649223327637,1.3544427156448364,3759236,0.0,2.6055068969726562,-0.0048496236413828105,0.02548265880890716
2004-08-16,2.522205114364624,2.56848406791687,2.4990649223327637,2.4990649223327637,1.3544427156448364,3943648,0.0,2.5939371466636656,-0.0044276718074745675,0.025489963139247743
2004-08-17,2.522205114364624,2.522205114364624,2.4065070152282715,2.4527859687805176,1.3293604850769043,5054128,-0.018692122211799892,2.589309239387512,-0.0018520672070446865,0.020633738886574323
2004-08-18,2.4527859687805176,2.4527859687805176,2.2815539836883545,2.2815539836883545,1.236556053161621,13378424,-0.07236772603347602,2.571491837501526,-0.007256356488507457,0.024133498543832326
2004-08-19,2.3139491081237793,2.3833680152893066,2.295438051223755,2.3602280616760254,1.2791961431503296,10728473,0.03390146807701461,2.5587650895118714,-0.0051207609986653226,0.025819642938002985
2004-08-20,2.3833680152893066,2.475925922393799,2.3602280616760254,2.4527859687805176,1.3293604850769043,9114285,0.03846625795646158,2.5506662368774413,-0.0031974481008422437,0.027592951660660954
2004-08-23,2.4527859687805176,2.4990649223327637,2.4065070152282715,2.4065070152282715,1.3042782545089722,9412476,-0.01904818375494377,2.537939488887787,-0.005027072057538865,0.027357404527686934
2004-08-24,2.4065070152282715,2.4065070152282715,2.4065070152282715,2.4065070152282715,1.3042782545089722,0,0.0,2.52289879322052,-0.005889161690064561,0.026886338944306552
2004-08-25,2.4065070152282715,2.4065070152282715,2.4065070152282715,2.4065070152282715,1.3042782545089722,0,0.0,2.5090150952339174,-0.005459965964766313,0.02690956156422276
2004-08-26,2.4527859687805176,2.522205114364624,2.4527859687805176,2.4990649223327637,1.3544427156448364,14540072,0.037740305966743805,2.499759292602539,-0.003572950666429123,0.028583765451086724
2004-08-27,2.545344114303589,2.614763021469116,2.4990649223327637,2.56848406791687,1.392066478729248,18505153,0.02739923719126267,2.491660499572754,-0.0030577099479114113,0.02906474436382796
2004-08-30,2.545344114303589,2.591623067855835,2.522205114364624,2.545344114303589,1.379524827003479,10387000,-0.009050015262169007,2.4881895542144776,-0.0013453808937975566,0.027538037103263396
2004-08-31,2.545344114303589,2.6610419750213623,2.522205114364624,2.545344114303589,1.379524827003479,17599775,0.0,2.482404661178589,-0.002222595662746989,0.027181772460269062
2004-09-01,2.56848406791687,2.591623067855835,2.522205114364624,2.545344114303589,1.379524827003479,9237451,0.0,2.482404661178589,7.979727989493312e-18,0.025299211933983365
2004-09-02,2.545344114303589,2.614763021469116,2.4990649223327637,2.614763021469116,1.4171488285064697,13036558,0.026907617875951403,2.483561658859253,0.0004444562040918254,0.025707213118351023
2004-09-03,2.637902021408081,2.7304599285125732,2.591623067855835,2.637902021408081,1.4296892881393433,17403142,0.008810441719828027,2.4870325565338134,0.0013334022166805292,0.025671956021034552
2004-09-06,2.6610419750213623,2.6610419750213623,2.545344114303589,2.591623067855835,1.4046071767807007,5878809,-0.01769956580166428,2.491660463809967,0.0018183857861604562,0.025187635141034698
2004-09-07,2.56848406791687,2.637902021408081,2.545344114303589,2.56848406791687,1.392066478729248,11046047,-0.008968478531946048,2.4939744114875793,0.0009091151877176554,0.025234692900650644
2004-09-08,2.591623067855835,2.7304599285125732,2.591623067855835,2.7304599285125732,1.4798537492752075,16297024,0.06115419895822842,2.50554416179657,0.004427671807474576,0.028449709307599762
2004-09-09,2.8692970275878906,2.892436981201172,2.7767388820648193,2.7767388820648193,1.5049360990524292,34500240,0.016807108129269235,2.5194278597831725,0.005268027213938037,0.028560052572447977
2004-09-10,2.7998790740966797,2.8230180740356445,2.684180974960327,2.7304599285125732,1.4798537492752075,14864200,-0.01680710812926928,2.530997610092163,0.004427671807474573,0.028967578066184645
2004-09-13,2.7767388820648193,2.8230180740356445,2.7535998821258545,2.7767388820648193,1.5049360990524292,17647317,0.016807108129269235,2.544881308078766,0.005268027213938035,0.029075956085304677
2004-09-14,2.8230180740356445,2.892436981201172,2.7767388820648193,2.7998790740966797,1.5174779891967773,15034897,0.008299053306968496,2.562235963344574,0.006617585989876454,0.02852652081290731
2004-09-15,2.7998790740966797,2.7998790740966797,2.7304599285125732,2.7535998821258545,1.4923956394195557,6713846,-0.016667124758073016,2.585838258266449,0.009402616053646605,0.02248959501421267
2004-09-16,2.684180974960327,2.7304599285125732,2.637902021408081,2.684180974960327,1.4547715187072754,10286739,-0.025533459499073353,2.602035903930664,0.006430869674842206,0.023002935611199062
2004-09-17,2.684180974960327,2.7073209285736084,2.4990649223327637,2.4990649223327637,1.3544427156448364,14187860,-0.07145901332858272,2.6043498516082764,0.0009346061105899916,0.02761574245597972
2004-09-20,2.4990649223327637,2.545344114303589,2.3602280616760254,2.3833680152893066,1.2917373180389404,17373109,-0.04740201103862561,2.603192901611328,-0.0004830852535941003,0.029367790346642966
2004-09-21,2.3833680152893066,2.4527859687805176,2.3602280616760254,2.4296469688415527,1.316819429397583,10173080,0.019231346684563836,2.604349899291992,0.00047848208063409144,0.02969742883391198
2004-09-22,2.4527859687805176,2.591623067855835,2.4527859687805176,2.591623067855835,1.4046071767807007,16327103,0.06453838007727068,2.6136057019233703,0.0037054010844976256,0.03296887668588134
2004-09-23,2.545344114303589,2.614763021469116,2.545344114303589,2.56848406791687,1.392066478729248,7498522,-0.008968478531946048,2.6170766592025756,0.0013699618595631327,0.03207323586268862
2004-09-24,2.56848406791687,2.56848406791687,2.522205114364624,2.522205114364624,1.3669841289520264,5922252,-0.01818230375435285,2.614762711524963,-0.0009091151877176432,0.03174407593963447
2004-09-27,2.4990649223327637,2.522205114364624,2.475925922393799,2.4990649223327637,1.3544427156448364,3169904,-0.009216933436909982,2.612448751926422,-0.0009174610964546922,0.03174635079312257
2004-09-28,2.4990649223327637,2.4990649223327637,2.4990649223327637,2.4990649223327637,1.3544427156448364,0,0.0,2.610134792327881,-0.0009174610964546922,0.03174635079312257
2004-09-29,2.522205114364624,2.545344114303589,2.4296469688415527,2.4527859687805176,1.3293604850769043,6868558,-0.018692122211799892,2.605506885051727,-0.0018520672070446865,0.03199211420612956
2004-09-30,2.4990649223327637,2.4990649223327637,2.4527859687805176,2.4990649223327637,1.3544427156448364,4589986,0.018692122211800007,2.59972198009491,-0.0022628419902522563,0.03165436826139863
2004-10-01,2.4990649223327637,2.4990649223327637,2.4296469688415527,2.4990649223327637,1.3544427156448364,4412275,0.0,2.592780125141144,-0.002703364076243658,0.03155329928376043
2004-10-04,2.522205114364624,2.591623067855835,2.4990649223327637,2.56848406791687,1.392066478729248,9118606,0.02739923719126267,2.5916231751441954,-0.00044842392659731037,0.03203303282996919
2004-10-05,2.56848406791687,2.591623067855835,2.545344114303589,2.545344114303589,1.379524827003479,7180405,-0.009050015262169007,2.5904661774635316,-0.0004525007631084583,0.03203417941417041
2004-10-06,2.545344114303589,2.637902021408081,2.522205114364624,2.545344114303589,1.379524827003479,11616889,0.0,2.5812103867530825,-0.0035102107110198794,0.028576224814124623
2004-10-07,2.56848406791687,2.637902021408081,2.545344114303589,2.56848406791687,1.392066478729248,8236781,0.009050015262169078,2.5707976460456847,-0.0038980653543748875,0.028337597375286096
2004-10-08,2.56848406791687,2.591623067855835,2.545344114303589,2.591623067855835,1.4046071767807007,7096091,0.008968478531945956,2.563855803012848,-0.0026092860213141255,0.02830571320227614
2004-10-11,2.591623067855835,2.7535998821258545,2.591623067855835,2.7535998821258545,1.4923956394195557,18115815,0.06062475710444721,2.5626988530159,-0.000418403572555227,0.031412872929518054
2004-10-12,2.7998790740966797,2.8230180740356445,2.7073209285736084,2.7073209285736084,1.4673131704330444,25276419,-0.016949544993108363,2.558070945739746,-0.0016808334875590698,0.031551139043955255
2004-10-13,2.892436981201172,2.892436981201172,2.892436981201172,2.892436981201172,1.5676422119140625,11763834,0.0661398342077267,2.565012800693512,0.002459514460730916,0.034751915920209174
2004-10-14,2.984994888305664,2.984994888305664,2.7767388820648193,2.8692970275878906,1.555100917816162,50037130,-0.008032331235865874,2.57426860332489,0.00333457087389129,0.03422631743868815
2004-10-15,2.8230180740356445,2.846158027648926,2.7073209285736084,2.7767388820648193,1.5049360990524292,20361719,-0.032789886527647895,2.588152301311493,0.005268027213938033,0.030688165402102164
2004-10-18,2.8230180740356445,2.961854934692383,2.7998790740966797,2.961854934692383,1.6052653789520264,47863178,0.06453856406897096,2.617076647281647,0.01086505596931786,0.030784339329374282
2004-10-19,3.008133888244629,3.0312740802764893,2.892436981201172,2.892436981201172,1.5676422119140625,30374293,-0.023716346305457128,2.6402161478996278,0.008717671319816812,0.031655621232982246
2004-10-20,2.8692970275878906,3.0775530338287354,2.8692970275878906,3.0775530338287354,1.6679713726043701,67063827,0.06203541880871693,2.664512646198273,0.008592523256389126,0.03142744876999683
2004-10-21,3.1238319873809814,3.2163898944854736,3.054413080215454,3.0775530338287354,1.6679713726043701,44570183,0.0,2.689966094493866,0.009040947182986429,0.031227035502629775
2004-10-22,3.0775530338287354,3.1238319873809814,2.984994888305664,3.054413080215454,1.6554298400878906,24183753,-0.007547355293691159,2.7165764927864076,0.009572694606019514,0.030827054471501816
2004-10-25,3.054413080215454,3.054413080215454,3.054413080215454,3.054413080215454,1.6554298400878906,0,0.0,2.744343900680542,0.010033541277865012,0.030599430014745903
2004-10-26,3.0312740802764893,3.1469709873199463,2.961854934692383,3.0312740802764893,1.642889142036438,24410151,-0.007604436716652432,2.770954358577728,0.009653319442032389,0.030777394448378823
2004-10-27,3.054413080215454,3.1006920337677,2.961854934692383,2.984994888305664,1.6178067922592163,20817219,-0.01538498529815644,2.7975648045539856,0.009818676287714562,0.03062559812999092
2004-10-28,3.054413080215454,3.054413080215454,2.7998790740966797,2.8230180740356445,1.5300184488296509,25290088,-0.0557914827104168,2.8137624621391297,0.006094496041603722,0.033848876609405436
2004-10-29,2.8230180740356445,2.8692970275878906,2.7767388820648193,2.7998790740966797,1.5174779891967773,14414961,-0.008230323246345329,2.8288031697273253,0.005682979879286456,0.03397665852134888
2004-11-01,2.7998790740966797,2.8230180740356445,2.7073209285736084,2.7304599285125732,1.4798537492752075,8713161,-0.025106161436237853,2.8369019627571106,0.0030577099479114295,0.03423785816922731
2004-11-02,2.7767388820648193,2.892436981201172,2.7535998821258545,2.8692970275878906,1.555100917816162,15409218,0.049596994656917213,2.8530996084213256,0.0059900604438657395,0.03562946897631302
2004-11-03,2.8692970275878906,2.9155759811401367,2.846158027648926,2.892436981201172,1.5676422119140625,13642380,0.00803233123586583,2.870454251766205,0.0063916770056590315,0.03560365612491263
2004-11-04,2.9155759811401367,2.938715934753418,2.8230180740356445,2.8230180740356445,1.5300184488296509,11426349,-0.02429284121019988,2.8831809520721436,0.004724534182040584,0.03624744771539533
2004-11-05,2.892436981201172,2.961854934692383,2.8692970275878906,2.892436981201172,1.5676422119140625,17909985,0.02429284121019993,2.8982216477394105,0.005490752315953282,0.03650294697797089
2004-11-08,2.938715934753418,2.984994888305664,2.892436981201172,2.961854934692383,1.6052653789520264,13751593,0.023716346305457093,2.908634400367737,0.0036453317760037768,0.0344438061625643
2004-11-09,2.961854934692383,2.961854934692383,2.9155759811401367,2.9155759811401367,1.5801827907562256,7424750,-0.015748346746377553,2.9190471529960633,0.0037053916883403168,0.0344070322906562
2004-11-10,2.938715934753418,3.008133888244629,2.9155759811401367,2.961854934692383,1.6052653789520264,13404650,0.01574834674637759,2.922518050670624,0.001185817315272861,0.03129910172189232
2004-11-11,2.9155759811401367,2.961854934692383,2.892436981201172,2.892436981201172,1.5676422119140625,6176432,-0.023716346305457128,2.9236750483512877,0.0004016165617932983,0.03173565625203354
2004-11-12,2.9155759811401367,2.938715934753418,2.8692970275878906,2.892436981201172,1.5676422119140625,6851364,0.0,2.9294599533081054,0.0020411108881756928,0.030762769931063205
2004-11-15,2.9155759811401367,2.961854934692383,2.8692970275878906,2.8692970275878906,1.555100917816162,8837701,-0.008032331235865874,2.924832057952881,-0.0015874338770661487,0.027060194209705346
2004-11-16,2.8692970275878906,2.892436981201172,2.7767388820648193,2.8230180740356445,1.5300184488296509,7488789,-0.016260509974333988,2.9213611125946044,-0.0012146420605099917,0.02678929384031833
2004-11-17,2.846158027648926,2.892436981201172,2.8230180740356445,2.8692970275878906,1.555100917816162,6767650,0.016260509974333995,2.9109483122825623,-0.0035033875022291382,0.02275233088063453
2004-11-18,2.8692970275878906,3.008133888244629,2.8692970275878906,2.9155759811401367,1.5801827907562256,15639923,0.016000330794945377,2.9028494596481322,-0.0027033709624818695,0.02315965573746841
2004-11-19,2.938715934753418,2.984994888305664,2.892436981201172,2.9155759811401367,1.5801827907562256,9222543,0.0,2.8959076046943664,-0.002326003197797312,0.023138051736941608
2004-11-22,2.9155759811401367,2.938715934753418,2.8692970275878906,2.8692970275878906,1.555100917816162,7552021,-0.016000330794945422,2.886651802062988,-0.003126019737544583,0.023329217890794236
2004-11-23,2.892436981201172,2.9155759811401367,2.846158027648926,2.892436981201172,1.5676422119140625,4014780,0.00803233123586583,2.8797099471092222,-0.0023441813399186695,0.02343302089015899
2004-11-24,2.9155759811401367,3.008133888244629,2.892436981201172,3.008133888244629,1.630347490310669,22329534,0.03922052293417639,2.880866897106171,0.00038609407169797153,0.0249647086586183
2004-11-25,3.1006920337677,3.2163898944854736,3.0312740802764893,3.2163898944854736,1.743217945098877,47099119,0.06693966399907696,2.900535488128662,0.006522651407172658,0.02550728245662701
2004-11-26,3.2163898944854736,3.2395288944244385,3.008133888244629,3.008133888244629,1.630347490310669,41824381,-0.06693966399907696,2.9109482288360597,0.003587184369536078,0.030234634981877315
2004-11-29,3.008133888244629,3.054413080215454,2.938715934753418,2.961854934692383,1.6052653789520264,15406605,-0.015504176628719356,2.92251797914505,0.0040672836099120025,0.029828538050951016
2004-11-30,2.961854934692383,3.008133888244629,2.938715934753418,2.961854934692383,1.6052653789520264,12403038,0.0,2.9271458745002747,0.0015874338770661422,0.027839471294202126
2004-12-01,2.961854934692383,2.984994888305664,2.938715934753418,2.961854934692383,1.6052653789520264,7147088,0.0,2.9306167721748353,0.0011858173152728506,0.027799511926771818
2004-12-02,2.984994888305664,3.1238319873809814,2.984994888305664,3.0312740802764893,1.642889142036438,20944188,0.02316728049291615,2.9410295724868774,0.0035588234004286525,0.0275345179820153
2004-12-03,3.054413080215454,3.1006920337677,3.008133888244629,3.0312740802764893,1.642889142036438,8988971,0.0,2.947971427440643,0.0023441813399186556,0.02710418743361379
2004-12-06,3.0775530338287354,3.1701109409332275,3.0312740802764893,3.1006920337677,1.680512547492981,20225154,0.02264230359591282,2.954913282394409,0.0022904792044414423,0.027060642624445214
2004-12-07,3.1469709873199463,3.1701109409332275,3.1006920337677,3.1006920337677,1.680512547492981,15780371,0.0,2.9641690850257874,0.00307789654176032,0.026735286891013052
2004-12-08,3.1006920337677,3.1006920337677,3.054413080215454,3.0775530338287354,1.6679713726043701,7305916,-0.007490511585569364,2.969953989982605,0.001915953625162972,0.0266605212300295
2004-12-09,3.0775530338287354,3.1469709873199463,3.054413080215454,3.0775530338287354,1.6679713726043701,9224486,0.0,2.9792097926139833,0.0031017709404358284,0.02597915893186681
2004-12-10,3.1006920337677,3.1006920337677,3.054413080215454,3.0775530338287354,1.6679713726043701,7407247,0.0,2.988465595245361,0.0031017709404358284,0.02597915893186681
2004-12-13,3.1238319873809814,3.2858080863952637,3.1238319873809814,3.1701109409332275,1.7181355953216553,46163487,0.029631772725437946,3.003506290912628,0.00498497613850102,0.02648968101416911
2004-12-14,3.1932499408721924,3.2163898944854736,3.1238319873809814,3.1469709873199463,1.7055946588516235,11770624,-0.007326185531617522,3.0197039365768434,0.0054316923606368426,0.02618613907982512
2004-12-15,3.1701109409332275,3.308948040008545,3.1701109409332275,3.262669086456299,1.7683002948760986,33507639,0.036105199687118394,3.0393725395202638,0.006423926846276062,0.026981937324184416
2004-12-16,3.308948040008545,3.355226993560791,3.262669086456299,3.308948040008545,1.7933827638626099,26997126,0.014084727617452908,3.059041142463684,0.006328146687401439,0.026949534487385667
2004-12-17,3.3320870399475098,3.401505947113037,3.262669086456299,3.308948040008545,1.7933827638626099,30318287,0.0,3.0787097454071044,0.006328146687401439,0.026949534487385667
2004-12-20,3.2395288944244385,3.308948040008545,3.1932499408721924,3.262669086456299,1.7683002948760986,18332287,-0.014084727617452886,3.0983783483505247,0.0064239268462760665,0.02686928575880532
2004-12-21,3.2858080863952637,3.355226993560791,3.262669086456299,3.308948040008545,1.7933827638626099,16062006,0.014084727617452908,3.1192039012908936,0.006726546665355419,0.026922384694618606
2004-12-22,3.355226993560791,3.4940640926361084,3.3320870399475098,3.424644947052002,1.8560879230499268,48947389,0.03436747505670854,3.140029454231262,0.0064838942714820266,0.026634431593776674
2004-12-23,3.378365993499756,3.401505947113037,3.2163898944854736,3.2858080863952637,1.7808414697647095,28591802,-0.041385186746595255,3.143500363826752,0.001067651734198417,0.024632350508452
2004-12-24,3.2858080863952637,3.378365993499756,3.2858080863952637,3.3320870399475098,1.8059237003326416,19492642,0.013986231896947497,3.159698021411896,0.0051139465289996395,0.018838295023841767
2004-12-27,3.355226993560791,3.401505947113037,3.308948040008545,3.3320870399475098,1.8059237003326416,9848959,0.0,3.178209626674652,0.005889155360435608,0.01825516841106217
2004-12-28,3.3320870399475098,3.355226993560791,3.308948040008545,3.308948040008545,1.7933827638626099,7897750,-0.006968520207060886,3.1955642819404604,0.005540729350082563,0.01843906316414384
2004-12-29,3.3320870399475098,3.447784900665283,3.3320870399475098,3.447784900665283,1.8686295747756958,29633311,0.04110164086814817,3.219860780239105,0.007595811393489972,0.02001235599799146
2004-12-30,3.4940640926361084,3.6329009532928467,3.447784900665283,3.470923900604248,1.8811702728271484,50654183,0.006688845238237011,3.241843271255493,0.006771889630756015,0.019673878561615663
2004-12-31,3.470923900604248,3.4940640926361084,3.401505947113037,3.424644947052002,1.8560879230499268,18011145,-0.013423011049676492,3.261511814594269,0.00610073907827219,0.02014047393803701
2005-01-03,3.470923900604248,3.6560399532318115,3.470923900604248,3.6560399532318115,1.9814999103546143,63529896,0.06538278041276988,3.289279210567474,0.008237762919115044,0.02390390275192187
2005-01-04,3.6560399532318115,3.6560399532318115,3.5172030925750732,3.5634820461273193,1.931335210800171,33166819,-0.025642411981267314,3.3124187111854555,0.006955642320051678,0.025030154043569466
2005-01-05,3.4940640926361084,3.5634820461273193,3.470923900604248,3.470923900604248,1.8811702728271484,19887694,-0.02631735738182587,3.332087254524231,0.0060143000302388516,0.025939547390662385
2005-01-06,3.470923900604248,3.5403430461883545,3.447784900665283,3.5403430461883545,1.9187941551208496,21672908,0.019802815857591822,3.355226755142212,0.007004440823118444,0.02607548359130602
2005-01-07,3.5866219997406006,3.6791799068450928,3.5634820461273193,3.5866219997406006,1.9438762664794922,57455877,0.01298718423050628,3.380680203437805,0.007653800034643758,0.026053572060994408
2005-01-10,3.6097609996795654,3.6560399532318115,3.470923900604248,3.5172030925750732,1.9062527418136597,30394564,-0.019544714589851856,3.3980348110198975,0.005194975668879267,0.026190391261882374
2005-01-11,3.5634820461273193,3.6329009532928467,3.5634820461273193,3.6097609996795654,1.956417441368103,46145518,0.025975467284015962,3.4211743116378783,0.006860058309660941,0.026410120313507108
2005-01-12,3.5172030925750732,3.5866219997406006,3.378365993499756,3.378365993499756,1.8310058116912842,30046205,-0.06624940635093929,3.4269591569900513,0.0017423280077580572,0.03010358162325914
2005-01-13,3.378365993499756,3.401505947113037,3.2163898944854736,3.308948040008545,1.7933827638626099,21704285,-0.020761832537708063,3.4269591569900513,8.847089727481716e-18,0.03035897091073189
2005-01-14,3.2858080863952637,3.4940640926361084,3.262669086456299,3.4940640926361084,1.8937121629714966,40758748,0.054435228982010336,3.4362149596214295,0.0027217614491005255,0.03270820726476552
2005-01-17,3.5634820461273193,3.5634820461273193,3.424644947052002,3.447784900665283,1.8686295747756958,24183584,-0.013333588113862198,3.4454707503318787,0.0027593184242800596,0.032688318846613426
2005-01-18,3.4940640926361084,3.4940640926361084,3.424644947052002,3.424644947052002,1.8560879230499268,11892301,-0.006734165811439615,3.4512555956840516,0.0017183737528354338,0.03264013321107707
2005-01-19,3.447784900665283,3.447784900665283,3.355226993560791,3.355226993560791,1.8184648752212524,9383059,-0.0204783748220026,3.447784698009491,-0.001023918741100123,0.03205137002868526
2005-01-20,3.3320870399475098,3.401505947113037,3.2858080863952637,3.308948040008545,1.7933827638626099,11171242,-0.013889100234705958,3.448941695690155,0.0003508855844943417,0.03079404871995896
2005-01-21,3.308948040008545,3.355226993560791,3.2395288944244385,3.2395288944244385,1.7557592391967773,10541109,-0.02120240991279353,3.4443137884140014,-0.0014085465059927096,0.030978689744037276
2005-01-24,3.262669086456299,3.262669086456299,3.0312740802764893,3.0312740802764893,1.642889142036438,26287420,-0.06644489659594176,3.4292731404304506,-0.004730791335789798,0.034213648986509596
2005-01-25,3.008133888244629,3.0775530338287354,2.8692970275878906,2.9155759811401367,1.5801827907562256,19401521,-0.03891562723929374,3.40960453748703,-0.006328146687401439,0.03505894769439744
2005-01-26,2.961854934692383,3.008133888244629,2.938715934753418,3.008133888244629,1.630347490310669,9687763,0.03125252337509691,3.387621986865997,-0.0068206025620540026,0.03442102953775697
2005-01-27,3.0312740802764893,3.0312740802764893,2.938715934753418,2.961854934692383,1.6052653789520264,7940971,-0.015504176628719356,3.362168538570404,-0.007930253655401821,0.03432017281736848
2005-01-28,2.984994888305664,3.1006920337677,2.984994888305664,3.1006920337677,1.680512547492981,18522440,0.04580958408882913,3.345970892906189,-0.004968623898476541,0.0363187538497012
2005-01-31,3.1006920337677,3.1006920337677,3.0312740802764893,3.054413080215454,1.6554298400878906,13171691,-0.015037866879260512,3.3158895492553713,-0.00898965626307806,0.03235549354055634
2005-02-01,3.0775530338287354,3.1006920337677,2.984994888305664,2.984994888305664,1.6178067922592163,10326718,-0.022989422014808806,3.2869651913642883,-0.008857006764755133,0.03228899807178276
2005-02-02,3.008133888244629,3.054413080215454,2.984994888305664,3.0312740802764893,1.642889142036438,8004466,0.015384985298156479,3.2649827003479004,-0.006771889630756017,0.03244822969736766
2005-02-03,3.054413080215454,3.0775530338287354,3.008133888244629,3.0312740802764893,1.642889142036438,10017703,0.0,3.239529252052307,-0.007762030423635609,0.03189200571414802
2005-02-04,3.0312740802764893,3.0312740802764893,3.0312740802764893,3.0312740802764893,1.642889142036438,0,0.0,3.2117618560791015,-0.008411389635160922,0.0315779623361607
2005-02-07,3.0312740802764893,3.0312740802764893,3.0312740802764893,3.0312740802764893,1.642889142036438,0,0.0,3.1874654054641725,-0.007434153905668329,0.03151765349801975
2005-02-08,3.0312740802764893,3.0312740802764893,3.0312740802764893,3.0312740802764893,1.642889142036438,0,0.0,3.1585410594940186,-0.008732927269869127,0.030590000748117976
2005-02-09,3.0312740802764893,3.0312740802764893,3.0312740802764893,3.0312740802764893,1.642889142036438,0,0.0,3.141186463832855,-0.005420456952322163,0.027460866155650392
2005-02-10,3.0312740802764893,3.0312740802764893,3.0312740802764893,3.0312740802764893,1.642889142036438,0,0.0,3.1273027658462524,-0.004382365325436759,0.027241952065611353
2005-02-11,3.0312740802764893,3.0312740802764893,3.0312740802764893,3.0312740802764893,1.642889142036438,0,0.0,3.1041632652282716,-0.007104126774537275,0.023521424850067665
2005-02-14,3.1006920337677,3.1006920337677,3.0312740802764893,3.0312740802764893,1.642889142036438,7982022,0.0,3.083337724208832,-0.006437447368844167,0.02352452730396095
2005-02-15,3.0312740802764893,3.0775530338287354,2.961854934692383,2.984994888305664,1.6178067922592163,7708247,-0.01538498529815644,3.0613552212715147,-0.0068699883431800075,0.023609646636707855
2005-02-16,2.984994888305664,3.008133888244629,2.9155759811401367,2.938715934753418,1.5927242040634155,9482856,-0.015625305324756908,3.0405296683311462,-0.006627334868317724,0.02348704306925935
2005-02-17,2.938715934753418,2.984994888305664,2.892436981201172,2.892436981201172,1.5676422119140625,9677674,-0.01587333617545997,3.0197041153907778,-0.0067265466653554234,0.023523494520797043
2005-02-18,2.9155759811401367,2.984994888305664,2.892436981201172,2.984994888305664,1.6178067922592163,11358769,0.03149864150021685,3.006977415084839,-0.004091494094704905,0.024737022591826797
2005-02-21,3.008133888244629,3.1006920337677,2.938715934753418,3.1006920337677,1.680512547492981,19418311,0.03802728889406933,3.0104483127593995,0.001132115179795649,0.021724117870024543
2005-02-22,3.1006920337677,3.1238319873809814,3.0312740802764893,3.0775530338287354,1.6679713726043701,12087331,-0.007490511585569364,3.018547165393829,0.0027033709624818677,0.019719026041070925
2005-02-23,3.054413080215454,3.0775530338287354,2.984994888305664,3.0312740802764893,1.642889142036438,8430601,-0.015151792010343503,3.0197041749954225,0.0003831551932098472,0.018895898314529997
2005-02-24,3.054413080215454,3.1006920337677,3.008133888244629,3.0312740802764893,1.642889142036438,10505261,0.0,3.023175132274628,0.001158364024645815,0.018524187616228406
2005-02-25,3.054413080215454,3.1006920337677,3.008133888244629,3.054413080215454,1.6554298400878906,15441438,0.007604436716652442,3.0208611845970155,-0.0007518933439630195,0.015380445113036417
2005-02-28,3.054413080215454,3.054413080215454,3.054413080215454,3.054413080215454,1.6554298400878906,0,0.0,3.0208611845970155,6.114900252818245e-18,0.015008371659217654
2005-03-01,3.1006920337677,3.211761951446533,3.0775530338287354,3.1469709873199463,1.7055946588516235,27622077,0.029852942487511684,3.0289599895477295,0.0026421182251160306,0.015394534323380116
2005-03-02,3.211761951446533,3.230273962020874,3.1701109409332275,3.2071340084075928,1.73820161819458,21278742,0.018937307173009118,3.0377529859542847,0.0028197343188586625,0.01556880082883726
2005-03-03,3.230273962020874,3.318203926086426,3.2071340084075928,3.2395288944244385,1.7557592391967773,19777556,0.01005021021876863,3.048165726661682,0.003322244829797094,0.015635051999560456
2005-03-04,3.2395288944244385,3.27655291557312,3.197877883911133,3.2025060653686523,1.735693335533142,13319864,-0.011494267541767599,3.0567273259162904,0.002747531452708714,0.015971237285856883
2005-03-07,3.2395288944244385,3.355226993560791,3.2395288944244385,3.290436029434204,1.7833497524261475,23035608,0.02708643900362852,3.069685423374176,0.0041018534028901404,0.016850234608979702
2005-03-08,3.3274600505828857,3.3274600505828857,3.128459930419922,3.1469709873199463,1.7055946588516235,14509950,-0.04457968885363864,3.075470268726349,0.0018728689602082083,0.020063553816752202
2005-03-09,3.1932499408721924,3.1932499408721924,3.1469709873199463,3.183995008468628,1.725661039352417,7958603,0.01169630140388848,3.083106315135956,0.0024576840304026326,0.02017623622626568
2005-03-10,3.183995008468628,3.183995008468628,3.054413080215454,3.054413080215454,1.6554298400878906,10962142,-0.041549243891399947,3.084263265132904,0.00038022183583263474,0.022453205336558493
2005-03-11,3.1006920337677,3.1238319873809814,3.0775530338287354,3.0914371013641357,1.6754961013793945,7206709,0.012048607742967687,3.0872714161872863,0.0009826522229810192,0.022603598201490077
2005-03-14,3.054413080215454,3.1423439979553223,3.054413080215454,3.128459930419922,1.6955618858337402,11251146,0.01190478431304348,3.092130708694458,0.0015778914386331932,0.022732739607236707
2005-03-15,3.128459930419922,3.1423439979553223,2.9109489917755127,2.961854934692383,1.6052653789520264,13089001,-0.054725109265579844,3.090973711013794,-0.0003891147597379768,0.025776037407659963
2005-03-16,2.961854934692383,3.008133888244629,2.961854934692383,2.9664831161499023,1.6077736616134644,6780103,0.001561376007265166,3.092362070083618,0.00047021930686312683,0.025526633969989686
2005-03-17,2.938715934753418,2.994251012802124,2.920203924179077,2.920203924179077,1.5826914310455322,6668251,-0.015723664305864044,3.0937504172325134,0.0004777029003429233,0.02552161182780519
2005-03-18,2.938715934753418,2.9711110591888428,2.9155759811401367,2.938715934753418,1.5927242040634155,5350593,0.006319278168601684,3.091436469554901,-0.000781265266237835,0.024511894093107302
2005-03-21,2.9664831161499023,3.054413080215454,2.9664831161499023,3.008133888244629,1.630347490310669,9510588,0.02334718675871645,3.0868085622787476,-0.0015152703730054791,0.023486983113580023
2005-03-22,3.054413080215454,3.054413080215454,2.961854934692383,2.9711110591888428,1.6102818250656128,5762026,-0.012383938954774508,3.081486463546753,-0.0017599417414657364,0.02357781775022692
2005-03-23,2.961854934692383,3.0359020233154297,2.961854934692383,2.9711110591888428,1.6102818250656128,8818012,0.0,3.0784783124923707,-0.0010023521409485612,0.02336735600728016
2005-03-24,2.975739002227783,2.9988789558410645,2.947972059249878,2.947972059249878,1.597740650177002,4276957,-0.007818480446086748,3.07431321144104,-0.0013932761632528985,0.02341505551662032
2005-03-25,2.961854934692383,2.994251012802124,2.957227945327759,2.975739002227783,1.612790584564209,4825705,0.009374915844796234,3.0703795075416567,-0.0013047522068457091,0.023454177121309792
2005-03-28,3.183995008468628,3.183995008468628,3.183995008468628,3.183995008468628,1.725661039352417,9949828,0.06764428802831438,3.076858603954315,0.00207746219457001,0.028074478342815613
2005-03-29,3.2395288944244385,3.27655291557312,3.1469709873199463,3.165482997894287,1.715627908706665,44520651,-0.005831050366101953,3.077784204483032,0.00029326255188932794,0.027340687097517764
2005-03-30,3.165482997894287,3.211761951446533,3.063668966293335,3.096065044403076,1.6780046224594116,14863311,-0.0221736852418807,3.0722307562828064,-0.001762287068855163,0.02741053188561109
2005-03-31,3.1006920337677,3.1701109409332275,3.054413080215454,3.054413080215454,1.6554298400878906,12509821,-0.013544508283417333,3.0629749655723573,-0.0029420229939644614,0.02738310852208061
2005-04-01,3.082180976867676,3.0914371013641357,2.961854934692383,3.008133888244629,1.630347490310669,12043069,-0.015267540580849318,3.053256356716156,-0.003130686645918547,0.027458028863029865
2005-04-04,2.9664831161499023,3.008133888244629,2.9664831161499023,2.9711110591888428,1.6102818250656128,3966425,-0.012383938954774508,3.037290108203888,-0.005104205543838699,0.02657618254117824
2005-04-05,2.9711110591888428,2.9711110591888428,2.9711110591888428,2.9711110591888428,1.6102818250656128,0,0.0,3.028497111797333,-0.002875221101156767,0.02490819754043743
2005-04-06,2.9711110591888428,3.0775530338287354,2.9664831161499023,2.984994888305664,1.6178067922592163,8072776,0.004662057520814844,3.0185471057891844,-0.0032269332953104484,0.02474071336791739
2005-04-07,3.008133888244629,3.0127620697021484,2.9248321056365967,2.938715934753418,1.5927242040634155,7846835,-0.015625305324756908,3.0127622485160828,-0.0019307363669782967,0.023262204121405228
2005-04-08,2.947972059249878,3.003506898880005,2.947972059249878,2.9526000022888184,1.6002494096755981,5290853,0.004713409835109682,3.005820393562317,-0.002297496262371197,0.023087368421219782
2005-04-11,2.9526000022888184,2.984994888305664,2.850785970687866,2.873924970626831,1.5576093196868896,7023055,-0.027007457830691143,2.9930936455726624,-0.0042431083695579274,0.02346405350346737
2005-04-12,2.8692970275878906,2.8878090381622314,2.846158027648926,2.860042095184326,1.5500848293304443,4730007,-0.004842337742984801,2.9880030035972593,-0.0017489697934281755,0.02024609961929673
2005-04-13,2.873924970626831,2.892436981201172,2.850785970687866,2.8692970275878906,1.555100917816162,4647464,0.0032307183272404193,2.983143699169159,-0.0016655026774294128,0.020263898434310725
2005-04-14,2.8878090381622314,2.929460048675537,2.8692970275878906,2.901693105697632,1.572658658027649,7339467,0.01122733453456628,2.982218158245087,-0.00031795273540789683,0.020175756088935494
2005-04-15,2.873924970626831,2.8878090381622314,2.7906229496002197,2.846158027648926,1.5425599813461304,8994863,-0.019324371825613362,2.977590262889862,-0.0016001352351186493,0.020543244291970807
2005-04-18,2.7906229496002197,2.7906229496002197,2.647157907485962,2.647157907485962,1.4347058534622192,10948920,-0.07248344762508199,2.9595414638519286,-0.006391666954308571,0.025090753603187244
2005-04-19,2.647157907485962,2.6749260425567627,2.5962510108947754,2.637902021408081,1.4296892881393433,7095548,-0.0035026643654062885,2.9428810119628905,-0.0059476032248401605,0.02505768877847124
2005-04-20,2.6610419750213623,2.7304599285125732,2.6610419750213623,2.684180974960327,1.4547715187072754,7315305,0.01739173180370955,2.928534507751465,-0.005078016634654682,0.02557146284656713
2005-04-21,2.6610419750213623,2.860042095184326,2.637902021408081,2.836901903152466,1.5375432968139648,6696341,0.055336933390911426,2.9229809999465943,-0.0019202459428047734,0.028898297400218154
2005-04-22,2.8646700382232666,2.892436981201172,2.7859950065612793,2.7859950065612793,1.5099529027938843,8383964,-0.018107494536315133,2.913493800163269,-0.0032943664618603416,0.02898620584201705
2005-04-25,2.7767388820648193,2.8230180740356445,2.7721118927001953,2.7998790740966797,1.5174779891967773,3746839,0.00497114540255011,2.8942880034446716,-0.006428023593148554,0.023845370618098185
2005-04-26,2.8230180740356445,2.892436981201172,2.79525089263916,2.850785970687866,1.545068383216858,5601233,0.01801850702327061,2.8785531520843506,-0.005235545723679927,0.024465086521017962
2005-04-27,2.850785970687866,2.850785970687866,2.781367063522339,2.781367063522339,1.5074448585510254,2387709,-0.024652179147327338,2.862818253040314,-0.005359470418952258,0.0245614874482125
2005-04-28,2.7998790740966797,2.850785970687866,2.7998790740966797,2.850785970687866,1.545068383216858,5138615,0.02465217914732725,2.8526368975639342,-0.00344963604741503,0.02536348552962417
2005-04-29,2.8230180740356445,2.8878090381622314,2.8183910846710205,2.827646017074585,1.5325267314910889,6983729,-0.008150166015086877,2.8436125040054323,-0.0030937673191269075,0.02523856784388547
2005-05-02,2.827646017074585,2.827646017074585,2.827646017074585,2.827646017074585,1.5325267314910889,0,0.0,2.8364392518997192,-0.002474570371388182,0.025150407383329337
2005-05-03,2.850785970687866,2.9109489917755127,2.850785970687866,2.892436981201172,1.5676422119140625,4613334,0.022654823448361335,2.8325055480003356,-0.0013418291989701155,0.025770257972436282
2005-05-04,2.892436981201172,2.9109489917755127,2.8230180740356445,2.8646700382232666,1.5525933504104614,4557019,-0.009646219252947,2.826489305496216,-0.0020572430376582075,0.02579340758550245
2005-05-05,2.8646700382232666,2.9155759811401367,2.860042095184326,2.9155759811401367,1.5801827907562256,6568854,0.017614218812026575,2.8253323078155517,-0.0003952668308190334,0.02594359105667147
2005-05-06,2.9155759811401367,2.9155759811401367,2.850785970687866,2.8878090381622314,1.5651342868804932,3893774,-0.009569296117161176,2.8220927596092222,-0.0011094021284325764,0.025992096848449088
2005-05-09,2.8692970275878906,2.8785529136657715,2.846158027648926,2.846158027648926,1.5425599813461304,3340608,-0.014528071968831217,2.8207044124603273,-0.00048543283533957995,0.0254824578779804
2005-05-10,2.846158027648926,2.8692970275878906,2.7859950065612793,2.7998790740966797,1.5174779891967773,5598651,-0.01639379592963237,2.8176962614059446,-0.0010630057446719583,0.025716244218301886
2005-05-11,2.79525089263916,2.850785970687866,2.79525089263916,2.827646017074585,1.5325267314910889,3965204,0.009868341008183788,2.8156137108802795,-0.0007311246106247901,0.025817206105612955
2005-05-12,2.813762903213501,2.846158027648926,2.813762903213501,2.8322739601135254,1.5350351333618164,2011711,0.0016353390468352195,2.812142753601074,-0.0012107243850113432,0.025672050721950234
2005-05-13,2.827646017074585,2.8554139137268066,2.813762903213501,2.846158027648926,1.5425599813461304,2750923,0.004890115874613317,2.812142753601074,-9.150666335777658e-18,0.025341694928027552
2005-05-16,2.846158027648926,2.846158027648926,2.7998790740966797,2.7998790740966797,1.5174779891967773,2830659,-0.01639379592963237,2.8197788119316103,0.002804482584772472,0.019275608323635215
2005-05-17,2.8230180740356445,2.883181095123291,2.8230180740356445,2.850785970687866,1.545068383216858,3578536,0.01801850702327061,2.8304230093955995,0.003880541154206317,0.01950433264248409
2005-05-18,2.873924970626831,2.9155759811401367,2.8692970275878906,2.8785529136657715,1.5601176023483276,5800706,0.009692971890348392,2.8401416063308718,0.0034956031585382597,0.019298526502013982
2005-05-19,2.901693105697632,2.984994888305664,2.901693105697632,2.957227945327759,1.6027575731277466,15871129,0.02696461724484456,2.8461579084396362,0.002076987351234916,0.016057874054045955
2005-05-20,2.984994888305664,3.0682969093322754,2.984994888305664,3.008133888244629,1.630347490310669,16036492,0.017067591232257977,2.857264852523804,0.0038357416396635714,0.015651957379331904
2005-05-23,3.0312740802764893,3.054413080215454,2.984994888305664,3.054413080215454,1.6554298400878906,8146159,0.015267540580849163,2.8699915528297426,0.004350561398578524,0.015859228965009874
2005-05-24,3.054413080215454,3.072925090789795,3.0127620697021484,3.072925090789795,1.6654633283615112,7912876,0.006042449880292463,2.881098508834839,0.0037517585414296164,0.015538858211335826
2005-05-25,3.063668966293335,3.1145761013031006,3.017390012741089,3.0914371013641357,1.6754961013793945,10549754,0.006006157862675455,2.896602010726929,0.005284675391929756,0.014028107375795055
2005-05-26,3.1006920337677,3.1006920337677,3.0359020233154297,3.1006920337677,1.680512547492981,6298753,0.0029892591362928552,2.9090973138809204,0.004201529391378037,0.013269816885443764
2005-05-27,3.1006920337677,3.1932499408721924,3.04978609085083,3.1793670654296875,1.7231522798538208,15386506,0.025056817676631947,2.9266833662986755,0.005861878575963977,0.013713067615355293
2005-05-30,3.1793670654296875,3.1793670654296875,3.054413080215454,3.054413080215454,1.6554298400878906,5670126,-0.04009468455589233,2.938021719455719,0.0038571443481693604,0.017122132695822835
2005-05-31,3.054413080215454,3.054413080215454,2.984994888305664,2.984994888305664,1.6178067922592163,4898550,-0.022989422014808806,2.942649614810944,0.001574932075010854,0.017522011212587552
2005-06-01,2.9988789558410645,3.0775530338287354,2.9988789558410645,3.003506898880005,1.6278400421142578,3891616,0.006182537869652883,2.9495914578437805,0.0023663699311408477,0.01734508117469499
2005-06-02,3.0312740802764893,3.0451579093933105,3.0127620697021484,3.0266458988189697,1.6403809785842896,3089699,0.007674470045524744,2.9551449537277223,0.0018693824928157567,0.01702463243166292
2005-06-03,3.0312740802764893,3.2349019050598145,3.0312740802764893,3.2349019050598145,1.753251314163208,20925258,0.06654356218437275,2.972499597072601,0.0056750254078924535,0.022087352739476727
2005-06-06,3.2719249725341797,3.457041025161743,3.262669086456299,3.33671498298645,1.80843186378479,47324277,0.030988180487463306,2.9970274448394774,0.007950838030707178,0.022240522622964238
2005-06-07,3.378365993499756,3.4524130821228027,3.299691915512085,3.364483118057251,1.8234813213348389,28074941,0.00828756099631585,3.025257647037506,0.00918490587700459,0.021490719900528477
2005-06-08,3.457041025161743,3.5958778858184814,3.401505947113037,3.5958778858184814,1.948892593383789,65557627,0.06651381172929821,3.063669240474701,0.012017179413060311,0.025027217489426674
2005-06-09,3.6745519638061523,3.794877052307129,3.5172030925750732,3.5172030925750732,1.9062527418136597,63311974,-0.022122059901104784,3.097915697097778,0.01082930946566331,0.026087257467482496
2005-06-10,3.5634820461273193,3.762481927871704,3.5634820461273193,3.7532260417938232,2.034172534942627,53500541,0.06494965017292809,3.1432690978050233,0.013832286180579051,0.02869415392143368
2005-06-13,3.933713912963867,4.012389183044434,3.887434959411621,4.012389183044434,2.174633502960205,47775754,0.06677112217476427,3.2038946032524107,0.017990532085798882,0.03007606064331955
2005-06-14,4.155854225158691,4.271551132202148,3.8319010734558105,3.8920629024505615,2.109419345855713,115962680,-0.0304475439624759,3.255958449840546,0.015567229536511554,0.03196677352003726
2005-06-15,3.933713912963867,4.063295841217041,3.841156005859375,3.9568541049957275,2.1445345878601074,60845380,0.016509965439449877,3.3098735094070433,0.015908079213966628,0.03193717175493695
2005-06-16,3.9799931049346924,4.0725507736206055,3.8920629024505615,3.8920629024505615,2.109419345855713,43376383,-0.016509965439449905,3.3566152572631838,0.013734350079751906,0.03261728349827216
2005-06-17,3.8920629024505615,3.970737934112549,3.771738052368164,3.771738052368164,2.044205665588379,28237873,-0.031403409109107557,3.39479546546936,0.011310800062683628,0.034122605092466944
2005-06-20,3.794877052307129,3.859668016433716,3.7532260417938232,3.771738052368164,2.044205665588379,16786445,0.0,3.430661714076996,0.01054742303364117,0.03420011919061493
2005-06-21,3.794877052307129,3.850411891937256,3.7763659954071045,3.794877052307129,2.056746244430542,13865978,0.0061160959684486045,3.4667593121528624,0.01055110533804898,0.0341996125752541
2005-06-22,3.850411891937256,3.961482048034668,3.8226449489593506,3.8689239025115967,2.0968782901763916,28883381,0.019324393970182468,3.5056336522102356,0.011217017143424329,0.034236101122145854
2005-06-23,3.8781800270080566,3.933713912963867,3.771738052368164,3.794877052307129,2.056746244430542,25944165,-0.019324393970182346,3.540342903137207,0.010101334488100569,0.03487593697372441
2005-06-24,3.794877052307129,4.05866813659668,3.7578539848327637,3.9938769340515137,2.164600372314453,70242956,0.051110408773955576,3.5810683965682983,0.01140401404296675,0.035934462883682065
2005-06-27,3.9938769340515137,4.0818071365356445,3.9892489910125732,4.0031328201293945,2.169617176055908,38261758,0.0023148377945043422,3.628504383563995,0.013524490160486586,0.033931041230115214
2005-06-28,4.0031328201293945,4.0216450691223145,3.794877052307129,3.80876088142395,2.0642712116241455,30277232,-0.049773351339419465,3.6696926832199095,0.012185293694256052,0.03591838528850368
2005-06-29,3.81801700592041,3.9198310375213623,3.790250062942505,3.873552083969116,2.0993871688842773,23955358,0.016868028960894038,3.7131949424743653,0.012719568248818109,0.035903865485362514
2005-06-30,3.8920629024505615,3.970737934112549,3.836529016494751,3.873552083969116,2.0993871688842773,21118563,0.0,3.7555402517318726,0.012335844746541872,0.036001500776510466
2005-07-01,3.873552083969116,3.9013190269470215,3.841156005859375,3.8689239025115967,2.0968782901763916,9369143,-0.0011955302197522266,3.787241351604462,0.008948890126335624,0.03374926537347272
2005-07-04,3.8689239025115967,3.9105749130249023,3.841156005859375,3.8642959594726562,2.094370126724243,7657853,-0.0011968995254300569,3.813620400428772,0.007339636125690956,0.03340868001850368
2005-07-05,3.873552083969116,3.9013190269470215,3.841156005859375,3.841156005859375,2.0818288326263428,8503647,-0.006006142995746903,3.837454044818878,0.006624950926087817,0.033539963492984395
2005-07-06,3.952225923538208,4.109574794769287,3.933713912963867,4.109574794769287,2.2273061275482178,87339602,0.06754620240788974,3.8631388902664185,0.006676570460017394,0.03363763854702111
2005-07-07,4.0725507736206055,4.0725507736206055,3.933713912963867,3.9475979804992676,2.1395180225372314,19816768,-0.04021227915691666,3.884658634662628,0.005772059497226799,0.03467986228913009
2005-07-08,3.942970037460327,3.9753661155700684,3.8642959594726562,3.882807970046997,2.104403257369995,15904622,-0.016548692230390162,3.891137731075287,0.0016971423770608875,0.03204872429372449
2005-07-11,3.9244589805603027,3.952225923538208,3.887434959411621,3.887434959411621,2.1069109439849854,8820992,0.001190951159063138,3.8848900198936462,-0.0015818661737241693,0.028159217701419683
2005-07-12,3.882807970046997,4.049411773681641,3.882807970046997,3.970737934112549,2.1520590782165527,18990119,0.02120240836879268,3.8888237714767455,0.0010006314428392597,0.02773787001176003
2005-07-13,4.049411773681641,4.100318908691406,3.9753661155700684,4.0031328201293945,2.169617176055908,26760812,0.008125304571015497,3.8911377072334288,0.0005813983994175406,0.02755387605006793
2005-07-14,4.035528182983398,4.128086090087891,4.026271820068359,4.04015588760376,2.189682722091675,25469394,0.009206017661945422,3.898542356491089,0.0018671975544873071,0.027313298643002585
2005-07-15,4.05403995513916,4.095691204071045,4.007761001586914,4.012389183044434,2.174633502960205,15685168,-0.006896407127270529,3.9105749130249023,0.0030925476535791584,0.026272005527620063
2005-07-18,4.012389183044434,4.012389183044434,4.012389183044434,4.012389183044434,2.174633502960205,0,0.0,3.9226074695587156,0.0030925476535791584,0.026272005527620063
2005-07-19,4.017016887664795,4.049411773681641,3.933713912963867,3.9383420944213867,2.1345016956329346,10906242,-0.01862702360618568,3.9297807216644287,0.0018553916748474445,0.026701206406220385
2005-07-20,3.952225923538208,4.063295841217041,3.9383420944213867,4.007761001586914,2.1721253395080566,15739584,0.017472885126302903,3.9367225766181946,0.0017628162326534663,0.02664059299133165
2005-07-21,3.952225923538208,4.049411773681641,3.952225923538208,3.984621047973633,2.1595840454101562,12714198,-0.005790518553003183,3.9462097764015196,0.0024395100035124245,0.02624572832082568
2005-07-22,4.049411773681641,4.114202976226807,4.026271820068359,4.026271820068359,2.1821579933166504,26468271,0.010398627991508109,3.947829520702362,0.00040392096439005094,0.023730444097272187
2005-07-25,4.114202976226807,4.29006290435791,4.100318908691406,4.1373419761657715,2.2423555850982666,41978630,0.027212705801567677,3.954539978504181,0.0016488143647432178,0.024477282393198217
2005-07-26,4.211388111114502,4.211388111114502,4.012389183044434,4.05866813659668,2.1997158527374268,17085991,-0.019198672280268905,3.967035341262817,0.0031775483177007456,0.021917606161906203
2005-07-27,4.05866813659668,4.0725507736206055,3.9383420944213867,4.026271820068359,2.1821579933166504,13325670,-0.008014033521298747,3.9746713280677795,0.0019334451935911067,0.0218054968077814
2005-07-28,4.0031328201293945,4.044784069061279,3.9383420944213867,3.9383420944213867,2.1345016956329346,12333423,-0.022080994564807905,3.9779108285903932,0.0008293954653507112,0.022457785802881176
2005-07-29,3.9753661155700684,3.9938769340515137,3.7995049953460693,3.841156005859375,2.0818288326263428,18997629,-0.02498648204794361,3.976522433757782,-0.000360152126058858,0.023188869220178616
2005-08-01,3.841156005859375,3.873552083969116,3.734714984893799,3.7532260417938232,2.034172534942627,9147194,-0.02315761652063492,3.9709689378738404,-0.0014581879758191012,0.023743874601302114
2005-08-02,3.706947088241577,3.80876088142395,3.706947088241577,3.748598098754883,2.0316643714904785,9165273,-0.0012338182125654924,3.9663410425186156,-0.0012195717366600303,0.023719731663189303
2005-08-03,3.771738052368164,3.8133890628814697,3.743971109390259,3.7856218814849854,2.051730155944824,8881998,0.009828245220052614,3.9501433968544006,-0.004105469596051887,0.017646592290705504
2005-08-04,3.827272891998291,3.827272891998291,3.743971109390259,3.780993938446045,2.049221992492676,4671665,-0.0012232532286983106,3.9418131947517394,-0.0021560182996409687,0.015466841336082525
2005-08-05,3.780993938446045,3.780993938446045,3.780993938446045,3.780993938446045,2.049221992492676,0,0.0,3.936722493171692,-0.0013285836881214608,0.015094521189212607
2005-08-08,3.7023189067840576,3.7532260417938232,3.6884360313415527,3.725459098815918,2.0191233158111572,4973947,-0.014796829504540301,3.9286237001419066,-0.0021279727213016327,0.015374811871674212
2005-08-09,3.725459098815918,3.7856218814849854,3.7023189067840576,3.780993938446045,2.049221992492676,5605134,0.014796829504540233,3.9191365003585816,-0.0024482516645142555,0.014923317393020325
2005-08-10,3.794877052307129,3.80876088142395,3.706947088241577,3.771738052368164,2.044205665588379,3563733,-0.0024510046756080046,3.90756676197052,-0.00297706712684543,0.014714850426646124
2005-08-11,3.748598098754883,3.771738052368164,3.716202974319458,3.7671101093292236,2.0416975021362305,3368698,-0.0012277588090438569,3.8939144730567934,-0.003498755950394894,0.0144426251049861
2005-08-12,3.790250062942505,3.970737934112549,3.7532260417938232,3.8781800270080566,2.1018948554992676,18628319,0.029057820124303052,3.8872040152549743,-0.0017010445878162146,0.016135854596886334
2005-08-15,3.933713912963867,3.933713912963867,3.7578539848327637,3.836529016494751,2.0793211460113525,5862972,-0.010797922506145885,3.8784110069274904,-0.0022409407131235093,0.01625614077739324
2005-08-16,3.8041329383850098,3.836529016494751,3.725459098815918,3.7856218814849854,2.051730155944824,3160180,-0.013357880904807167,3.8707749962806703,-0.0019774835780545833,0.016017547285663587
2005-08-17,3.748598098754883,3.8133890628814697,3.7393429279327393,3.790250062942505,2.054238796234131,4059359,0.0012218216113560028,3.8598994493484495,-0.002790036753801929,0.01537836562668497
2005-08-18,3.771738052368164,3.790250062942505,3.734714984893799,3.748598098754883,2.0316643714904785,4076805,-0.011050066831408663,3.848098301887512,-0.0030530141677222026,0.015477029704597876
2005-08-19,3.725459098815918,3.7671101093292236,3.7115750312805176,3.748598098754883,2.0316643714904785,3973724,0.0,3.834214615821838,-0.003572945567297608,0.01517303384745821
2005-08-22,3.748598098754883,3.762481927871704,3.6329009532928467,3.6329009532928467,1.9689586162567139,4870459,-0.03135043994995028,3.808992564678192,-0.006501102854873505,0.014557596910825503
2005-08-23,3.6097609996795654,3.6329009532928467,3.3829939365386963,3.3829939365386963,1.8335139751434326,14859871,-0.07127039234029026,3.775208854675293,-0.009104688857874573,0.020422908084815946
2005-08-24,3.2858080863952637,3.3320870399475098,3.1515989303588867,3.174738883972168,1.720644235610962,14879319,-0.06353570977028246,3.732632207870483,-0.011880772670323758,0.023766652887479603
2005-08-25,3.174738883972168,3.244157075881958,3.128459930419922,3.1330881118774414,1.6980702877044678,9898656,-0.01320625231561657,3.692369508743286,-0.011437035557864192,0.023648741278508495
2005-08-26,3.1932499408721924,3.2858080863952637,3.1469709873199463,3.2811810970306396,1.7783335447311401,5032520,0.046184312758697374,3.664370763301849,-0.007878495817532142,0.026664942978670596
2005-08-29,3.27655291557312,3.2811810970306396,3.1932499408721924,3.1932499408721924,1.7306767702102661,2999103,-0.027164259712877902,3.6363719582557676,-0.008078827977144291,0.026800482121687442
2005-08-30,3.230273962020874,3.230273962020874,3.1608550548553467,3.1793670654296875,1.7231522798538208,3299552,-0.004357047470864519,3.6079104065895082,-0.008234989440059242,0.026767577363740306
2005-08-31,3.2025060653686523,3.355226993560791,3.1793670654296875,3.244157075881958,1.7582672834396362,7727025,0.020173414559718415,3.580837166309357,-0.007717730973075954,0.027230948536301796
2005-09-01,3.244157075881958,3.244157075881958,3.244157075881958,3.244157075881958,1.7582672834396362,0,0.0,3.5539953231811525,-0.0076565683116410375,0.027247671960743153
2005-09-02,3.2580409049987793,3.308948040008545,3.2487850189208984,3.27655291557312,1.7758253812789917,2990341,0.00993637388384608,3.528773272037506,-0.007159749617448734,0.027484185805860345
2005-09-05,3.308948040008545,3.3228321075439453,3.27655291557312,3.27655291557312,1.7758253812789917,3436076,0.0,3.5063279628753663,-0.006419908142221718,0.027466935755389766
2005-09-06,3.5033199787139893,3.5033199787139893,3.4755520820617676,3.5033199787139893,1.898728609085083,10121826,0.0669191548414593,3.4924442648887633,-0.0038137918753757645,0.03172816281695913
2005-09-07,3.5033199787139893,3.5495989322662354,3.4292728900909424,3.4616689682006836,1.8761544227600098,10672188,-0.011960250715684748,3.4769408106803894,-0.0042892541773796025,0.03177787737083635
2005-09-08,3.480180025100708,3.489435911178589,3.433901071548462,3.470923900604248,1.8811702728271484,3836407,0.002669978773236618,3.4621315002441406,-0.004094367298265579,0.031809577228101016
2005-09-09,3.4755520820617676,3.4848079681396484,3.3829939365386963,3.410762071609497,1.8485641479492188,4791158,-0.017485064558377294,3.4387606024742126,-0.006421511532399596,0.030947379875202356
2005-09-12,3.424644947052002,3.424644947052002,3.378365993499756,3.410762071609497,1.8485641479492188,2389500,0.0,3.41747225522995,-0.0058816154070923015,0.030961197432379343
2005-09-13,3.424644947052002,3.447784900665283,3.4061338901519775,3.410762071609497,1.8485641479492188,2793647,0.0,3.3987292647361755,-0.0052137213618519435,0.030935498590131016
2005-09-14,3.4385290145874023,3.4385290145874023,3.364483118057251,3.378365993499756,1.8310058116912842,2154385,-0.009543589010299692,3.378135061264038,-0.0057519918929347285,0.0309112764508362
2005-09-15,3.378365993499756,3.378365993499756,3.308948040008545,3.308948040008545,1.7933827638626099,2085827,-0.020761832537708063,3.356152558326721,-0.0062375801782496975,0.031074734214090943
2005-09-16,3.3274600505828857,3.3505990505218506,3.253412961959839,3.27655291557312,1.7758253812789917,2589394,-0.009838396792625943,3.3325502991676332,-0.006729500017880996,0.031048656038622675
2005-09-19,3.308948040008545,3.3228321075439453,3.27655291557312,3.2811810970306396,1.7783335447311401,924825,0.0014115187401779034,3.314964306354523,-0.005091402083374586,0.03054141278287834
2005-09-20,3.2858080863952637,3.308948040008545,3.244157075881958,3.308948040008545,1.7933827638626099,1179022,0.008426878052448102,3.311262011528015,-0.0011065385637376683,0.0263661289912806
2005-09-21,3.2950639724731445,3.3274600505828857,3.2811810970306396,3.2811810970306396,1.7783335447311401,1989641,-0.008426878052448126,3.316584122180939,0.0016489030221540483,0.02201987043766649
2005-09-22,3.2395288944244385,3.27655291557312,3.230273962020874,3.2395288944244385,1.7557592391967773,2336061,-0.012775531860345503,3.3219061613082888,0.0016704390449176014,0.02200478248652396
2005-09-23,3.2395288944244385,3.3320870399475098,3.230273962020874,3.2395288944244385,1.7557592391967773,3265520,0.0,3.3198235511779783,-0.0006387765930172671,0.019350852653119633
2005-09-26,3.2580409049987793,3.262669086456299,3.1932499408721924,3.1932499408721924,1.7306767702102661,1350329,-0.014388727852532422,3.3198235511779783,6.938893903907228e-18,0.018626457786585372
2005-09-27,3.2163898944854736,3.2349019050598145,3.197877883911133,3.197877883911133,1.7331849336624146,953732,0.0014482401149548076,3.3207490921020506,0.0002902643792909733,0.01860020109172986
2005-09-28,3.197877883911133,3.2025060653686523,3.174738883972168,3.1932499408721924,1.7306767702102661,1097906,-0.0014482401149547883,3.3182037353515623,-0.0007908183544426869,0.01800247069540372
2005-09-29,3.1932499408721924,3.27655291557312,3.1932499408721924,3.262669086456299,1.7683002948760986,2430908,0.02150641014787304,3.3191293358802794,0.0002845021529509651,0.018681689308519316
2005-09-30,3.2811810970306396,3.308948040008545,3.262669086456299,3.299691915512085,1.7883660793304443,2178093,0.01128350660636209,3.320286285877228,0.0003518587890767656,0.018720708384185786
2005-10-03,3.2950639724731445,3.2950639724731445,3.2580409049987793,3.262669086456299,1.7683002948760986,1505114,-0.01128350660636213,3.319592094421387,-0.00021231654124134088,0.018901024161780355
2005-10-04,3.2719249725341797,3.2950639724731445,3.2487850189208984,3.262669086456299,1.7683002948760986,1498059,0.0,3.307559549808502,-0.0035582742833143053,0.010405533793415852
2005-10-05,3.262669086456299,3.262669086456299,3.2025060653686523,3.221018075942993,1.745726466178894,1078067,-0.012848116334743837,3.2955270051956176,-0.0036026675642672605,0.010445084663925826
2005-10-06,3.221018075942993,3.308948040008545,3.221018075942993,3.2349019050598145,1.753251314163208,2007390,0.004301122244855546,3.283725905418396,-0.003521110390686313,0.01050284885892528
2005-10-07,3.2811810970306396,3.3135759830474854,3.253412961959839,3.253412961959839,1.7632840871810913,2499405,0.005705982987368637,3.275858449935913,-0.002361558013399017,0.01015444639661197
2005-10-10,3.253412961959839,3.253412961959839,3.253412961959839,3.253412961959839,1.7632840871810913,0,0.0,3.26799099445343,-0.002361558013399017,0.01015444639661197
2005-10-11,3.262669086456299,3.424644947052002,3.262669086456299,3.2858080863952637,1.7808414697647095,6647710,0.009908027030085824,3.2617432951927183,-0.001866156661894726,0.010511147370189176
2005-10-12,3.373739004135132,3.373739004135132,3.27655291557312,3.27655291557312,1.7758253812789917,3838289,-0.002820685102739383,3.2566526412963865,-0.0015300114665167104,0.0103591008727678
2005-10-13,3.2719249725341797,3.308948040008545,3.2163898944854736,3.2349019050598145,1.753251314163208,1947578,-0.012793324914715276,3.25295033454895,-0.001131586085367071,0.009713617352601771
2005-10-14,3.2395288944244385,3.355226993560791,3.1932499408721924,3.2811810970306396,1.7783335447311401,15471274,0.01420484365489322,3.253181743621826,7.057593700888695e-05,0.010060936791445048
2005-10-17,3.355226993560791,3.3829939365386963,3.211761951446533,3.211761951446533,1.7407100200653076,9015685,-0.021383767051075402,3.2497107863426207,-0.0010691883525537783,0.011134904783090507
2005-10-18,3.2163898944854736,3.2395288944244385,3.1701109409332275,3.1793670654296875,1.7231522798538208,3740357,-0.010137540132666923,3.243231737613678,-0.0019974092618095297,0.011075254141680549
2005-10-19,3.174738883972168,3.174738883972168,2.957227945327759,2.957227945327759,1.6027575731277466,5108580,-0.07242981636899969,3.2270340800285338,-0.005197556177637107,0.01925607344802508
2005-10-20,3.008133888244629,3.0266458988189697,2.7721118927001953,2.8692970275878906,1.555100917816162,7687072,-0.03018526293778428,3.2085224866867064,-0.006068042731509047,0.019995967705295173
2005-10-21,2.8692970275878906,2.9155759811401367,2.8322739601135254,2.8878090381622314,1.5651342868804932,2289375,0.0064310346777842545,3.190936493873596,-0.005746490997619834,0.02014979906925244
2005-10-24,2.892436981201172,2.920203924179077,2.8230180740356445,2.8692970275878906,1.555100917816162,2634961,-0.006431034677784335,3.174738848209381,-0.00534860633888243,0.020048477755908706
2005-10-25,2.8878090381622314,2.920203924179077,2.8692970275878906,2.8692970275878906,1.555100917816162,2529441,0.0,3.158309805393219,-0.0054210183446301696,0.020025238475922698
2005-10-26,2.8878090381622314,2.8878090381622314,2.846158027648926,2.8646700382232666,1.5525933504104614,2305408,-0.0016138880170811873,3.1418808102607727,-0.00542930073973649,0.020023543046862175
2005-10-27,2.8646700382232666,2.8646700382232666,2.8415300846099854,2.8415300846099854,1.5400515794754028,1301670,-0.008110504350031949,3.120823860168457,-0.006910146464631739,0.01899543088745495
2005-10-28,2.836901903152466,2.846158027648926,2.7859950065612793,2.7906229496002197,1.5124611854553223,2488437,-0.01807781894275429,3.0953704118728638,-0.008378212742087558,0.018646722615956925
2005-10-31,2.8230180740356445,2.883181095123291,2.8230180740356445,2.8554139137268066,1.5475764274597168,2467641,0.022951960801152048,3.0750076532363892,-0.006666439371711849,0.019895570390883653
2005-11-01,2.883181095123291,2.901693105697632,2.850785970687866,2.883181095123291,1.562625765800476,2570366,0.009677420364649556,3.0560332536697388,-0.006182568353479372,0.02018185534261297
2005-11-02,2.892436981201172,2.9109489917755127,2.8692970275878906,2.9063210487365723,1.575167179107666,3894423,0.007993805429272999,3.0402984023094177,-0.00514047226527853,0.020356893536833967
2005-11-03,2.9433441162109375,2.9433441162109375,2.8785529136657715,2.8970649242401123,1.570150375366211,1597376,-0.003189907543070634,3.0234065532684324,-0.005515023754674839,0.020242626200548352
2005-11-04,2.9063210487365723,2.9063210487365723,2.8692970275878906,2.883181095123291,1.562625765800476,2056418,-0.004803897886202351,3.004894959926605,-0.006040517798353388,0.020071695470703328
2005-11-07,2.883181095123291,2.883181095123291,2.7767388820648193,2.7767388820648193,1.5049360990524292,3469824,-0.03761705638358212,2.9810612559318543,-0.007921370617532494,0.021206285078160865
2005-11-08,2.8692970275878906,2.9340879917144775,2.836901903152466,2.9155759811401367,1.5801827907562256,8555137,0.04879021732259335,2.962549650669098,-0.005977261102907118,0.024459579502803055
2005-11-09,2.947972059249878,3.0359020233154297,2.947972059249878,3.0220179557800293,1.6378728151321411,10972084,0.03585741307898219,2.9498229026794434,-0.004043356193821039,0.02619012046307496
2005-11-10,3.054413080215454,3.063668966293335,2.9988789558410645,3.008133888244629,1.630347490310669,5474359,-0.004604889703885208,2.9384845018386843,-0.0036339344332795365,0.026110016863107474
2005-11-11,3.008133888244629,3.1330881118774414,3.008133888244629,3.1238319873809814,1.6930534839630127,5699745,0.037740533466446256,2.9306170463562013,-0.0024571499427018845,0.02745221186257317
2005-11-14,3.137716054916382,3.183995008468628,3.1006920337677,3.1701109409332275,1.7181355953216553,4917857,0.01470613513353203,2.9285344958305357,-0.0006526548334715126,0.027328500887362443
2005-11-15,3.165482997894287,3.165482997894287,3.1006920337677,3.1469709873199463,1.7055946588516235,4223114,-0.007326185531617522,2.926914691925049,-0.0005120871034190426,0.02728434101840756
2005-11-16,3.1330881118774414,3.165482997894287,3.128459930419922,3.128459930419922,1.6955618858337402,2641396,-0.005899550431500293,2.935476291179657,0.0028144261934559267,0.02149641487302957
2005-11-17,3.137716054916382,3.165482997894287,3.0914371013641357,3.1562271118164062,1.7106109857559204,1717997,0.008836513860001356,2.949822795391083,0.004765515033345209,0.020066956734834905
2005-11-18,3.128459930419922,3.2256460189819336,3.128459930419922,3.2256460189819336,1.7482343912124634,4557144,0.02175588383705583,2.966714644432068,0.005531757491308788,0.020423320552830044
2005-11-21,3.2256460189819336,3.262669086456299,3.2025060653686523,3.262669086456299,1.7683002948760986,1921171,0.011412352421561606,2.986383247375488,0.006423926846276085,0.020262334908270323
2005-11-22,3.262669086456299,3.262669086456299,3.244157075881958,3.253412961959839,1.7632840871810913,1492307,-0.002841011102519694,3.005589044094086,0.0062818762911501,0.02031961817739563
2005-11-23,3.253412961959839,3.262669086456299,3.2025060653686523,3.262669086456299,1.7683002948760986,1731022,0.0028410111025195866,3.025488996505737,0.006504621247130138,0.020252816474121752
2005-11-24,3.2395288944244385,3.2719249725341797,3.2349019050598145,3.2672970294952393,1.7708089351654053,1862615,0.0014174480331501822,3.04677734375,0.0069810188662892455,0.02000143845986569
2005-11-25,3.2719249725341797,3.3320870399475098,3.253412961959839,3.3320870399475098,1.8059237003326416,4963374,0.01963579979136348,3.0738505482673646,0.008866699802995134,0.019279352938520365
2005-11-28,3.355226993560791,3.4153900146484375,3.3135759830474854,3.4153900146484375,1.8510724306106567,5302621,0.024692846444288628,3.101849353313446,0.008953744085151963,0.019350093636135532
2005-11-29,3.424644947052002,3.470923900604248,3.4061338901519775,3.470923900604248,1.8811702728271484,4554117,0.0161291194550356,3.131236493587494,0.009276329039671264,0.019416457254635446
2005-11-30,3.480180025100708,3.6560399532318115,3.480180025100708,3.6560399532318115,1.9814999103546143,12567134,0.05195976936309327,3.1687224388122557,0.011474627236362278,0.02162668715158855
2005-12-01,3.6560399532318115,3.6560399532318115,3.5727379322052,3.6097609996795654,1.956417441368103,5141703,-0.012739016580830953,3.2043572425842286,0.010997171784474263,0.022068375847446416
2005-12-02,3.6051340103149414,3.6514129638671875,3.554227113723755,3.646785020828247,1.976483702659607,6943110,0.010204398158197018,3.2425374388694763,0.01174758658669423,0.021755753356557744
2005-12-05,3.646785020828247,3.748598098754883,3.6282730102539062,3.6976919174194336,2.0040740966796875,6512673,0.013862855662922093,3.288585090637207,0.014321582189019444,0.01839342073245685
2005-12-06,3.6976919174194336,3.7023189067840576,3.6329009532928467,3.693063974380493,2.00156569480896,4405886,-0.0012523600323342977,3.327459490299225,0.01181945332127306,0.016791740591118196
2005-12-07,3.6838080883026123,3.6838080883026123,3.58199405670166,3.6560399532318115,1.9814999103546143,4446941,-0.010075877207953903,3.359160590171814,0.009522788806926256,0.016469073283215268
2005-12-08,3.6097609996795654,3.6421570777893066,3.5634820461273193,3.5773661136627197,1.9388600587844849,3226085,-0.021753774463601175,3.3876222014427184,0.008665344568940456,0.017647580747924427
2005-12-09,3.5634820461273193,3.6097609996795654,3.5218310356140137,3.5773661136627197,1.9388600587844849,2242917,0.0,3.4102989077568053,0.006778317895618144,0.016344658249541785
2005-12-12,3.6190168857574463,3.7023189067840576,3.5958778858184814,3.6791799068450928,1.994040846824646,5819054,0.02806306874953247,3.4357523560523986,0.007446164576418166,0.016947409616635097
2005-12-13,3.6976919174194336,3.7023189067840576,3.591249942779541,3.623645067214966,1.963942289352417,3537241,-0.015209432070859594,3.4595860600471497,0.007052002249456063,0.017394835311085783
2005-12-14,3.5866219997406006,3.6097609996795654,3.544970989227295,3.5634820461273193,1.931335210800171,4453423,-0.01674227419633892,3.4813371658325196,0.006509866061214131,0.01797889443397955
2005-12-15,3.5634820461273193,3.5634820461273193,3.489435911178589,3.554227113723755,1.926318883895874,3595583,-0.0026005382944105588,3.501237165927887,0.005938013453493535,0.01808258558267374
2005-12-16,3.5588550567626953,3.6329009532928467,3.5588550567626953,3.6097609996795654,1.956417441368103,4803474,0.015503933694846938,3.5204429149627687,0.005625415946383091,0.017847254821051553
2005-12-19,3.5634820461273193,3.6976919174194336,3.5634820461273193,3.6560399532318115,1.9814999103546143,8051168,0.012739016580830946,3.5401114583015443,0.0056917491543465575,0.01787234303644144
2005-12-20,3.6560399532318115,3.6976919174194336,3.6560399532318115,3.6791799068450928,1.994040846824646,4876942,0.00630929428593116,3.5613998055458067,0.0061492644237691,0.017759177355570855
2005-12-21,3.693063974380493,3.693063974380493,3.637528896331787,3.660667896270752,1.984007716178894,2975431,-0.005044259860254518,3.5812997460365295,0.005755000875630395,0.017923258628675526
2005-12-22,3.6791799068450928,3.693063974380493,3.6190168857574463,3.623645067214966,1.963942289352417,2018194,-0.010165172210605105,3.5991171479225157,0.005175869863442631,0.018254848655669075
2005-12-23,3.6097609996795654,3.6560399532318115,3.5958778858184814,3.6560399532318115,1.9814999103546143,3303874,0.008900137784928427,3.615314793586731,0.004639086763120878,0.017962780768023007
2005-12-26,3.6652960777282715,3.827272891998291,3.6097609996795654,3.80876088142395,2.0642712116241455,10920720,0.04092332660875119,3.6349833369255067,0.005450610771344006,0.019237832415633295
2005-12-27,3.80876088142395,3.841156005859375,3.6791799068450928,3.6838080883026123,1.996549367904663,6220964,-0.03335688452627086,3.6456275463104246,0.002976310572278683,0.020902452184338595
2005-12-28,3.614388942718506,3.6976919174194336,3.614388942718506,3.6560399532318115,1.9814999103546143,3991011,-0.007566442082480444,3.6456275463104246,-2.3418766925686897e-18,0.01752582987753176
2005-12-29,3.6560399532318115,3.6838080883026123,3.5634820461273193,3.5634820461273193,1.931335210800171,2504375,-0.025642411981267314,3.6433135986328127,-0.0006451697700218204,0.018242324143761004
2005-12-30,3.6097609996795654,3.646785020828247,3.5634820461273193,3.5634820461273193,1.931335210800171,5250761,0.0,3.639148449897766,-0.0011553896779316712,0.018064740366787554
2006-01-02,3.5172030925750732,3.5172030925750732,3.424644947052002,3.424644947052002,1.8560879230499268,4070960,-0.03974036843150244,3.6254961013793947,-0.003835550882652898,0.019628054112336
2006-01-03,3.466296911239624,3.466296911239624,3.4061338901519775,3.4292728900909424,1.8585962057113647,5855787,0.0013504520632565335,3.612306547164917,-0.003705410277873357,0.019654693662736908
2006-01-04,3.470923900604248,3.4940640926361084,3.4292728900909424,3.433901071548462,1.8611048460006714,4176840,0.0013487002325572703,3.6011996030807496,-0.0031341814058477983,0.01962579909496716
2006-01-05,3.447784900665283,3.5403430461883545,3.447784900665283,3.480180025100708,1.8861870765686035,4974178,0.013387070257041918,3.596340298652649,-0.0013771391698156432,0.01944328645424192
2006-01-06,3.5866219997406006,3.5866219997406006,3.4616689682006836,3.470923900604248,1.8811702728271484,4338901,-0.00266321150317911,3.591018187999725,-0.0015102997449745986,0.01944247819604566
2006-01-09,3.5079479217529297,3.5727379322052,3.4755520820617676,3.526458978652954,1.9112697839736938,8046846,0.0158734329908257,3.5833821415901186,-0.002119781532909937,0.018641168204289755
2006-01-10,3.544970989227295,3.5588550567626953,3.470923900604248,3.4755520820617676,1.8836785554885864,4933123,-0.014540906353176434,3.5759774923324583,-0.002086355247025779,0.018617045009253833
2006-01-11,3.4940640926361084,3.5588550567626953,3.480180025100708,3.5403430461883545,1.9187941551208496,7031267,0.0184702892199426,3.57482054233551,-0.00032572707621170323,0.018821986545737156
2006-01-12,3.5681099891662598,3.623645067214966,3.5403430461883545,3.5866219997406006,1.9438762664794922,9250416,0.01298718423050628,3.5764402866363527,0.00045365905003413864,0.019044250907235005
2006-01-13,3.6097609996795654,3.6329009532928467,3.5172030925750732,3.5172030925750732,1.9062527418136597,3310356,-0.019544714589851856,3.571812391281128,-0.001298773364200801,0.01919839652537306
2006-01-16,3.5172030925750732,3.5727379322052,3.5172030925750732,3.544970989227295,1.9213024377822876,3135331,0.007863878581585925,3.566258943080902,-0.0015425302641630522,0.019041086392846285
2006-01-17,3.5310869216918945,3.544970989227295,3.4755520820617676,3.4848079681396484,1.8886953592300415,3496186,-0.017117036080452973,3.55654034614563,-0.002713846782482259,0.019252027759654067
2006-01-18,3.480180025100708,3.480180025100708,3.3320870399475098,3.378365993499756,1.8310058116912842,3930508,-0.031020781568056304,3.54242525100708,-0.004012672867872348,0.02026701186937093
2006-01-19,3.3320870399475098,3.401505947113037,3.3043200969696045,3.373739004135132,1.8284984827041626,4423172,-0.0013705326236802013,3.5299299478530886,-0.0035729408885261027,0.020221853739776936
2006-01-20,3.373739004135132,3.378365993499756,3.2950639724731445,3.34597110748291,1.8134485483169556,2420104,-0.008264658518599834,3.5144265055656434,-0.004431180703702515,0.020027937087852738
2006-01-23,3.2858080863952637,3.2858080863952637,3.244157075881958,3.2487850189208984,1.7607756853103638,2353119,-0.029475881471107378,3.4864277124404905,-0.007951141107695445,0.017686822769574787
2006-01-24,3.2487850189208984,3.401505947113037,3.2487850189208984,3.401505947113037,1.8435471057891846,3794377,0.045937173067101746,3.472312605381012,-0.003986438228026814,0.020375128700187307
2006-01-25,3.387622117996216,3.4153900146484375,3.33671498298645,3.4153900146484375,1.8510724306106567,4691112,0.004073433659926998,3.460280108451843,-0.003404444440906442,0.02043364394599482
2006-02-03,3.424644947052002,3.4385290145874023,3.3922500610351562,3.4385290145874023,1.8636130094528198,771408,0.006752075053735546,3.4540324568748475,-0.0017847200891562992,0.019853807591502935
2006-02-06,3.355226993560791,3.433901071548462,3.34597110748291,3.433901071548462,1.8611048460006714,1588193,-0.0013468143525627565,3.4475534081459047,-0.001852060806784437,0.01984971918390848
2006-02-07,3.447784900665283,3.4524130821228027,3.424644947052002,3.4431569576263428,1.8661214113235474,1698394,0.002691817235664785,3.4484790086746218,0.00026954847657392457,0.017742773378262456
2006-02-08,3.447784900665283,3.535715103149414,3.424644947052002,3.424644947052002,1.8560879230499268,4047192,-0.005390969531478535,3.4482476115226746,-6.752260316282883e-05,0.017785142985375955
2006-02-09,3.4940640926361084,3.4940640926361084,3.4153900146484375,3.4153900146484375,1.8510724306106567,1912314,-0.002706108405359054,3.447322058677673,-0.0002702630350586451,0.017791259361145964
2006-02-10,3.424644947052002,3.424644947052002,3.3829939365386963,3.424644947052002,1.8560879230499268,1527690,0.0027061084053591564,3.444545304775238,-0.0008043111276427831,0.017517932421937298
2006-02-13,3.489435911178589,3.489435911178589,3.4292728900909424,3.4385290145874023,1.8636130094528198,3284427,0.004045966648376359,3.4429255604743956,-0.0004688522200650097,0.017544680106541498
2006-02-14,3.457041025161743,3.470923900604248,3.3968780040740967,3.3968780040740967,1.8410390615463257,1704876,-0.012186992203576148,3.436446511745453,-0.0018718734797851023,0.017289143758943862
2006-02-15,3.420017957687378,3.447784900665283,3.3829939365386963,3.387622117996216,1.8360226154327393,1298645,-0.0027285405420585003,3.432050013542175,-0.0012812551892292055,0.017033447331086183
2006-02-16,3.3922500610351562,3.4292728900909424,3.3829939365386963,3.387622117996216,1.8360226154327393,1540655,0.0,3.424413967132568,-0.0022047696502263355,0.016394942674585387
2006-02-17,3.4061338901519775,3.447784900665283,3.378365993499756,3.3922500610351562,1.8385308980941772,2383370,0.0013652008874267098,3.414695370197296,-0.002785868817380314,0.016030044920382184
2006-02-20,3.3829939365386963,3.401505947113037,3.3598549365997314,3.3922500610351562,1.8385308980941772,2046284,0.0,3.4084477186203004,-0.0018086330878877212,0.015542957150836699
2006-02-21,3.3691110610961914,3.401505947113037,3.364483118057251,3.3691110610961914,1.8259899616241455,1305127,-0.006844506558421666,3.399654722213745,-0.002544052344888101,0.015408597280339366
2006-02-22,3.355226993560791,3.387622117996216,3.2950639724731445,3.299691915512085,1.7883660793304443,2737742,-0.02081982429954629,3.390398919582367,-0.0027291917558427666,0.015613791114466745
2006-02-23,3.299691915512085,3.3320870399475098,3.262669086456299,3.2858080863952637,1.7808414697647095,1799952,-0.004216490678795887,3.385771024227142,-0.001388977211379746,0.014138215270821434
2006-02-24,3.2858080863952637,3.34597110748291,3.27655291557312,3.3274600505828857,1.8034158945083618,2173772,0.012596650880022695,3.38345707654953,-0.0006906180361946011,0.014479998604235508
2006-02-27,3.2858080863952637,3.378365993499756,3.262669086456299,3.378365993499756,1.8310058116912842,1983621,0.015182893347572108,3.3850768208503723,0.000481759557113996,0.014780587770504573
2006-03-01,3.378365993499756,3.410762071609497,3.355226993560791,3.401505947113037,1.8435471057891846,3022969,0.006826100453714489,3.3927128672599793,0.0022968586533550894,0.013033859615073017
2006-03-02,3.424644947052002,3.4431569576263428,3.378365993499756,3.401505947113037,1.8435471057891846,2679401,0.0,3.3927128672599793,1.951563910473908e-18,0.008023110556111553
2006-03-03,3.424644947052002,3.447784900665283,3.3829939365386963,3.387622117996216,1.8360226154327393,2091661,-0.004090024031972147,3.3913244724273683,-0.00040817288459495533,0.008012618632481145
2006-03-06,3.387622117996216,3.387622117996216,3.3413429260253906,3.378365993499756,1.8310058116912842,1175479,-0.002736076421742282,3.3883163213729857,-0.0008825804583688469,0.007845507675569281
2006-03-07,3.373739004135132,3.424644947052002,3.3691110610961914,3.3922500610351562,1.8385308980941772,2852265,0.004101277309169017,3.3862337708473205,-0.000610175875282258,0.007922742291927748
2006-03-08,3.4153900146484375,3.4153900146484375,3.373739004135132,3.378365993499756,1.8310058116912842,1387238,-0.004101277309169013,3.382994222640991,-0.0009498306025239481,0.007919344693463571
2006-03-09,3.424644947052002,3.544970989227295,3.420017957687378,3.4385290145874023,1.8636130094528198,14094946,0.017651609167376976,3.3836884260177613,0.0002022983324188275,0.00885956578470332
2006-03-10,3.420017957687378,3.4616689682006836,3.401505947113037,3.4153900146484375,1.8510724306106567,2668597,-0.006752075053735523,3.3836884260177613,4.076600168545497e-18,0.008974912986272057
2006-03-13,3.4431569576263428,3.4431569576263428,3.420017957687378,3.424644947052002,1.8560879230499268,2037641,0.0027061084053591564,3.3836884260177613,4.076600168545497e-18,0.008974912986272057
2006-03-14,3.424644947052002,3.4385290145874023,3.355226993560791,3.355226993560791,1.8184648752212524,2355279,-0.0204783748220026,3.3795233249664305,-0.001226217073518944,0.01000882248217676
2006-03-15,3.355226993560791,3.3968780040740967,3.3505990505218506,3.3505990505218506,1.815956950187683,1516886,-0.0013802755225874623,3.3772093772888185,-0.0006858812394695095,0.009671988606273224
2006-03-16,3.3505990505218506,3.3505990505218506,3.2950639724731445,3.2950639724731445,1.7858580350875854,1728645,-0.016713568121082364,3.3725814700126646,-0.0013851326184207027,0.010311810164045608
2006-03-17,3.3320870399475098,3.3320870399475098,3.2950639724731445,3.3274600505828857,1.8034158945083618,926986,0.009783682599099962,3.3695733666419985,-0.0008959484884657046,0.010608767394693392
2006-03-20,3.355226993560791,3.4524130821228027,3.355226993560791,3.4524130821228027,1.8711376190185547,7428855,0.03686416526010282,3.3725815176963807,0.0008789997301681009,0.013564810389750132
2006-03-21,3.470923900604248,3.5079479217529297,3.4524130821228027,3.480180025100708,1.8861870765686035,6903779,0.008010593159325168,3.3769780158996583,0.0012795293881343592,0.013655452046830652
2006-03-22,3.470923900604248,3.489435911178589,3.470923900604248,3.4848079681396484,1.8886953592300415,6359255,0.0013289164962000928,3.3827628612518312,0.0016882005408654474,0.013521169130131024
2006-03-23,3.4755520820617676,3.600506067276001,3.4755520820617676,3.5866219997406006,1.9438762664794922,14509821,0.028797872088718927,3.397109365463257,0.004169085360278708,0.013724441504768727
2006-03-24,3.6421570777893066,3.6560399532318115,3.5727379322052,3.6560399532318115,1.9814999103546143,19546663,0.01916976927499505,3.4156209588050843,0.005338398357968255,0.013966505746191047
2006-03-27,3.693063974380493,3.790250062942505,3.660667896270752,3.780993938446045,2.049221992492676,19799477,0.03360634008687007,3.438297653198242,0.0063888828183106235,0.015270415705049844
2006-03-28,3.836529016494751,3.836529016494751,3.748598098754883,3.8226449489593506,2.071796178817749,15840878,0.010955656293256384,3.460511600971222,0.006177520965594838,0.015171222138645921
2006-03-29,3.841156005859375,3.841156005859375,3.7856218814849854,3.8226449489593506,2.071796178817749,12420320,0.0,3.4815685510635377,0.005836215942909113,0.015232522288253074
2006-03-30,3.8226449489593506,3.8319010734558105,3.706947088241577,3.8226449489593506,2.071796178817749,12949718,0.0,3.5026255011558534,0.005836215942909113,0.015232522288253074
2006-03-31,3.7995049953460693,3.841156005859375,3.771738052368164,3.794877052307129,2.056746244430542,13250070,-0.0072905650004157505,3.5229882478713987,0.005676188894486933,0.015358582265216409
2006-04-03,3.8319010734558105,3.8319010734558105,3.725459098815918,3.80876088142395,2.0642712116241455,11301022,0.0036518952290405583,3.544507992267609,0.005995587477026075,0.015240400227431783
2006-04-04,3.8041329383850098,3.836529016494751,3.7578539848327637,3.81801700592041,2.0692875385284424,10771624,0.0024272711694678195,3.5657963395118712,0.005911887170041015,0.015255940237692237
2006-04-06,3.81801700592041,3.81801700592041,3.780993938446045,3.81801700592041,2.0692875385284424,3206638,0.0,3.587778890132904,0.006116951035499466,0.015141397525414522
2006-04-07,3.794877052307129,3.8133890628814697,3.7763659954071045,3.780993938446045,2.049221992492676,3245532,-0.009744257691349073,3.604902136325836,0.004747157692563164,0.015281532351932905
2006-04-10,3.7393429279327393,3.9244589805603027,3.7393429279327393,3.9105749130249023,2.119452953338623,11151926,0.033697478021789885,3.6296613812446594,0.006769635346339434,0.01632089356050134
2006-04-11,3.933713912963867,4.183620929718018,3.933713912963867,4.183620929718018,2.267437696456909,23373452,0.06749272291868823,3.6676101803779604,0.010008966072005887,0.02117840957172285
2006-04-12,4.257667064666748,4.419643878936768,4.257667064666748,4.308574199676514,2.33516001701355,24280991,0.029429914558826528,3.715277540683746,0.012504380541047345,0.020319978535084268
2006-04-13,4.442782878875732,4.6093878746032715,4.4381561279296875,4.6093878746032715,2.498194694519043,26130642,0.06748802886528646,3.7782169818878173,0.01594779576044104,0.023439064072426012
2006-04-14,4.836154937744141,4.836154937744141,4.6093878746032715,4.674178123474121,2.5333099365234375,26992805,0.013958278709640634,3.8471726894378664,0.01748138810197719,0.02215799742201723
2006-04-17,4.720457077026367,4.813014984130859,4.6093878746032715,4.627899169921875,2.508227586746216,16618769,-0.00995032269195312,3.9121946454048158,0.016494687837424537,0.022944249003273087
2006-04-18,4.627899169921875,4.697318077087402,4.447411060333252,4.674178123474121,2.5333099365234375,15626958,0.00995032269195312,3.9732828974723815,0.015148995709017052,0.022471066827267443
2006-04-19,4.697318077087402,4.720457077026367,4.535340785980225,4.581620216369629,2.483144998550415,11365846,-0.020000650219366638,4.028354907035828,0.01374843354008246,0.02377453012752042
2006-04-20,4.60476016998291,4.627899169921875,4.465922832489014,4.581620216369629,2.483144998550415,11253484,0.0,4.083195519447327,0.013681987715272455,0.02381289355873502
2006-04-21,4.623271942138672,4.743597030639648,4.558481216430664,4.581620216369629,2.483144998550415,16491281,0.0,4.132945430278778,0.01224209411083651,0.023721259672730158
2006-04-24,4.581620216369629,4.882433891296387,4.581620216369629,4.882433891296387,2.6461808681488037,25966421,0.06359114914718567,4.194265127182007,0.014463163104446041,0.026339219175993276
2006-04-25,4.951851844787598,5.1601080894470215,4.905572891235352,4.951851844787598,2.6838033199310303,35534476,0.014117772929004317,4.252808022499084,0.013488734746552752,0.025951374292905224
2006-04-26,5.090689182281494,5.2758049964904785,4.905572891235352,5.2758049964904785,2.859379529953003,41200113,0.06336965701180261,4.325466024875641,0.016109434782480066,0.028228700654451457
2006-04-27,5.2758049964904785,5.507199764251709,5.183247089385986,5.460920810699463,2.9597084522247314,41070464,0.03448614849703694,4.407379817962647,0.01783374220733191,0.028246151361652004
2006-04-28,5.345223903656006,5.368362903594971,5.1601080894470215,5.29894495010376,2.8719210624694824,20104151,-0.03010968746217166,4.481194818019867,0.01632825783422333,0.029994961587051613
2006-05-02,5.345223903656006,5.669177055358887,5.345223903656006,5.669177055358887,3.0725793838500977,32995527,0.06753623233381759,4.574909818172455,0.020069597700934996,0.031521681821162426
2006-05-03,5.784873962402344,5.993130207061768,5.5766191482543945,5.784873962402344,3.135284423828125,36869855,0.020202606384947853,4.6737154722213745,0.020897133258730362,0.03128434323959535
2006-05-04,5.784873962402344,6.016269207000732,5.6460371017456055,6.016269207000732,3.2606961727142334,38233324,0.03922076070805186,4.78362808227539,0.022736807735659562,0.031222818899347304
2006-05-05,6.0625481605529785,6.131967067718506,5.784873962402344,5.854292869567871,3.1729087829589844,35043973,-0.027292118166023296,4.885441875457763,0.021372201827358394,0.03282418235288674
2006-05-08,5.854292869567871,6.08568811416626,5.784873962402344,5.923710823059082,3.210531234741211,28488083,0.011787864756161249,4.992577719688415,0.02244880794973391,0.032094888791991634
2006-05-09,5.923710823059082,6.31708288192749,5.738595008850098,6.155106067657471,3.3359427452087402,66513970,0.038318911510526896,5.104804277420044,0.022679879624170764,0.03219661274362952
2006-05-10,6.270803928375244,6.571617126464844,6.0625481605529785,6.247663974761963,3.3861069679260254,57916118,0.01492563759190606,5.208006429672241,0.020051525357831654,0.030443725473551144
2006-05-11,6.0625481605529785,6.247663974761963,5.83115291595459,5.969989776611328,3.2356135845184326,27934917,-0.04546241490040595,5.291077208518982,0.01630690888487003,0.03366496470800488
2006-05-12,5.83115291595459,6.386500835418701,5.808013916015625,6.386500835418701,3.4613542556762695,39568703,0.06744130336815521,5.379932856559753,0.016304572610013467,0.033661227324304765
2006-05-15,6.386500835418701,6.8261518478393555,6.386500835418701,6.8261518478393555,3.6996352672576904,67361007,0.06657457743455816,5.487531542778015,0.018935387546259345,0.03547544059294605
2006-05-16,6.941849231719971,7.288941860198975,6.594757080078125,6.895569801330566,3.7372591495513916,74815792,0.010118051872326566,5.60091507434845,0.01993880627447333,0.03489446871379886
2006-05-17,7.080686092376709,7.150104999542236,6.432779788970947,6.710453987121582,3.636929750442505,38356490,-0.027212540633442153,5.702728867530823,0.018080663108203564,0.036410872277364656
2006-05-18,6.270803928375244,7.057547092437744,6.270803928375244,7.057547092437744,3.825047254562378,52734502,0.050430946818824846,5.8265252113342285,0.02160224296011314,0.035936790061315546
2006-05-19,7.080686092376709,7.080686092376709,6.756732940673828,6.779872894287109,3.674553871154785,26206271,-0.040139199181772466,5.9364378452301025,0.019595283001024515,0.038252895129247295
2006-05-22,6.872430801391602,6.872430801391602,6.340221881866455,6.340221881866455,3.4362711906433105,29069340,-0.06704458964471217,6.024367928504944,0.016243053518788908,0.042735501878761226
2006-05-23,6.293942928314209,6.61789608001709,6.270803928375244,6.432779788970947,3.486435890197754,40348755,0.014492995399098582,6.101885223388672,0.013788145831384551,0.041257106822866825
2006-05-24,6.525338172912598,6.733593940734863,6.479059219360352,6.710453987121582,3.636929750442505,37356036,0.042259846608561025,6.189815330505371,0.01519524951536239,0.041745947600397626
2006-05-25,6.756732940673828,7.173243999481201,6.756732940673828,7.173243999481201,3.8877525329589844,55152446,0.06669138595977726,6.284687280654907,0.015361335962761121,0.041953787556859745
2006-05-26,7.265801906585693,7.63603401184082,7.10382604598999,7.2426629066467285,3.9253766536712646,79802935,0.009630950615480312,6.37377438545227,0.014118576068683292,0.041724961187347115
2006-05-29,7.3583598136901855,7.543476104736328,7.2426629066467285,7.427779197692871,4.025705337524414,41364334,0.02523797381506867,6.480216097831726,0.016885959132545307,0.04045322761599037
2006-05-30,7.3583598136901855,7.543476104736328,7.2426629066467285,7.427779197692871,4.025705337524414,41364334,0.0,6.568146204948425,0.013509147515854428,0.03878716362070094
2006-06-01,7.011268138885498,7.265801906585693,6.941849231719971,7.057547092437744,3.825047254562378,27085719,-0.05112936357150137,6.6317798614501955,0.009942549018031967,0.041335189163272
2006-06-02,7.196383953094482,7.543476104736328,7.10382604598999,7.543476104736328,4.088411331176758,45348863,0.06658554382720948,6.708140206336975,0.011310788173989847,0.042782887019987365
2006-06-05,7.659173965454102,8.006265640258789,7.427779197692871,7.427779197692871,4.025705337524414,100697942,-0.01545618025570816,6.786814522743225,0.011902585069505605,0.042299940751012906
2006-06-06,7.450918197631836,7.7285919189453125,6.941849231719971,7.427779197692871,4.025705337524414,79848312,0.0,6.862017941474915,0.011313191831697543,0.042383664582910076
2006-06-07,7.173243999481201,7.404638767242432,7.011268138885498,7.173243999481201,3.8877525329589844,29479894,-0.03486892443054886,6.912924838066101,0.007653800034643754,0.04308301744225122
2006-06-08,7.173243999481201,7.265801906585693,6.687314987182617,6.687314987182617,3.624389171600342,32481255,-0.07014554657259646,6.934907388687134,0.003400240826418629,0.04639917469714867
2006-06-09,6.733593940734863,7.080686092376709,6.270803928375244,7.080686092376709,3.837588310241699,41794335,0.05715836234209021,6.990442204475403,0.008531279688543437,0.046385461735035674
2006-06-12,7.034407138824463,7.474058151245117,6.872430801391602,7.474058151245117,4.050787925720215,46342834,0.05406730279117597,7.044820070266724,0.007862579659694474,0.04558093176028311
2006-06-13,7.381499767303467,7.7285919189453125,7.196383953094482,7.474058151245117,4.050787925720215,45636250,0.0,7.077215385437012,0.004533850787966566,0.043448649800798475
2006-06-14,7.497197151184082,7.89056921005249,7.404638767242432,7.867428779602051,4.2639875411987305,52613497,0.05129318592930776,7.125808334350586,0.006592607490815626,0.0446850974561314
2006-06-15,7.913708209991455,7.959987163543701,7.63603401184082,7.63603401184082,4.138575077056885,28053761,-0.02985293743676334,7.172087335586548,0.006460587650649566,0.044793997412257015
2006-06-16,7.867428779602051,7.959987163543701,7.682312965393066,7.774870872497559,4.213821887969971,36467945,0.018018489891263985,7.207953524589539,0.004839964804271523,0.04369222870189647
2006-06-19,7.774870872497559,8.02940559387207,7.682312965393066,7.682312965393066,4.1636576652526855,24937877,-0.011976180701802536,7.253075528144836,0.006248115728270019,0.04260665002835797
2006-06-20,7.7285919189453125,7.821149826049805,7.150104999542236,7.404638767242432,4.013164520263672,28278485,-0.03681400493332448,7.306296372413636,0.0077596449638394046,0.040345897246921544
2006-06-21,7.404638767242432,7.474058151245117,6.941849231719971,7.034407138824463,3.8125059604644775,28477279,-0.05129325032638748,7.336377739906311,0.0044703326775651,0.04239758682076739
2006-06-22,6.710453987121582,7.011268138885498,6.710453987121582,7.011268138885498,3.988914966583252,37621816,-0.0032948249784068503,7.351418447494507,0.0021925990982167077,0.04147417769964762
2006-06-23,6.988128185272217,7.474058151245117,6.941849231719971,7.450918197631836,4.239043712615967,46584845,0.060818683852768084,7.365302157402039,0.0018989639928662487,0.04101170614458752
2006-06-26,7.543476104736328,7.959987163543701,7.497197151184082,7.821149826049805,4.449679851531982,50370579,0.048494307526330216,7.394226503372193,0.003842131838408744,0.04229785684085523
2006-06-27,8.052544593811035,8.214522361755371,7.89056921005249,7.983127117156982,4.541833400726318,53201237,0.020498623691246252,7.421993899345398,0.0036051643322176233,0.04218480567582412
2006-06-28,7.913708209991455,8.052544593811035,7.821149826049805,7.936848163604736,4.515503406524658,24641846,-0.005813964292883585,7.447447347640991,0.003314466117573444,0.04223096359269792
2006-06-29,8.052544593811035,8.492196083068848,8.02940559387207,8.492196083068848,4.831457138061523,60591198,0.067631394176818,7.519179797172546,0.009252504004989412,0.04252117874666141
2006-06-30,8.677311897277832,8.700450897216797,8.260801315307617,8.330219268798828,4.739303112030029,50413795,-0.0192578552855547,7.558516955375671,0.004960334049351204,0.040723891132952675
2006-07-03,8.330219268798828,8.908706665039062,8.237661361694336,8.908706665039062,5.068422317504883,59824111,0.06713929689042338,7.632563328742981,0.00909010790665778,0.042685236935487814
2006-07-04,8.839287757873535,8.954985618591309,8.561614036560059,8.885566711425781,5.0552568435668945,45309968,-0.002600832994703411,7.705452704429627,0.00896006625692261,0.042718336635594205
2006-07-05,8.793008804321289,9.02440357208252,8.35335922241211,8.793008804321289,5.002598762512207,52851186,-0.010471290829108113,7.7864409446716305,0.010179947936994647,0.04173796983978038
2006-07-06,8.58475399017334,8.978124618530273,8.561614036560059,8.885566711425781,5.0552568435668945,31467837,0.010471290829108113,7.896353530883789,0.014210789807079877,0.03722057332162564
2006-07-07,8.885566711425781,8.885566711425781,8.330219268798828,8.42277717590332,4.791962146759033,37418700,-0.05348863777363609,7.96345808506012,0.00867843980129356,0.03869491403122628
2006-07-10,8.145103454589844,8.746729850769043,8.145103454589844,8.65417194366455,4.923610210418701,35162817,0.02710190555840331,8.022463774681091,0.007330169939654928,0.037480907167859887
2006-07-11,8.65417194366455,8.746729850769043,8.42277717590332,8.42277717590332,4.791962146759033,16221180,-0.027101905558403278,8.069899725914002,0.005975074661734764,0.03824206860176769
2006-07-12,8.42277717590332,8.515335083007812,8.052544593811035,8.214522361755371,4.673480033874512,28635018,-0.025035997149181775,8.087254405021667,0.0021586155078102873,0.037277980352759706
2006-07-13,8.19138240814209,8.492196083068848,8.19138240814209,8.214522361755371,4.673480033874512,25173405,0.0,8.116178822517394,0.0036512623796484548,0.036518682147304436
2006-07-14,8.098823547363281,8.376498222351074,8.006265640258789,8.052544593811035,4.581326961517334,21923551,-0.01991546749829001,8.13006250858307,0.0017545645101707543,0.03671776641838659
2006-07-17,8.052544593811035,8.052544593811035,7.497197151184082,7.497197151184082,4.2653727531433105,23935262,-0.07145890257326079,8.12080671787262,-0.0012195715834021584,0.04013822284673399
2006-07-18,7.219522953033447,7.474058151245117,7.057547092437744,7.2426629066467285,4.120561122894287,25134510,-0.03454029395915195,8.112707924842834,-0.0011058860346935318,0.040035188534356225
2006-07-19,7.288941860198975,7.659173965454102,7.173243999481201,7.543476104736328,4.291702747344971,35365933,0.040694154070776895,8.138161373138427,0.0034934841851646872,0.03924209460350137
2006-07-20,7.913708209991455,8.052544593811035,7.659173965454102,7.936848163604736,4.515503406524658,44998812,0.050833142095760536,8.18444037437439,0.006199882538873057,0.040592563499232855
2006-07-21,7.774870872497559,8.145103454589844,7.774870872497559,8.098823547363281,4.607656002044678,32122561,0.02020257033760337,8.216835641860962,0.004169076863114821,0.0386875108312978
2006-07-24,8.02940559387207,8.237661361694336,7.913708209991455,8.006265640258789,4.554997444152832,23971996,-0.011494369896455308,8.226091432571412,0.0011696429919755443,0.03737324670220229
2006-07-25,8.145103454589844,8.538475036621094,8.098823547363281,8.376498222351074,4.7656331062316895,49121632,0.045205513765677476,8.245759987831116,0.0024049874956971057,0.038438918539525795
2006-07-26,8.237661361694336,8.330219268798828,8.052544593811035,8.098823547363281,4.607656002044678,19369476,-0.0337111438692222,8.253858757019042,0.0010101285168801744,0.039250457493899
2006-07-27,8.098823547363281,8.35335922241211,8.098823547363281,8.19138240814209,4.66031551361084,21802545,0.011363865760491981,8.238818073272705,-0.0018032479039361265,0.0361152212809012
2006-07-28,8.330219268798828,8.561614036560059,8.283940315246582,8.376498222351074,4.7656331062316895,31657988,0.022347278108730183,8.241132020950317,0.0002770087657781176,0.03625488002491956
2006-07-31,8.469056129455566,8.515335083007812,8.260801315307617,8.283940315246582,4.71297550201416,18796862,-0.01111121524842787,8.209893703460693,-0.0036355168411644446,0.032708343637961025
2006-08-01,8.42277717590332,8.746729850769043,8.42277717590332,8.561614036560059,4.870951175689697,49210225,0.032969989367747476,8.193696069717408,-0.0018569757230419003,0.0337190462117804
2006-08-02,8.607892990112305,8.700450897216797,8.538475036621094,8.538475036621094,4.857786178588867,20378573,-0.0027063033370867866,8.180969381332398,-0.001468726348440834,0.03365928952272923
2006-08-03,8.561614036560059,8.607892990112305,8.307080268859863,8.376498222351074,4.7656331062316895,22813803,-0.01915247078223277,8.155515956878663,-0.0029499144290078784,0.033757868553882145
2006-08-04,8.376498222351074,8.515335083007812,8.237661361694336,8.260801315307617,4.69981050491333,17919575,-0.013908359566824489,8.147417163848877,-0.000970900518667298,0.03173896421394682
2006-08-07,8.168243408203125,8.168243408203125,7.774870872497559,7.844289779663086,4.462844371795654,27390393,-0.05173574387096365,8.106923055648803,-0.004912782990135646,0.03294180935598467
2006-08-08,7.89056921005249,7.983127117156982,7.844289779663086,7.959987163543701,4.52866792678833,15400073,0.014641536739792823,8.083783555030823,-0.002825610875225841,0.032783967343071714
2006-08-09,7.983127117156982,8.145103454589844,7.983127117156982,7.983127117156982,4.541833400726318,21273148,0.002902816784053238,8.072213792800904,-0.00142867017856409,0.03238052252357054
2006-08-10,7.983127117156982,8.237661361694336,7.959987163543701,8.006265640258789,4.554997444152832,20702694,0.0028942361482645978,8.061800956726074,-0.0012839583711508605,0.03239370807131098
2006-08-11,8.02940559387207,8.075684547424316,7.774870872497559,7.79801082611084,4.4365153312683105,21817671,-0.026355761288821864,8.049074268341064,-0.0016059730606774532,0.03261988611226004
2006-08-14,7.79801082611084,7.936848163604736,7.7285919189453125,7.867428779602051,4.476008892059326,14922535,0.008862618555633743,8.067585849761963,0.0024101029957672737,0.02821409198169155
2006-08-15,7.936848163604736,8.098823547363281,7.936848163604736,8.006265640258789,4.554997444152832,23624106,0.01749314273318826,8.105765986442567,0.005011774830384284,0.02700044548031072
2006-08-16,8.098823547363281,8.445917129516602,8.02940559387207,8.376498222351074,4.7656331062316895,47941832,0.045205513765677476,8.147417092323304,0.005237342815129313,0.027331054161114646
2006-08-17,8.515335083007812,8.793008804321289,8.35335922241211,8.723590850830078,4.963104724884033,78448109,0.040600994043785456,8.18675422668457,0.004725735412530558,0.026516251206712745
2006-08-18,8.862427711486816,9.0475435256958,8.746729850769043,8.793008804321289,5.002598762512207,49530025,0.007926003707264132,8.221463489532471,0.0041119070810135975,0.02628016419934011
2006-08-21,8.793008804321289,8.839287757873535,8.19138240814209,8.260801315307617,4.69981050491333,41053178,-0.06243535731787397,8.234190273284913,0.0015648577099426641,0.030067929132869334
2006-08-22,8.283940315246582,8.538475036621094,8.283940315246582,8.538475036621094,4.857786178588867,23291342,0.03306083034905714,8.242289113998414,0.0009576235391116471,0.029251758066095434
2006-08-23,8.515335083007812,8.515335083007812,8.02940559387207,8.237661361694336,4.6866455078125,28637179,-0.03586593640525074,8.249231004714966,0.0008498839123102203,0.029389812615589168
2006-08-24,8.052544593811035,8.237661361694336,8.006265640258789,8.121964454650879,4.620821475982666,22664707,-0.014144435483412498,8.245760107040406,-0.00042553114988500365,0.029462922956997113
2006-08-25,8.121964454650879,8.307080268859863,8.052544593811035,8.052544593811035,4.581326961517334,13520171,-0.008583912734519685,8.229562425613404,-0.001972090692047497,0.02901300450200253
2006-08-28,8.052544593811035,8.19138240814209,7.520337104797363,8.052544593811035,4.581326961517334,30311805,0.0,8.217992639541626,-0.0014165299296261037,0.02893506956441843
2006-08-29,8.121964454650879,8.121964454650879,7.844289779663086,7.867428779602051,4.476008892059326,14578966,-0.023256842657915416,8.183283376693726,-0.004227871530909248,0.028138773101929613
2006-08-30,7.867428779602051,8.237661361694336,7.867428779602051,8.121964454650879,4.620821475982666,21813349,0.0318407553924351,8.162457847595215,-0.0025005185944331544,0.0292745409393461
2006-08-31,8.214522361755371,8.260801315307617,8.052544593811035,8.145103454589844,4.633986473083496,19190129,0.002844890754027491,8.150888109207154,-0.001400650517620141,0.029028178588081547
2006-09-01,8.237661361694336,8.237661361694336,7.821149826049805,7.89056921005249,4.4891743659973145,15845200,-0.031748668098942306,8.132376503944396,-0.002292665944226032,0.02969911698644839
2006-09-04,8.006265640258789,8.42277717590332,8.006265640258789,8.42277717590332,4.791962146759033,41455088,0.06527132925786698,8.161300873756408,0.0035576877122154996,0.030945160475649592
2006-09-05,8.42277717590332,8.862427711486816,8.330219268798828,8.700450897216797,4.949939727783203,71228852,0.03243524684448007,8.198324060440063,0.004447373217449862,0.03153084295083753
2006-09-06,8.700450897216797,8.954985618591309,8.561614036560059,8.65417194366455,4.923610210418701,36584628,-0.005333341286076706,8.231876301765443,0.004035565313943364,0.031605772368561325
2006-09-07,8.445917129516602,8.700450897216797,8.445917129516602,8.561614036560059,4.870951175689697,15601028,-0.01075278224560527,8.259643721580506,0.0033532143942498717,0.031778553367904576
2006-09-08,8.515335083007812,8.793008804321289,8.445917129516602,8.65417194366455,4.923610210418701,23172497,0.010752782245605262,8.302451777458192,0.005208641570971228,0.031027094099618943
2006-09-11,8.65417194366455,9.116962432861328,8.65417194366455,8.954985618591309,5.094751358032227,52581085,0.03416891924949248,8.356829619407653,0.006473956605664163,0.03169281546488829
2006-09-12,9.070682525634766,9.37149715423584,8.931845664978027,9.116962432861328,5.186904430389404,84848421,0.01792625248776143,8.41236445903778,0.006495612093392823,0.03170088802391644
2006-09-13,9.278939247131348,9.44091510772705,8.885566711425781,8.931845664978027,5.081585884094238,57948530,-0.020513627093765724,8.44013183116913,0.003209655050420663,0.030872464284382443
2006-09-14,8.931845664978027,8.931845664978027,8.307080268859863,8.469056129455566,4.818292140960693,41822425,-0.05320398938702049,8.427405095100402,-0.0014805941211196345,0.03199793601073402
2006-09-15,8.330219268798828,8.677311897277832,8.307080268859863,8.677311897277832,4.936775207519531,19749778,0.024292725900691935,8.42162024974823,-0.0006622580114482442,0.03245715940198181
2006-09-18,8.793008804321289,9.278939247131348,8.793008804321289,9.278939247131348,5.27905797958374,49521382,0.06703544354381269,8.472527146339417,0.005811282031636089,0.03239948449607995
2006-09-19,9.302078247070312,9.857425689697266,9.302078247070312,9.718588829040527,5.529187202453613,67492816,0.04629319073616997,8.531532835960387,0.006472900050991731,0.03311248579694977
2006-09-20,9.718588829040527,9.949983596801758,9.672309875488281,9.926844596862793,5.647670269012451,56796820,0.02120223715789049,8.615991997718812,0.009326308729148792,0.031700767942598705
2006-09-21,10.042542457580566,10.6210298538208,9.903704643249512,10.551610946655273,6.003118515014648,95477432,0.0610358817377946,8.73747432231903,0.013085324590209146,0.03319340072080776
2006-09-22,10.59788990020752,10.82928466796875,10.412774085998535,10.713587760925293,6.095272064208984,55856869,0.015234275414904241,8.870526480674744,0.014276233997680344,0.032799977548055345
2006-09-25,10.713587760925293,11.106959342956543,10.713587760925293,11.106959342956543,6.3190717697143555,69230105,0.03605905964448652,9.023247218132019,0.01607918697990467,0.032964574177030644
2006-09-26,11.153238296508789,11.245796203613281,10.806145668029785,11.222657203674316,6.384897232055664,37174529,0.010362819787325032,9.191008639335632,0.01776017010216669,0.031685493446364454
2006-09-27,11.222657203674316,11.338354110717773,10.736726760864258,10.736726760864258,6.108435153961182,53346011,-0.04426442771792749,9.321746754646302,0.01395491094664856,0.03436233197134337
2006-09-28,10.644168853759766,10.736726760864258,10.320216178894043,10.6210298538208,6.042612552642822,46157005,-0.010834287594372768,9.44554307460785,0.013270952029228547,0.03472928623941008
2006-09-29,10.59788990020752,11.106959342956543,10.505331993103027,11.106959342956543,6.3190717697143555,62713110,0.04473589552497514,9.606362581253052,0.017095180210424422,0.03370703907459354
2006-10-02,11.106959342956543,11.245796203613281,10.944982528686523,11.01440143585205,6.26641321182251,47505348,-0.008368241733621771,9.735943794250488,0.013413201660849982,0.032153767381473235
2006-10-03,10.921842575073242,11.38463306427002,10.921842575073242,11.268936157226562,6.411224842071533,54698676,0.02284628965273824,9.864368057250976,0.012933753801262892,0.03192588285117277
2006-10-04,11.222657203674316,11.315215110778809,11.060680389404297,11.083820343017578,6.305907249450684,18018972,-0.016563509417329307,9.985850477218628,0.012372245394700263,0.03235987920522111
2006-10-05,11.245796203613281,11.84742259979248,11.037541389465332,11.84742259979248,6.740342140197754,58060892,0.06662392360512659,10.15014090538025,0.016241080687236856,0.034031868823068856
2006-10-09,11.84742259979248,11.84742259979248,11.84742259979248,11.84742259979248,6.740342140197754,0,0.0,10.309803438186645,0.01570344157495659,0.034207619943688296
2006-10-11,11.96312141418457,12.657305717468262,11.870562553405762,12.657305717468262,7.201109409332275,59642603,0.06612423374463519,10.494919443130494,0.01730120729971373,0.03582360974866595
2006-10-12,12.819281578063965,12.888701438903809,12.287074089050293,12.379631996154785,7.0431318283081055,49782839,-0.02218203440099547,10.658052921295166,0.015295792955275883,0.03689343919204231
2006-10-13,12.587886810302734,12.773002624511719,12.240795135498047,12.287074089050293,6.990472793579102,55416064,-0.007504718400230061,10.825814342498779,0.015946238389952665,0.03633939316866938
2006-10-16,12.865560531616211,12.865560531616211,12.356492042541504,12.356492042541504,7.029967784881592,40106744,0.005633773677679971,11.020186138153075,0.018888126543187687,0.03263996358210951
2006-10-17,12.217655181884766,12.472189903259277,11.824283599853516,12.078818321228027,6.871990203857422,44125846,-0.022728229786516074,11.190261459350586,0.01653707875882729,0.03389934026407104
2006-10-18,11.96312141418457,12.40277099609375,11.939981460571289,12.379631996154785,7.0431318283081055,47900776,0.024599174509066193,11.345296096801757,0.014415265307089965,0.0318375901890692
2006-10-19,12.379631996154785,12.449049949645996,11.939981460571289,12.032539367675781,6.8456621170043945,28049439,-0.028437947172188432,11.46099362373352,0.010678708411672042,0.03228163024430742
2006-10-20,12.217655181884766,12.518468856811523,12.032539367675781,12.425910949707031,7.069462299346924,54221138,0.03216929119865184,11.585946941375733,0.01122706111371011,0.032561727655985126
2006-10-23,12.425910949707031,12.518468856811523,12.125097274780273,12.356492042541504,7.029967784881592,38116641,-0.005602288749013511,11.676190996170044,0.007895152589369705,0.0305436117599053
2006-10-24,12.356492042541504,12.611026763916016,12.17137622833252,12.495328903198242,7.108954906463623,35203872,0.011173290307455765,11.76527805328369,0.007692103333997282,0.030505729445039452
2006-10-25,12.495328903198242,12.703584671020508,12.032539367675781,12.125097274780273,6.898319721221924,26979840,-0.030077427271794556,11.816184949874877,0.004385278988183227,0.030851548231460274
2006-10-26,12.125097274780273,12.287074089050293,12.009400367736816,12.148237228393555,6.911485195159912,21616716,0.001906615724352768,11.86246395111084,0.003962468785034615,0.03082324818558789
2006-10-27,12.148237228393555,12.287074089050293,11.84742259979248,11.939981460571289,6.793003082275391,25573154,-0.01729151993073069,11.92262668609619,0.005311114174394454,0.029146545834702827
2006-10-30,11.754864692687988,11.824283599853516,11.338354110717773,11.569748878479004,6.582365989685059,30631604,-0.03149871881665172,11.970062637329102,0.004277892613280506,0.030099694366747847
2006-10-31,11.77800464630127,11.893701553344727,11.639167785644531,11.754864692687988,6.687683582305908,25538581,0.01587333487737824,12.002457904815675,0.0028347645809006622,0.02871804157833221
2006-11-01,11.754864692687988,11.939981460571289,11.662306785583496,11.870562553405762,6.753507137298584,28453510,0.00979442906383934,12.04526596069336,0.0037428981207737176,0.02863217529330884
2006-11-02,11.893701553344727,12.217655181884766,11.893701553344727,12.032539367675781,6.8456621170043945,38959355,0.013552993596512745,12.08344612121582,0.003278233317962443,0.028380133819042728
2006-11-03,12.263934135437012,12.726723670959473,12.125097274780273,12.449049949645996,7.082625389099121,64262409,0.034029716765278,12.15170760154724,0.0058078946270928074,0.028770583632745695
2006-11-06,12.263934135437012,13.235793113708496,12.1945161819458,12.865560531616211,7.319590091705322,67905530,0.03290970432811853,12.202614498138427,0.004122183663242405,0.02586022087273703
2006-11-07,13.235793113708496,13.282072067260742,12.842421531677246,12.95811939239502,7.372251033782959,52071134,0.007168556721606981,12.258149337768554,0.004480611499322754,0.025849756212361397
2006-11-08,12.95811939239502,13.212654113769531,12.796142578125,12.842421531677246,7.306427478790283,31897837,-0.00896869849317896,12.267405128479004,0.0007259648874320464,0.02151497444337169
2006-11-09,12.95811939239502,13.282072067260742,12.356492042541504,12.40277099609375,7.0562968254089355,54180082,-0.03483395821740085,12.268562078475952,9.336869661177722e-05,0.022392099783640835
2006-11-10,12.40277099609375,12.63416576385498,12.310213088989258,12.63416576385498,7.187944412231445,20184101,0.018484797774754324,12.285916662216186,0.0013928445053609964,0.022680222673817186
2006-11-13,12.63416576385498,13.18951416015625,12.63416576385498,13.096956253051758,7.45123815536499,41714385,0.03597514326751742,12.3229398727417,0.002909912984852869,0.02395761331815855
2006-11-14,13.42090892791748,13.536606788635254,12.865560531616211,12.911840438842773,7.345920562744141,43389011,-0.014235102250340862,12.364590978622436,0.0033345693616616294,0.023551073284323997
2006-11-15,13.050677299499512,13.050677299499512,12.703584671020508,12.865560531616211,7.319590091705322,22342747,-0.003590738802958038,12.388887405395508,0.0019250736960604177,0.02304966137952133
2006-11-16,12.865560531616211,13.004398345947266,12.379631996154785,12.40277099609375,7.0562968254089355,29149290,-0.036634099988972844,12.407398986816407,0.0015152660552211973,0.023682092832347294
2006-11-17,12.40277099609375,12.541607856750488,12.263934135437012,12.425910949707031,7.069462299346924,14144644,0.0018639700942281998,12.407398986816407,1.485356976305141e-17,0.022560469165204856
2006-11-20,12.541607856750488,12.657305717468262,12.263934135437012,12.287074089050293,6.990472793579102,13718965,-0.0112360624266935,12.403928089141846,-0.0002816886838839846,0.02266901095916218
2006-11-21,12.263934135437012,12.587886810302734,12.032539367675781,12.055679321289062,6.85882568359375,22550185,-0.019011960866676003,12.381945610046387,-0.0017909512425905729,0.02287016694113564
2006-11-22,12.055679321289062,12.1945161819458,11.84742259979248,12.1945161819458,6.937814712524414,21167268,0.011450495530052366,12.385416555404664,0.00028544489750177314,0.02203684587979038
2006-11-23,12.1945161819458,12.63416576385498,12.055679321289062,12.495328903198242,7.108954906463623,32351607,0.02436852932175938,12.402771139144898,0.0014085405773721037,0.022686616542377053
2006-11-24,12.63416576385498,12.95811939239502,12.495328903198242,12.911840438842773,7.345920562744141,34233670,0.03278986713926043,12.451364088058472,0.003912609930871659,0.023270330058852463
2006-11-27,13.050677299499512,13.235793113708496,12.773002624511719,12.911840438842773,7.345920562744141,43157804,0.0,12.51846866607666,0.005487545871704245,0.02176476487154866
2006-11-28,12.819281578063965,13.18951416015625,12.657305717468262,12.842421531677246,7.306427478790283,32911256,-0.005390880574530003,12.572846508026123,0.004424335099108834,0.021750090156012376
2006-11-29,12.587886810302734,12.819281578063965,12.287074089050293,12.449049949645996,7.082625389099121,35134727,-0.031109562556546497,12.601770877838135,0.002379135518089542,0.02309981221271038
2006-11-30,12.541607856750488,12.611026763916016,12.379631996154785,12.425910949707031,7.069462299346924,21964606,-0.0018604255666262,12.621439456939697,0.0016084645599325944,0.022964119908544918
2006-12-01,12.472189903259277,13.050677299499512,12.472189903259277,12.819281578063965,7.293261528015137,47740876,0.03116652560268655,12.639951038360596,0.0014653050018030222,0.022759378338991127
2006-12-04,13.073817253112793,13.698582649230957,13.073817253112793,13.698582649230957,7.793522357940674,88653602,0.06634196045190195,12.681602144241333,0.0031369178079921935,0.02616359577240179
2006-12-05,13.883699417114258,14.531604766845703,13.235793113708496,13.652303695678711,7.767189979553223,95931201,-0.0033840949163081824,12.716311359405518,0.0026092852260964352,0.02618440948640434
2006-12-06,13.652303695678711,14.115094184875488,13.42090892791748,13.652303695678711,7.767189979553223,49815251,0.0,12.756805467605592,0.0030577201507553833,0.026052153651389534
2006-12-07,13.652303695678711,13.698582649230957,13.212654113769531,13.212654113769531,7.517062664031982,29315672,-0.03273326093707078,12.79729962348938,0.003162755014771887,0.02589510610018479
2006-12-08,13.212654113769531,13.536606788635254,13.18951416015625,13.374629974365234,7.6092143058776855,24974611,0.012184611563136018,12.834322834014893,0.0028477457041909716,0.02573674228227664
2006-12-11,13.35149097442627,13.374629974365234,13.004398345947266,13.004398345947266,7.3985795974731445,18269625,-0.028071992388325775,12.829694938659667,-0.00035461107860118785,0.02537997772580775
2006-12-12,13.42090892791748,13.698582649230957,13.004398345947266,13.073817253112793,7.438074588775635,41729510,0.005323912663386165,12.837793779373168,0.0006233396670851635,0.025193119321069487
2006-12-13,13.235793113708496,13.258933067321777,12.1945161819458,12.495328903198242,7.108954906463623,31418138,-0.04525666048096397,12.81928219795227,-0.0014599564168151329,0.027202539999590086
2006-12-14,12.495328903198242,12.726723670959473,12.449049949645996,12.680444717407227,7.214273452758789,16625251,0.014706134019336417,12.833165884017944,0.0011070552836003303,0.026108998840599744
2006-12-15,12.911840438842773,13.096956253051758,12.773002624511719,12.773002624511719,7.266932964324951,22273601,0.0072727527892301755,12.850520467758178,0.001377494418350429,0.026145238821768228
2006-12-18,12.773002624511719,12.819281578063965,12.148237228393555,12.449049949645996,7.082625389099121,49743945,-0.02568946280038252,12.858619260787965,0.0006548243996659778,0.02670597219387266
2006-12-19,12.449049949645996,12.587886810302734,12.263934135437012,12.310213088989258,7.003636837005615,26173859,-0.011215060452384674,12.871345949172973,0.0010446694203805442,0.026459544299754858
2006-12-20,12.449049949645996,12.888701438903809,12.449049949645996,12.773002624511719,7.266932964324951,42758055,0.036904523252767184,12.90027027130127,0.002317370806516285,0.027575059984620613
2006-12-21,12.796142578125,12.842421531677246,12.263934135437012,12.263934135437012,6.97730827331543,25983708,-0.04067100254016078,12.888700532913209,-0.0009346057865797228,0.028651751435251335
2006-12-22,12.263934135437012,12.541607856750488,12.125097274780273,12.287074089050293,6.990472793579102,24319886,0.0018850517464586013,12.857462215423585,-0.002479846556219814,0.02754937133640912
2006-12-25,12.680444717407227,12.842421531677246,12.449049949645996,12.773002624511719,7.266932964324951,36573824,0.038785950793702166,12.85052032470703,-0.0005405490165347061,0.029057011340348517
2006-12-26,12.865560531616211,13.513466835021973,12.726723670959473,13.18951416015625,7.503899097442627,63508287,0.03208835856354045,12.867874956130981,0.0013334129403688164,0.029923387682861628
2006-12-27,13.282072067260742,13.397769927978516,12.888701438903809,12.888701438903809,7.332756519317627,29259511,-0.023071061966495644,12.889857530593872,0.0017353379698713592,0.029515896109471678
2006-12-28,13.050677299499512,13.166375160217285,12.865560531616211,12.911840438842773,7.345920562744141,27245619510,0.0017936837336492348,12.914154005050658,0.0019180434348851309,0.029503773712987444
2006-12-29,12.95811939239502,13.235793113708496,12.819281578063965,13.004398345947266,7.3985795974731445,30893062,0.007142880678317306,12.923409843444825,0.0007168611886666686,0.02872917922707244
2007-01-02,13.143235206604004,13.652303695678711,13.143235206604004,13.328351020812988,7.5828857421875,45247305,0.02460578763045565,12.904898262023925,-0.0013699474524056464,0.024983026647902588
2007-01-03,13.42090892791748,13.513466835021973,12.796142578125,12.819281578063965,7.293261528015137,33607036,-0.0389430114037889,12.863247156143188,-0.003147893276779682,0.026361192875839105
2007-01-04,12.819281578063965,12.865560531616211,12.449049949645996,12.495328903198242,7.108954906463623,32675728,-0.02559552404424454,12.805398416519164,-0.004427669478991909,0.02681767647549504
2007-01-05,12.495328903198242,12.703584671020508,12.310213088989258,12.518468856811523,7.122119426727295,21834957,0.0018501756859356346,12.770689153671265,-0.0026984976478415883,0.025998959277786834
2007-01-08,12.449049949645996,12.726723670959473,12.40277099609375,12.495328903198242,7.108954906463623,10551222,-0.0018501756859357799,12.726724100112914,-0.0034002370102951783,0.025764455048258757
2007-01-09,12.587886810302734,12.819281578063965,12.56474781036377,12.63416576385498,7.187944412231445,17182739,0.011049826122084003,12.7082124710083,-0.0014441460847746898,0.025273158959092365
2007-01-10,12.63416576385498,12.63416576385498,12.356492042541504,12.356492042541504,7.029967784881592,14509821,-0.022223116429539648,12.672346210479736,-0.00282149753942098,0.025632971941414177
2007-01-11,12.40277099609375,12.449049949645996,11.500330924987793,11.500330924987793,6.542872905731201,43060568,-0.07180578537691917,12.622596311569215,-0.004148953784218741,0.0284760119485374
2007-01-12,11.500330924987793,11.801143646240234,11.106959342956543,11.77800464630127,6.700848579406738,36597593,0.023857967971059865,12.577474308013915,-0.0036913620866325684,0.028865812414163812
2007-01-15,11.801143646240234,11.893701553344727,11.361494064331055,11.4077730178833,6.4902143478393555,16394045,-0.03193881228749845,12.509212827682495,-0.005651940340469,0.029408463413316512
2007-01-16,11.569748878479004,11.870562553405762,11.569748878479004,11.731725692749023,6.674520015716553,18012489,0.028001803001389963,12.473346614837647,-0.002967377050380376,0.02992906633299676
2007-01-17,11.84742259979248,12.333353042602539,11.754864692687988,12.263934135437012,6.97730827331543,29782407,0.044366001267829226,12.471032667160035,-0.00018832396436968096,0.03165371261184416
2007-01-18,12.263934135437012,12.379631996154785,12.055679321289062,12.101958274841309,6.885156154632568,16407009,-0.013295490590009921,12.437480449676514,-0.002698324656508536,0.030527907295438552
2007-01-19,12.078818321228027,12.425910949707031,12.078818321228027,12.240795135498047,6.964143753051758,15162384,0.011406956620885143,12.436323499679565,-9.44266984562396e-05,0.02931546956066093
2007-01-22,12.40277099609375,12.657305717468262,12.217655181884766,12.449049949645996,7.082625389099121,29875322,0.016870073708903238,12.444422292709351,0.0006548243996659922,0.029559206198546305
2007-01-23,12.541607856750488,12.611026763916016,12.287074089050293,12.310213088989258,7.003636837005615,18373344,-0.011215060452384674,12.421282815933228,-0.0018452261626383498,0.028249912026613654
2007-01-24,12.449049949645996,12.449049949645996,12.263934135437012,12.263934135437012,6.97730827331543,7748655,-0.003766479287393688,12.375003814697266,-0.0036379680551850563,0.027097307724153197
2007-01-25,12.356492042541504,12.40277099609375,11.893701553344727,11.893701553344727,6.766672611236572,15827913,-0.03065379222666283,12.325253820419311,-0.004017104568193416,0.027434469634922357
2007-01-26,11.569748878479004,11.986260414123535,11.569748878479004,11.731725692749023,6.674520015716553,12225847,-0.0137122090411664,12.266248083114624,-0.004792399206934197,0.027480673125667494
2007-01-29,11.754864692687988,11.96312141418457,11.708585739135742,11.77800464630127,6.700848579406738,7800514,0.0039370092861086385,12.204928398132324,-0.0049526927765446305,0.02741666636755426
2007-01-30,11.893701553344727,11.939981460571289,11.754864692687988,11.84742259979248,6.740342140197754,6516994,0.0058765627847697215,12.130881977081298,-0.005889154018828927,0.026663426674360582
2007-01-31,12.032539367675781,12.125097274780273,11.708585739135742,11.801143646240234,6.71401309967041,10402126,-0.003913895848744636,12.079975080490112,-0.0041376982410767146,0.025503168356671463
2007-02-01,12.055679321289062,12.125097274780273,11.916842460632324,11.939981460571289,6.793003082275391,10486397,0.011696109299117475,12.052207708358765,-0.0022731165739086137,0.025213361334081186
2007-02-02,12.125097274780273,12.356492042541504,12.009400367736816,12.310213088989258,7.003636837005615,21528123,0.030536695033971856,12.041794919967652,-0.0008387906065068027,0.02625471845769634
2007-02-05,12.449049949645996,12.611026763916016,12.333353042602539,12.495328903198242,7.108954906463623,19823246,0.014925636444200648,12.041794919967652,1.8735013540549518e-17,0.026487650996953695
2007-02-06,12.495328903198242,12.749863624572754,12.310213088989258,12.495328903198242,7.108954906463623,35677089,0.0,12.034853076934814,-0.0005524913061041814,0.026359971509046693
2007-02-07,12.449049949645996,12.541607856750488,12.17137622833252,12.17137622833252,6.924648761749268,12457054,-0.026267902443853332,12.025597286224365,-0.0007547306068198656,0.026549816357026926
2007-02-08,12.40277099609375,12.449049949645996,12.032539367675781,12.032539367675781,6.8456621170043945,9032174,-0.01147239031324081,12.052207708358765,0.0022619391463640525,0.020872510429407437
2007-02-09,12.125097274780273,12.541607856750488,12.078818321228027,12.449049949645996,7.082625389099121,21746364,0.034029716765278,12.085759973526,0.0027705265860749595,0.02153968449050529
2007-02-12,12.356492042541504,12.541607856750488,12.17137622833252,12.449049949645996,7.082625389099121,15380626,0.0,12.137823820114136,0.004367467200449882,0.01995671022497202
2007-02-13,12.63416576385498,12.680444717407227,12.263934135437012,12.263934135437012,6.97730827331543,15434646,-0.014981539739778341,12.164434242248536,0.0022183000633914673,0.019588610050133622
2007-02-14,12.495328903198242,12.680444717407227,12.356492042541504,12.495328903198242,7.108954906463623,16724648,0.018692115731594267,12.176003980636597,0.000934605786579719,0.017400181027722398
2007-02-26,12.773002624511719,13.35149097442627,12.726723670959473,13.258933067321777,7.543392658233643,74666696,0.05931663230039867,12.23385272026062,0.004565211931100149,0.02139220105502462
2007-02-27,13.212654113769531,13.328351020812988,12.333353042602539,12.333353042602539,7.016803741455078,28794918,-0.07236429700215702,12.238480615615845,0.00037664924994804046,0.02735281933051339
2007-03-01,12.101958274841309,12.495328903198242,12.078818321228027,12.310213088989258,7.003636837005615,29393461,-0.0018779717424424207,12.231538772583008,-0.0005607530226192423,0.027077698714945843
2007-03-02,12.287074089050293,12.356492042541504,12.032539367675781,12.17137622833252,6.924648761749268,12346853,-0.0113422659996526,12.22459692955017,-0.0005671132999826385,0.027080347829195092
2007-03-05,11.801143646240234,11.801143646240234,11.338354110717773,11.477190971374512,6.529707431793213,26763759,-0.05872531223605056,12.185259771347045,-0.003315054947415482,0.03004792315028705
2007-03-06,11.500330924987793,11.708585739135742,11.245796203613281,11.639167785644531,6.621860980987549,17314549,0.014014271623129921,12.172533082962037,-0.001081651754925845,0.029565104995252705
2007-03-07,11.639167785644531,11.939981460571289,11.454051971435547,11.662306785583496,6.6350250244140625,17321031,0.0019860552150080496,12.16906213760376,-0.0002967385421171224,0.029420160745817926
2007-03-08,11.662306785583496,11.824283599853516,11.592888832092285,11.754864692687988,6.687683582305908,6880010,0.007905172424319595,12.167905139923096,-9.833038520657457e-05,0.029463564220360935
2007-03-09,11.84742259979248,11.96312141418457,11.801143646240234,11.84742259979248,6.740342140197754,10866700,0.007843170488900847,12.167905139923096,-1.8301332671555316e-17,0.02948782569952614
2007-03-12,11.986260414123535,11.986260414123535,11.824283599853516,11.824283599853516,6.727180004119873,6026491,-0.0019549927760657937,12.16906213760376,9.79451536339238e-05,0.029477392743560628
2007-03-13,11.939981460571289,12.101958274841309,11.77800464630127,11.84742259979248,6.740342140197754,10974740,0.001954992776065684,12.16443419456482,-0.0003891106725186658,0.02935589577919024
2007-03-14,11.569748878479004,11.61602783203125,11.477190971374512,11.500330924987793,6.542872905731201,11201625,-0.029734530755829543,12.123940086364746,-0.003402671962008736,0.029106628754266374
2007-03-15,11.546609878540039,11.731725692749023,11.546609878540039,11.592888832092285,6.595531463623047,9086194,0.008016067374288895,12.078818082809448,-0.0037481504155043232,0.028918027998479125
2007-03-16,11.662306785583496,12.263934135437012,11.569748878479004,12.009400367736816,6.832498073577881,34985631,0.035297828681287946,12.054521656036377,-0.0019832589814399258,0.030207212052496095
2007-03-19,12.17137622833252,12.1945161819458,11.731725692749023,11.731725692749023,6.674520015716553,13980423,-0.023392937370625613,12.032539129257202,-0.00183951072777854,0.03009218703385355
2007-03-20,12.032539367675781,12.101958274841309,11.824283599853516,11.84742259979248,6.740342140197754,12904341,0.009813572070878341,12.023283290863038,-0.0007752126085725824,0.030109975658541684
2007-03-21,12.032539367675781,12.032539367675781,11.754864692687988,11.801143646240234,6.71401309967041,6058903,-0.003913895848744636,11.990887975692749,-0.0026723932392737145,0.02897556537376272
2007-03-22,11.893701553344727,12.032539367675781,11.77800464630127,11.77800464630127,6.700848579406738,8206746,-0.001962666936025044,11.957335710525513,-0.0027705265860749665,0.028969361136588743
2007-03-23,11.801143646240234,11.870562553405762,11.731725692749023,11.754864692687988,6.687683582305908,6510512,-0.001966607704131127,11.931882238388061,-0.0021197799842926058,0.028826451512377952
2007-03-26,11.801143646240234,11.939981460571289,11.708585739135742,11.754864692687988,6.687683582305908,9475140,0.0,11.894859027862548,-0.0030543857708723193,0.028416276408425506
2007-03-27,11.893701553344727,12.101958274841309,11.708585739135742,11.824283599853516,6.727180004119873,20177618,0.00588817771283511,11.823126554489136,-0.005725808500250498,0.02448340586463166
2007-03-28,11.824283599853516,11.96312141418457,11.801143646240234,11.801143646240234,6.71401309967041,7696795,-0.0019589030726788977,11.79651608467102,-0.0022055388037765912,0.01879944224239338
2007-03-29,11.893701553344727,12.541607856750488,11.84742259979248,12.425910949707031,7.069462299346924,42317250,0.05158743921884776,11.80230097770691,0.00046773174428791747,0.02232017168838006
2007-03-30,12.56474781036377,12.657305717468262,12.310213088989258,12.40277099609375,7.0562968254089355,27673459,-0.0018639700942282575,11.813870716094971,0.0009416465395591347,0.02215623958910282
2007-04-02,12.587886810302734,13.050677299499512,12.541607856750488,12.865560531616211,7.319590091705322,46191578,0.0366340999889729,11.883289194107055,0.005709617150810307,0.0186183476153271
2007-04-03,13.004398345947266,13.073817253112793,12.680444717407227,12.819281578063965,7.293261528015137,22893753,-0.003603604292057922,11.942294883728028,0.004828723355050916,0.018621526621697387
2007-04-04,13.050677299499512,13.050677299499512,12.657305717468262,12.657305717468262,7.201109409332275,19330582,-0.012715835228154648,11.992044830322266,0.004093628832892781,0.019025450150735194
2007-04-09,12.865560531616211,13.004398345947266,12.773002624511719,12.865560531616211,7.319590091705322,14987359,0.016319439520212527,12.047579622268676,0.004514342187687427,0.019206344761972017
2007-04-10,12.95811939239502,13.004398345947266,12.680444717407227,12.749863624572754,7.253767013549805,11560319,-0.009033439626462577,12.09270167350769,0.0036705116819192563,0.019421922229890563
2007-04-11,12.796142578125,12.865560531616211,12.449049949645996,12.611026763916016,7.174780368804932,12027053,-0.010949004196259556,12.132038831710815,0.003220811110909568,0.019661677300363035
2007-04-12,12.611026763916016,12.680444717407227,12.495328903198242,12.56474781036377,7.148449897766113,13368914,-0.003676471247620871,12.16790509223938,0.0029392379097252404,0.019720993448783905
2007-04-13,12.703584671020508,12.726723670959473,12.425910949707031,12.425910949707031,7.069462299346924,10462629,-0.011111214824401493,12.214184093475343,0.0038704037062966433,0.01849883742853819
2007-04-16,13.328351020812988,13.97625732421875,13.096956253051758,13.768001556396484,7.833016395568848,91043455,0.10256328678670944,12.322939729690551,0.008597764676917672,0.028817093379932386
2007-04-17,14.115094184875488,14.462186813354492,13.096956253051758,13.282072067260742,7.55655574798584,93240996,-0.03593201091551325,12.386573314666748,0.0050362726970776105,0.029730717360397167
2007-04-18,13.42090892791748,13.97625732421875,13.166375160217285,13.97625732421875,7.951498508453369,34397891,0.050944823488590064,12.498799896240234,0.008753160740038395,0.03062288914894061
2007-04-19,13.883699417114258,13.929978370666504,13.328351020812988,13.374629974365234,7.6092143058776855,31264721,-0.04400035759544055,12.575160264968872,0.006062464256722451,0.0328108436263735
2007-04-20,13.606024742126465,13.744861602783203,13.42090892791748,13.606024742126465,7.740861892700195,22310335,0.017153063461599213,12.665404319763184,0.0071158122222396425,0.03281187246702377
2007-04-23,13.906839370727539,14.346488952636719,13.906839370727539,14.045676231384277,7.990992069244385,53966162,0.03180191648617127,12.778787899017335,0.00880404139334946,0.033186667524515066
2007-04-24,14.253931045532227,14.346488952636719,13.814281463623047,14.115094184875488,8.030486106872559,32995527,0.004930127483873588,12.89679937362671,0.009148878152749694,0.033104591194906434
2007-04-25,14.115094184875488,14.20765209197998,13.652303695678711,13.652303695678711,7.767189979553223,20426111,-0.033336458057709364,12.991671323776245,0.007482055249864225,0.03440325952666777
2007-04-26,13.652303695678711,13.744861602783203,13.397769927978516,13.490327835083008,7.675039768218994,16510728,-0.011935304299150358,13.074973535537719,0.006590881149264952,0.03467648272990224
2007-04-27,13.42090892791748,13.698582649230957,13.143235206604004,13.18951416015625,7.503899097442627,33328292,-0.022550839908581012,13.144392061233521,0.005561284307469846,0.03524474603522733
2007-04-30,13.096956253051758,13.120096206665039,12.495328903198242,12.680444717407227,7.214273452758789,20659478,-0.03936111135277054,13.15711874961853,0.0010138567788889317,0.03485887570433925
2007-05-02,12.773002624511719,12.934980392456055,12.726723670959473,12.773002624511719,7.266932964324951,10577151,0.0072727527892301755,13.175630331039429,0.001470692923061853,0.03487903985169397
2007-05-03,12.934980392456055,12.934980392456055,12.032539367675781,12.263934135437012,6.97730827331543,20242442,-0.04067100254016078,13.145549011230468,-0.0023945622033948307,0.035060139576031296
2007-05-04,12.40277099609375,12.865560531616211,12.40277099609375,12.773002624511719,7.266932964324951,16260075,0.04067100254016094,13.143235063552856,-0.0001808318617838877,0.036353689017272754
2007-05-07,13.050677299499512,13.513466835021973,12.911840438842773,13.513466835021973,7.688205242156982,28112103,0.05635295802961023,13.186043119430542,0.003272607801104356,0.0383272896992484
2007-05-08,13.282072067260742,13.652303695678711,13.18951416015625,13.212654113769531,7.517062664031982,17973595,-0.022511716195409294,13.203397798538209,0.001331050015323265,0.03861405538446226
2007-05-09,13.027538299560547,13.166375160217285,12.726723670959473,12.773002624511719,7.266932964324951,15577259,-0.03384124183420101,13.204554748535156,9.06599049363438e-05,0.039355837062791305
2007-05-10,12.911840438842773,13.027538299560547,12.56474781036377,12.773002624511719,7.266932964324951,17761836,0.0,13.212653541564942,0.0006381101147493216,0.03927024875509463
2007-05-11,12.541607856750488,12.865560531616211,12.518468856811523,12.63416576385498,7.187944412231445,8310464,-0.010929060686482615,13.216124439239502,0.00027548064280623444,0.03934560106073997
2007-05-14,12.726723670959473,12.726723670959473,12.310213088989258,12.425910949707031,7.069462299346924,14023639,-0.016620827680525994,13.216124439239502,9.367506770274759e-18,0.03944867467815157
2007-05-15,12.63416576385498,12.819281578063965,12.495328903198242,12.518468856811523,7.122119426727295,19857819,0.007421177244377781,13.153647804260254,-0.004757105477116574,0.03133100513127324
2007-05-16,12.541607856750488,12.63416576385498,12.472189903259277,12.472189903259277,7.095790863037109,8522224,-0.0037037044040248604,13.11315369606018,-0.0031456901515421534,0.03045990246544102
2007-05-17,12.495328903198242,12.587886810302734,12.356492042541504,12.356492042541504,7.029967784881592,12316601,-0.009319761589366602,13.032165431976319,-0.006158919405439987,0.02768150816112535
2007-05-18,12.40277099609375,12.449049949645996,12.287074089050293,12.40277099609375,7.0562968254089355,9928909,0.003738318654785252,12.983572483062744,-0.003771985592928697,0.02626893683245377
2007-05-21,12.449049949645996,12.56474781036377,12.310213088989258,12.495328903198242,7.108954906463623,10270317,0.007434971652670406,12.928037691116334,-0.004257890183375137,0.025949444727039035
2007-05-22,12.63416576385498,12.934980392456055,12.587886810302734,12.680444717407227,7.214273452758789,22748979,0.014706134019336417,12.85977611541748,-0.0051126793067168795,0.0249618774799954
2007-05-23,12.95811939239502,12.95811939239502,12.611026763916016,12.726723670959473,7.240602493286133,15955401,0.0036429879966856375,12.79035758972168,-0.005177036281076278,0.024936268370315446
2007-05-24,12.726723670959473,12.726723670959473,12.40277099609375,12.40277099609375,7.0562968254089355,17461483,-0.025784093668692346,12.727880954742432,-0.004799418061625426,0.024541455789916886
2007-05-25,12.310213088989258,12.472189903259277,12.240795135498047,12.310213088989258,7.003636837005615,21007368,-0.007490664791530314,12.668875217437744,-0.004577186086244424,0.024493513845000234
2007-05-28,12.310213088989258,12.379631996154785,12.17137622833252,12.17137622833252,6.924648761749268,12673134,-0.0113422659996526,12.617968320846558,-0.0040167573907980035,0.024186930634762186
2007-05-29,12.1945161819458,12.425910949707031,12.1945161819458,12.240795135498047,6.964143753051758,18224248,0.00568725274313407,12.595985841751098,-0.001764339186002773,0.022778823680858942
2007-05-30,12.217655181884766,12.217655181884766,12.032539367675781,12.078818321228027,6.871990203857422,16445904,-0.013320870393252478,12.561276626586913,-0.0027940203451269057,0.02281423940595891
2007-05-31,12.125097274780273,12.240795135498047,12.078818321228027,12.148237228393555,6.911485195159912,10285442,0.005730708546529946,12.55549178123474,-0.00047393479079236943,0.021050878412301407
2007-06-01,12.240795135498047,12.240795135498047,12.148237228393555,12.17137622833252,6.924648761749268,11568962,0.001902909103588539,12.525410461425782,-0.002412339462620989,0.018718475846290834
2007-06-04,12.17137622833252,12.263934135437012,12.009400367736816,12.032539367675781,6.8456621170043945,23308628,-0.01147239031324081,12.451364088058472,-0.005803606879763541,0.012682262500145267
2007-06-05,12.032539367675781,12.148237228393555,11.986260414123535,12.055679321289062,6.85882568359375,10786750,0.0019212679052823325,12.393515348434448,-0.00458195767472896,0.012153881983844246
2007-06-06,12.240795135498047,12.680444717407227,12.1945161819458,12.63416576385498,7.187944412231445,72637698,0.04686885097389549,12.38657350540161,-0.0005464530343241355,0.014994725643381043
2007-06-07,12.63416576385498,12.63416576385498,12.356492042541504,12.425910949707031,7.069462299346924,19276562,-0.016620827680525994,12.369218921661377,-0.0013774944183504352,0.01541746866210629
2007-06-08,12.356492042541504,12.680444717407227,12.356492042541504,12.379631996154785,7.0431318283081055,23634910,-0.00373134402646346,12.356492233276366,-0.0010176085853494774,0.015266037800743325
2007-06-11,12.541607856750488,12.587886810302734,12.379631996154785,12.379631996154785,7.0431318283081055,18863847,0.0,12.354178285598755,-0.0001865672013231777,0.014817750340656277
2007-06-12,12.495328903198242,12.842421531677246,12.495328903198242,12.611026763916016,7.174780368804932,45439617,0.018519030098485902,12.35880618095398,0.0003683254413822284,0.015317022274675707
2007-06-13,12.888701438903809,13.305212020874023,12.773002624511719,13.18951416015625,7.503899097442627,71658853,0.04485056085852667,12.394672393798828,0.002796038704509805,0.01821194556325511
2007-06-14,13.328351020812988,13.328351020812988,12.95811939239502,13.096956253051758,7.45123815536499,39786945,-0.007042275982505538,12.431695604324341,0.0029099129848528583,0.01813917646663323
2007-06-15,13.18951416015625,13.235793113708496,13.096956253051758,13.096956253051758,7.45123815536499,23336719,0.0,12.46640486717224,0.0027229970521135956,0.01814944876815932
2007-06-20,13.328351020812988,13.652303695678711,13.305212020874023,13.305212020874023,7.5697221755981445,63194970,0.01577598361596981,12.50689902305603,0.0031400476502785658,0.01835805638540443
2007-06-21,13.444048881530762,13.444048881530762,13.096956253051758,13.166375160217285,7.490734100341797,24108127,-0.01048959646747566,12.531195545196534,0.0018802611259379621,0.01838706360730999
2007-06-22,13.18951416015625,13.35149097442627,13.027538299560547,13.027538299560547,7.411744117736816,23574407,-0.010600795565614442,12.546236276626587,0.001168071947822958,0.018589928449643474
2007-06-25,13.536606788635254,14.300209999084473,13.444048881530762,14.115094184875488,8.030486106872559,73454484,0.08017928666506642,12.631852436065675,0.006466240964510897,0.024624617845371136
2007-06-26,14.115094184875488,14.115094184875488,13.490327835083008,13.490327835083008,7.675039768218994,41923983,-0.0452717623568598,12.690858173370362,0.004577186086244423,0.02707855966716681
2007-06-27,13.536606788635254,13.652303695678711,13.282072067260742,13.305212020874023,7.5697221755981445,22347069,-0.013817132275116646,12.747549962997436,0.00445344277247122,0.027160667405593208
2007-06-28,13.397769927978516,13.744861602783203,13.397769927978516,13.42090892791748,7.635544300079346,30333413,0.00865801887200125,12.806555652618409,0.0046019810789145795,0.027175889202506447
2007-06-29,13.444048881530762,13.814281463623047,13.35149097442627,13.606024742126465,7.740861892700195,41710063,0.013698831789930314,12.88291597366333,0.0059529661880737186,0.02690829552939994
2007-07-02,13.883699417114258,14.184513092041016,13.744861602783203,13.883699417114258,7.898839473724365,46446553,0.020202757783802,12.969689083099365,0.006676568649937322,0.027095936915512406
2007-07-03,14.115094184875488,14.115094184875488,13.79114055633545,13.837420463562012,7.872508525848389,22385963,-0.0033388980492503363,13.05299129486084,0.006414478292295378,0.027169791729521425
2007-07-04,14.068815231323242,14.300209999084473,13.837420463562012,13.837420463562012,7.872508525848389,41764083,0.0,13.143235349655152,0.006988097807957419,0.02689196587729022
2007-07-05,14.022536277770996,14.115094184875488,13.606024742126465,13.837420463562012,7.872508525848389,37034076,0.0,13.232322406768798,0.006892034412693301,0.026914440389729972
2007-07-06,13.860560417175293,14.068815231323242,13.698582649230957,13.698582649230957,7.793522357940674,32254370,-0.010084178905908084,13.285543251037598,0.004044382918703122,0.02543435151625951
2007-07-09,13.744861602783203,13.79114055633545,13.467187881469727,13.467187881469727,7.661872863769531,30839042,-0.017036171602051446,13.337607097625732,0.00402361572262685,0.02545227601058784
2007-07-10,13.467187881469727,13.698582649230957,13.374629974365234,13.467187881469727,7.661872863769531,25203656,0.0,13.391984891891479,0.004210182923950023,0.02540607331517503
2007-07-11,13.467187881469727,13.513466835021973,13.282072067260742,13.305212020874023,7.5697221755981445,19028069,-0.012100359888523808,13.438263893127441,0.0036051649295238326,0.02565447523875067
2007-07-12,13.467187881469727,13.883699417114258,13.467187881469727,13.467187881469727,7.661872863769531,26714060,0.012100359888523881,13.481071949005127,0.0032842314190257315,0.025497755208199455
2007-07-13,13.606024742126465,13.629164695739746,13.258933067321777,13.258933067321777,7.543392658233643,27919791,-0.01558468059369637,13.484542894363404,0.00026246934641457973,0.023839628738597695
2007-07-16,13.282072067260742,13.606024742126465,13.282072067260742,13.328351020812988,7.5828857421875,18507314,0.005221903147634833,13.496112632751466,0.0008756783029215982,0.023799542503686457
2007-07-17,13.397769927978516,13.97625732421875,13.397769927978516,13.883699417114258,7.898839473724365,47714947,0.04082202600327143,13.53544979095459,0.00291677960308517,0.02541608301022181
2007-07-18,14.022536277770996,14.161373138427734,13.883699417114258,13.883699417114258,7.898839473724365,47704143,0.0,13.5643741607666,0.002127980422286679,0.025240185824366674
2007-07-19,14.022536277770996,14.439046859741211,13.929978370666504,14.13823413848877,8.043652534484863,58536270,0.018167320369150183,13.612967109680175,0.003560826264117971,0.02529954114807074
2007-07-20,14.300209999084473,14.300209999084473,13.79114055633545,13.883699417114258,7.898839473724365,23267573,-0.018167320369150305,13.655775165557861,0.003182500023941178,0.025577505610804414
2007-07-23,13.953118324279785,14.068815231323242,13.79114055633545,13.814281463623047,7.85934591293335,17660278,-0.005012502473370909,13.640734529495239,-0.0010770894329806887,0.018072569994892512
2007-07-24,13.883699417114258,13.999397277832031,13.652303695678711,13.652303695678711,7.767189979553223,23639232,-0.01179466939809568,13.648833322525025,0.0005967652149575174,0.015063723513962424
2007-07-25,14.346488952636719,14.346488952636719,13.953118324279785,14.20765209197998,8.083147048950195,50966962,0.039872422875292496,13.693955326080323,0.003281242972477974,0.017017155404538405
2007-07-26,14.346488952636719,15.179511070251465,14.230792045593262,15.179511070251465,8.636065483093262,91339486,0.0661658634573486,13.781885433197022,0.0061566352017453415,0.022079159199513643
2007-07-27,15.179511070251465,16.220788955688477,14.809279441833496,16.220788955688477,9.228477478027344,81929170,0.06634712578431422,13.912623643875122,0.008789049901464537,0.025843368723260325
2007-07-30,16.822416305541992,16.822416305541992,15.919975280761719,16.220788955688477,9.228477478027344,82529874,0.0,14.029478120803834,0.007778912012274436,0.02576848496639683
2007-07-31,16.01253318786621,16.40590476989746,15.688579559326172,16.40590476989746,9.81252384185791,69995031,0.011347628551528197,14.157902336120605,0.008513238342313365,0.025643945490216386
2007-08-01,16.40590476989746,17.5166015625,15.272068977355957,15.272068977355957,9.134364128112793,121813351,-0.07161571397095287,14.229634761810303,0.00493245264376572,0.031276660301900246
2007-08-02,16.151369094848633,16.197649002075195,14.901837348937988,16.197649002075195,9.68796443939209,83603796,0.058840505375418004,14.347646188735961,0.00787447791253662,0.03347819315359798
2007-08-03,16.197649002075195,16.220788955688477,15.549742698669434,15.59602165222168,9.328125,41468053,-0.03785024893994297,14.442518138885498,0.006486174410834875,0.03481128709765898
2007-08-06,15.133232116699219,15.966254234313965,15.133232116699219,15.665440559387207,9.369644165039062,38799456,0.004441188374237237,14.552430772781372,0.007560042409649309,0.034376021198136215
2007-08-07,16.01253318786621,16.75299644470215,15.966254234313965,16.429044723510742,9.826363563537598,80086001,0.0475937403376019,14.700523614883423,0.009939729426529405,0.035455524665984305
2007-08-08,16.660438537597656,17.56287956237793,16.452184677124023,17.56287956237793,10.504521369934082,81847059,0.06673677080298636,14.913406991958619,0.013881585961104915,0.03721499702707875
2007-08-09,17.63229751586914,17.95625114440918,17.123228073120117,17.215787887573242,10.296923637390137,65833316,-0.01996069570640478,15.100836992263794,0.012278533181358482,0.03797845356503057
2007-08-10,16.660438537597656,17.678577423095703,16.614160537719727,17.400903701782227,10.40764331817627,43574840,0.010695278509130747,15.307935523986817,0.013592531136499834,0.03741412058905377
2007-08-13,17.817413330078125,18.604156494140625,17.58601951599121,18.511598587036133,11.0719575881958,68542969,0.06187534452758156,15.567097902297974,0.01642520320549717,0.038863590053181615
2007-08-14,18.37276268005371,19.06694793701172,17.63229751586914,17.817413330078125,10.656761169433594,43693684,-0.03822123021577274,15.763783597946167,0.012473040394544966,0.04024649701001594
2007-08-15,17.58601951599121,18.048809051513672,16.591020584106445,16.591020584106445,9.923243522644043,48801833,-0.07131463572813655,15.899149656295776,0.008907308608138136,0.04435878776039926
2007-08-16,15.59602165222168,15.827417373657227,15.434045791625977,15.434045791625977,9.231246948242188,36290758,-0.07228578537667114,15.963940238952636,0.00438465332084707,0.047839546213264084
2007-08-17,15.179511070251465,15.966254234313965,14.508465766906738,15.919975280761719,9.521883964538574,56187472,0.03099879273621181,16.06575403213501,0.006842958976115175,0.047882903784314916
2007-08-20,17.030670166015625,17.030670166015625,16.683578491210938,17.030670166015625,10.186202049255371,35136887,0.06744121828673894,16.22657346725464,0.010465645014120667,0.049647068607076454
2007-08-21,17.123228073120117,18.048809051513672,17.030670166015625,17.53973960876465,10.490681648254395,61299942,0.029453295281602697,16.420945262908937,0.012528043248105586,0.04953028660892241
2007-08-22,17.354623794555664,17.97939109802246,17.238927841186523,17.400903701782227,10.40764331817627,48421531,-0.007946999511554738,16.580607843399047,0.010137072128763223,0.04929445039791717
2007-08-23,17.377763748168945,18.141366958618164,17.285205841064453,17.95625114440918,10.739801406860352,62564015,0.03141616572280931,16.719444847106935,0.00839958724203626,0.04780558833906099
2007-08-24,17.95625114440918,18.41904067993164,17.724855422973633,17.909971237182617,10.71212100982666,50050779,-0.0025806973714442307,16.80390396118164,0.0049531960842483375,0.04585285874073961
2007-08-27,18.395902633666992,18.696714401245117,17.58601951599121,17.724855422973633,10.601400375366211,38371616,-0.010389694395141497,16.8791072845459,0.004433711364491263,0.045970632094734086
2007-08-28,17.724855422973633,17.9331111907959,17.400903701782227,17.53973960876465,10.490681648254395,21627520,-0.010498774444668872,16.935799026489256,0.0033413912146814093,0.046057169796709964
2007-08-29,17.16950798034668,18.41904067993164,17.123228073120117,18.41904067993164,11.016599655151367,50651484,0.048915807852371734,17.093147611618043,0.00936796730584764,0.04355037153166778
2007-08-30,18.604156494140625,18.74299430847168,18.048809051513672,18.048809051513672,10.795162200927734,58449838,-0.02030524704325165,17.185705614089965,0.005410679684914157,0.04239899916324138
2007-08-31,18.28020477294922,18.951250076293945,18.187646865844727,18.511598587036133,11.0719575881958,60193609,0.025317784206906724,17.331484460830687,0.008569081342256642,0.04134648353610637
2007-09-03,18.511598587036133,18.511598587036133,18.048809051513672,18.048809051513672,10.795162200927734,45688109,-0.025317784206906814,17.450652885437012,0.007081132713199439,0.04203263309255033
2007-09-04,18.048809051513672,18.187646865844727,16.984392166137695,17.123228073120117,10.241561889648438,43739061,-0.05264379346440745,17.48536205291748,0.002069256023098971,0.04291455397857624
2007-09-05,17.215787887573242,17.354623794555664,16.75299644470215,16.79927635192871,10.04780387878418,29510145,-0.019100097420581743,17.44718189239502,-0.0022225873880794334,0.04032067223523096
2007-09-06,16.567880630493164,16.77613639831543,16.38276481628418,16.75299644470215,10.020123481750488,29901251,-0.0027586766987377524,17.424042320251466,-0.0013624864376960823,0.040105273975702425
2007-09-07,16.891834259033203,17.215787887573242,16.683578491210938,16.822416305541992,10.061644554138184,23563603,0.00413516642533653,17.395117950439452,-0.0016904920418857928,0.04002822014438446
2007-09-10,16.567880630493164,17.701717376708984,16.498462677001953,17.609159469604492,10.532200813293457,38479656,0.04570689016150475,17.34999599456787,-0.002498914760189633,0.03882195191935633
2007-09-11,17.678577423095703,17.817413330078125,17.354623794555664,17.354623794555664,10.379962921142578,24149182,-0.014560219064756734,17.326856517791747,-0.0013158642026388332,0.038028475572732416
2007-09-12,17.447181701660156,17.5166015625,17.123228073120117,17.123228073120117,10.241561889648438,16988267,-0.013423063402764895,17.35346689224243,0.0015787144136297498,0.034455401137526764
2007-09-13,17.354623794555664,17.377763748168945,16.683578491210938,16.683578491210938,9.978604316711426,15676657,-0.026010996849082372,17.41594352722168,0.0038924538400091887,0.03056871355438823
2007-09-14,17.007532119750977,17.007532119750977,16.77613639831543,16.84555435180664,10.075482368469238,11763435,0.009661873536284409,17.462222480773924,0.002825607880012818,0.029938751607295387
2007-09-17,16.891834259033203,17.308345794677734,16.891834259033203,16.961252212524414,10.144681930541992,19196612,0.006844675624536273,17.458751583099364,-0.00020421925309731473,0.025841242898691157
2007-09-18,16.961252212524414,16.961252212524414,16.961252212524414,16.961252212524414,10.144681930541992,0,0.0,17.429827213287354,-0.0016768840171774498,0.024883650903453708
2007-09-19,17.354623794555664,17.49346160888672,17.030670166015625,17.076950073242188,10.213881492614746,26904211,0.006798144351174961,17.41362953186035,-0.0009396268240409646,0.0249065266838032
2007-09-20,17.262065887451172,17.262065887451172,16.7298583984375,16.75299644470215,10.020123481750488,14836103,-0.01915247078223277,17.353466796875,-0.003468058649293068,0.02399925150299999
2007-09-21,16.77613639831543,17.53973960876465,16.637300491333008,17.331485748291016,10.366122245788574,30620800,0.03394769829450292,17.32454252243042,-0.001641638865995711,0.025418344654500064
2007-09-26,17.53973960876465,17.863693237304688,17.16950798034668,17.58601951599121,10.518362998962402,29628989,0.014579407914787205,17.3176007270813,-0.00039318375049927576,0.025578747072458448
2007-09-27,17.58601951599121,17.724855422973633,17.14636993408203,17.238927841186523,10.310762405395508,21571339,-0.01993416758682337,17.302560138702393,-0.0008649534076070008,0.02586040408359068
2007-09-28,17.238927841186523,17.470321655273438,17.215787887573242,17.447181701660156,10.435321807861328,20540634,0.012008055421318596,17.253967189788817,-0.002710341029159658,0.02331244364257478
2007-10-01,17.840553283691406,18.557878494262695,17.49346160888672,18.048809051513672,10.795162200927734,74647249,0.03390157353994159,17.253967189788817,4.163336342344337e-18,0.02428976733226933
2007-10-02,18.28020477294922,18.465320587158203,17.655437469482422,17.678577423095703,10.573721885681152,38051816,-0.02072611059889071,17.2123161315918,-0.002302194740289867,0.0239434010192737
2007-10-03,17.817413330078125,18.32648277282715,17.747995376586914,18.32648277282715,10.961238861083984,41424837,0.03599356831914399,17.22619981765747,0.000763372886012673,0.024752816540861235
2007-10-04,18.28020477294922,18.28020477294922,17.49346160888672,17.817413330078125,10.656761169433594,21121891,-0.028170903729119255,17.26090908050537,0.0019870173727770824,0.02247367751095874
2007-10-05,17.817413330078125,17.95625114440918,17.58601951599121,17.909971237182617,10.71212100982666,12068108,0.0051813540395562775,17.316443824768065,0.003201089945783984,0.021923689865011274
2007-10-08,18.187646865844727,18.210786819458008,17.447181701660156,17.5166015625,10.47684097290039,17299423,-0.022208518157650185,17.35462408065796,0.002228597872838362,0.02262221767424889
2007-10-09,17.5166015625,17.747995376586914,16.891834259033203,17.123228073120117,10.241561889648438,17236759,-0.02271318333744752,17.369664669036865,0.0008861803846991597,0.023289873188473132
2007-10-11,17.16950798034668,17.308345794677734,16.891834259033203,17.123228073120117,10.241561889648438,9775492,0.0,17.345368099212646,-0.0013991641233760776,0.020766089475435207
2007-10-12,17.123228073120117,17.215787887573242,16.75299644470215,16.75299644470215,10.020123481750488,17163292,-0.02185877411931954,17.315286731719972,-0.001764091876104218,0.02107142964531993
2007-10-15,16.660438537597656,16.79927635192871,15.59602165222168,15.619161605834961,9.34196662902832,50310076,-0.0700786659241475,17.240083408355712,-0.004596872002173348,0.025962071874288534
2007-10-16,15.179511070251465,15.919975280761719,15.179511070251465,15.734859466552734,9.411166191101074,27625921,0.00738013064331705,17.192647457122803,-0.002927315627553378,0.02558339286967554
2007-10-17,15.734859466552734,15.896836280822754,15.272068977355957,15.410905838012695,9.217406272888184,21028976,-0.020803169127827675,17.120915031433107,-0.004450567760758982,0.025701057050853408
2007-10-18,15.688579559326172,15.71172046661377,15.503463745117188,15.665440559387207,9.369644165039062,11491173,0.016381617728395876,17.056124448776245,-0.0039737206555660026,0.026008290280499825
2007-10-19,15.665440559387207,15.71172046661377,15.434045791625977,15.549742698669434,9.300444602966309,10626850,-0.0074129560335480325,16.985548973083496,-0.004344368457243403,0.02600150035272157
2007-10-22,14.809279441833496,16.081951141357422,14.809279441833496,15.966254234313965,9.549564361572266,28680395,0.026433292799868204,16.930014181137086,-0.0033626110348087416,0.026802704379753454
2007-10-23,16.33648681640625,16.40590476989746,16.081951141357422,16.38276481628418,9.798684120178223,24965967,0.025752471805211754,16.911502599716187,-0.0011173639054365152,0.02728683889793903
2007-10-24,16.614160537719727,16.614160537719727,16.105091094970703,16.243928909301758,9.715644836425781,18477063,-0.008510622997700305,16.857124757766723,-0.0032402799700466762,0.02603825748512492
2007-10-25,16.243928909301758,16.40590476989746,15.966254234313965,15.966254234313965,9.549564361572266,10026145,-0.017241848807511367,16.776136493682863,-0.004831342806161605,0.025863710849271405
2007-10-26,15.966254234313965,16.35962677001953,15.966254234313965,16.26706886291504,9.729486465454102,13282482,0.018665364485680923,16.727543544769286,-0.0029013662025363903,0.02611634191196648
2007-10-29,16.498462677001953,16.70671844482422,16.33648681640625,16.33648681640625,9.771004676818848,16113140,0.004258312134513838,16.672008800506593,-0.003288853366876629,0.02594038732522744
2007-10-30,16.33648681640625,16.521602630615234,15.225790023803711,15.318347930908203,9.162044525146484,28717129,-0.06434974010955356,16.53548574447632,-0.008201419049351386,0.02776575721589801
2007-10-31,15.272068977355957,15.480324745178223,15.133232116699219,15.36462688446045,9.189725875854492,16489120,0.003016590726609586,16.419788217544557,-0.007014283983076371,0.027709582470673923
2007-11-01,15.503463745117188,15.59602165222168,14.832419395446777,15.063814163208008,9.009807586669922,10058558,-0.01977245702114844,16.2566547870636,-0.009802585250090992,0.025900824406499007
2007-11-02,14.809279441833496,14.809279441833496,14.068815231323242,14.346488952636719,8.580768585205078,13664945,-0.04879021481659635,16.083108568191527,-0.010833550804464848,0.027055093624687505
2007-11-05,14.068815231323242,14.439046859741211,13.513466835021973,14.346488952636719,8.580768585205078,18349575,0.0,15.904934453964234,-0.01109261850644266,0.026918131293313528
2007-11-06,14.415907859802246,14.647302627563477,13.97625732421875,14.36962890625,8.594608306884766,5516541,0.001611635579403643,15.747585821151734,-0.009901610819589969,0.026927382770759012
2007-11-07,14.439046859741211,15.063814163208008,14.415907859802246,14.901837348937988,8.91292667388916,8695088,0.03636764180061209,15.636516284942626,-0.00694756956268699,0.028634516407079195
2007-11-08,14.57788372039795,14.716720581054688,13.860560417175293,14.346488952636719,8.580768585205078,14503338,-0.037979277380015664,15.497679328918457,-0.008846533431687773,0.029398668032121475
2007-11-09,14.346488952636719,14.415907859802246,13.744861602783203,14.115094184875488,8.442368507385254,9485944,-0.016260505615359584,15.365784215927125,-0.008566620006489774,0.02929472155122293
2007-11-12,13.467187881469727,13.744861602783203,13.143235206604004,13.18951416015625,7.888772964477539,15289872,-0.06782260226544083,15.24430184364319,-0.008453816823554441,0.0290487056092146
2007-11-13,13.18951416015625,13.305212020874023,12.587886810302734,12.888701438903809,7.708852291107178,24994058,-0.023071061966495644,15.101993942260743,-0.009976376454045076,0.02897304088146582
2007-11-14,13.397769927978516,13.768001556396484,13.212654113769531,13.606024742126465,8.137889862060547,12336048,0.054161620261891606,15.011749887466431,-0.006228136984559112,0.03217123761274877
2007-11-15,13.513466835021973,13.744861602783203,13.467187881469727,13.675443649291992,8.179409980773926,5207545,0.0050890997502382445,14.91225004196167,-0.006792762883466993,0.03185103885953452
2007-11-16,13.675443649291992,14.068815231323242,13.652303695678711,13.768001556396484,8.234769821166992,28734415,0.006745381810526267,14.823162984848022,-0.006084845991263279,0.031993550869779924
2007-11-19,14.161373138427734,14.161373138427734,13.513466835021973,13.513466835021973,8.082530975341797,6810864,-0.018660440390090526,14.700523614883423,-0.008339532650761214,0.031159354963664218
2007-11-20,12.773002624511719,13.18951416015625,12.587886810302734,13.004398345947266,7.778050899505615,18474902,-0.038399097020598974,14.531605291366578,-0.01154711109205175,0.030764593530138884
2007-11-21,12.888701438903809,13.143235206604004,12.726723670959473,12.726723670959473,7.611971378326416,7039910,-0.021583625801555924,14.355745029449462,-0.012200761232244532,0.030835480489945243
2007-11-22,12.587886810302734,12.703584671020508,12.263934135437012,12.40277099609375,7.418212413787842,12180470,-0.025784093668692346,14.177570867538453,-0.01262787347530358,0.03096785782119754
2007-11-23,12.495328903198242,12.587886810302734,11.546609878540039,11.546609878540039,6.906135559082031,23369131,-0.07152803819904652,13.941547918319703,-0.017137543609539955,0.03269023378275552
2007-11-26,11.731725692749023,11.801143646240234,11.477190971374512,11.801143646240234,7.05837345123291,14304544,0.021804569074427006,13.7147807598114,-0.016260230762544296,0.03351958441779604
2007-11-27,11.523469924926758,11.546609878540039,11.060680389404297,11.454051971435547,6.850774765014648,14110071,-0.029852894581904595,13.52156596183777,-0.014535388486161847,0.03175593291786548
2007-11-28,11.477190971374512,11.708585739135742,11.268936157226562,11.430912017822266,6.836935520172119,13455347,-0.002022285157215918,13.324880218505859,-0.014787332280353121,0.03162908596556271
2007-11-29,11.708585739135742,11.84742259979248,11.61602783203125,11.61602783203125,6.9476542472839355,19006461,0.016064587878729726,13.152490901947022,-0.012995480035359214,0.03233895916756354
2007-11-30,11.708585739135742,12.217655181884766,11.662306785583496,12.217655181884766,7.307492733001709,23866116,0.05049619760084001,13.046049213409423,-0.008031159414487395,0.03412623456586871
2007-12-03,12.333353042602539,12.449049949645996,12.078818321228027,12.356492042541504,7.390532970428467,19159878,0.011299544729384986,12.946549367904662,-0.007466182178018148,0.03435893390513525
2007-12-04,12.356492042541504,12.703584671020508,12.310213088989258,12.495328903198242,7.47357177734375,15508114,0.011173290307455765,12.852834367752076,-0.00698809944161554,0.0345578404083528
2007-12-05,12.495328903198242,12.749863624572754,12.449049949645996,12.726723670959473,7.611971378326416,8848505,0.018349122016022002,12.74407868385315,-0.007889025430845045,0.03358936507748549
2007-12-06,12.95811939239502,13.027538299560547,12.680444717407227,12.773002624511719,7.639652729034424,14598414,0.0036297647925444244,12.6654043674469,-0.00580857332221704,0.03290925091999083
2007-12-07,12.95811939239502,13.050677299499512,12.865560531616211,12.95811939239502,7.750372409820557,10520970,0.014388798249342966,12.607555627822876,-0.0042761081289819135,0.03310992780401379
2007-12-10,12.934980392456055,13.096956253051758,12.773002624511719,12.9812593460083,7.764211177825928,10691674,0.0017841568207884206,12.597142887115478,-0.00079577017467045,0.02954514290232303
2007-12-11,13.120096206665039,13.120096206665039,12.888701438903809,13.073817253112793,7.819571495056152,9410315,0.007104818602266113,12.606398677825927,0.0007130238537676378,0.029115103155598215
2007-12-12,12.865560531616211,12.934980392456055,12.819281578063965,12.865560531616211,7.695010662078857,7580112,-0.016057532144661515,12.569375467300414,-0.0027979337665600184,0.026441651777495783
2007-12-13,12.865560531616211,12.865560531616211,11.986260414123535,11.986260414123535,7.169091701507568,14326152,-0.07079298673720384,12.484916305541992,-0.006592038090932123,0.030398472437404997
2007-12-14,11.523469924926758,11.731725692749023,11.153238296508789,11.153238296508789,6.67085599899292,19434301,-0.0720311424049417,12.354178142547607,-0.010530864301705519,0.033522481042337966
2007-12-17,10.991262435913086,10.991262435913086,10.38963508605957,10.38963508605957,6.214138984680176,15335249,-0.0709212030749556,12.197986555099487,-0.013143902435948773,0.036125309405628296
2007-12-18,9.718588829040527,10.528471946716309,9.672309875488281,10.320216178894043,6.172617435455322,35836989,-0.00670397544338023,12.063777446746826,-0.011559146357087838,0.03565119056325024
2007-12-19,10.459053039550781,11.037541389465332,10.459053039550781,11.037541389465332,6.601656913757324,13623890,0.0671976084167098,11.979318332672118,-0.007120084646174552,0.03964126720043412
2007-12-20,11.153238296508789,11.338354110717773,10.644168853759766,10.644168853759766,6.366376876831055,18531083,-0.036290099077918865,11.89138822555542,-0.0076453849166358764,0.03996985504993316
2007-12-21,10.82928466796875,11.268936157226562,10.713587760925293,11.199517250061035,6.6985368728637695,13033989,0.05085845795891768,11.87403359413147,-0.001526060108737667,0.039032362052301026
2007-12-24,11.569748878479004,11.61602783203125,11.338354110717773,11.500330924987793,6.87845516204834,6685537,0.026505136342095788,11.858992958068848,-0.0012910317453542282,0.03919405527561228
2007-12-25,11.546609878540039,11.731725692749023,11.477190971374512,11.477190971374512,6.864614963531494,7061518,-0.002014138995529045,11.860149908065797,0.00010090603396454957,0.03861639852771761
2007-12-26,11.477190971374512,11.708585739135742,11.38463306427002,11.500330924987793,6.87845516204834,7057196,0.002014138995529076,11.863620853424072,0.00030272724160179925,0.03861526583409085
2007-12-27,11.500330924987793,11.916842460632324,11.500330924987793,11.870562553405762,7.099893093109131,17461483,0.03168578933076809,11.876347589492799,0.0010837873142037174,0.039105724168370284
2007-12-28,11.77800464630127,12.125097274780273,11.592888832092285,11.870562553405762,7.099893093109131,14954947,0.0,11.858992958068848,-0.001441022565838283,0.03733771241401417
2007-12-31,11.477190971374512,11.708585739135742,11.38463306427002,11.500330924987793,6.87845516204834,7057196,-0.03168578933076809,11.816184902191162,-0.0035902892688459364,0.037800047001062875
2008-01-02,12.518468856811523,12.680444717407227,12.125097274780273,12.263934135437012,7.335172176361084,24994058,0.06428695995278055,11.804615163803101,-0.0009346057865796973,0.04065019718810077
2008-01-03,12.032539367675781,12.055679321289062,11.569748878479004,11.893701553344727,7.113733291625977,22755461,-0.03065379222666283,11.762964057922364,-0.0033847514987139387,0.040902731668962515
2008-01-04,11.801143646240234,12.703584671020508,11.801143646240234,12.703584671020508,7.598130702972412,29380497,0.06587523243085099,11.759493160247803,-0.00027247811679861065,0.04373463803965162
2008-01-07,12.63416576385498,13.5828857421875,12.63416576385498,13.143235206604004,7.861092567443848,82910176,0.03402298210182719,11.768748950958251,0.0007092310758256007,0.044297797992601244
2008-01-08,13.374629974365234,13.953118324279785,13.328351020812988,13.559745788574219,8.110210418701172,39009054,0.031198341881354355,11.797673273086549,0.0021799403288538977,0.04482056267471825
2008-01-09,13.559745788574219,14.091955184936523,13.328351020812988,13.929978370666504,8.331648826599121,27368785,0.026937699893310733,11.840481328964234,0.0031715843934061287,0.045153422091399074
2008-01-10,13.929978370666504,14.485325813293457,13.698582649230957,14.161373138427734,8.470048904418945,21603751,0.016474821542260938,11.905271959304809,0.0047982020777522505,0.04500999801137778
2008-01-11,14.161373138427734,14.300209999084473,13.467187881469727,13.467187881469727,8.054849624633789,23068778,-0.05026185699725163,11.979318332672118,0.0058247585647498625,0.04340058477241561
2008-01-14,14.392767906188965,14.392767906188965,13.814281463623047,14.392767906188965,8.60844898223877,56126970,0.0664696520664374,12.141294813156128,0.012749798288318816,0.04132397208052837
2008-01-15,14.57788372039795,15.38776683807373,14.253931045532227,15.318347930908203,9.162044525146484,78238511,0.0623254694035101,12.38773045539856,0.0194121319122421,0.037707265538056686
2008-01-16,14.99439525604248,15.272068977355957,14.670441627502441,14.739860534667969,8.816046714782715,29134165,-0.0384958960645187,12.608712673187256,0.017822535881185177,0.03949395153071625
2008-01-17,14.809279441833496,15.179511070251465,13.883699417114258,14.346488952636719,8.580768585205078,20884202,-0.027050185046616586,12.774160051345826,0.01311014620801886,0.038910966462345334
2008-01-18,13.79114055633545,14.809279441833496,13.35149097442627,14.739860534667969,8.816046714782715,35480456,0.027050185046616493,12.978944635391235,0.01627716041424563,0.03721950802759181
2008-01-21,14.855558395385742,15.38776683807373,14.832419395446777,15.110093116760254,9.03748607635498,32085827,0.024807513832363046,13.174473428726197,0.014974613207917894,0.03639224323336677
2008-01-22,14.068815231323242,14.508465766906738,14.068815231323242,14.068815231323242,8.414689064025879,16445904,-0.07140227658402228,13.302897644042968,0.010079242561611992,0.041046977601832194
2008-01-23,14.531604766845703,14.531604766845703,13.096956253051758,13.282072067260742,7.944129943847656,26709739,-0.05754550123511053,13.39314169883728,0.007302674449632918,0.043700477247266056
2008-01-24,13.652303695678711,13.97625732421875,13.444048881530762,13.698582649230957,8.193249702453613,17124398,0.030877210183392324,13.503054285049439,0.00874582800902608,0.043992247406147864
2008-01-25,14.068815231323242,14.115094184875488,13.698582649230957,13.814281463623047,8.262449264526367,15527561,0.008410574481787584,13.600240230560303,0.007582067266577057,0.0436600640072354
2008-01-28,13.79114055633545,14.115094184875488,13.513466835021973,13.744861602783203,8.220929145812988,11571123,-0.005037893050421305,13.693955183029175,0.007330172614055991,0.04372060168920145
2008-01-29,13.929978370666504,13.97625732421875,12.796142578125,12.796142578125,7.653492450714111,20421789,-0.07152128822975293,13.758745765686035,0.00533839766910675,0.04641590781716891
2008-01-30,12.263934135437012,12.657305717468262,12.17137622833252,12.587886810302734,7.528932571411133,22831090,-0.01640877713447254,13.774943399429322,0.0013036108147440949,0.04448933047062729
2008-01-31,12.587886810302734,13.467187881469727,12.518468856811523,13.467187881469727,8.054849624633789,19490482,0.06752121233080777,13.853617715835572,0.006212361042617624,0.04616234997790283
2008-02-01,13.929978370666504,14.277070999145508,13.721722602844238,14.045676231384277,8.400847434997559,19959377,0.042058407259579135,13.92072229385376,0.005021519784054032,0.04483021026941721
2008-02-12,14.045676231384277,15.017535209655762,13.929978370666504,15.017535209655762,8.98212718963623,24894661,0.06690392543535266,14.014437294006347,0.006665566950730305,0.046520791500089156
2008-02-13,15.179511070251465,15.503463745117188,14.346488952636719,14.346488952636719,8.580768585205078,21279630,-0.04571329233611957,14.053774452209472,0.002819985239856608,0.04755352368071572
2008-02-14,14.60102367401123,14.693581581115723,14.253931045532227,14.36962890625,8.594608306884766,26070140,0.001611635579403643,14.075756978988647,0.001553682024161254,0.047213479423788944
2008-02-15,14.045676231384277,14.57788372039795,13.906839370727539,14.161373138427734,8.470048904418945,18416560,-0.014598818940964261,14.075756978988647,-6.071532165918825e-18,0.0472078965701469
2008-02-18,14.346488952636719,14.57788372039795,14.161373138427734,14.439046859741211,8.636129379272461,18682340,0.019418067726199275,14.124349927902221,0.0034839962361725395,0.04585513055316588
2008-02-19,14.901837348937988,15.434045791625977,14.624162673950195,15.434045791625977,9.231246948242188,35586335,0.06663971061985059,14.176413822174073,0.003492499163843199,0.04586743882093863
2008-02-20,15.434045791625977,15.943115234375,14.762999534606934,14.762999534606934,8.829887390136719,47833791,-0.044451815935185025,14.14864640235901,-0.0018463651030915574,0.04486229601190546
2008-02-21,15.133232116699219,15.59602165222168,15.110093116760254,15.480324745178223,9.25892448425293,23101191,0.04744582728456207,14.18566961288452,0.002450721064362481,0.0452810635370118
2008-02-22,15.179511070251465,15.434045791625977,15.040674209594727,15.410905838012695,9.217406272888184,18515957,-0.004494416228088581,14.238890457153321,0.0035785095052888816,0.04478581361447979
2008-02-25,15.78113842010498,16.35962677001953,15.688579559326172,16.035673141479492,9.591083526611328,38283023,0.03974038169215247,14.303681087493896,0.00421301933756568,0.04522360952673429
2008-02-26,16.290206909179688,16.567880630493164,15.480324745178223,15.619161605834961,9.34196662902832,26714060,-0.026317343207641897,14.329134511947633,0.0016567764855654331,0.04544262119315189
2008-02-27,15.850557327270508,16.05881118774414,15.549742698669434,15.549742698669434,9.300444602966309,19628773,-0.004454376789662764,14.403180885314942,0.005004171475283409,0.04212214350256716
2008-02-29,15.503463745117188,16.151369094848633,15.503463745117188,15.757999420166016,9.425005912780762,14423388,0.013304044248346062,14.526977252960204,0.008546648749456239,0.039481286652417846
2008-03-03,15.734859466552734,16.35962677001953,15.642300605773926,16.151369094848633,9.660284042358398,25934009,0.024656683723088938,14.649616575241089,0.008235622426441068,0.03932028566067331
2008-03-04,16.151369094848633,16.938112258911133,16.151369094848633,16.591020584106445,9.923243522644043,32574170,0.026856800589099845,14.788453531265258,0.009157933731806681,0.03954033046301604
2008-03-05,16.591020584106445,17.354623794555664,16.105091094970703,17.262065887451172,10.324602127075195,43577001,0.03964975035781017,14.964313745498657,0.011392315902218255,0.03995635582062239
2008-03-06,17.447181701660156,17.53973960876465,16.521602630615234,16.521602630615234,9.881725311279297,35981763,-0.0438425957713591,15.15058674812317,0.012776250525137945,0.037326173443988725
2008-03-07,16.33648681640625,16.891834259033203,15.989394187927246,15.989394187927246,9.563404083251953,22120184,-0.032743135731715445,15.320662117004394,0.0119595325952758,0.038167587087539326
2008-03-10,16.151369094848633,16.197649002075195,15.642300605773926,15.734859466552734,9.411166191101074,14233237,-0.01604703998229058,15.434045696258545,0.007781119979620885,0.036293115622654845
2008-03-11,15.734859466552734,16.105091094970703,15.734859466552734,15.989394187927246,9.563404083251953,10853735,0.016047039982290616,15.531231594085693,0.006480551615756458,0.0354565546157878
2008-03-12,16.38276481628418,16.429044723510742,15.757999420166016,15.757999420166016,9.425005912780762,14611379,-0.014577503166924398,15.568254804611206,0.002406480185642605,0.032724266262820004
2008-03-13,15.734859466552734,15.966254234313965,15.133232116699219,15.133232116699219,9.051325798034668,13522332,-0.04045500799434418,15.60759196281433,0.0026693944027313746,0.03233613477382207
2008-03-14,15.272068977355957,15.59602165222168,15.110093116760254,15.225790023803711,9.106684684753418,15324445,0.006097574121746375,15.650400018692016,0.0028936913298485112,0.03234396877832515
2008-03-17,15.225790023803711,15.36462688446045,14.901837348937988,15.318347930908203,9.162044525146484,6815186,0.006060618934761383,15.70824875831604,0.003926663223634793,0.03208476840344011
2008-03-18,15.38776683807373,15.642300605773926,15.133232116699219,15.642300605773926,9.355805397033691,10829966,0.020927500765764852,15.768411445617676,0.004002134875613073,0.03212487628549774
2008-03-19,15.966254234313965,16.01253318786621,15.503463745117188,15.642300605773926,9.355805397033691,11432831,0.0,15.778824186325073,0.0006701493446205426,0.028542354942569494
2008-03-20,15.549742698669434,15.734859466552734,15.410905838012695,15.734859466552734,9.411166191101074,13377558,0.005899777356705566,15.827417182922364,0.003187729009215072,0.02650049413518052
2008-03-21,16.01253318786621,16.660438537597656,15.919975280761719,16.567880630493164,9.909404754638672,34019750,0.05158732003240263,15.881794977188111,0.0033948036466071004,0.02687801992718657
2008-03-24,17.724855422973633,17.724855422973633,17.16950798034668,17.58601951599121,10.518362998962402,46891679,0.05963832145771794,15.990550661087036,0.006601440530897426,0.02957735108980496
2008-03-25,17.56287956237793,17.56287956237793,16.891834259033203,16.984392166137695,10.158522605895996,18548370,-0.03480942623929776,16.037986612319948,0.0028739501343249146,0.029877258579712504
2008-03-26,16.984392166137695,17.400903701782227,16.683578491210938,16.7298583984375,10.006284713745117,16219019,-0.015099763430685881,16.093521451950075,0.0034348291231727154,0.02940192626349752
2008-03-27,16.75299644470215,17.19264793395996,16.75299644470215,17.14636993408203,10.255401611328125,27733961,0.02459143452431941,16.173352813720705,0.004887119688871824,0.029707496410395082
2008-03-28,17.354623794555664,17.354623794555664,16.567880630493164,17.123228073120117,10.241561889648438,19689276,-0.0013505769443064978,16.241614246368407,0.004154388629239196,0.029669670727628286
2008-03-31,17.030670166015625,17.10009002685547,16.660438537597656,16.79927635192871,10.04780387878418,11605696,-0.019100097420581743,16.27400960922241,0.001966549572055662,0.029691565418619482
2008-04-01,17.030670166015625,17.076950073242188,16.429044723510742,16.452184677124023,9.840205192565918,10142829,-0.020877535678234183,16.26706781387329,-0.0004201672413110395,0.029503426540909435
2008-04-02,16.660438537597656,17.14636993408203,15.966254234313965,17.14636993408203,10.255401611328125,26450442,0.04132821004312245,16.261283016204835,-0.0003362442570454257,0.02962553950082084
2008-04-03,17.030670166015625,17.10009002685547,16.475322723388672,16.475322723388672,9.854044914245605,40292574,-0.03992281668664405,16.258969020843505,-0.00014025530280967305,0.029334105428765272
2008-04-07,16.660438537597656,17.007532119750977,16.498462677001953,16.914974212646484,10.117002487182617,14382333,0.026335608835956946,16.305248022079468,0.0028136819255739466,0.028848801627451293
2008-04-08,16.961252212524414,17.424043655395508,16.914974212646484,17.215787887573242,10.296923637390137,38162018,0.017627585540982555,16.379294443130494,0.004497413201737603,0.028672230872299885
2008-04-09,17.49346160888672,18.048809051513672,17.331485748291016,17.56287956237793,10.504521369934082,53938072,0.019960695706404723,16.457968711853027,0.004693095987943308,0.028768397347278946
2008-04-10,17.58601951599121,17.771135330200195,17.262065887451172,17.424043655395508,10.421483039855957,29698135,-0.007936487290705334,16.5412709236145,0.005025146781754262,0.028571920573674504
2008-04-11,17.609159469604492,17.724855422973633,17.400903701782227,17.5166015625,10.47684097290039,18492189,0.0052980202871462925,16.66043939590454,0.007312798195828786,0.02649498588287846
2008-04-14,17.58601951599121,18.233924865722656,17.424043655395508,18.00252914428711,10.76747989654541,43786599,0.02736316409222746,16.79927635192871,0.008376077694352838,0.026867736863279614
2008-04-15,18.048809051513672,18.141366958618164,17.58601951599121,17.655437469482422,10.559882164001465,13783789,-0.019468448181544716,16.916130828857423,0.007099624338537535,0.02758050418180526
2008-04-16,17.58601951599121,17.771135330200195,17.285205841064453,17.354623794555664,10.379962921142578,25199334,-0.017184835845365374,17.00174698829651,0.005194007507981024,0.027889723949274397
2008-04-17,17.56287956237793,17.724855422973633,16.961252212524414,16.961252212524414,10.144681930541992,26830744,-0.022927511091026583,17.067694568634032,0.004047631953429694,0.028577186239015152
2008-04-18,16.984392166137695,17.215787887573242,16.683578491210938,16.79927635192871,10.04780387878418,13036150,-0.00959564973232008,17.120915412902832,0.003272860598978412,0.028733951285411896
2008-04-21,17.030670166015625,17.308345794677734,16.891834259033203,16.891834259033203,10.103163719177246,25953456,0.005494514029590669,17.137113094329834,0.0009682202988378138,0.026409309152503082
2008-04-22,17.123228073120117,17.794275283813477,17.123228073120117,17.331485748291016,10.366122245788574,46574040,0.025694507566174467,17.124386405944826,-0.00072897039573936,0.023354454072308326
2008-04-23,17.308345794677734,17.331485748291016,16.984392166137695,16.984392166137695,10.158522605895996,11908209,-0.020230018324510553,17.124386405944826,3.4694469519536144e-19,0.02244451101383591
2008-04-24,17.262065887451172,17.285205841064453,16.914974212646484,16.914974212646484,10.117002487182617,17930379,-0.004095536757053463,17.133642196655273,0.0005502113336816213,0.022188286779272204
2008-04-25,17.053810119628906,17.076950073242188,16.174509048461914,16.197649002075195,9.68796443939209,22321139,-0.04333316932749525,17.08620615005493,-0.002846018858909112,0.023475815583742312
2008-04-28,16.38276481628418,16.475322723388672,16.220788955688477,16.40590476989746,9.81252384185791,18386309,0.012775208595534913,17.0503399848938,-0.002139729581917041,0.023734245676618207
2008-04-29,16.38276481628418,16.38276481628418,15.272068977355957,15.457184791564941,9.245085716247559,29330798,-0.05956738667256035,16.98323540687561,-0.004163094044515972,0.02678508578103521
2008-04-30,15.503463745117188,15.71172046661377,15.063814163208008,15.503463745117188,9.272764205932617,22580436,0.002989536085777884,16.93579936027527,-0.0029697404563153685,0.026531690374635764
2008-05-02,15.734859466552734,15.734859466552734,15.318347930908203,15.59602165222168,9.328125,14207308,0.005952393051304531,16.858281946182252,-0.004738531305906264,0.024526467888965318
2008-05-05,15.619161605834961,15.827417373657227,15.619161605834961,15.688579559326172,9.383484840393066,7521770,0.005917171616711179,16.818944787979127,-0.0024465318907385025,0.023169796305239798
2008-05-06,15.919975280761719,15.919975280761719,15.457184791564941,15.526603698730469,9.286604881286621,5970310,-0.010378110745487343,16.749526262283325,-0.004282217869810717,0.022203666380201277
2008-05-07,15.526603698730469,15.827417373657227,15.225790023803711,15.36462688446045,9.189725875854492,18042741,-0.010487008493415727,16.656968212127687,-0.0056879475715306315,0.02162599755537856
2008-05-08,15.225790023803711,15.457184791564941,15.110093116760254,15.318347930908203,9.162044525146484,7603880,-0.003016590726609588,16.5447416305542,-0.0068368118931813465,0.02078572016888219
2008-05-09,15.341487884521484,15.78113842010498,15.341487884521484,15.572882652282715,9.314286231994629,13822684,0.016479789063828295,16.45218358039856,-0.005615998075454666,0.02142492886741234
2008-05-12,15.734859466552734,15.734859466552734,15.179511070251465,15.734859466552734,9.411166191101074,8381771,0.01034748905864208,16.363096475601196,-0.005363524636879875,0.02158942995568538
2008-05-13,15.642300605773926,15.642300605773926,15.272068977355957,15.59602165222168,9.328125,8582726,-0.008862739773668839,16.242771100997924,-0.00717481983017469,0.02017236094560295
2008-05-14,15.804278373718262,15.850557327270508,15.503463745117188,15.549742698669434,9.300444602966309,10687353,-0.0029717676593108886,16.137486362457274,-0.006349985804062999,0.019979573914600642
2008-05-15,15.642300605773926,16.105091094970703,15.642300605773926,16.105091094970703,9.63260555267334,19576914,0.03509134730427628,16.075009727478026,-0.0037361766465809168,0.021822048544045507
2008-05-16,16.567880630493164,16.567880630493164,16.05881118774414,16.151369094848633,9.660284042358398,16584196,0.002869380667158745,16.034515571594238,-0.0024463320586716503,0.021386033734490127
2008-05-19,16.197649002075195,16.197649002075195,15.827417373657227,16.151369094848633,9.660284042358398,11808812,0.0,16.002120208740234,-0.0019665495720556465,0.0213247500282943
2008-05-20,16.174509048461914,16.290206909179688,15.619161605834961,15.642300605773926,9.355805397033691,9648004,-0.032025997895160585,15.93964352607727,-0.003842575168293209,0.022263574019463363
2008-05-21,15.642300605773926,15.734859466552734,15.503463745117188,15.642300605773926,9.355805397033691,5726139,0.0,15.855184268951415,-0.005127300546601933,0.021184631440082053
2008-05-22,15.318347930908203,15.572882652282715,15.272068977355957,15.526603698730469,9.286604881286621,9872728,-0.007423901545739495,15.782294845581054,-0.0044869947076633795,0.020895688344366076
2008-05-23,15.503463745117188,15.665440559387207,14.901837348937988,15.040674209594727,8.995965957641602,16011582,-0.03179677502695207,15.688579845428468,-0.00587205662115831,0.021768239742181946
2008-05-26,15.040674209594727,15.272068977355957,15.040674209594727,15.040674209594727,8.995965957641602,5045485,0.0,15.630731105804443,-0.003705398154783547,0.01992159219164765
2008-05-27,15.248929977416992,15.248929977416992,14.624162673950195,14.855558395385742,8.885247230529785,11370168,-0.012384047348066652,15.553213787078857,-0.004963360951963625,0.01961817902721816
2008-05-28,14.948116302490234,15.040674209594727,14.392767906188965,14.439046859741211,8.636129379272461,15281229,-0.028437973591503,15.50230689048767,-0.0034068902979107587,0.0159499081242659
2008-05-29,14.670441627502441,14.948116302490234,14.531604766845703,14.57788372039795,8.71916675567627,9529160,0.009569442209712304,15.45602788925171,-0.003077894991714037,0.016155328257288923
2008-05-30,14.716720581054688,14.901837348937988,14.022536277770996,14.277070999145508,8.5392484664917,12565094,-0.020850742784291585,15.3900803565979,-0.004418051783493843,0.016475349373983542
2008-06-02,14.277070999145508,14.508465766906738,14.091955184936523,14.485325813293457,8.66380786895752,6162622,0.014481300351013509,15.329917669296265,-0.003989845346778727,0.016864798368549323
2008-06-03,14.57788372039795,14.809279441833496,14.462186813354492,14.762999534606934,8.829887390136719,13481276,0.018987894908231107,15.291737461090088,-0.002521545064092804,0.017544013155256277
2008-06-04,14.624162673950195,14.716720581054688,14.485325813293457,14.57788372039795,8.71916675567627,4386438,-0.012618452474953221,15.252400302886963,-0.002628117263169679,0.017601326704169935
2008-06-05,14.531604766845703,14.670441627502441,14.161373138427734,14.554744720458984,8.705327033996582,7402925,-0.0015885284674350504,15.214220142364502,-0.002556714150210952,0.017602564403986266
2008-06-06,14.624162673950195,14.99439525604248,14.485325813293457,14.809279441833496,8.85756778717041,11638108,0.017336935522191333,15.176039981842042,-0.0025138568272928,0.017652325485688094
2008-06-09,14.346488952636719,14.60102367401123,14.253931045532227,14.531604766845703,8.691487312316895,3150457,-0.018928057055353806,15.115877246856689,-0.003977634132992594,0.017743265849502612
2008-06-10,14.531604766845703,14.670441627502441,13.536606788635254,13.536606788635254,8.096370697021484,16119622,-0.07092828692737138,15.012906503677367,-0.007080911490677721,0.0232238140283166
2008-06-11,13.536606788635254,13.698582649230957,12.611026763916016,12.657305717468262,7.570451736450195,21603751,-0.0671630540831995,14.868284654617309,-0.010290475811872151,0.026788172915887663
2008-06-12,12.17137622833252,12.40277099609375,11.77800464630127,11.893701553344727,7.113733291625977,24244258,-0.06222559677434704,14.65771517753601,-0.01515632301580332,0.026949011792310656
2008-06-13,11.939981460571289,12.125097274780273,11.731725692749023,11.801143646240234,7.05837345123291,11430670,-0.007812532819032728,14.44020390510559,-0.01569041869011289,0.026677445226516317
2008-06-16,12.217655181884766,12.240795135498047,11.916842460632324,12.032539367675781,7.196774482727051,5419304,0.019418148020195893,14.234262418746948,-0.014719511289103098,0.027615408157705072
2008-06-17,12.009400367736816,12.472189903259277,11.893701553344727,12.472189903259277,7.459733009338379,5218349,0.035886764039004974,14.075756883621215,-0.01132387319239482,0.029487265805391603
2008-06-18,12.472189903259277,13.166375160217285,12.310213088989258,12.911840438842773,7.722691059112549,10257352,0.03464339585734975,13.939233875274658,-0.009591703399527331,0.03115768852049728
2008-06-19,12.657305717468262,13.212654113769531,12.657305717468262,13.073817253112793,7.819571495056152,11199464,0.012466793341703426,13.816594552993774,-0.008597168655155186,0.03154556057790947
2008-06-20,13.282072067260742,13.282072067260742,12.1945161819458,12.425910949707031,7.432054042816162,13405648,-0.05082766203940609,13.68585638999939,-0.009548713005777887,0.032553122215819436
2008-06-23,11.939981460571289,12.472189903259277,11.939981460571289,12.472189903259277,7.459733009338379,5920612,0.003717472840352948,13.557432174682617,-0.009362839363760238,0.03262105579351189
2008-06-24,12.1945161819458,12.495328903198242,11.754864692687988,11.754864692687988,7.030693531036377,4794831,-0.05923418669935697,13.40239748954773,-0.011705346331324754,0.03447868078904658
2008-06-25,11.754864692687988,12.263934135437012,11.662306785583496,12.263934135437012,7.335172176361084,6609909,0.04239559968585181,13.29364185333252,-0.008163667667457014,0.036261383649878534
2008-06-26,12.217655181884766,12.680444717407227,12.055679321289062,12.587886810302734,7.528932571411133,8115992,0.02607221629488162,13.19414200782776,-0.007338528963198548,0.03686881896600399
2008-06-27,11.708585739135742,12.032539367675781,11.708585739135742,11.708585739135742,7.003014087677002,12141576,-0.07241259074435061,13.065717744827271,-0.0099166213612015,0.039567403392391856
2008-06-30,11.801143646240234,11.893701553344727,10.898703575134277,10.898703575134277,6.51861572265625,8558957,-0.07167855244405692,12.886386632919312,-0.01422461400095502,0.041418347287565056
2008-07-01,10.898703575134277,11.01440143585205,10.459053039550781,10.736726760864258,6.421734809875488,12279868,-0.01497357234094137,12.685072994232177,-0.015922687363413644,0.040674530681017756
2008-07-02,10.806145668029785,11.106959342956543,10.59788990020752,10.898703575134277,6.51861572265625,14323991,0.014973572340941302,12.501113986968994,-0.014543086122618917,0.04125627632006198
2008-07-03,10.644168853759766,11.569748878479004,10.22765827178955,11.569748878479004,6.919974327087402,13401327,0.05974999233029591,12.351864194869995,-0.011476160082732372,0.044427970454513646
2008-07-04,11.61602783203125,12.055679321289062,11.38463306427002,11.592888832092285,6.933815002441406,18027615,0.0019980419847384022,12.191044664382934,-0.012243104759605019,0.04403505910408475
2008-07-07,11.939981460571289,12.310213088989258,11.546609878540039,12.263934135437012,7.335172176361084,8909008,0.05627089257849148,12.0776611328125,-0.008483157277912753,0.04657160718407677
2008-07-08,12.1945161819458,12.379631996154785,11.754864692687988,12.032539367675781,7.196774482727051,17364247,-0.01904817702549977,12.002457761764527,-0.005889151782819173,0.044299830968911665
2008-07-09,12.263934135437012,12.865560531616211,12.217655181884766,12.749863624572754,7.6258111000061035,35636034,0.057905981466933876,12.00708565711975,0.0003642999946874961,0.044021669421328534
2008-07-10,13.050677299499512,13.18951416015625,12.680444717407227,13.096956253051758,7.833410263061523,35733270,0.026859280679761493,12.067248392105103,0.004818543867392923,0.04180652382266575
2008-07-11,13.096956253051758,13.096956253051758,12.796142578125,13.073817253112793,7.819571495056152,20573046,-0.0017683089086374408,12.130882072448731,0.0051207550629126875,0.04173219074784006
2008-07-14,13.050677299499512,13.120096206665039,12.541607856750488,12.56474781036377,7.515092849731445,13230623,-0.03971644721500468,12.15749249458313,0.002164025301152658,0.04274837848123439
2008-07-15,12.495328903198242,12.726723670959473,11.893701553344727,11.893701553344727,7.113733291625977,15737159,-0.0548861212242165,12.128568077087403,-0.0023746189620084154,0.043785700422540354
2008-07-16,12.032539367675781,12.1945161819458,11.708585739135742,11.801143646240234,7.05837345123291,16579874,-0.007812532819032728,12.073033237457276,-0.004497415395827539,0.042917102381904174
2008-07-17,12.263934135437012,12.611026763916016,12.032539367675781,12.611026763916016,7.54277229309082,10516649,0.06637512529087028,12.049893712997436,-0.0018019987983691962,0.04564479741665273
2008-07-18,12.726723670959473,12.773002624511719,11.96312141418457,12.449049949645996,7.445892333984375,11434992,-0.012927260505396183,12.051050662994385,9.302127833129889e-05,0.04426828308759314
2008-07-21,12.495328903198242,12.680444717407227,12.263934135437012,12.449049949645996,7.445892333984375,7031267,0.0,12.049893665313721,-9.285236368634852e-05,0.04426006747596306
2008-07-22,12.40277099609375,12.796142578125,12.333353042602539,12.773002624511719,7.639652729034424,7899911,0.025689462800382534,12.100800561904908,0.004153330111300627,0.042318682525108356
2008-07-23,13.004398345947266,13.629164695739746,12.911840438842773,13.42090892791748,8.027169227600098,21197519,0.049480085069006044,12.15864930152893,0.004507554380458338,0.04268370881056892
2008-07-24,13.096956253051758,13.698582649230957,12.911840438842773,13.35149097442627,8.321375846862793,31256077,-0.005185796515276647,12.196829509735107,0.0029446537399504245,0.042424021372297414
2008-07-25,12.95811939239502,13.606024742126465,12.95811939239502,13.606024742126465,8.480015754699707,23481493,0.018884628305206996,12.291701459884644,0.007509514692428304,0.038631023516769634
2008-07-28,13.606024742126465,13.606024742126465,13.606024742126465,13.606024742126465,8.480015754699707,0,0.0,12.427067518234253,0.01109344231463115,0.03393764845557565
2008-07-29,13.374629974365234,13.559745788574219,12.680444717407227,12.726723670959473,7.931984901428223,15480023,-0.0668086816514808,12.526567363739014,0.008501686849104179,0.03779336018591678
2008-07-30,13.143235206604004,13.18951416015625,12.356492042541504,12.356492042541504,7.701237201690674,21489228,-0.029522412323477663,12.599456787109375,0.006276887615883231,0.03869133970297585
2008-07-31,12.495328903198242,12.63416576385498,11.731725692749023,12.032539367675781,7.499334812164307,18031937,-0.02656700244963835,12.622596311569215,0.001961037876886519,0.037198042251579806
2008-08-01,11.893701553344727,12.287074089050293,11.801143646240234,12.263934135437012,7.643550395965576,15011128,0.019048177025499755,12.65614857673645,0.0028135446289245863,0.03739379782473831
2008-08-04,12.263934135437012,12.657305717468262,11.893701553344727,12.217655181884766,7.614706993103027,17761836,-0.003780719305246478,12.653834629058839,-0.00018903596526231175,0.03522343169115768
2008-08-05,12.217655181884766,12.240795135498047,11.38463306427002,11.38463306427002,7.095524311065674,13621729,-0.07061758244460048,12.62143931388855,-0.002767506236217347,0.038419194381009304
2008-08-06,11.38463306427002,11.38463306427002,10.59788990020752,10.968121528625488,6.835930824279785,34531861,-0.03727144675494735,12.532352209091187,-0.007526377647311408,0.036346988653907855
2008-08-07,10.82928466796875,11.477190971374512,10.82928466796875,11.315215110778809,7.052257061004639,14572484,0.031155267531841755,12.443265151977538,-0.007311578304707395,0.03657288433278552
2008-08-08,11.199517250061035,11.662306785583496,11.083820343017578,11.662306785583496,7.268582820892334,17001232,0.03021370886278099,12.372689628601075,-0.005712477416136473,0.037515062496588134
2008-08-11,11.685446739196777,11.685446739196777,11.338354110717773,11.662306785583496,7.268582820892334,6804382,0.0,12.32756757736206,-0.0037266550553862396,0.036661833729308486
2008-08-12,11.639167785644531,11.801143646240234,11.153238296508789,11.338354110717773,7.066679000854492,13427256,-0.02817085126627396,12.299800205230714,-0.002390891557489112,0.03515548430883352
2008-08-13,11.292075157165527,11.592888832092285,11.245796203613281,11.454051971435547,7.138788223266602,9738758,0.010152403748845212,12.282445621490478,-0.0014926447290952154,0.03523907563357144
2008-08-14,11.569748878479004,12.125097274780273,11.500330924987793,11.801143646240234,7.355113983154297,15903541,0.02985289458190473,12.24195146560669,-0.003318756264543493,0.03236621983283398
2008-08-15,12.009400367736816,12.009400367736816,11.662306785583496,11.708585739135742,7.297426700592041,9457853,-0.00787404940377329,12.204928255081176,-0.0030660957094623487,0.03230693434917432
2008-08-18,11.77800464630127,11.824283599853516,10.921842575073242,10.944982528686523,6.821508884429932,8135439,-0.06744126185347347,12.129724884033203,-0.006438158802136022,0.03534667930278552
2008-08-19,10.6210298538208,11.037541389465332,10.551610946655273,10.944982528686523,6.821508884429932,9256898,0.0,12.038323879241943,-0.007722631942155149,0.03457610630031551
2008-08-20,10.806145668029785,11.708585739135742,10.806145668029785,11.708585739135742,7.297426700592041,15473541,0.0674412618534736,11.952707719802856,-0.006824573102931772,0.03632888173515527
2008-08-21,11.731725692749023,11.986260414123535,11.338354110717773,11.430912017822266,7.124364852905273,17033644,-0.024001130335347322,11.856678771972657,-0.007765339793935304,0.03652728828865463
2008-08-22,11.430912017822266,11.592888832092285,11.037541389465332,11.292075157165527,7.037835121154785,9060265,-0.012220100051288785,11.740981292724609,-0.009320576211760094,0.03599112601716521
2008-08-25,11.430912017822266,11.801143646240234,11.338354110717773,11.569748878479004,7.210898399353027,7940966,0.024292670272875017,11.639167499542236,-0.008105942698116344,0.036724674334519744
2008-08-26,11.430912017822266,11.685446739196777,11.361494064331055,11.662306785583496,7.268582820892334,6655286,0.007968162453058595,11.585946655273437,-0.004367100492889374,0.03414991628996951
2008-08-27,11.569748878479004,11.77800464630127,11.523469924926758,11.569748878479004,7.210898399353027,7031267,-0.007968162453058546,11.546609497070312,-0.003289387999368418,0.03365073512859288
2008-08-28,11.639167785644531,11.893701553344727,11.592888832092285,11.61602783203125,7.239740371704102,6413276,0.0039920176571433125,11.525783920288086,-0.0017614369940293349,0.033229304099294574
2008-08-29,11.731725692749023,11.893701553344727,11.592888832092285,11.708585739135742,7.297426700592041,6400311,0.007936542456617708,11.498016500473023,-0.002317018722473437,0.03295482052126603
2008-09-01,11.801143646240234,11.986260414123535,11.292075157165527,11.292075157165527,7.037835121154785,9373582,-0.03622123038663601,11.45173749923706,-0.003939044276542914,0.03381771376956129
2008-09-02,11.338354110717773,11.4077730178833,10.690447807312012,10.690447807312012,6.662867546081543,11651073,-0.05475055169770284,11.41702823638916,-0.003145692739198032,0.03232427084564106
2008-09-03,10.690447807312012,10.759866714477539,9.949983596801758,9.949983596801758,6.201371192932129,15525400,-0.07177971185354338,11.366121339797974,-0.004871105994127834,0.0350479609009561
2008-09-04,9.718588829040527,9.8342866897583,9.255799293518066,9.255799293518066,5.768716812133789,17839625,-0.07232059688302267,11.263150548934936,-0.010044899214871056,0.0370312835095312
2008-09-05,8.607892990112305,9.325218200683594,8.607892990112305,9.02440357208252,5.624499797821045,20555760,-0.025317889884169307,11.131255388259888,-0.012821479152218571,0.03591900538240763
2008-09-08,9.116962432861328,9.649170875549316,9.116962432861328,9.649170875549316,6.013887882232666,9328205,0.06693957618808334,11.030598592758178,-0.009474500342814402,0.0400570082467364
2008-09-09,9.533473014831543,9.533473014831543,8.978124618530273,9.001264572143555,5.610077381134033,8686445,-0.06950691654555309,10.913744115829468,-0.011541303606778358,0.04208738917672565
2008-09-10,8.793008804321289,9.44091510772705,8.793008804321289,9.348357200622559,5.826404571533203,5540309,0.03783555191344146,10.808459377288818,-0.010157146198548548,0.04327680630434261
2008-09-11,9.348357200622559,9.556612968444824,9.02440357208252,9.02440357208252,5.624499797821045,9412476,-0.03526821155597155,10.669622373580932,-0.01341320150544236,0.04255181462582963
2008-09-12,9.20952033996582,9.348357200622559,8.65417194366455,9.348357200622559,5.826404571533203,8206746,0.03526821155597157,10.551610946655273,-0.011256088457455118,0.0439189544674009
2008-09-15,9.070682525634766,9.093823432922363,8.700450897216797,8.700450897216797,5.4225945472717285,5218349,-0.07182577581143447,10.439384365081787,-0.011475314155353166,0.04422405203361676
2008-09-16,8.098823547363281,8.307080268859863,8.098823547363281,8.098823547363281,5.047626972198486,8144082,-0.07165604152022377,10.297076416015624,-0.015058116231364355,0.04610792629886642
2008-09-17,8.145103454589844,8.399638175964355,7.543476104736328,7.543476104736328,4.701503753662109,13805397,-0.07103571243336389,10.088820934295654,-0.02198196494570623,0.043384102567305675
2008-09-18,7.034407138824463,7.034407138824463,7.034407138824463,7.034407138824463,4.384224891662598,8420666,-0.06986968370329344,9.868995690345765,-0.024275392614103535,0.04468921165312079
2008-09-19,7.126965045928955,7.520337104797363,6.733593940734863,7.520337104797363,4.687082767486572,47768967,0.06679755079565197,9.680408787727355,-0.020324510071756497,0.04908754189182088
2008-09-22,7.659173965454102,8.006265640258789,7.3583598136901855,7.936848163604736,4.946674823760986,20101990,0.053905275003402114,9.498763751983642,-0.018843879835230143,0.0509166871121715
2008-09-23,7.63603401184082,8.469056129455566,7.63603401184082,8.469056129455566,5.27837610244751,18178871,0.06490282582821805,9.339101219177246,-0.01599714666647217,0.0539932836009432
2008-09-24,8.006265640258789,8.607892990112305,8.006265640258789,8.469056129455566,5.27837610244751,15410877,0.0,9.184066581726075,-0.015598738543819244,0.05408496645851309
2008-09-25,8.145103454589844,8.42277717590332,8.006265640258789,8.35335922241211,5.206267833709717,10901272,-0.013755305507981118,9.020933151245117,-0.01648610470207546,0.05389187053350778
2008-09-26,8.19138240814209,8.307080268859863,7.774870872497559,8.075684547424316,5.033205986022949,6603427,-0.033806120855786735,8.839288091659546,-0.01857323786769569,0.05370422665455529
2008-09-29,8.075684547424316,8.075684547424316,8.075684547424316,8.075684547424316,5.033205986022949,0,0.0,8.678468561172485,-0.01676217634836389,0.05368850210099308
2008-09-30,7.520337104797363,7.913708209991455,7.520337104797363,7.913708209991455,4.932253360748291,6370059,-0.0202611670116533,8.539631581306457,-0.01503770711406141,0.05295295841360013
2008-10-01,8.145103454589844,8.145103454589844,7.774870872497559,8.052544593811035,5.0187835693359375,5983275,0.017391667913078415,8.444759631156922,-0.01057913812573032,0.0516622293081238
2008-10-02,8.02940559387207,8.237661361694336,7.867428779602051,7.89056921005249,4.917831897735596,4418850,-0.02031986461039517,8.376498126983643,-0.007979101512098945,0.04966116931649192
2008-10-03,7.821149826049805,7.821149826049805,7.404638767242432,7.589755058288574,4.730348110198975,9001923,-0.03886895622993897,8.304765701293945,-0.008656654829387428,0.05000145839560805
2008-10-06,7.404638767242432,7.497197151184082,7.335220813751221,7.404638767242432,4.614974021911621,5713174,-0.024692654998207605,8.192539095878601,-0.013238266388701975,0.046806044852429646
2008-10-07,7.173243999481201,7.497197151184082,7.173243999481201,7.427779197692871,4.629395961761475,5155686,0.003120253121197777,8.113864827156068,-0.00960690790536443,0.04499299111570306
2008-10-08,7.265801906585693,7.265801906585693,6.918710231781006,7.150104999542236,4.456333637237549,8857149,-0.03809987552580283,8.00395221710205,-0.013403679277326646,0.043971143943534914
2008-10-09,6.895569801330566,7.057547092437744,6.756732940673828,6.895569801330566,4.297694206237793,8368806,-0.03624789423108127,7.897510528564453,-0.013452663411082134,0.04399732102522686
2008-10-13,6.664175033569336,6.664175033569336,6.664175033569336,6.664175033569336,4.153476238250732,1305127,-0.034132977556444934,7.763301420211792,-0.01692272286670296,0.04266925823836004
2008-10-14,7.126965045928955,7.126965045928955,6.895569801330566,7.080686092376709,4.4130682945251465,9842477,0.06062463865227378,7.682313179969787,-0.010300202143517545,0.043958556328329686
2008-10-15,6.941849231719971,7.034407138824463,6.84929084777832,7.034407138824463,4.384224891662598,4652218,-0.0065573947865299916,7.629092359542847,-0.007045269806832856,0.04151874447061685
2008-10-16,6.803011894226074,6.84929084777832,6.803011894226074,6.803011894226074,4.240007400512695,1521208,-0.0334479741860244,7.592069149017334,-0.005165882894465882,0.03925892513582053
2008-10-17,6.61789608001709,6.756732940673828,6.571617126464844,6.571617126464844,4.095788955688477,2919250,-0.03460549956111017,7.568929648399353,-0.0034026736873567186,0.03692234518823832
2008-10-20,6.363361835479736,6.84929084777832,6.363361835479736,6.84929084777832,4.268850326538086,5276691,0.04138518086334849,7.535377335548401,-0.004673292183971893,0.03475290436957872
2008-10-21,6.803011894226074,6.988128185272217,6.61789608001709,6.710453987121582,4.1823201179504395,11022278,-0.020478514058954796,7.474057626724243,-0.008392481637089739,0.032027317272117536
2008-10-22,6.479059219360352,6.61789608001709,6.479059219360352,6.479059219360352,4.038102626800537,4924479,-0.035091289357476754,7.374557781219482,-0.013392187396374478,0.02746281223859716
2008-10-23,6.270803928375244,6.270803928375244,6.270803928375244,6.270803928375244,3.9083058834075928,250653,-0.03267075295951243,7.2646451711654665,-0.0150257250443501,0.02759563139240275
2008-10-24,6.0625481605529785,6.0625481605529785,6.0625481605529785,6.0625481605529785,3.7785091400146484,514272,-0.03377436442645209,7.150104618072509,-0.016026677990273647,0.027908419729201682
2008-10-27,5.6460371017456055,5.692316055297852,5.6460371017456055,5.692316055297852,3.5477616786956787,7368352,-0.06301299532528616,7.030936193466187,-0.017487021713748618,0.029600561246572038
2008-10-28,5.29894495010376,5.599758148193359,5.29894495010376,5.553479194641113,3.4612302780151367,11590570,-0.02469259164822997,6.904825925827026,-0.01872165129616012,0.02934666609028363
2008-10-29,5.923710823059082,5.923710823059082,5.2758049964904785,5.530340194702148,3.4468090534210205,11763435,-0.00417528159586197,6.785657525062561,-0.01791735702537055,0.029522157939790225
2008-10-30,5.553479194641113,5.900571823120117,5.322083950042725,5.900571823120117,3.6775569915771484,12962683,0.06479993371680674,6.6780588865280155,-0.015546943735184138,0.034060815688004835
2008-10-31,5.854292869567871,6.293942928314209,5.784873962402344,6.293942928314209,3.922727346420288,11508459,0.06453846557930246,6.598227572441101,-0.011304027225699254,0.03843893951010665
2008-11-03,6.293942928314209,6.664175033569336,6.131967067718506,6.61789608001709,4.124632358551025,12446250,0.050189775782004356,6.549634623527527,-0.006851090625102088,0.04019595354898683
2008-11-04,6.502199172973633,6.502199172973633,6.155106067657471,6.340221881866455,3.951571226119995,6875688,-0.042863741772953705,6.496413779258728,-0.007759644963839393,0.04082095640607204
2008-11-05,6.386500835418701,6.687314987182617,6.340221881866455,6.502199172973633,4.052524566650391,7938806,0.025226689006514848,6.4501347780227665,-0.006654323169573539,0.04142586941393507
2008-11-06,6.0625481605529785,6.340221881866455,6.0625481605529785,6.340221881866455,3.951571226119995,6964281,-0.025226689006514792,6.409640622138977,-0.006010663843609138,0.041009481920611594
2008-11-07,5.969989776611328,6.571617126464844,5.969989776611328,6.571617126464844,4.095788955688477,4997947,0.035846175203266134,6.393442988395691,-0.002405960371891767,0.04137861236999079
2008-11-10,6.571617126464844,7.011268138885498,6.31708288192749,7.011268138885498,4.369803428649902,15518918,0.06475864876872771,6.410797643661499,0.0025386209443668648,0.04325390465208071
2008-11-11,7.126965045928955,7.497197151184082,7.080686092376709,7.497197151184082,4.672661304473877,38639556,0.06701064857007544,6.431623196601867,0.0028579214402569475,0.04372625546465662
2008-11-12,7.288941860198975,7.335220813751221,7.034407138824463,7.150104999542236,4.456333637237549,12545647,-0.04740219566988615,6.437408089637756,0.0008156813960891396,0.04512073815801723
2008-11-13,6.756732940673828,6.988128185272217,6.664175033569336,6.664175033569336,4.153476238250732,9118606,-0.0703808717875262,6.43046624660492,-0.0010309634839859496,0.047299987966882985
2008-11-14,6.84929084777832,7.126965045928955,6.803011894226074,7.034407138824463,4.384224891662598,10752177,0.05406724386574377,6.4536057472229,0.003402673687356747,0.04813572290967088
2008-11-17,7.3583598136901855,7.520337104797363,7.173243999481201,7.497197151184082,4.672661304473877,24838480,0.0637158235916686,6.486001062393188,0.004519205823772752,0.049307830540962064
2008-11-18,7.497197151184082,7.867428779602051,7.2426629066467285,7.404638767242432,4.614974021911621,28029992,-0.012422573265280998,6.520710301399231,0.004922002863456442,0.049125443011652815
2008-11-19,7.497197151184082,7.497197151184082,6.895569801330566,7.011268138885498,4.369803428649902,13334341,-0.05458807530479444,6.547320747375489,0.003947163566090558,0.05014413618804117
2008-11-20,6.687314987182617,7.173243999481201,6.687314987182617,6.803011894226074,4.240007400512695,10732729,-0.0301531492076175,6.57393114566803,0.004073043753685305,0.050050446178676725
2008-11-21,6.710453987121582,7.150104999542236,6.710453987121582,7.10382604598999,4.427490711212158,6823829519,0.04326807887969141,6.62599503993988,0.00792516591899248,0.04994889159512719
2008-11-24,6.988128185272217,7.427779197692871,6.988128185272217,7.196383953094482,4.485178470611572,12135093,0.01294515250540178,6.701198434829712,0.011723073310526877,0.04707633174099083
2008-11-25,7.3120808601379395,7.3583598136901855,7.057547092437744,7.080686092376709,4.4130682945251465,12089716,-0.016207862412538826,6.777558779716491,0.012147309772311434,0.04676811564462765
2008-11-26,7.080686092376709,7.566616058349609,7.080686092376709,7.543476104736328,4.701503753662109,13881026,0.06331228891676345,6.878215575218201,0.015521688297942704,0.047948204330150304
2008-11-27,7.774870872497559,8.052544593811035,7.543476104736328,8.006265640258789,4.989940643310547,17388016,0.059541342536908674,6.983500266075135,0.015258758738947803,0.04767741246065638
2008-11-28,8.006265640258789,8.145103454589844,7.682312965393066,7.7285919189453125,4.816877841949463,13820523,-0.035297752123707574,7.05523271560669,0.0102669478537973,0.04747225521346784
2008-12-01,7.774870872497559,8.02940559387207,7.7285919189453125,7.7285919189453125,4.816877841949463,16940729,0.0,7.110767507553101,0.007757459064697084,0.04656874524195659
2008-12-02,7.3120808601379395,8.121964454650879,7.265801906585693,7.7285919189453125,4.816877841949463,9645843,0.0,7.180186009407043,0.009900646153344768,0.04507894818143795
2008-12-03,7.936848163604736,8.075684547424316,7.7285919189453125,7.7285919189453125,4.816877841949463,10715443,0.0,7.241505646705628,0.008639311703019025,0.04498036748729826
2008-12-04,7.89056921005249,7.913708209991455,7.450918197631836,7.450918197631836,4.64381742477417,8528706495,-0.036589415242133466,7.2970404624938965,0.008071175391238092,0.04549939958319942
2008-12-05,7.450918197631836,7.682312965393066,7.265801906585693,7.682312965393066,4.788034439086914,8701571,0.030583396385350993,7.352575254440308,0.007808036450342335,0.04534526988834297
2008-12-08,7.867428779602051,8.214522361755371,7.821149826049805,8.214522361755371,5.119736671447754,19700080,0.06698293840350744,7.412737965583801,0.007919250932081321,0.045494780457239106
2008-12-09,8.330219268798828,8.42277717590332,7.959987163543701,8.052544593811035,5.0187835693359375,17202187,-0.01991546749829001,7.440505337715149,0.003572945128663049,0.04366794363250756
2008-12-10,8.052544593811035,8.376498222351074,8.052544593811035,8.260801315307617,5.148580551147461,12740119,0.025533454274125726,7.496040153503418,0.0072197276258636435,0.04220795338596466
2008-12-11,8.260801315307617,8.260801315307617,7.867428779602051,7.89056921005249,4.917831897735596,11741826,-0.04585331888452096,7.5573598623275755,0.008446105271013905,0.04014023473406381
2008-12-12,7.844289779663086,8.283940315246582,7.705452919006348,7.844289779663086,4.8889875411987305,15726355,-0.005882424986442645,7.5978539943695065,0.005448621828404584,0.03876912146113333
2008-12-15,8.052544593811035,8.237661361694336,8.006265640258789,8.098823547363281,5.047626972198486,11936299,0.031932959568565844,7.627935314178467,0.003859478627249447,0.03685940329958846
2008-12-16,8.098823547363281,8.237661361694336,8.075684547424316,8.145103454589844,5.076471328735352,7152272,0.005698133516819036,7.664958548545838,0.004765513966354449,0.036660285451045244
2008-12-17,8.145103454589844,8.538475036621094,8.006265640258789,8.145103454589844,5.076471328735352,29013159,0.0,7.721650314331055,0.007494917731594171,0.03393990255499723
2008-12-18,8.19138240814209,8.445917129516602,8.098823547363281,8.330219268798828,5.191845417022705,17547916,0.022472835036840798,7.798010683059692,0.010126216943817086,0.03289129550109764
2008-12-19,8.214522361755371,8.214522361755371,8.214522361755371,8.214522361755371,5.119736671447754,22070485976,-0.013986171027097864,7.853545498847962,0.007263504448477623,0.032341948367190176
2008-12-22,8.330219268798828,8.330219268798828,7.659173965454102,7.659173965454102,4.773614406585693,20609780,-0.0699994670606405,7.876684999465942,0.003116273470175508,0.03661127666771695
2008-12-23,7.659173965454102,7.659173965454102,7.2426629066467285,7.3583598136901855,4.586129188537598,11344238,-0.04006708402461614,7.890568685531616,0.0019233123895716427,0.03764812361276236
2008-12-24,7.265801906585693,7.6128950119018555,7.173243999481201,7.497197151184082,4.672661304473877,10090970,0.018692181013705938,7.8882547378540036,-0.00030769300558123306,0.03505130362774889
2008-12-25,7.589755058288574,7.751731872558594,7.497197151184082,7.682312965393066,4.788034439086914,5192419,0.024391431668043452,7.872057104110718,-0.002065188549024494,0.032694477021646774
2008-12-26,7.682312965393066,7.867428779602051,7.659173965454102,7.682312965393066,4.788034439086914,8018755,0.0,7.869743156433105,-0.0003003009428391157,0.031745047590060665
2008-12-29,7.7285919189453125,7.821149826049805,7.682312965393066,7.774870872497559,4.845721244812012,4425333,0.011976180701802513,7.872057104110718,0.00029850809225100995,0.031863742188719076
2008-12-30,7.867428779602051,8.052544593811035,7.821149826049805,7.959987163543701,4.96109676361084,14127358,0.02353053734636965,7.883626866340637,0.0014750349595694923,0.03228378852246906
2008-12-31,8.02940559387207,8.214522361755371,7.936848163604736,8.052544593811035,5.0187835693359375,13213336,0.011560752857044958,7.899824500083923,0.0020530726024217405,0.03235939662841872
2009-01-02,8.052544593811035,8.052544593811035,8.052544593811035,8.052544593811035,5.0187835693359375,0,0.0,7.929905819892883,0.003882543364528414,0.031068273229553113
2009-01-05,8.330219268798828,8.445917129516602,8.237661361694336,8.42277717590332,5.249532699584961,22098576,0.044951464647471774,7.966929030418396,0.004600946777634453,0.03187385754558027
2009-01-06,8.42277717590332,8.515335083007812,8.145103454589844,8.283940315246582,5.1630024909973145,18163746,-0.016620866054949425,7.970399928092957,0.00042075655471160954,0.02857334583928589
2009-01-07,8.42277717590332,8.515335083007812,8.307080268859863,8.35335922241211,5.206267833709717,13550422,0.008345021361839245,7.98544065952301,0.0018337809977180721,0.028211219267897297
2009-01-08,8.145103454589844,8.399638175964355,8.145103454589844,8.145103454589844,5.076471328735352,19073446,-0.025246816465814507,7.979655766487122,-0.0007052325392789393,0.028251071157893198
2009-01-09,8.214522361755371,8.469056129455566,8.145103454589844,8.399638175964355,5.235111713409424,18498671,0.03077168705114092,8.005109214782715,0.003126017757504155,0.026972905117749146
2009-01-12,8.515335083007812,8.538475036621094,8.19138240814209,8.214522361755371,5.119736671447754,14894444,-0.022285023041397976,8.023620843887329,0.002305887854756388,0.027505340430729126
2009-01-13,8.19138240814209,8.214522361755371,7.867428779602051,7.959987163543701,4.96109676361084,12794140,-0.031476220355335024,8.01667902469635,-0.0008645711414386553,0.02756500693943203
2009-01-14,7.959987163543701,8.19138240814209,7.959987163543701,8.052544593811035,5.0187835693359375,8325590,0.011560752857044958,8.01205108165741,-0.0005714401744273593,0.02766944316161892
2009-01-15,7.867428779602051,7.913708209991455,7.7285919189453125,7.821149826049805,4.874566078186035,9412476,-0.02915655976423806,7.995853400230407,-0.002029268162639262,0.028396294126109313
2009-01-16,7.913708209991455,8.098823547363281,7.844289779663086,8.098823547363281,5.047626972198486,5432269,0.03488722973596622,7.98428361415863,-0.0014085484276829912,0.029087354620853247
2009-01-19,8.376498222351074,8.399638175964355,8.168243408203125,8.168243408203125,5.090893268585205,9606949349,0.008535070575475017,7.981969666481018,-0.00028248634755434715,0.02901064090658602
2009-01-20,8.145103454589844,8.145103454589844,7.63603401184082,7.705452919006348,4.802457332611084,12364139,-0.05832563111491097,7.98428361415863,0.00030120544973212955,0.02761813264282597
2009-01-21,7.404638767242432,7.751731872558594,7.404638767242432,7.7285919189453125,4.816877841949463,6037295,0.0029984385192731414,8.002795219421387,0.002454481576926594,0.02593251167368015
2009-02-02,7.821149826049805,7.844289779663086,7.474058151245117,7.520337104797363,4.687082767486572,7969057,-0.027315723320842575,8.00395221710205,0.00015408636019916786,0.026451717610133537
2009-02-03,7.474058151245117,7.7285919189453125,7.474058151245117,7.682312965393066,4.788034439086914,11331273,0.021309704464060022,8.00395221710205,-3.642919299551295e-18,0.026311704763485277
2009-02-04,7.774870872497559,7.774870872497559,7.520337104797363,7.520337104797363,4.687082767486572,7597398,-0.021309704464060063,7.995853424072266,-0.0010654852232030068,0.026739689279759643
2009-02-05,7.520337104797363,7.659173965454102,7.497197151184082,7.497197151184082,4.672661304473877,3960759,-0.0030817272039834146,7.981969738006592,-0.0018183806184923032,0.02656457061267925
2009-02-06,7.589755058288574,7.751731872558594,7.589755058288574,7.6128950119018555,4.74476957321167,8135439,0.015314284076148798,7.9646151304245,-0.002229193282003346,0.026213131544026297
2009-02-09,7.7285919189453125,7.79801082611084,7.566616058349609,7.566616058349609,4.715926647186279,8913330,-0.006097574121746343,7.940318703651428,-0.0031121096309429104,0.026020890364396636
2009-02-10,7.566616058349609,7.589755058288574,7.3583598136901855,7.404638767242432,4.614974021911621,14535750,-0.021639283219683576,7.907923412322998,-0.004194073791927089,0.026332695284202238
2009-02-11,7.219522953033447,7.3583598136901855,7.196383953094482,7.3120808601379395,4.557286262512207,12061626,-0.012578771609871415,7.852388596534729,-0.007070585604794249,0.023691369495074537
2009-02-12,7.3120808601379395,7.520337104797363,7.3120808601379395,7.3583598136901855,4.586129188537598,14929017,0.006309163861446434,7.8061095714569095,-0.005924084108974456,0.0237596067085951
2009-02-13,7.427779197692871,7.867428779602051,7.427779197692871,7.867428779602051,4.903409481048584,23952549,0.06689424092905134,7.781813049316407,-0.002996623130613851,0.028702979712186046
2009-02-16,7.983127117156982,8.376498222351074,7.983127117156982,7.983127117156982,4.975518226623535,39996543,0.014598906584923563,7.773714232444763,-0.0010043369780769478,0.028459118715365297
2009-02-17,7.983127117156982,8.006265640258789,7.705452919006348,7.7285919189453125,4.816877841949463,12839517,-0.03240351597544305,7.740161919593811,-0.004163097129406146,0.028251823180833517
2009-02-18,7.589755058288574,7.821149826049805,7.497197151184082,7.7285919189453125,4.816877841949463,8068454,0.0,7.7158653974533085,-0.003048845977336247,0.027937185947022696
2009-02-19,7.7285919189453125,8.168243408203125,7.63603401184082,8.02940559387207,5.0043625831604,21186715,0.03818381399628629,7.719336318969726,0.00043415574024481855,0.028542333682953277
2009-02-20,7.983127117156982,8.075684547424316,7.7285919189453125,7.7285919189453125,4.816877841949463,9023531,-0.03818381399628626,7.70313868522644,-0.0020530726024217422,0.029666968833786837
2009-02-23,7.682312965393066,8.237661361694336,7.543476104736328,7.682312965393066,4.788034439086914,6281466,-0.006006018856782509,7.696196842193603,-0.0008955455570489647,0.02899789570083758
2009-02-24,7.589755058288574,7.913708209991455,7.543476104736328,7.705452919006348,4.802457332611084,8064132,0.0030075803375093427,7.6765283107757565,-0.0024895280269718084,0.027777966399218732
2009-02-25,7.913708209991455,8.052544593811035,7.682312965393066,7.7285919189453125,4.816877841949463,17854750,0.0029984385192731414,7.654545736312866,-0.0027663596297819023,0.027689762706390165
2009-02-26,7.774870872497559,7.983127117156982,7.682312965393066,7.844289779663086,4.8889875411987305,15194797,0.014859162451597033,7.661487579345703,0.0008928800485434983,0.024627500563610405
2009-02-27,7.844289779663086,8.145103454589844,7.821149826049805,8.098823547363281,5.047626972198486,26361849,0.031932959568565844,7.679999160766601,0.0023396061010081334,0.0255888079265341
2009-03-02,8.052544593811035,8.052544593811035,7.7285919189453125,7.774870872497559,4.845721244812012,10008859,-0.04082196017514289,7.6927258491516115,0.0016642942582931176,0.02657196390491094
2009-03-03,7.63603401184082,8.075684547424316,7.6128950119018555,7.936848163604736,4.946674823760986,17787765,0.0206193898375394,7.705452609062195,0.0016297785269670864,0.02654553756637157
2009-03-04,7.936848163604736,8.19138240814209,7.89056921005249,8.145103454589844,5.076471328735352,20138724,0.025900703854422377,7.736690926551819,0.0039902989428912084,0.02649733107984217
2009-03-05,8.330219268798828,8.492196083068848,8.214522361755371,8.330219268798828,5.191845417022705,29458286,0.022472835036840798,7.7783420324325565,0.0052680270549324195,0.026753259847428615
2009-03-06,8.237661361694336,8.376498222351074,8.075684547424316,8.121964454650879,5.062050819396973,20810735,-0.025317725790868217,7.803795504570007,0.0032364265615815687,0.027483022819391887
2009-03-09,8.145103454589844,8.65417194366455,8.121964454650879,8.492196083068848,5.292798042297363,29166577,0.04457558107642293,7.850074505805969,0.0057700843214900325,0.02887762566498386
2009-03-10,8.515335083007812,8.700450897216797,8.445917129516602,8.492196083068848,5.292798042297363,25428380,0.0,7.90445237159729,0.006852048482474211,0.028193910813328612
2009-03-11,8.538475036621094,8.561614036560059,8.35335922241211,8.35335922241211,5.206267833709717,14308866,-0.01648387385658094,7.956516289710999,0.006656793370138733,0.028348657763476937
2009-03-12,8.35335922241211,8.607892990112305,8.35335922241211,8.376498222351074,5.22068977355957,16175803,0.0027661938865886962,8.007423210144044,0.006479644871395848,0.02836201112782084
2009-03-13,8.42277717590332,8.561614036560059,8.376498222351074,8.399638175964355,5.235111713409424,17059573,0.0027586766987378265,8.034033679962159,0.003272866659880172,0.02453989607327247
2009-03-16,8.469056129455566,8.908706665039062,8.445917129516602,8.793008804321289,5.480280876159668,31044318,0.04576832105231177,8.074527764320374,0.004831337383249582,0.026228681900160988
2009-03-17,8.885566711425781,9.001264572143555,8.65417194366455,8.793008804321289,5.480280876159668,21424404,0.0,8.127748608589172,0.006451513182021734,0.024767699098524224
2009-03-18,8.885566711425781,8.885566711425781,8.538475036621094,8.538475036621094,5.32164192199707,17820177,-0.029374526968816688,8.16824276447296,0.0049827868335809,0.026010199864552448
2009-03-19,8.561614036560059,8.885566711425781,8.561614036560059,8.723590850830078,5.437015533447266,17863394,0.021448523261552756,8.202952027320862,0.004146022296844224,0.025140539935314014
2009-03-20,8.81614875793457,9.20952033996582,8.81614875793457,8.954985618591309,5.581233501434326,33980855,0.026179481570631862,8.264271712303161,0.007364187075190129,0.023502983923321154
2009-03-23,9.232660293579102,9.510334014892578,9.186381340026855,9.325218200683594,5.811983108520508,18124851,0.040511935245963096,8.346416974067688,0.00969008478032741,0.02439502711634001
2009-03-24,9.417776107788086,9.81114673614502,9.302078247070312,9.533473014831543,5.941778659820557,29231401,0.02208671616253672,8.437817978858948,0.010644041571578779,0.024492801890973387
2009-03-25,9.487194061279297,10.181379318237305,9.417776107788086,10.042542457580566,6.259059429168701,27228333,0.05202123407654669,8.55351550579071,0.013095181349442455,0.026088417105445322
2009-03-26,10.042542457580566,10.320216178894043,9.764867782592773,9.8342866897583,6.129262924194336,15964044,-0.02095539355329694,8.65301535129547,0.011304453549197757,0.027167802668709728
2009-03-27,9.880565643310547,9.996262550354004,9.464055061340332,9.579751968383789,5.970621585845947,13474794,-0.02622322039677931,8.727061772346497,0.008396644550930499,0.027944855964700668
2009-03-30,9.718588829040527,10.111961364746094,9.626030921936035,9.649170875549316,6.013887882232666,21024655,0.007220290945160144,8.820776772499084,0.010798757106945651,0.025444360749288263
2009-03-31,10.042542457580566,10.320216178894043,9.996262550354004,10.320216178894043,6.432120323181152,19086411,0.06723271537387526,8.939945173263549,0.013129423383762445,0.02835916365167297
2009-04-02,11.01440143585205,11.01440143585205,10.667308807373047,10.898703575134277,6.792664527893066,15518918,0.05453913669905887,9.077625179290772,0.014561345025994269,0.02972793463680243
2009-04-03,10.82928466796875,11.199517250061035,10.667308807373047,10.736726760864258,6.691713333129883,23587372,-0.01497357234094137,9.197950553894042,0.01268902465710516,0.03037559603576773
2009-04-06,10.644168853759766,11.245796203613281,10.644168853759766,10.968121528625488,6.835930824279785,16631733,0.021322750729672844,9.340258407592774,0.015021048483132215,0.02906627753022144
2009-04-07,10.875563621520996,11.338354110717773,10.783005714416504,10.921842575073242,6.807085990905762,9449210,-0.004228332425213955,9.461740732192993,0.01258085280805037,0.028497551575074158
2009-04-08,10.898703575134277,11.106959342956543,10.412774085998535,10.459053039550781,6.518650054931641,11990319,-0.04329676711700665,9.56008358001709,0.010416014452200037,0.031035123157547185
2009-04-09,10.644168853759766,11.060680389404297,10.59788990020752,11.060680389404297,6.893618106842041,20289980,0.055928589284512616,9.6954496383667,0.014036637609254716,0.03194239119893669
2009-04-10,11.338354110717773,11.523469924926758,11.037541389465332,11.199517250061035,6.980147361755371,27182956,0.012474162467626065,9.836600589752198,0.014522036038306586,0.03183569409258482
2009-04-13,11.4077730178833,11.801143646240234,11.338354110717773,11.592888832092285,7.225318908691406,28505370,0.03452120371638475,9.996263122558593,0.016110162389188932,0.03200975519687453
2009-04-14,11.569748878479004,11.708585739135742,11.315215110778809,11.4077730178833,7.109945297241211,19713045,-0.016096911690727588,10.127001333236695,0.013016900752036962,0.03198205748779317
2009-04-15,11.38463306427002,11.708585739135742,11.292075157165527,11.38463306427002,7.095524311065674,34888395,-0.002030497480627838,10.256582546234132,0.012915375878005569,0.03202874232563843
2009-04-16,11.569748878479004,11.61602783203125,11.199517250061035,11.199517250061035,6.980147361755371,18034097,-0.0163937945450293,10.389634656906129,0.013564412499194942,0.03124869090450506
2009-04-17,11.199517250061035,11.500330924987793,10.435914039611816,10.459053039550781,6.518650054931641,33712915,-0.06840275175213861,10.476407766342163,0.009071848748510372,0.03613274299715697
2009-04-20,10.459053039550781,10.6210298538208,9.857425689697266,10.250798225402832,6.388854503631592,13271678,-0.020112344745518426,10.54119839668274,0.006757257432702858,0.03646037979665446
2009-04-21,9.880565643310547,10.968121528625488,9.880565643310547,10.968121528625488,6.835930824279785,35400506,0.06763744428773906,10.623343563079834,0.008113532884791655,0.03824302882370082
2009-04-22,11.01440143585205,11.61602783203125,11.01440143585205,11.592888832092285,7.225318908691406,34752264,0.055398855926302615,10.726314353942872,0.00977913987297995,0.039585498946512414
2009-04-23,11.338354110717773,11.916842460632324,11.060680389404297,11.546609878540039,7.196475505828857,43484086,-0.004000001541630942,10.801517724990845,0.006978078092071069,0.03840351826224551
2009-04-24,11.685446739196777,11.801143646240234,11.292075157165527,11.500330924987793,7.167632579803467,21143499,-0.004016065832657931,10.884819936752319,0.007825044478103019,0.03793902268581961
2009-04-27,11.569748878479004,11.662306785583496,10.852424621582031,10.921842575073242,6.807085990905762,17215151,-0.05161112097722773,10.951924467086792,0.006555649449080598,0.039529579566244304
2009-04-28,10.921842575073242,11.130099296569824,10.366495132446289,10.366495132446289,6.460963249206543,16268718,-0.05218570639302883,10.98779067993164,0.003585349582171149,0.04165195203921264
2009-04-29,10.412774085998535,10.505331993103027,9.973123550415039,10.135100364685059,6.316746711730957,19187969,-0.022574301034925297,10.97853488922119,-0.000905001238268879,0.03919780619749662
2009-04-30,10.82928466796875,10.82928466796875,10.82928466796875,10.82928466796875,6.749399662017822,9514034,0.06624932522312903,10.975063943862915,-0.0003194918120653707,0.040145581724741905
2009-05-04,11.569748878479004,11.569748878479004,11.338354110717773,11.569748878479004,7.210898399353027,17459323,0.06613982857160332,11.016715049743652,0.003736178233561863,0.04260888028746136
2009-05-05,12.032539367675781,12.032539367675781,11.106959342956543,11.245796203613281,7.008992671966553,23140085,-0.02839944840245417,11.030598783493042,0.0012500682769555126,0.04297772557749493
2009-05-06,11.38463306427002,12.032539367675781,11.222657203674316,12.032539367675781,7.499334812164307,33706433,0.06762020594018428,11.08613362312317,0.004842495195225424,0.04542865122851261
2009-05-07,12.263934135437012,12.819281578063965,12.032539367675781,12.518468856811523,7.802190780639648,40908404,0.03959046844302977,11.189104413986206,0.008986856973227245,0.0445787316968647
2009-05-08,11.893701553344727,12.472189903259277,11.893701553344727,12.263934135437012,7.643550395965576,24570540,-0.020542291417530133,11.249267101287842,0.005163312938125107,0.043609546074015335
2009-05-11,12.310213088989258,12.773002624511719,12.217655181884766,12.40277099609375,7.7300825119018555,22753301,0.011257144078924034,11.309429788589478,0.0051024620186900065,0.043599655881846555
2009-05-12,12.333353042602539,12.333353042602539,11.84742259979248,12.17137622833252,7.585864067077637,16069924,-0.018832930791182912,11.33835415840149,0.0024347552933116226,0.04333636940427263
2009-05-13,12.263934135437012,12.63416576385498,12.17137622833252,12.287074089050293,7.657973289489746,20421789,0.009460838458717516,11.382319211959839,0.003712642800783878,0.043137516083684574
2009-05-14,12.032539367675781,12.726723670959473,12.032539367675781,12.240795135498047,7.6291279792785645,26765920,-0.0037735857155836014,11.425127315521241,0.00362548838903609,0.043151488736171216
2009-05-15,12.310213088989258,12.819281578063965,12.310213088989258,12.495328903198242,7.78776741027832,27848484,0.02058064970071916,11.489917898178101,0.005474210601323513,0.04304056773762048
2009-05-18,12.495328903198242,12.888701438903809,12.333353042602539,12.333353042602539,7.6868157386779785,23088226,-0.0130476647017582,11.583632898330688,0.008241964953842534,0.039689163287919445
2009-05-19,12.726723670959473,13.18951416015625,12.611026763916016,12.95811939239502,8.076205253601074,58244561,0.04941534975966764,11.718998956680299,0.011718349679101837,0.040117550753077
2009-05-20,13.235793113708496,13.513466835021973,12.9812593460083,12.9812593460083,8.090625762939453,48386958,0.0017841568207884206,11.819655847549438,0.008425685305754304,0.037929193007965635
2009-05-21,12.865560531616211,13.305212020874023,12.773002624511719,13.096956253051758,8.162735939025879,22982346,0.0088731275109035,11.894859218597412,0.006099398884984349,0.03628783995154163
2009-05-22,12.95811939239502,13.559745788574219,12.95811939239502,13.374629974365234,8.335796356201172,28617732,0.02097977081630224,11.986260223388673,0.007348387502881008,0.03635176631277238
2009-05-25,13.328351020812988,13.606024742126465,12.865560531616211,12.888701438903809,8.032940864562988,19142592,-0.03700855680029246,12.055678749084473,0.005698762954499281,0.03762105363279881
2009-05-26,12.934980392456055,13.143235206604004,12.055679321289062,12.217655181884766,7.614706993103027,20510383,-0.05346901844245202,12.12046937942505,0.0056058680812380675,0.037772003571579164
2009-05-27,12.472189903259277,12.726723670959473,12.379631996154785,12.657305717468262,7.888720989227295,19015104,0.03535252385293066,12.235009908676147,0.00998277959353604,0.03574000499519263
2009-06-01,12.773002624511719,12.95811939239502,12.680444717407227,12.796142578125,7.975251197814941,14073338,0.010909188881670065,12.368062019348145,0.011656954089365809,0.034909242264645673
2009-06-02,13.004398345947266,13.096956253051758,12.541607856750488,12.63416576385498,7.874299049377441,17474448,-0.012739051575675992,12.458306074142456,0.00770753524942556,0.03281313010404883
2009-06-03,12.472189903259277,12.541607856750488,12.009400367736816,12.055679321289062,7.513754367828369,16400527,-0.04686885097389553,12.482602596282959,0.0020571012721506167,0.03193993506317487
2009-06-04,12.032539367675781,12.217655181884766,11.61602783203125,11.801143646240234,7.355113983154297,13686553,-0.021339415925478306,12.510369968414306,0.00241010289599941,0.03162305369998054
2009-06-05,11.939981460571289,12.611026763916016,11.893701553344727,12.611026763916016,7.859877586364746,20650835,0.06637512529087028,12.539294338226318,0.0023478488635337103,0.03148886354568545
2009-06-08,13.120096206665039,13.166375160217285,12.17137622833252,12.310213088989258,7.672393798828125,16940729,-0.02414232095778092,12.528881549835205,-0.0008387906065068243,0.030737466407897384
2009-06-09,12.217655181884766,12.472189903259277,11.592888832092285,11.801143646240234,7.355113983154297,28425420,-0.042232804333089284,12.505742025375366,-0.0019233162522847818,0.03183242098785722
2009-06-10,11.801143646240234,12.009400367736816,11.477190971374512,11.801143646240234,7.355113983154297,13088009,0.0,12.47566065788269,-0.0024861734562309835,0.03168628786884448
2009-06-11,11.939981460571289,12.17137622833252,11.662306785583496,12.101958274841309,7.542597770690918,12223687,0.02517083445568559,12.47218976020813,-0.0002859851938875585,0.032017489449818276
2009-06-12,12.217655181884766,12.611026763916016,11.893701553344727,11.939981460571289,7.441644191741943,24082197,-0.013474725156568218,12.454835128784179,-0.0014327633746518452,0.03206072631846762
2009-06-15,11.754864692687988,12.217655181884766,11.708585739135742,11.731725692749023,7.3118486404418945,23263251,-0.017595785521251087,12.42938165664673,-0.0021238733649352193,0.03226218614692033
2009-06-16,11.986260414123535,12.009400367736816,11.662306785583496,11.870562553405762,7.398380279541016,14898766,0.011764830645816819,12.398143339157105,-0.0025646643176803364,0.031994768686517315
2009-06-17,11.939981460571289,12.495328903198242,11.939981460571289,12.032539367675781,7.499334812164307,16463190,0.013552993596512745,12.383102655410767,-0.001234631402766789,0.03208881186501854
2009-06-18,12.17137622833252,12.263934135437012,11.84742259979248,11.96312141418457,7.456068992614746,10170920,-0.005785891689189934,12.333352756500243,-0.003994693475209668,0.029794983343922353
2009-06-19,12.032539367675781,12.240795135498047,11.939981460571289,12.217655181884766,7.614706993103027,7819961,0.021053349409443152,12.295172548294067,-0.0030312338457769315,0.030298969818586343
2009-06-22,12.263934135437012,12.356492042541504,12.125097274780273,12.263934135437012,7.643550395965576,6761166,0.0037807193052464866,12.25352144241333,-0.0032858542560597823,0.030214945870022297
2009-06-23,12.078818321228027,12.287074089050293,11.939981460571289,11.986260414123535,7.470489501953125,5907647,-0.022901742669306998,12.184102964401244,-0.005479929930340244,0.02995224205775299
2009-06-24,12.078818321228027,12.680444717407227,11.939981460571289,12.449049949645996,7.758924961090088,17200026,0.037883282409085346,12.162120389938355,-0.0017353379698713534,0.03047991035913706
2009-06-25,12.495328903198242,13.305212020874023,12.379631996154785,13.235793113708496,8.24926471710205,52440632,0.061280448628511716,12.213027286529542,0.004002135383676833,0.031024368546303065
2009-06-26,13.328351020812988,14.022536277770996,13.235793113708496,13.282072067260742,8.278109550476074,51513646,0.0034904016760584065,12.244265604019166,0.002409029274833221,0.030135110404706924
2009-06-29,13.305212020874023,13.698582649230957,12.95811939239502,13.212654113769531,8.234845161437988,35683572,-0.005240145669986633,12.265091180801392,0.001601562547250386,0.030111712895610054
2009-06-30,13.513466835021973,13.5828857421875,12.773002624511719,12.773002624511719,7.960831165313721,21119730,-0.03384124183420101,12.27203302383423,0.0005464530343241355,0.030997337630970432
2009-07-01,12.773002624511719,13.328351020812988,12.773002624511719,13.328351020812988,8.306953430175781,22906718,0.04255964863946705,12.335666608810424,0.005017878014992263,0.030238428484966624
2009-07-02,13.42090892791748,14.253931045532227,13.42090892791748,14.045676231384277,8.754027366638184,58791245,0.052421184705640764,12.447893238067627,0.008705908046548218,0.03133286807864236
2009-07-03,13.97625732421875,14.485325813293457,13.814281463623047,14.20765209197998,8.854981422424316,50227966,0.011466092301456628,12.527724504470825,0.005960456397077535,0.028269710145959852
2009-07-06,14.277070999145508,15.179511070251465,14.230792045593262,15.179511070251465,9.46069622039795,42969814,0.0661658634573486,12.671189403533935,0.01047586561783401,0.030344590386872147
2009-07-07,15.642300605773926,16.105091094970703,15.179511070251465,15.179511070251465,9.46069622039795,46768513,0.0,12.840107774734497,0.012587505834488474,0.027850586815654364
2009-07-08,14.809279441833496,15.086953163146973,14.253931045532227,14.392767906188965,8.970356941223145,33068995,-0.05322071095194689,12.969688987731933,0.00992647028689113,0.03142920400495405
2009-07-09,14.439046859741211,14.99439525604248,14.415907859802246,14.647302627563477,9.128994941711426,16813241,0.01753034583931533,13.096956205368041,0.009544445856072618,0.031280237459142476
2009-07-10,14.809279441833496,15.017535209655762,14.531604766845703,14.60102367401123,9.100152015686035,13355950,-0.003164556610622174,13.230008316040038,0.01005995428336992,0.030964269209018985
2009-07-13,14.60102367401123,14.716720581054688,13.5828857421875,13.5828857421875,8.465592384338379,19069124,-0.07228104193422569,13.322566318511964,0.00732569146272119,0.035602046981245174
2009-07-14,13.513466835021973,14.184513092041016,13.513466835021973,14.091955184936523,8.782872200012207,28045118,0.03679348131583126,13.433635950088501,0.008577123996221911,0.036201142937949425
2009-07-15,14.253931045532227,14.462186813354492,14.091955184936523,14.20765209197998,8.854981422424316,19719527,0.008176618884299233,13.542391586303712,0.008308305260611236,0.03618220564839801
2009-07-16,14.36962890625,14.716720581054688,14.184513092041016,14.184513092041016,8.840559959411621,20300784,-0.0016299570611744004,13.653461170196532,0.008516101992012012,0.036108861127634846
2009-07-17,14.346488952636719,14.508465766906738,14.184513092041016,14.253931045532227,8.883825302124023,11508459,0.004881989396461111,13.755274963378906,0.007707533991362909,0.03599422157139242
2009-07-20,14.346488952636719,14.508465766906738,14.20765209197998,14.415907859802246,8.98477840423584,13632533,0.011299577806536412,13.862873649597168,0.008083476916427407,0.03599031447751073
2009-07-21,14.57788372039795,15.133232116699219,14.415907859802246,14.809279441833496,9.229948997497559,38118801,0.026921664285060543,14.004024600982666,0.010574647264145785,0.03545302812703084
2009-07-22,14.809279441833496,14.948116302490234,14.439046859741211,14.439046859741211,8.999198913574219,15015450,-0.02531784926446866,14.103524446487427,0.007414590680468083,0.035706565418318896
2009-07-23,14.485325813293457,14.647302627563477,14.346488952636719,14.346488952636719,8.941512107849121,9902979,-0.006430884364638723,14.159059238433837,0.0040290240308105615,0.03347044474838679
2009-07-24,14.57788372039795,14.624162673950195,14.346488952636719,14.439046859741211,8.999198913574219,10968257,0.006430884364638759,14.216907978057861,0.004176048165239579,0.03347441226915484
2009-07-27,14.57788372039795,14.670441627502441,14.253931045532227,14.300209999084473,8.912667274475098,7761619,-0.009661901934299767,14.271285772323608,0.003954960352023923,0.03355438305256995
2009-07-28,14.300209999084473,14.92497730255127,14.253931045532227,14.832419395446777,9.244369506835938,17943343,0.03654106240707569,14.374256610870361,0.007474075564087758,0.03306902949943691
2009-07-29,15.040674209594727,15.040674209594727,14.277070999145508,14.323349952697754,8.927090644836426,12526200,-0.03492421539759884,14.4240065574646,0.003599882362234464,0.033280374893349826
2009-07-30,14.300209999084473,14.300209999084473,13.79114055633545,13.883699417114258,8.653078079223633,12489466,-0.031175621241417987,14.415907716751098,-0.0005799579351184738,0.03205298122102327
2009-07-31,13.929978370666504,14.115094184875488,13.79114055633545,13.814281463623047,8.609810829162598,8625942,-0.005012502473370909,14.396239185333252,-0.0014038876738598507,0.03193862652226346
2009-08-03,13.837420463562012,14.277070999145508,13.837420463562012,14.253931045532227,8.883825302124023,8569761,0.03132978581248353,14.34996018409729,-0.0031456915561031045,0.0288613618192186
2009-08-04,14.531604766845703,14.554744720458984,13.929978370666504,14.068815231323242,8.768450736999512,10726247,-0.013072069242552964,14.29442539215088,-0.0037992950182307523,0.028934299045679096
2009-08-05,14.253931045532227,14.253931045532227,13.328351020812988,13.675443649291992,8.52328109741211,13014542,-0.02835887213012346,14.25855917930603,-0.0025562030771395807,0.02718016932635035
2009-08-06,13.629164695739746,13.629164695739746,13.212654113769531,13.467187881469727,8.496999740600586,10799714,-0.015345590523646055,14.199553442001342,-0.00419999989528765,0.026894069109308628
2009-08-07,13.467187881469727,13.467187881469727,13.467187881469727,13.467187881469727,8.496999740600586,0,0.0,14.142861652374268,-0.004041772064756541,0.02690978617457604
2009-08-10,13.328351020812988,13.675443649291992,13.143235206604004,13.305212020874023,8.394803047180176,9431923,-0.012100359888523808,14.128977966308593,-0.0010327379624714473,0.02174717453890638
2009-08-11,13.467187881469727,13.606024742126465,13.096956253051758,13.305212020874023,8.394803047180176,11093584,0.0,14.089640808105468,-0.0028724120282630104,0.019852625542295506
2009-08-12,13.305212020874023,13.467187881469727,13.212654113769531,13.328351020812988,8.409402847290039,7463428,0.001737582442462161,14.04567575454712,-0.0031943638503548638,0.01971575109415642
2009-08-13,13.42090892791748,13.652303695678711,13.397769927978516,13.652303695678711,8.613795280456543,6981568,0.024014854131804757,14.019065284729004,-0.0019121232907059061,0.0206353265573874
2009-08-14,13.79114055633545,13.999397277832031,13.652303695678711,13.652303695678711,8.613795280456543,8779360,0.0,13.988983917236329,-0.002156222760528961,0.020579527253687308
2009-08-17,13.5828857421875,13.606024742126465,13.050677299499512,13.050677299499512,8.234206199645996,7519609,-0.045068243538572667,13.920722389221192,-0.004974613827784415,0.022417495859865716
2009-08-18,12.726723670959473,12.865560531616211,12.148237228393555,12.17137622833252,7.67941951751709,17130880,-0.06975304848511889,13.788827228546143,-0.009808349466293387,0.025401938722796658
2009-08-19,12.17137622833252,12.541607856750488,12.17137622833252,12.333353042602539,7.781617164611816,13535297,0.01322023774209505,13.68354253768921,-0.0078814451159652,0.025624231299357095
2009-08-20,12.310213088989258,12.425910949707031,11.870562553405762,12.40277099609375,7.8254170417785645,11329112,0.005612693049087812,13.58635663986206,-0.007279266245278875,0.025801018558488927
2009-08-21,12.40277099609375,12.934980392456055,12.333353042602539,12.40277099609375,7.8254170417785645,17813695,0.0,13.484542846679688,-0.007600810463510813,0.025660855185416866
2009-08-24,12.587886810302734,12.773002624511719,12.541607856750488,12.56474781036377,7.927614212036133,9215843,0.01297518491862968,13.397769737243653,-0.00646895612086434,0.02606127586139143
2009-08-25,12.56474781036377,12.842421531677246,12.541607856750488,12.796142578125,8.073610305786133,7459106,0.01824866443180056,13.295955896377563,-0.007383576019628098,0.02476094162372286
2009-08-26,12.796142578125,12.842421531677246,12.40277099609375,12.587886810302734,7.9422125816345215,6990211,-0.01640877713447254,13.209182739257812,-0.006457804106471782,0.024011846568425987
2009-08-27,12.495328903198242,12.726723670959473,12.356492042541504,12.356492042541504,7.79621696472168,3882970,-0.018553390870743026,13.132822370529174,-0.005826692587938035,0.02348815315852232
2009-08-28,12.356492042541504,12.657305717468262,12.356492042541504,12.40277099609375,7.8254170417785645,6910261,0.003738318654785252,13.06224684715271,-0.005389151531530226,0.023585422714906535
2009-08-31,12.495328903198242,12.657305717468262,12.333353042602539,12.356492042541504,7.79621696472168,4464227,-0.003738318654785309,12.967374897003173,-0.007142556754893667,0.02195944518058439
2009-09-01,12.310213088989258,12.749863624572754,12.263934135437012,12.726723670959473,8.029809951782227,12260420,0.02952241232347771,12.900270318984985,-0.005012832676592133,0.023374045171970913
2009-09-02,12.680444717407227,13.606024742126465,12.587886810302734,13.559745788574219,8.555397987365723,27422805,0.06340152643975319,12.894485425949096,-0.00042481274809830146,0.027236838641205924
2009-09-03,13.652303695678711,13.744861602783203,13.328351020812988,13.721722602844238,8.657596588134766,16484799,0.011874633378417765,12.907212162017823,0.0009361984470048895,0.027131901925983484
2009-09-04,13.883699417114258,13.953118324279785,13.490327835083008,13.536606788635254,8.540799140930176,7340262,-0.013582538934903464,12.910683107376098,0.00025707150025971635,0.027325864882291013
2009-09-07,13.768001556396484,13.837420463562012,13.5828857421875,13.698582649230957,8.642996788024902,5873074,0.01189474159685717,12.930351638793946,0.001456826574528765,0.02728147236121916
2009-09-08,13.721722602844238,14.36962890625,13.721722602844238,14.161373138427734,8.934988975524902,18472741,0.03322568539520011,12.973159694671631,0.0031181108442887703,0.028184763230029636
2009-09-09,14.346488952636719,14.346488952636719,13.744861602783203,13.744861602783203,8.672195434570312,6575336,-0.02985300396383385,12.993985223770142,0.0015385815239739701,0.02913537096479779
2009-09-10,14.022536277770996,14.184513092041016,13.652303695678711,13.79114055633545,8.701395988464355,5970310,0.003361344675883378,13.000927066802978,0.000505906051177901,0.028658918191647564
2009-09-11,13.860560417175293,14.068815231323242,13.79114055633545,13.883699417114258,8.759796142578125,5347998,0.006689050847908762,13.012496852874756,0.0008403585935733392,0.028691715671195543
2009-09-14,14.022536277770996,14.091955184936523,13.814281463623047,13.953118324279785,8.803593635559082,3954277,0.004987570900882549,13.05761890411377,0.0033431493155461,0.026581945601451672
2009-09-15,14.045676231384277,14.392767906188965,13.883699417114258,14.346488952636719,9.051787376403809,11037403,0.02780222090071992,13.16637454032898,0.008220912784838042,0.02078047834900989
2009-09-16,14.485325813293457,14.485325813293457,14.13823413848877,14.20765209197998,8.964189529418945,5929255,-0.009724540797776557,13.260089492797851,0.0070736738578444595,0.021120531590953763
2009-09-17,14.346488952636719,14.346488952636719,14.022536277770996,14.022536277770996,8.847392082214355,6249054,-0.013114929672073882,13.341077756881713,0.006137292721786375,0.021598451813340223
2009-09-18,14.022536277770996,14.439046859741211,14.022536277770996,14.115094184875488,8.905790328979492,9464336,0.006578964854490948,13.4266939163208,0.006466240964510922,0.02155010546722573
2009-09-21,14.115094184875488,14.230792045593262,13.906839370727539,13.929978370666504,8.788993835449219,5341515,-0.013201499288461862,13.494955444335938,0.005157406754156346,0.02192562377769463
2009-09-22,13.929978370666504,14.091955184936523,13.883699417114258,13.883699417114258,8.759796142578125,4254629,-0.0033277868977809244,13.5493332862854,0.004078584187677272,0.021777906361009017
2009-09-23,13.929978370666504,14.068815231323242,13.79114055633545,13.97625732421875,8.818191528320312,10203332,0.006644536350039246,13.618751811981202,0.00523124986190286,0.021239915597677867
2009-09-24,14.115094184875488,14.508465766906738,14.022536277770996,14.439046859741211,9.110185623168945,23144407,0.03257613981620182,13.722879552841187,0.007787726396250104,0.021303408059141278
2009-09-25,14.716720581054688,15.272068977355957,14.624162673950195,14.948116302490234,9.431377410888672,41286545,0.034649167721623866,13.850146818161011,0.009333268849592033,0.022100528692496832
2009-09-28,15.017535209655762,15.017535209655762,14.253931045532227,14.253931045532227,8.993389129638672,13362432,-0.047552560548752315,13.945018768310547,0.007142556754893684,0.025391027008193512
2009-09-29,14.346488952636719,14.508465766906738,14.20765209197998,14.439046859741211,9.110185623168945,10685192,0.012903392827128444,14.030634927749634,0.006311605780076221,0.024887008346794446
2009-09-30,14.531604766845703,14.531604766845703,14.20765209197998,14.277070999145508,9.007987976074219,12107003,-0.01128130057457914,14.066501188278199,0.0025774644293596037,0.021199895214671215
2009-10-01,14.346488952636719,15.017535209655762,14.323349952697754,14.786140441894531,9.329181671142578,38505586,0.035035461623460815,14.119722080230712,0.003735505841611756,0.022336586247069697
2009-10-02,14.57788372039795,15.1563720703125,14.508465766906738,14.57788372039795,9.197783470153809,34996435,-0.01418471883916915,14.171785926818847,0.003705396846398472,0.02236155095950861
2009-10-05,14.948116302490234,15.36462688446045,14.716720581054688,15.272068977355957,9.635773658752441,34851661,0.04652003645011073,14.250460243225097,0.0054366615890611494,0.024286473070360387
2009-10-06,15.503463745117188,15.503463745117188,15.040674209594727,15.086953163146973,9.518975257873535,21100283,-0.012195261600753383,14.29673924446106,0.0031656142392634755,0.02366690389521595
2009-10-07,15.248929977416992,15.549742698669434,15.179511070251465,15.434045791625977,9.737971305847168,27928434,0.022745493560781087,14.381198453903199,0.005795539115494222,0.02270768115908811
2009-10-08,15.503463745117188,16.498462677001953,15.457184791564941,16.452184677124023,10.380355834960938,76187905,0.06388244055045023,14.514250659942627,0.008821593909222564,0.026139463563420957
2009-10-09,16.567880630493164,16.7298583984375,16.01253318786621,16.174509048461914,10.205161094665527,36046587,-0.01702178807774202,14.62879114151001,0.007636051962940024,0.026771333854637494
2009-10-12,16.197649002075195,16.35962677001953,15.989394187927246,16.220788955688477,10.234360694885254,17096307,0.0028572009866888845,14.742174673080445,0.007529533467230343,0.026786660124310604
2009-10-13,16.05881118774414,16.938112258911133,16.01253318786621,16.475322723388672,10.394956588745117,25097777,0.015569980447531622,14.848616361618042,0.0069179214445709266,0.0264367801987199
2009-10-14,16.475322723388672,16.79927635192871,16.40590476989746,16.591020584106445,10.467954635620117,15279068,0.006997951469742424,14.967784786224366,0.007754046057946877,0.02614556052299294
2009-10-15,16.521602630615234,16.75299644470215,15.734859466552734,15.850557327270508,10.00076675415039,25795717,-0.04565695803060108,15.05918583869934,0.006126944640020516,0.02842579295326007
2009-10-16,15.943115234375,16.05881118774414,15.503463745117188,15.850557327270508,10.00076675415039,20089025,0.0,15.145958995819091,0.005797996397295968,0.028458334626747094
2009-10-19,15.943115234375,16.938112258911133,15.943115234375,16.938112258911133,10.686948776245117,29542557,0.06636158380526921,15.296365690231323,0.009776150551982523,0.031100949772831375
2009-10-20,17.447181701660156,18.02566909790039,16.984392166137695,17.609159469604492,11.110340118408203,57695716,0.038852944965448784,15.482638692855835,0.011885187145144008,0.03159188649031433
2009-10-21,17.609159469604492,18.233924865722656,17.609159469604492,17.97939109802246,11.343934059143066,37509454,0.020806971874397385,15.68279538154602,0.012593308921361915,0.031626940249464726
2009-10-22,17.863693237304688,18.974388122558594,17.863693237304688,18.187646865844727,11.475330352783203,51801033,0.011516457043067209,15.870225381851196,0.011540324782705185,0.031275241770946344
2009-10-23,18.28020477294922,19.46031951904297,18.28020477294922,19.46031951904297,12.278313636779785,53678775,0.06763487589847071,16.095835542678834,0.013189610191547527,0.033358382048120507
2009-10-26,19.57601547241211,20.33962059020996,19.13636589050293,19.13636589050293,12.073915481567383,49979473,-0.01678699777800944,16.33995728492737,0.014727888330084671,0.031038610192524085
2009-10-27,19.06694793701172,19.714853286743164,19.020668029785156,19.298341751098633,12.176114082336426,35992567,0.008428674469780833,16.58292202949524,0.01450415241221729,0.031068567028754823
2009-10-28,19.298341751098633,19.321481704711914,17.95625114440918,17.95625114440918,11.32933521270752,52371487,-0.07208086510868623,16.766881036758424,0.011464174185511936,0.03626445817526724
2009-10-29,17.49346160888672,18.28020477294922,16.961252212524414,18.210786819458008,11.489933013916016,55787723,0.014075793425057234,16.938113355636595,0.010416190775591756,0.03584789297719862
2009-10-30,18.32648277282715,18.32648277282715,17.10009002685547,17.14636993408203,10.81834888458252,37049202,-0.06022761534729283,17.0665376663208,0.008114045950185573,0.03886258000001938
2009-11-02,16.683578491210938,17.400903701782227,16.429044723510742,17.308345794677734,10.920544624328613,23522548,0.009402315499509659,17.16835150718689,0.006258159902655519,0.037803825782879136
2009-11-03,17.53973960876465,18.0950870513916,17.400903701782227,17.58601951599121,11.095739364624023,43564036,0.01591543964615455,17.2933048248291,0.0076636949650009155,0.03760366677477312
2009-11-04,17.58601951599121,17.817413330078125,17.354623794555664,17.771135330200195,11.212535858154297,28639340,0.010471289699335902,17.410159301757812,0.007049984771928657,0.03744439279120743
2009-11-05,17.817413330078125,18.187646865844727,17.794275283813477,17.794275283813477,11.22713851928711,25668230,0.0013012618990749477,17.477263832092284,0.003920925839359893,0.0349788417756279
2009-11-06,18.187646865844727,18.904970169067383,18.048809051513672,18.74299430847168,11.825721740722656,47434042,0.05194325341476285,17.605688095092773,0.007369177913985137,0.03618418228094061
2009-11-09,18.8818302154541,19.275203704833984,18.74299430847168,18.78927230834961,11.854921340942383,25428380,0.0024660393577142395,17.73411226272583,0.007349619832536404,0.036186855043615324
2009-11-10,18.974388122558594,19.06694793701172,18.395902633666992,18.534738540649414,11.694326400756836,24449534,-0.013639354820139345,17.837083053588866,0.005889153069152856,0.03642626622153167
2009-11-11,18.534738540649414,18.7198543548584,18.32648277282715,18.557878494262695,11.708925247192383,12057304,0.0012476853058584296,17.93542594909668,0.005601639760958656,0.036439744826257794
2009-11-12,18.511598587036133,18.974388122558594,18.257064819335938,18.32648277282715,11.562928199768066,19283044,-0.012547255761916929,18.05922222137451,0.007257124874392863,0.03469898451341356
2009-11-13,18.34962272644043,18.581018447875977,18.118228912353516,18.557878494262695,11.708925247192383,14306705,0.012547255761916948,18.194588279724123,0.00788448766248871,0.03467428816936187
2009-11-16,18.78927230834961,18.928110122680664,18.581018447875977,18.81241226196289,11.869521141052246,18353897,0.01362246312360172,18.288303279876708,0.005247531628405336,0.031886395207768134
2009-11-17,18.835552215576172,18.835552215576172,18.28020477294922,18.28020477294922,11.533730506896973,16964498,-0.028698110697738973,18.321855545043945,0.0018699788452459485,0.031716613079030814
2009-11-18,18.32648277282715,18.557878494262695,18.28020477294922,18.511598587036133,11.67972469329834,10302729,0.012578718298873944,18.34846591949463,0.0014585661664697762,0.03151074131546126
2009-11-19,18.3033447265625,18.511598587036133,17.97939109802246,18.048809051513672,11.387733459472656,15881933,-0.025317784206906814,18.341524028778075,-0.00038314589602892504,0.031965098772154
2009-11-20,18.048809051513672,18.187646865844727,17.424043655395508,17.88683319091797,11.285536766052246,23719181,-0.009014835824893585,18.262849712371825,-0.00421563148219714,0.027689898516839898
2009-11-23,17.724855422973633,18.28020477294922,17.724855422973633,17.88683319091797,11.285536766052246,18273947,0.0,18.200373077392577,-0.003376281593296668,0.02754280998078524
2009-11-24,17.909971237182617,18.187646865844727,17.58601951599121,17.63229751586914,11.124938011169434,16469673,-0.01433255979206479,18.117070865631103,-0.004514343306388949,0.027499569954701302
2009-11-25,17.58601951599121,17.794275283813477,17.400903701782227,17.63229751586914,11.124938011169434,9103481,0.0,18.1008731842041,-0.0009103000509546367,0.022435477634955858
2009-11-26,17.771135330200195,18.00252914428711,17.609159469604492,17.655437469482422,11.13953971862793,13299769,0.0013115014006812623,18.07310571670532,-0.0015485146521734354,0.022166676654191437
2009-11-27,17.58601951599121,17.58601951599121,17.007532119750977,17.030670166015625,10.74534797668457,14177056,-0.03602796187444568,18.067320728302,-0.00033853197853107777,0.019265709632036908
2009-11-30,17.354623794555664,17.609159469604492,17.215787887573242,17.58601951599121,11.095739364624023,9109963,0.03208839471628603,18.081204414367676,0.0007957719823077407,0.020497846280527192
2009-12-01,17.56287956237793,17.678577423095703,17.354623794555664,17.49346160888672,11.037341117858887,7083126,-0.005277051936165961,18.076576519012452,-0.0002638525968082849,0.02022100405619001
2009-12-02,17.724855422973633,18.581018447875977,17.5166015625,18.465320587158203,11.650528907775879,40031116,0.05406722127027579,18.111285781860353,0.0019159439817387097,0.0235198495572567
2009-12-03,18.74299430847168,18.835552215576172,18.141366958618164,18.28020477294922,11.533730506896973,30973012,-0.010075642051639962,18.13558225631714,0.0013470987842029642,0.02367258212527707
2009-12-04,18.395902633666992,18.627296447753906,18.187646865844727,18.37276268005371,11.592127799987793,19023747,0.0050505107924871916,18.11707067489624,-0.0009975383469108187,0.02050831625495708
2009-12-07,18.465320587158203,18.835552215576172,18.233924865722656,18.557878494262695,11.708925247192383,20588172,0.010025136781649945,18.105500984191895,-0.0006195834757140334,0.02064470835147782
2009-12-08,18.604156494140625,19.11322593688965,18.488460540771484,18.74299430847168,11.825721740722656,22234707,0.009925630156566596,18.115913772583006,0.0005586657731212636,0.020534691229946615
2009-12-09,18.76613426208496,19.437179565429688,18.76613426208496,19.090087890625,12.044719696044922,21003047,0.018349196025681733,18.142524242401123,0.0014137413091124286,0.020917384446513237
2009-12-10,19.15950584411621,19.298341751098633,18.28020477294922,18.488460540771484,11.665127754211426,18548370,-0.03202245882535666,18.15062313079834,0.0004399811559404422,0.022025473688768834
2009-12-11,18.511598587036133,18.974388122558594,18.511598587036133,18.858692169189453,11.898720741271973,8036042,0.019827147727806402,18.16566381454468,0.0008039757542349146,0.022294600031854916
2009-12-14,19.15950584411621,20.177642822265625,18.974388122558594,20.177642822265625,12.730900764465332,50506710,0.06760126984137742,18.233925342559814,0.0035029160901236993,0.026750124368839414
2009-12-15,20.501596450805664,20.77927017211914,19.57601547241211,19.57601547241211,12.351311683654785,31610450,-0.030270083968119123,18.29871587753296,0.003424317426604692,0.026851834959313918
2009-12-16,19.6685733795166,19.761131286621094,19.252063751220703,19.252063751220703,12.1469144821167,11175695,-0.01668685367358464,18.335739135742188,0.001961038827981763,0.027122754319370373
2009-12-17,19.390899658203125,19.52973747253418,18.974388122558594,18.974388122558594,11.971719741821289,13124743,-0.014528186586774839,18.382018089294434,0.002500518708988362,0.026654881880573546
2009-12-18,18.835552215576172,19.298341751098633,18.74299430847168,18.8818302154541,11.91331958770752,12202078,-0.004889980859385664,18.43176794052124,0.0027067614572637575,0.02657693618800455
2009-12-21,19.15950584411621,19.367761611938477,18.951250076293945,19.228923797607422,12.13231372833252,5736943,0.018215497874695757,18.498872470855712,0.003617536350998546,0.026790553456122457
2009-12-22,19.275203704833984,19.367761611938477,18.904970169067383,18.974388122558594,11.971719741821289,9954839,-0.013325517015310052,18.565977001190184,0.003667888489836283,0.026755965133515844
2009-12-23,19.020668029785156,19.11322593688965,18.835552215576172,18.858692169189453,11.898720741271973,8554636,-0.006116145612898873,18.627296733856202,0.0033620812091913394,0.02683492940747984
2009-12-24,18.974388122558594,19.5065975189209,18.974388122558594,19.20578384399414,12.117716789245605,15920828,0.018237544900818296,18.70481405258179,0.00420838338419819,0.027033025888273766
2009-12-25,19.483457565307617,19.5065975189209,19.15950584411621,19.20578384399414,12.117716789245605,7936645,0.0,18.813569736480712,0.0060097814779204745,0.025359262393743344
2009-12-28,19.298341751098633,19.807411193847656,19.20578384399414,19.622295379638672,12.380509376525879,14935500,0.021454963576639473,18.915383529663085,0.005478109920938147,0.024890875185683312
2009-12-29,19.853689193725586,19.853689193725586,19.390899658203125,19.414039611816406,12.249113082885742,7642775,-0.010669943459121941,19.01141242980957,0.005208465344790347,0.02504226915071468
2009-12-30,19.437179565429688,19.946247100830078,19.344621658325195,19.57601547241211,12.351311683654785,10780267,0.008308620854922637,19.066947174072265,0.00292053532402269,0.022281606880212277
2009-12-31,19.714853286743164,20.131364822387695,19.5065975189209,19.714853286743164,12.438909530639648,16301130,0.007067209078084465,19.138679599761964,0.003777677880508911,0.02208420548684926
2010-01-04,19.89996910095215,20.154504776000977,19.6685733795166,19.96938705444336,12.599502563476562,13816202,0.012828128044133573,19.218510818481445,0.004166558743091231,0.022176085371597296
2010-01-05,20.131364822387695,20.594154357910156,19.99252700805664,19.99252700805664,12.614103317260742,17785605,0.0011581004935528414,19.290243244171144,0.003723206928686375,0.02214140340906681
2010-01-06,20.131364822387695,20.31648063659668,19.92310905456543,20.223922729492188,12.760099411010742,9829512,0.011507643091550333,19.364289665222167,0.0038023075754355625,0.02216753839070866
2010-01-07,20.24706268310547,20.524736404418945,19.876829147338867,19.876829147338867,12.541105270385742,13965297,-0.0173115083478014,19.403626728057862,0.0020192723567614055,0.022369142720795546
2010-01-08,19.876829147338867,20.085084915161133,19.691713333129883,19.853689193725586,12.526506423950195,4980660,-0.0011648454234158324,19.471888160705568,0.003562153026858447,0.02091446478060271
2010-01-11,19.876829147338867,20.36275863647461,19.876829147338867,20.085084915161133,12.672503471374512,9524838,0.011587652139506107,19.53320779800415,0.0031501782474434325,0.020656776666992508
2010-01-12,20.2933406829834,20.31648063659668,19.807411193847656,19.853689193725586,12.526506423950195,5624581,-0.011587652139506183,19.517010116577147,-0.0008092678516007478,0.014247921716905408
2010-01-13,19.6685733795166,20.82554817199707,19.622295379638672,20.31648063659668,12.818500518798828,33354221,0.023042567239314124,19.55403337478638,0.0018563647087709145,0.013408403892188074
2010-01-14,20.31648063659668,20.547874450683594,20.038806915283203,20.36275863647461,12.847697257995605,11696450,0.0022752647625349023,19.609568119049072,0.002804470630576892,0.0126787576933457
2010-01-15,20.594154357910156,21.288339614868164,20.594154357910156,20.640432357788086,13.022894859313965,21984053,0.013544212506616455,19.692870330810546,0.004208090585246457,0.012203936177125483
2010-01-18,20.640432357788086,21.658571243286133,20.594154357910156,21.288339614868164,13.431686401367188,20229478,0.030907598934726964,19.81319580078125,0.005997969574952087,0.013368857393659818
2010-01-19,21.519733428955078,21.519733428955078,20.4553165435791,20.4553165435791,12.906100273132324,13079366,-0.039916660514345,19.874515438079833,0.00309136165550005,0.016520670431728172
2010-01-20,20.4553165435791,20.594154357910156,19.830551147460938,19.89996910095215,12.555706977844238,12761728,-0.02752464736833027,19.92079448699951,0.0023814051378490395,0.017537124256961183
2010-01-21,19.89996910095215,20.432178497314453,19.89996910095215,19.99252700805664,12.614103317260742,18755807,0.004640375119149609,19.977486228942873,0.0029192311744514637,0.017427403189381102
2010-01-22,19.6685733795166,20.270200729370117,19.57601547241211,20.108224868774414,12.687103271484375,9390868,0.005770374685629909,20.022608280181885,0.002295872663692044,0.01706994900837661
2010-01-25,19.714853286743164,20.085084915161133,19.367761611938477,19.367761611938477,12.219913482666016,8046846,-0.03751901760487546,20.030707168579102,0.000419921783448271,0.019257057005203398
2010-01-26,19.6685733795166,19.6685733795166,18.02566909790039,18.187646865844727,11.475330352783203,17264850,-0.06286729121607314,19.958974742889403,-0.003796190956187359,0.02323012660417112
2010-01-27,18.187646865844727,18.41904067993164,17.817413330078125,17.95625114440918,11.32933521270752,6491065,-0.01280431251844421,19.886085319519044,-0.0039029094091534724,0.023268237739929018
2010-01-28,18.048809051513672,18.37276268005371,18.00252914428711,18.257064819335938,11.519129753112793,12967004,0.016613811029059546,19.820137786865235,-0.003487649900446627,0.023569798248330644
2010-01-29,18.048809051513672,18.835552215576172,17.817413330078125,18.696714401245117,11.796523094177246,9645843,0.023795689447514985,19.769230842590332,-0.002651225881975101,0.02425105082369902
2010-02-01,18.78927230834961,18.951250076293945,18.32648277282715,18.41904067993164,11.62132740020752,4920158,-0.014962858835457258,19.691713523864745,-0.004040775225954642,0.024113225040741572
2010-02-02,18.74299430847168,18.74299430847168,17.771135330200195,17.909971237182617,11.30013370513916,5994079,-0.028027339012561433,19.587585735321046,-0.005500047201260357,0.024658981768182202
2010-02-03,18.187646865844727,18.32648277282715,17.909971237182617,18.048809051513672,11.387733459472656,7126342,0.007722091969309683,19.47883005142212,-0.005689324757372389,0.02453578393233689
2010-02-04,18.187646865844727,18.557878494262695,18.048809051513672,18.210786819458008,11.489933013916016,5654832,0.00893439882719183,19.395527935028078,-0.004377029398622728,0.02458329014017907
2010-02-05,17.424043655395508,17.909971237182617,16.961252212524414,17.007532119750977,10.730748176574707,7044231,-0.06835778910449095,19.253220081329346,-0.007736676582676483,0.028414136428741313
2010-02-08,16.660438537597656,17.262065887451172,16.567880630493164,16.75299644470215,10.57015323638916,9096998,-0.015079177306427802,19.086615657806398,-0.009070018054973178,0.028083359445831558
2010-02-09,16.79927635192871,17.909971237182617,16.614160537719727,17.909971237182617,11.30013370513916,11785043,0.06678047561441726,18.98942975997925,-0.005151611667277006,0.032786957623288995
2010-02-10,18.071949005126953,18.627296447753906,18.071949005126953,18.34962272644043,11.577528953552246,11519263,0.02425140431500454,18.891086864471436,-0.0050911698134924865,0.03284273513669209
2010-02-22,18.951250076293945,18.997528076171875,18.442180633544922,18.67357635498047,11.781925201416016,14228916,0.01750048102577292,18.80662775039673,-0.004329909000330584,0.03319700980723109
2010-02-23,18.67357635498047,18.858692169189453,18.32648277282715,18.7198543548584,11.811121940612793,8215389,0.002475195382003553,18.710598850250243,-0.004883359856561229,0.032974860289948366
2010-02-24,18.34962272644043,18.696714401245117,18.32648277282715,18.395902633666992,11.606727600097656,12102681,-0.01745673396546312,18.565977001190184,-0.007301576501570735,0.03197007513789415
2010-02-25,18.581018447875977,18.81241226196289,18.257064819335938,18.257064819335938,11.519129753112793,14012835,-0.007575838356813931,18.456064414978027,-0.005684535393694181,0.031037891492448403
2010-02-26,18.32648277282715,18.488460540771484,17.909971237182617,18.048809051513672,11.387733459472656,4492318,-0.011472416431193958,18.363506412506105,-0.004881923846837365,0.03064850715655243
2010-03-01,18.233924865722656,19.298341751098633,18.141366958618164,19.298341751098633,12.176114082336426,30994620,0.0669394705108206,18.328797149658204,-0.0017669690772538153,0.03458084994323122
2010-03-02,19.390899658203125,19.6685733795166,18.74299430847168,18.74299430847168,11.825721740722656,34106182,-0.029199126872083828,18.260535621643065,-0.0035154441551395023,0.035060426710594235
2010-03-03,18.78927230834961,19.06694793701172,18.581018447875977,18.67357635498047,11.781925201416016,13569869,-0.0037105502672692206,18.225826358795167,-0.0018250207882591907,0.03413755559444107
2010-03-04,18.835552215576172,19.11322593688965,18.28020477294922,18.511598587036133,11.67972469329834,11635947,-0.008712009164560813,18.242023944854736,0.0008827433143164256,0.031048954078931663
2010-03-05,18.8818302154541,19.13636589050293,18.67357635498047,18.7198543548584,11.811121940612793,10173080,0.011187204546564215,18.280204105377198,0.0020823191675668467,0.03095563907295006
2010-03-08,18.951250076293945,19.06694793701172,18.650436401367188,18.7198543548584,11.811121940612793,9224486,0.0,18.30334358215332,0.0012516286161138694,0.030767507706935027
2010-03-09,18.7198543548584,18.78927230834961,18.395902633666992,18.581018447875977,11.723526000976562,17448519,-0.007444144744391458,18.297558784484863,-0.00031036309348145264,0.030352955733104557
2010-03-10,18.581018447875977,18.696714401245117,18.37276268005371,18.41904067993164,11.62132740020752,7768102,-0.008755596965827889,18.297558784484863,1.5785983631388944e-17,0.030226719054918416
2010-03-11,18.557878494262695,18.627296447753906,18.32648277282715,18.37276268005371,11.592127799987793,8591369,-0.0025156703427314697,18.32069835662842,0.001275583433491514,0.0295115418589037
2010-03-12,18.395902633666992,18.488460540771484,18.3033447265625,18.32648277282715,11.562928199768066,8092223,-0.002522118980266881,18.33458204269409,0.0007633728860126856,0.029482652199242794
2010-03-15,18.465320587158203,18.488460540771484,18.164506912231445,18.164506912231445,11.460733413696289,6568854,-0.008877639428376072,18.332268047332764,-0.0001272290267657094,0.029491862259829797
2010-03-16,18.233924865722656,18.511598587036133,18.164506912231445,18.34962272644043,11.577528953552246,7510966,0.01013949405381759,18.399372577667236,0.0037976351311497175,0.02478065241976427
2010-03-17,18.465320587158203,18.696714401245117,18.395902633666992,18.511598587036133,11.67972469329834,13381879,0.00878847186121192,18.487302684783934,0.004991017589531703,0.02439545376354652
2010-03-18,18.581018447875977,19.182645797729492,18.557878494262695,18.81241226196289,11.869521141052246,24319886,0.01611939239886506,18.53242473602295,0.0024579634287540935,0.019848374529120628
2010-03-19,18.974388122558594,19.275203704833984,18.904970169067383,19.090087890625,12.044719696044922,15765250,0.014652363058646716,18.569447994232178,0.0019780113659362024,0.019404752123527855
2010-03-22,19.11322593688965,19.691713333129883,19.043807983398438,19.6685733795166,12.409709930419922,28507530,0.02985286029802145,18.619197845458984,0.0025956303295486286,0.02010861921703354
2010-03-23,19.714853286743164,19.89996910095215,19.344621658325195,19.344621658325195,12.205313682556152,25268480,-0.016607671672712536,18.650436210632325,0.001641486976812824,0.020562253718837936
2010-03-24,19.57601547241211,19.57601547241211,19.252063751220703,19.298341751098633,12.176114082336426,9148858,-0.00239525777890671,18.695558166503908,0.0023945607861406448,0.020096517299452075
2010-03-25,19.298341751098633,19.414039611816406,18.951250076293945,19.367761611938477,12.219913482666016,9870567,0.0035907386258312284,18.751093006134035,0.002952889635272903,0.01995958746548586
2010-03-26,19.46031951904297,19.55287742614746,19.11322593688965,19.344621658325195,12.205313682556152,16804598,-0.0011954808469245486,18.81588363647461,0.003466736414486373,0.019699260280463357
2010-03-29,19.52973747253418,20.68671226501465,19.390899658203125,20.68671226501465,13.052094459533691,40268805,0.06707714422198925,18.88530216217041,0.003473620100044807,0.019722617682060413
2010-03-30,21.056943893432617,21.982524871826172,21.03380584716797,21.288339614868164,13.431686401367188,94606626,0.028667912307706506,19.012569427490234,0.006366972059034323,0.018904838659914065
2010-03-31,21.14950180053711,21.288339614868164,20.732990264892578,20.82554817199707,13.139692306518555,44039414,-0.021978976404502713,19.120168018341065,0.0054535507521726485,0.019835793190957154
2010-04-01,20.82554817199707,22.26019859313965,20.82554817199707,21.797407150268555,13.752876281738281,65392511,0.045610514168834375,19.284458446502686,0.008169676918842409,0.021447717256525282
2010-04-02,22.0288028717041,22.306476593017578,21.311479568481445,21.658571243286133,13.665279388427734,38391063,-0.0063897481769241374,19.43139429092407,0.00729082928266799,0.02167646171552061
2010-04-06,21.982524871826172,22.213918685913086,21.450315475463867,21.450315475463867,13.533882141113281,34585881,-0.009661923736646602,19.567917346954346,0.0068077330958356596,0.021953399044308687
2010-04-07,21.727989196777344,22.306476593017578,21.63543128967285,21.681711196899414,13.679879188537598,36986538,0.010729750456234845,19.72295198440552,0.007716427855866975,0.021707183551750987
2010-04-08,21.91310691833496,22.26019859313965,21.450315475463867,21.93624496459961,13.84047794342041,36269150,0.011671186795712727,19.898812198638915,0.008737767043944005,0.02136928979319139
2010-04-09,22.0288028717041,23.04694175720215,21.820547103881836,22.908103942871094,14.453661918640137,63376478,0.043350441927548757,20.125579261779784,0.011031072657458018,0.022527756885889715
2010-04-12,23.13949966430664,23.232057571411133,22.491592407226562,22.72298812866211,14.336862564086914,30084920,-0.008113626973762469,20.345404529571532,0.010751497257783238,0.02273851826886191
2010-04-13,22.699848175048828,23.50973129272461,22.375896453857422,22.908103942871094,14.453661918640137,45863135,0.00811362697376255,20.582584381103516,0.01160106057789017,0.022279308602257575
2010-04-14,23.324615478515625,23.787405014038086,23.023801803588867,23.023801803588867,14.526660919189453,40385488,0.005037809929017395,20.81629333496094,0.01134597637165016,0.022326079825866287
2010-04-15,23.370893478393555,24.620426177978516,23.04694175720215,24.620426177978516,15.534034729003906,50845957,0.06704788898597655,21.121734714508058,0.014258947227888391,0.025543643995507587
2010-04-16,24.620426177978516,24.620426177978516,24.065078735351562,24.29647445678711,15.329641342163086,35923421,-0.013245175103241105,21.395937824249266,0.012790718852783083,0.026264824205687435
2010-04-19,23.370893478393555,24.065078735351562,22.607290267944336,22.8155460357666,14.395263671875,24749887,-0.06288910845337164,21.582210731506347,0.008913645277182164,0.031229469358861534
2010-04-20,22.884965896606445,23.13949966430664,22.306476593017578,22.72298812866211,14.336862564086914,17158970,-0.004065042332143615,21.734931468963623,0.007217750145673911,0.030952246557964448
2010-04-21,22.861825942993164,23.278335571289062,22.861825942993164,23.04694175720215,14.541259765625,10918559,0.014155977041300815,21.92004747390747,0.008755932581374578,0.030466511326922643
2010-04-22,23.13949966430664,23.278335571289062,22.491592407226562,22.76926612854004,14.366065979003906,12835195,-0.01212143218978507,22.093593692779542,0.00826962386083066,0.03073035814796339
2010-04-23,23.13949966430664,24.29647445678711,23.04694175720215,24.250194549560547,15.300439834594727,38146892,0.06301299020964683,22.337715339660644,0.01124073644002144,0.033039957721979596
2010-04-26,24.712984085083008,25.453449249267578,24.712984085083008,24.712984085083008,15.59243392944336,35257893,0.01890413696433875,22.606133460998535,0.012245717330584606,0.03294733101123496
2010-04-27,24.990659713745117,24.990659713745117,24.34275245666504,24.75926399230957,15.621633529663086,15801983,0.0018709447225500064,22.80976104736328,0.008985407355612643,0.030360608051237744
2010-04-28,23.92624282836914,25.22205352783203,23.92624282836914,24.990659713745117,15.767630577087402,22690637,0.009302421907368894,22.994877052307128,0.008017132835595764,0.03000658900421645
2010-04-29,25.12949562072754,25.684843063354492,24.666706085205078,24.990659713745117,15.767630577087402,36375030,0.0,23.20313262939453,0.0091160816558209,0.02924296259818806
2010-04-30,25.453449249267578,25.638565063476562,23.6022891998291,23.92624282836914,15.096050262451172,48726205,-0.04352626076874711,23.30957441329956,0.004659242908941824,0.03016618073975385
2010-05-03,23.6022891998291,24.065078735351562,22.584150314331055,22.861825942993164,14.424460411071777,35164978,-0.045507352640713816,23.369737148284912,0.0027033626857523407,0.032124812925217607
2010-05-04,22.861825942993164,23.093219757080078,21.982524871826172,22.0288028717041,13.89887523651123,32409949,-0.037117711682082985,23.398661518096922,0.0013305732884805216,0.033248027361381126
2010-05-05,21.751129150390625,22.514732360839844,21.704849243164062,22.26019859313965,14.044870376586914,27476825,0.010449448815979381,23.427585887908936,0.0013165582064677483,0.03324391560955139
2010-05-06,22.26019859313965,22.306476593017578,20.75613021850586,20.871828079223633,13.168890953063965,25990190,-0.06439995644135213,23.374365043640136,-0.0024869989553854945,0.03621580172609359
2010-05-07,19.946247100830078,21.47345542907715,19.89996910095215,21.288339614868164,13.431686401367188,34400052,0.019759176005001773,23.29337682723999,-0.0036665622515128435,0.03500834150290094
2010-05-10,21.47345542907715,21.658571243286133,20.941247940063477,21.288339614868164,13.431686401367188,21899782,0.0,23.221644401550293,-0.00326088090282472,0.0350011061989534
2010-05-11,21.427175521850586,22.39903450012207,21.427175521850586,22.0288028717041,13.89887523651123,26433155,0.03419133162037115,23.177679347991944,-0.0019569956704942907,0.035920788386117286
2010-05-12,22.977523803710938,23.50973129272461,22.468454360961914,22.72298812866211,14.336862564086914,44011323,0.031026286436123807,23.162638664245605,-0.0006575718451389699,0.03664980596984319
2010-05-13,23.324615478515625,23.324615478515625,22.861825942993164,23.023801803588867,14.526660919189453,28349792,0.013151436902779793,23.08280744552612,-0.0033523944492988072,0.0332315442992953
2010-05-14,22.908103942871094,23.324615478515625,22.79240608215332,22.908103942871094,14.453661918640137,19993950,-0.005037809929017392,23.013388919830323,-0.0029420261905876216,0.03315353491347539
2010-05-17,22.514732360839844,22.908103942871094,22.213918685913086,22.908103942871094,14.453661918640137,17919575,0.0,23.018016815185547,0.00020242923208096036,0.030001080257834666
2010-05-18,22.908103942871094,23.093219757080078,22.630430221557617,22.76926612854004,14.366065979003906,14282936,-0.0060790821222467,23.020330715179444,0.00010172724257580612,0.03001953291269657
2010-05-19,22.676708221435547,23.417173385620117,22.630430221557617,23.11635971069336,14.585058212280273,26026924,0.01512892964373107,23.023801612854005,0.00015037487269731884,0.03004428513167554
2010-05-20,23.232057571411133,23.232057571411133,22.39903450012207,22.468454360961914,14.176267623901367,16737613,-0.02842828240043888,23.0087610244751,-0.0006649676378353717,0.030610772997995958
2010-05-21,21.47345542907715,22.468454360961914,21.334617614746094,22.468454360961914,14.176267623901367,18423043,0.0,22.919674015045167,-0.0038156171483177135,0.026705407560757913
2010-05-24,23.04694175720215,24.018800735473633,22.676708221435547,24.018800735473633,15.154446601867676,39017697,0.06672459060935089,22.884964847564696,-0.0014245944660671063,0.03069012438532893
2010-05-25,23.64856719970703,23.83368492126465,22.561012268066406,23.417173385620117,14.774852752685547,35690054,-0.025367229101413816,22.817860317230224,-0.002786503157265297,0.031137288721865164
2010-05-26,23.83368492126465,24.527868270874023,22.908103942871094,22.954383850097656,14.482860565185547,102718297,-0.019960722856687874,22.71604652404785,-0.004249660395468135,0.03122674238619219
2010-05-27,22.954383850097656,23.370893478393555,22.630430221557617,23.04694175720215,14.541259765625,38073424,0.004024146295243482,22.6188606262207,-0.0040484530807059615,0.03126850267990963
2010-05-28,23.13949966430664,23.92624282836914,23.13949966430664,23.55600929260254,14.862452507019043,35002917,0.02184787757834114,22.600348949432373,-0.0007797461633515491,0.030327249932193018
2010-05-31,23.741125106811523,24.018800735473633,23.417173385620117,23.694847106933594,14.950050354003906,14576806,0.005876643281119804,22.642000007629395,0.001789453632740132,0.028457570140698073
2010-06-01,23.6022891998291,23.694847106933594,23.093219757080078,23.13949966430664,14.59965991973877,15032736,-0.02371650343436844,22.697534847259522,0.0024595140451258595,0.02763925448561533
2010-06-02,23.000661849975586,23.55600929260254,22.76926612854004,23.370893478393555,14.745652198791504,14321830,0.009950280253642462,22.753069591522216,0.002434555617009013,0.02763188418073834
2010-06-03,23.83368492126465,24.018800735473633,23.64856719970703,23.741125106811523,14.979247093200684,16916960,0.01571740125931435,22.89653444290161,0.006440423502042336,0.022821437152273562
2010-06-04,24.018800735473633,24.018800735473633,23.694847106933594,23.787405014038086,15.00844955444336,9425441,0.0019474585784846237,23.021487712860107,0.005549837630716479,0.02262099232535706
2010-06-07,23.04694175720215,23.97252082824707,23.04694175720215,23.92624282836914,15.096050262451172,19362994,0.00581964332883822,23.153382873535158,0.00584081979715839,0.022583243982695473
2010-06-08,24.018800735473633,25.08321762084961,23.97252082824707,24.75926399230957,15.621633529663086,42470667,0.03422383886137839,23.28990592956543,0.005842445159208752,0.0225853928861144
2010-06-09,24.805543899536133,25.12949562072754,23.18577766418457,23.64856719970703,14.920849800109863,32381858,-0.04589719211970546,23.336184883117674,0.001996271231417289,0.02453654909809264
2010-06-10,23.92624282836914,24.29647445678711,23.55600929260254,24.29647445678711,15.329641342163086,16707362,0.027028726157169357,23.39981851577759,0.0026901356941367673,0.025059255787476028
2010-06-11,24.527868270874023,24.666706085205078,24.157636642456055,24.29647445678711,15.329641342163086,12191274,0.0,23.469237041473388,0.002942026190587637,0.025002743451443443
2010-06-14,24.75926399230957,24.75926399230957,24.203916549682617,24.250194549560547,15.300439834594727,7504483,-0.0019066157243526774,23.53634157180786,0.0028466954043700034,0.025018181255168113
2010-06-15,24.620426177978516,24.898101806640625,24.34275245666504,24.712984085083008,15.59243392944336,15897059,0.01890413696433875,23.63352746963501,0.004095856358699275,0.0251722929723318
2010-06-17,24.944379806518555,24.944379806518555,24.29647445678711,24.29647445678711,15.329641342163086,14047408,-0.016997521239986137,23.692533206939697,0.002489533814513415,0.0254546436320947
2010-06-18,24.574148178100586,24.620426177978516,23.97252082824707,24.111358642578125,15.212843894958496,9025692,-0.007648213304369844,23.774678421020507,0.003528537269316867,0.02453366190173565
2010-06-21,24.944379806518555,25.777402877807617,24.898101806640625,25.22205352783203,15.913625717163086,45065797,0.04503570936539197,23.912358379364015,0.005780322737586465,0.026202746706278972
2010-06-22,24.990659713745117,25.360891342163086,24.898101806640625,25.036937713623047,15.796829223632812,14323991,-0.007366508827644538,23.963265228271485,0.0020757677657366937,0.022039743535503867
2010-06-23,24.990659713745117,25.777402877807617,24.75926399230957,25.314611434936523,15.972024917602539,27059790,0.011029513130154048,24.058137130737304,0.003895604877315087,0.021138728418476152
2010-06-24,25.453449249267578,25.91623878479004,25.08321762084961,25.684843063354492,16.205615997314453,32256531,0.014519297748640544,24.194660091400145,0.005619605907581508,0.020486665534949194
2010-06-25,25.360891342163086,25.453449249267578,24.75926399230957,24.990659713745117,15.767630577087402,23658679,-0.027398910242267264,24.291845989227294,0.00404845308070597,0.02177960456280609
2010-06-28,24.990659713745117,25.22205352783203,24.34275245666504,24.34275245666504,15.35883903503418,12245295,-0.0262679787663165,24.33118314743042,0.0016426602634730884,0.022359717149645696
2010-06-29,24.3890323638916,24.75926399230957,23.417173385620117,23.417173385620117,14.774852752685547,19021586,-0.0387645062863586,24.317299461364748,-0.0005893972149008317,0.02407701781879827
2010-06-30,22.908103942871094,23.92624282836914,22.908103942871094,23.741125106811523,14.979247093200684,22986668,0.013739122376604967,24.34738073348999,0.001283384075647839,0.023636112190594357
2010-07-01,23.741125106811523,23.92624282836914,23.370893478393555,23.50973129272461,14.833251953125,5347998,-0.009794347933660331,24.354322624206542,0.0002961526662826993,0.02366738676593425
2010-07-02,23.13949966430664,23.417173385620117,22.977523803710938,23.417173385620117,14.774852752685547,14410424,-0.0039447744429448135,24.338125038146973,-0.0006869561188302591,0.023399954146545773
2010-07-05,23.417173385620117,23.55600929260254,22.884965896606445,22.977523803710938,14.49746036529541,18515957,-0.018953146348202863,24.297630977630615,-0.0017319863651646332,0.023740339894178758
2010-07-06,22.977523803710938,24.574148178100586,22.954383850097656,24.574148178100586,15.504837036132812,41230364,0.0671784910932789,24.33002624511719,0.0013359560230574012,0.028295296624311673
2010-07-07,24.3890323638916,24.898101806640625,24.157636642456055,24.851821899414062,15.680034637451172,21037620,0.011236062426693462,24.334654140472413,0.00018656720132315458,0.027339801125488058
2010-07-08,24.898101806640625,25.22205352783203,24.666706085205078,24.666706085205078,15.563234329223633,18792541,-0.007476663143316131,24.385561084747316,0.0021075936501426208,0.02519715435046162
2010-07-09,24.990659713745117,25.684843063354492,24.805543899536133,25.453449249267578,16.059621810913086,30571101,0.031396861652563474,24.443409824371336,0.0023260004249123266,0.02544227677679965
2010-07-12,25.453449249267578,25.453449249267578,24.75926399230957,24.75926399230957,15.621633529663086,13215497,-0.027651542535710897,24.46654930114746,0.0009434232981267819,0.02631178635027457
2010-07-13,24.944379806518555,25.08321762084961,24.018800735473633,24.203916549682617,15.271241188049316,14373690,-0.022685260736698645,24.464235401153566,-9.550895249051637e-05,0.02683526381880057
2010-07-14,24.43531036376953,24.944379806518555,24.29647445678711,24.574148178100586,15.504837036132812,18289073,0.015180542336468716,24.457293605804445,-0.0002816886838840181,0.026709129368102137
2010-07-15,24.527868270874023,24.898101806640625,24.203916549682617,24.29647445678711,15.329641342163086,14319670,-0.011363747562306188,24.457293605804445,-2.0643209364124005e-17,0.026552807603644348
2010-07-16,24.29647445678711,24.43531036376953,23.879962921142578,24.29647445678711,15.329641342163086,10741373,0.0,24.466549396514893,0.00038241066521847153,0.026491865996943597
2010-07-19,24.29647445678711,24.805543899536133,24.111358642578125,24.3890323638916,15.388039588928223,8725339,0.003802282225682525,24.42489833831787,-0.0016792606917670004,0.024351946833444434
2010-07-20,24.527868270874023,24.851821899414062,24.3890323638916,24.3890323638916,15.388039588928223,9040817,0.0,24.3925030708313,-0.0013109352503847735,0.024317083911798636
2010-07-21,24.574148178100586,24.620426177978516,24.203916549682617,24.203916549682617,15.271241188049316,7664383,-0.007619076999844906,24.336968326568602,-0.0022433647568847214,0.024176117314736754
2010-07-22,24.43531036376953,24.620426177978516,24.111358642578125,24.157636642456055,15.242040634155273,7407247,-0.0019139137723674848,24.260608005523682,-0.0030650253329351225,0.02385353055798606
2010-07-23,24.527868270874023,25.08321762084961,24.481590270996094,24.805543899536133,15.650834083557129,17241081,0.026466625333334517,24.25135221481323,-0.0003717485541550339,0.024001900277495967
2010-07-26,25.12949562072754,25.12949562072754,24.620426177978516,24.75926399230957,15.621633529663086,6588301,-0.0018674508242685114,24.27217779159546,0.0008482778429473656,0.023223837820985596
2010-07-27,24.75926399230957,25.08321762084961,24.75926399230957,25.036937713623047,15.796829223632812,9358456,0.011152521270841494,24.353166007995604,0.003344129220807371,0.021349233320034758
2010-07-28,25.036937713623047,25.54600715637207,24.898101806640625,25.268333435058594,15.942826271057129,11376650,0.009199725919903838,24.42952642440796,0.0031171593979723135,0.021256834600832938
2010-07-29,25.268333435058594,25.638565063476562,25.12949562072754,25.499727249145508,16.08881950378418,10307050,0.009115787104000279,24.529026222229003,0.004062666149855345,0.02107206204797417
2010-07-30,25.499727249145508,25.777402877807617,25.268333435058594,25.360891342163086,16.001224517822266,8896043,-0.005459479482235744,24.626212120056152,0.003986930897890798,0.021105052545656502
2010-08-02,25.453449249267578,26.3790283203125,25.360891342163086,26.286470413208008,16.585208892822266,22208777,0.035846097346816846,24.791659450531007,0.006726893082641783,0.021523124777330024
2010-08-03,26.3790283203125,26.610424041748047,25.777402877807617,26.610424041748047,16.78960609436035,19557467,0.0122486464311503,24.89347324371338,0.003980400849535353,0.01626569326382122
2010-08-04,26.147634506225586,26.517866134643555,25.684843063354492,26.147634506225586,16.746627807617188,20374252,-0.017544292524607288,24.958263874053955,0.0025413831019703154,0.01685251055492628
2010-08-05,26.425308227539062,26.425308227539062,25.684843063354492,26.101354598999023,16.71698570251465,12260420,-0.001771514439698356,25.02999629974365,0.002826640537151204,0.016721790899145005
2010-08-06,26.101354598999023,26.193912506103516,25.86996078491211,25.9625186920166,16.628070831298828,5797446,-0.0053333041625677575,25.055449771881104,0.0009901322463946424,0.015382182850192588
2010-08-09,26.101354598999023,27.53600311279297,25.9625186920166,27.11949348449707,17.369070053100586,22621491,0.04359887690835754,25.17346124649048,0.004552653218598064,0.01660207328412087
2010-08-10,27.304609298706055,27.350887298583984,25.91623878479004,25.91623878479004,16.598426818847656,22898075,-0.045383033729146156,25.25907735824585,0.0034177645689756884,0.01914330629016344
2010-08-11,25.823680877685547,26.240192413330078,25.499727249145508,26.055076599121094,16.687347412109375,10659262,0.005342875914571676,25.333123779296876,0.0029258812478808365,0.01895057486631905
2010-08-12,25.777402877807617,26.286470413208008,25.777402877807617,26.00879669189453,16.6577091217041,6594783,-0.001777813154903294,25.418739891052248,0.0034051779682509817,0.01868956676315482
2010-08-13,25.91623878479004,26.101354598999023,25.638565063476562,25.823680877685547,16.539148330688477,9138054,-0.0071428806783173406,25.495100212097167,0.0030480339343351144,0.018825813013953887
2010-08-16,25.59228515625,26.841819763183594,25.59228515625,25.9625186920166,16.628070831298828,9343330,0.005361974739437376,25.573774528503417,0.003126018560022857,0.018832331209103916
2010-08-17,26.147634506225586,26.240192413330078,25.823680877685547,25.91623878479004,16.598426818847656,4507444,-0.0017841568207885249,25.65013484954834,0.003036810718983431,0.018852133686406983
2010-08-18,25.9625186920166,26.147634506225586,25.823680877685547,26.055076599121094,16.687347412109375,6832472,0.005342875914571676,25.742692852020262,0.003684908364704259,0.018688619290212153
2010-08-19,26.101354598999023,26.193912506103516,25.777402877807617,25.86996078491211,16.568788528442383,3690658,-0.007130147912958799,25.828309059143066,0.003424096657674694,0.018806890543727636
2010-08-20,26.147634506225586,26.564144134521484,25.9625186920166,26.055076599121094,16.687347412109375,6551567,0.007130147912958906,25.890785694122314,0.002457272786655913,0.018041421969191437
2010-08-23,26.055076599121094,26.286470413208008,25.91623878479004,26.101354598999023,16.71698570251465,4179001,0.0017745850687845616,25.957890224456786,0.002639374581308567,0.01801383216144716
2010-08-24,26.055076599121094,26.3790283203125,25.9625186920166,26.00879669189453,16.6577091217041,4122820,-0.0035523982236877806,26.006483173370363,0.0019041286065821033,0.01794805001095506
2010-08-25,25.91623878479004,25.91623878479004,24.203916549682617,24.620426177978516,15.768506050109863,11873636,-0.05485838426177853,25.97408781051636,-0.0012987769025020151,0.021865741695135523
2010-08-26,24.620426177978516,24.666706085205078,23.97252082824707,24.527868270874023,15.709226608276367,7735690,-0.003766479287393688,25.925494861602782,-0.0019428902220717133,0.021732138836700988
2010-08-27,24.481590270996094,24.851821899414062,24.43531036376953,24.527868270874023,15.709226608276367,4168197,0.0,25.88384370803833,-0.0016699162479599263,0.021719927106249173
2010-08-30,24.620426177978516,25.036937713623047,24.620426177978516,24.75926399230957,15.85742473602295,4444780,0.009389770146688686,25.807483386993407,-0.0029927326079663345,0.020056785124626404
2010-08-31,24.620426177978516,24.666706085205078,23.6022891998291,23.879962921142578,15.294266700744629,8548153,-0.03615998589326692,25.670960330963133,-0.005413164224187195,0.021018557254902277
2010-09-01,24.29647445678711,24.712984085083008,24.018800735473633,24.527868270874023,15.709226608276367,5948702,0.026770215746578178,25.589972019195557,-0.0031974388106279215,0.02198591908569288
2010-09-02,24.75926399230957,24.75926399230957,24.203916549682617,24.527868270874023,15.709226608276367,5233475,0.0,25.511297702789307,-0.003108863088643004,0.021995532518021697
2010-09-03,24.527868270874023,24.712984085083008,24.29647445678711,24.29647445678711,15.561026573181152,6227446,-0.009478695815847529,25.427995491027833,-0.003316132671306993,0.022037089526951815
2010-09-06,24.712984085083008,25.731122970581055,24.481590270996094,25.360891342163086,16.242746353149414,16625251,0.042877020775045946,25.34006538391113,-0.0033522254779725725,0.021956651347123102
2010-09-07,25.453449249267578,25.54600715637207,24.851821899414062,24.851821899414062,15.916709899902344,5609455,-0.02027721078604615,25.286844539642335,-0.002096934330817572,0.02006325181880702
2010-09-08,24.75926399230957,25.1757755279541,24.574148178100586,24.712984085083008,15.82778549194336,4652218,-0.005602288749013511,25.21973991394043,-0.002644192563996831,0.019998808252633612
2010-09-09,24.944379806518555,24.944379806518555,24.29647445678711,24.29647445678711,15.561026573181152,5981114,-0.016997521239986137,25.13412380218506,-0.0034051779682509734,0.020252069100370227
2010-09-10,24.43531036376953,25.59228515625,24.43531036376953,25.453449249267578,16.302024841308594,12379265,0.04652000849824706,25.11561222076416,-0.0007220335094227533,0.02308718976368563
2010-09-13,25.684843063354492,25.86996078491211,25.268333435058594,25.59228515625,16.390945434570312,8217550,0.00543968074695447,25.09710054397583,-0.0007181482090468988,0.023088274030906096
2010-09-14,25.91623878479004,26.147634506225586,25.360891342163086,25.407169342041016,16.27238655090332,10190367,-0.0072595532251661255,25.071647071838377,-0.0009919180292657787,0.02313399658708437
2010-09-15,25.407169342041016,25.638565063476562,25.12949562072754,25.453449249267578,16.302024841308594,3584779,0.001819872478211622,25.041565704345704,-0.0011680682010837815,0.023096605056542086
2010-09-16,25.684843063354492,26.147634506225586,25.314611434936523,25.59228515625,16.390945434570312,11285896,0.00543968074695447,25.0276819229126,-0.000539576768088118,0.023096851072298048
2010-09-17,25.86996078491211,26.101354598999023,25.638565063476562,26.055076599121094,16.687347412109375,6951317,0.01792168327472123,25.0276819229126,-1.908195823574488e-18,0.0234093960482969
2010-09-20,26.147634506225586,26.564144134521484,26.055076599121094,26.101354598999023,16.71698570251465,7480714,0.0017745850687845616,25.0276819229126,-1.8214596497756475e-18,0.0234093960482969
2010-09-21,26.33275032043457,26.3790283203125,25.59228515625,26.00879669189453,16.6577091217041,9941874,-0.0035523982236877806,25.0276819229126,-1.8214596497756475e-18,0.0234093960482969
2010-09-23,26.147634506225586,26.147634506225586,25.54600715637207,25.59228515625,16.390945434570312,4892067,-0.016143870119818007,25.076274871826172,0.0019357257070980246,0.019984517931249925
2010-09-24,25.86996078491211,25.86996078491211,24.944379806518555,24.990659713745117,16.005626678466797,7806996,-0.023788801375296653,25.099414443969728,0.0009346096027028763,0.020771222076746133
2010-09-27,25.453449249267578,25.453449249267578,24.898101806640625,24.898101806640625,15.9463472366333,8684284,-0.0037105757080896657,25.117926120758057,0.000749080817298393,0.020796565376252928
2010-09-28,24.805543899536133,25.22205352783203,24.75926399230957,25.08321762084961,16.06490707397461,5510058,0.007407433928190802,25.13412380218506,0.0006499640063734988,0.020757904225346638
2010-09-29,25.08321762084961,25.268333435058594,24.712984085083008,24.990659713745117,16.005626678466797,9522677,-0.003696858220101135,25.189658641815186,0.0022731203900317877,0.018915533699613313
2010-09-30,24.990659713745117,25.08321762084961,23.787405014038086,24.203916549682617,15.50174617767334,13388362,-0.03198768264406742,25.173461055755617,-0.0006647745295004922,0.0194655178255946
2010-10-01,23.879962921142578,24.203916549682617,23.6022891998291,24.018800735473633,15.383187294006348,16642537,-0.007677573307193719,25.148007678985596,-0.001048653194860178,0.01952732426368007
2010-10-04,23.879962921142578,24.43531036376953,23.879962921142578,24.34275245666504,15.590666770935059,15384948,0.013397277184944604,25.150321578979494,9.514545517942856e-05,0.019676950507194573
2010-10-05,24.34275245666504,24.3890323638916,23.6022891998291,23.92624282836914,15.323906898498535,13342985,-0.017258282002430708,25.078589153289794,-0.0029116196836944043,0.017239039386816667
2010-10-06,24.111358642578125,24.527868270874023,23.879962921142578,24.3890323638916,15.620307922363281,12582381,0.019157655124524626,25.05544967651367,-0.0009398763881658655,0.017402720302148598
2010-10-07,24.3890323638916,24.75926399230957,23.97252082824707,24.111358642578125,15.442466735839844,9861924,-0.011450495530052299,25.025368404388427,-0.0012322867272178048,0.017533822584360835
2010-10-08,24.065078735351562,24.29647445678711,23.6022891998291,23.6022891998291,15.116427421569824,7837248,-0.02133933511345645,24.990659141540526,-0.0014493774208913205,0.017764648458392936
2010-10-11,23.6022891998291,23.64856719970703,22.954383850097656,22.954383850097656,14.70146369934082,10998509,-0.027834771621631626,24.86570587158203,-0.005167116426885255,0.014716205420324957
2010-10-12,22.977523803710938,23.13949966430664,22.375896453857422,22.468454360961914,14.39024543762207,11625143,-0.02139663865124916,24.709514331817626,-0.006508932396795436,0.014920228552103105
2010-10-13,22.676708221435547,22.79240608215332,22.375896453857422,22.630430221557617,14.49398422241211,6082672,0.007183173533602185,24.57067737579346,-0.005786796058857021,0.015228318316566262
2010-10-14,22.8155460357666,23.232057571411133,22.607290267944336,23.000661849975586,14.73110294342041,10557704,0.016227521020171873,24.448038005828856,-0.0050664136317590085,0.015931632931902032
2010-10-15,23.04694175720215,23.093219757080078,22.0288028717041,22.306476593017578,14.286505699157715,8960867,-0.030645925121468194,24.283747577667235,-0.006870693925180142,0.016703838939587035
2010-10-18,22.26019859313965,22.35275650024414,22.075082778930664,22.28333854675293,14.271684646606445,4118498,-0.0010378176392472134,24.095160675048827,-0.007818668970878564,0.015732523831178003
2010-10-19,22.26019859313965,22.630430221557617,22.213918685913086,22.491592407226562,14.405060768127441,5263726,0.009302319747811993,23.914672565460204,-0.007442282236927193,0.016060737034997094
2010-10-20,22.537872314453125,22.8155460357666,22.514732360839844,22.8155460357666,14.61254596710205,5151364,0.014300578696464852,23.755010032653807,-0.00654963339091956,0.01676883477219447
2010-10-21,23.093219757080078,23.50973129272461,22.931243896484375,23.50973129272461,15.057144165039062,14105750,0.029972285713546362,23.65088233947754,-0.004243825599251343,0.018464972213336733
2010-10-22,23.50973129272461,23.6022891998291,23.04694175720215,23.278335571289062,14.908942222595215,6689859,-0.009891308769506786,23.565266132354736,-0.003548950968961849,0.017944915349307426
2010-10-25,23.278335571289062,23.55600929260254,23.13949966430664,23.370893478393555,14.968225479125977,4332418,0.003968255443852792,23.488905715942384,-0.003165009411364726,0.018023250770347696
2010-10-26,23.50973129272461,23.741125106811523,23.232057571411133,23.232057571411133,14.87930679321289,5095183,-0.005958262924898197,23.39634771347046,-0.0038332942540191756,0.017857634977333867
2010-10-27,23.50973129272461,23.741125106811523,23.370893478393555,23.741125106811523,15.205344200134277,8191620,0.021675664184212434,23.33387098312378,-0.0025646681338034978,0.018746940120631703
2010-10-28,23.92624282836914,23.97252082824707,23.50973129272461,23.83368492126465,15.264627456665039,6905940,0.0038911319324283445,23.31535940170288,-0.0007707274049787093,0.017455366568385793
2010-10-29,23.83368492126465,23.83368492126465,23.370893478393555,23.50973129272461,15.057144165039062,2083018,-0.013685479866088627,23.28990592956543,-0.0010711227329234549,0.017631294221312807
2010-11-01,23.83368492126465,24.111358642578125,23.6022891998291,23.97252082824707,15.353544235229492,6514834,0.019493775886365746,23.271394348144533,-0.0007662977978523976,0.017944520167315885
2010-11-02,24.065078735351562,24.34275245666504,23.787405014038086,24.065078735351562,15.412825584411621,7463428,0.003853565643807283,23.278336143493654,0.0002892945844595019,0.017539702881616815
2010-11-03,24.34275245666504,24.34275245666504,23.232057571411133,23.463451385498047,15.027504920959473,7418051,-0.025317824242329503,23.232057094573975,-0.0019344793838832045,0.017838439361503016
2010-11-04,23.50973129272461,24.018800735473633,23.370893478393555,23.92624282836914,15.323906898498535,9835994,0.019531932553139737,23.222801303863527,-0.0003853579797236028,0.018307670514792256
2010-11-05,24.250194549560547,25.54600715637207,23.97252082824707,25.314611434936523,16.213106155395508,32980402,0.05640587326237386,23.308417415618898,0.0035019024390679125,0.021584843745564172
2010-11-08,25.91623878479004,26.471586227416992,25.453449249267578,25.684843063354492,16.450227737426758,21439530,0.014519297748640544,23.44494037628174,0.005619605907581522,0.020393376904095956
2010-11-09,25.638565063476562,25.638565063476562,24.990659713745117,25.08321762084961,16.06490707397461,7845891,-0.023702052022166218,23.575678539276122,0.005504335239035668,0.020559954710993308
2010-11-10,25.22205352783203,25.59228515625,24.75926399230957,24.805543899536133,15.887068748474121,9133732,-0.011131829303201406,23.68443422317505,0.004588585097195489,0.020886528676404777
2010-11-11,25.22205352783203,25.268333435058594,24.805543899536133,25.22205352783203,16.153827667236328,5546792,0.01665157927421739,23.79550380706787,0.004609788009897765,0.02089917718183998
2010-11-12,25.1757755279541,25.453449249267578,24.065078735351562,24.34275245666504,15.590666770935059,6575336,-0.03548458695743352,23.897317600250243,0.004367854918099498,0.021351888236335798
2010-11-15,24.065078735351562,24.481590270996094,23.83368492126465,24.018800735473633,15.383187294006348,6205838,-0.013397277184944703,23.984090709686278,0.003749881940814624,0.02169271076301754
2010-11-16,23.787405014038086,24.065078735351562,23.55600929260254,23.787405014038086,15.2349853515625,6964281,-0.00968064814632421,24.048881340026856,0.002800733546107814,0.021851691761591224
2010-11-17,23.83368492126465,24.250194549560547,23.55600929260254,23.83368492126465,15.264627456665039,9490265,0.001943673353943677,24.09978828430176,0.0021828882789817552,0.02168347136977948
2010-11-18,24.157636642456055,24.34275245666504,23.92624282836914,24.018800735473633,15.383187294006348,11657555,0.007736974792380507,24.12524175643921,0.0010711227329234625,0.02073284007872658
2010-11-19,24.250194549560547,24.43531036376953,23.92624282836914,23.92624282836914,15.323906898498535,5131917,-0.0038610048174860102,24.157637119293213,0.0013726379305245013,0.020608500093933283
2010-11-22,24.250194549560547,24.250194549560547,23.97252082824707,24.111358642578125,15.442466735839844,1711359,0.00770715959447224,24.19466037750244,0.0015595831380554738,0.020650200980969785
2010-11-23,24.250194549560547,24.43531036376953,23.92624282836914,24.111358642578125,15.442466735839844,2119751,0.0,24.23862543106079,0.0018574962843003837,0.02057889114681735
2010-11-24,23.879962921142578,24.43531036376953,23.879962921142578,24.157636642456055,15.472107887268066,8988958,0.0019175047578399744,24.25945100784302,0.0008695883129817606,0.020044751294528436
2010-11-25,24.43531036376953,24.75926399230957,23.92624282836914,24.712984085083008,15.82778549194336,11432831,0.022728229786516087,24.303415966033935,0.0018114432056861476,0.02062826076702664
2010-11-26,24.666706085205078,24.805543899536133,24.065078735351562,24.250194549560547,15.531383514404297,8638907,-0.01890413696433881,24.340439128875733,0.0015505103507736386,0.020866236415961716
2010-11-29,24.527868270874023,24.851821899414062,24.527868270874023,24.620426177978516,15.768506050109863,6625035,0.015151790827593858,24.372834396362304,0.0013334110978350442,0.020691579818071897
2010-11-30,24.944379806518555,25.54600715637207,24.666706085205078,24.805543899536133,15.887068748474121,15812787,0.007490741683563526,24.409857654571532,0.0015152698998228565,0.020730841657215535
2010-12-01,24.851821899414062,25.1757755279541,24.481590270996094,24.898101806640625,15.9463472366333,6650964,0.0037243953750107253,24.48159017562866,0.0029673808806898678,0.01974612672029196
2010-12-02,25.08321762084961,25.1757755279541,24.805543899536133,24.990659713745117,16.005626678466797,4721363,0.00371057570808955,24.53481101989746,0.002176313038437359,0.01936074852897783
2010-12-03,25.1757755279541,25.1757755279541,24.43531036376953,24.481590270996094,15.679585456848145,3284427,-0.020580726023182446,24.49315996170044,-0.001673016925840457,0.015222254984996613
2010-12-06,24.481590270996094,24.851821899414062,24.481590270996094,24.851821899414062,15.916709899902344,4775384,0.015009648142277064,24.451508903503417,-0.0016484994061586311,0.015250077008984127
2010-12-07,24.990659713745117,25.08321762084961,24.620426177978516,25.08321762084961,16.06490707397461,3850558,0.009267936101006418,24.451508903503417,8.673617379884035e-19,0.014504428547265625
2010-12-08,25.453449249267578,25.499727249145508,25.1757755279541,25.360891342163086,16.242746353149414,8239158,0.011009274685039738,24.479276275634767,0.001107055199412058,0.014454949222245248
2010-12-09,25.499727249145508,25.54600715637207,24.990659713745117,25.036937713623047,16.03526496887207,4336740,-0.012856033541668286,24.470020484924316,-0.0003683254413822258,0.014289794372780353
2010-12-10,24.898101806640625,25.314611434936523,24.805543899536133,25.08321762084961,16.06490707397461,5857948,0.0018467588566284552,24.507043743133544,0.001498241849320873,0.011657027579239115
2010-12-13,25.036937713623047,25.684843063354492,24.990659713745117,24.990659713745117,16.005626678466797,9364938,-0.003696858220101135,24.55563669204712,0.001983262797563051,0.01119738507703837
2010-12-14,25.453449249267578,25.54600715637207,25.12949562072754,25.314611434936523,16.213106155395508,14505499,0.01287961249362678,24.63199701309204,0.003111275829560601,0.01109642561911622
2010-12-15,25.453449249267578,25.54600715637207,25.036937713623047,25.453449249267578,16.302024841308594,6220964,0.00546950813471538,24.712985229492187,0.003287567568599186,0.011104903984063077
2010-12-16,25.453449249267578,25.684843063354492,25.22205352783203,25.453449249267578,16.302024841308594,7212774,0.0,24.784717655181886,0.0029007188289801606,0.011076472919372162
2010-12-17,25.453449249267578,25.54600715637207,24.944379806518555,24.990659713745117,16.005626678466797,5931416,-0.018349120628342146,24.837938499450683,0.002176313038437354,0.011978964654412174
2010-12-20,24.990659713745117,25.22205352783203,24.805543899536133,24.944379806518555,15.97598648071289,4068800,-0.0018536050405522635,24.879589557647705,0.0016982748066861285,0.01193732724805973
2010-12-21,24.990659713745117,25.22205352783203,24.805543899536133,25.12949562072754,16.094547271728516,4183322,0.007393741984048482,24.930496406555175,0.0020679619058885526,0.011996307968750806
2010-12-22,25.268333435058594,25.268333435058594,24.851821899414062,24.990659713745117,16.005626678466797,5220510,-0.005540136943496212,24.97214756011963,0.0016950798208217432,0.012116531557084148
2010-12-23,24.990659713745117,25.12949562072754,24.851821899414062,25.036937713623047,16.03526496887207,4319453,0.0018500993634725476,24.988345241546632,0.0006511732996695664,0.011062578503042639
2010-12-24,25.453449249267578,25.453449249267578,24.712984085083008,24.75926399230957,15.85742473602295,4479353,-0.011152521270841436,25.013798713684082,0.0010387540843444349,0.010460816331944693
2010-12-27,24.75926399230957,24.805543899536133,24.34275245666504,24.3890323638916,15.620307922363281,2999200,-0.015066183736853674,25.002229022979737,-0.00047214464387794155,0.010497317464482379
2010-12-28,24.29647445678711,24.666706085205078,24.29647445678711,24.3890323638916,15.620307922363281,2290455,0.0,24.98140344619751,-0.0008466817280561178,0.010330561727237203
2010-12-29,24.3890323638916,24.574148178100586,23.64856719970703,23.92624282836914,15.323906898498535,4433976,-0.01915765512452459,24.932810497283935,-0.001990784253032884,0.011040373743425196
2010-12-30,23.92624282836914,24.111358642578125,23.463451385498047,23.694847106933594,15.175704956054688,6272823,-0.009718279985911231,24.86801986694336,-0.0026622270377329228,0.011083651241755714
2010-12-31,23.694847106933594,24.018800735473633,23.232057571411133,23.741125106811523,15.205344200134277,10661423,0.0019511780785884583,24.830996608734132,-0.0015356318326443775,0.010282652069029863
2011-01-03,23.741125106811523,24.29647445678711,23.741125106811523,24.018800735473633,15.383187294006348,6004883,0.011628106724808835,24.78934555053711,-0.0017047089035177889,0.010020746164370828
2011-01-04,24.065078735351562,24.3890323638916,23.879962921142578,24.34275245666504,15.590666770935059,9848959,0.013397277184944604,24.752322292327882,-0.0014982418493208797,0.010297445244371426
2011-01-05,24.203916549682617,24.34275245666504,23.879962921142578,23.879962921142578,15.294266700744629,4421011,-0.01919442903431927,24.678275871276856,-0.0030084270352888297,0.010577568315137429
2011-01-06,23.879962921142578,24.065078735351562,22.72298812866211,23.6022891998291,15.116427421569824,13368914,-0.011696028487095585,24.606543445587157,-0.002950426782560195,0.010523772243082506
2011-01-07,23.6022891998291,23.741125106811523,22.954383850097656,23.55600929260254,15.086785316467285,7934484,-0.001962747748046889,24.530183029174804,-0.0031409021127939618,0.010466695967513814
2011-01-10,23.6022891998291,23.83368492126465,23.370893478393555,23.6022891998291,15.116427421569824,2067892,0.0019627477480469477,24.460764503479005,-0.002857921814386558,0.010527206264007216
2011-01-11,23.6022891998291,23.787405014038086,23.417173385620117,23.694847106933594,15.175704956054688,2746386,0.003913895533073033,24.379776287078858,-0.0033062076624142457,0.009999441255007895
2011-01-12,24.065078735351562,24.944379806518555,24.065078735351562,24.34275245666504,15.590666770935059,13185246,0.02697656198834183,24.32424144744873,-0.0022308549697329224,0.011957585050437198
2011-01-13,24.944379806518555,24.990659713745117,23.55600929260254,23.64856719970703,15.146066665649414,11966550,-0.02893163526075786,24.233997344970703,-0.0036774367327708155,0.01334323393066565
2011-01-14,23.232057571411133,23.463451385498047,22.005664825439453,22.213918685913086,14.227224349975586,25249033,-0.06258346933084802,24.095160293579102,-0.005889154167896109,0.018552378810018866
2011-01-17,22.445314407348633,22.445314407348633,20.732990264892578,20.77927017211914,13.308382987976074,23159532,-0.06676319684533959,23.886904811859132,-0.009134633758135476,0.02296258408622384
2011-01-18,20.732990264892578,21.658571243286133,20.732990264892578,21.47345542907715,13.752985000610352,25581797,0.032861677738295285,23.704102802276612,-0.007861236970423135,0.02457683684571009
2011-01-19,21.774269104003906,21.774269104003906,20.75613021850586,21.288339614868164,13.63442325592041,18155103,-0.008658054246948519,23.518986797332765,-0.00801713283559575,0.024571226882263843
2011-01-20,21.357757568359375,22.121360778808594,21.288339614868164,21.589153289794922,13.8270845413208,20538473,0.014031539158862481,23.346597576141356,-0.007408060845826255,0.024976326592625626
2011-01-21,21.311479568481445,21.658571243286133,21.195781707763672,21.47345542907715,13.752985000610352,7191166,-0.0053734849119138495,23.182307147979735,-0.007119109027879875,0.024964152787402685
2011-01-24,21.704849243164062,21.704849243164062,21.265199661254883,21.404037475585938,13.708525657653809,5799606,-0.003237969827027734,23.033057403564452,-0.006527698332388578,0.02490601436169529
2011-01-25,21.404037475585938,21.61229133605957,21.10322380065918,21.218921661376953,13.58996295928955,7863177,-0.008686256509999086,22.874551868438722,-0.006962011157888533,0.024861889511537484
2011-01-26,21.0800838470459,21.427175521850586,21.0800838470459,21.10322380065918,13.515863418579102,4803474,-0.005467499233454882,22.733400917053224,-0.006277503363335046,0.0246963520290466
2011-01-27,21.14950180053711,21.2420597076416,20.524736404418945,20.547874450683594,13.160181999206543,9790617,-0.02666831303649423,22.576052284240724,-0.007125005015864197,0.025108047841331287
2011-01-28,20.547874450683594,20.871828079223633,20.36275863647461,20.36275863647461,13.04162311553955,10335141,-0.009049827081316115,22.407133960723876,-0.007675055273859426,0.02501909165369334
2011-02-08,20.77927017211914,21.288339614868164,20.640432357788086,21.12636375427246,13.530680656433105,10257352,0.036814052120225635,22.262512111663817,-0.006415758004088584,0.026624183721260086
2011-02-09,21.12636375427246,21.519733428955078,21.056943893432617,21.2420597076416,13.604783058166504,6182069,0.005461437150135295,22.107477474212647,-0.0068125500058290505,0.026371294742102036
2011-02-10,21.056943893432617,21.47345542907715,20.82554817199707,20.82554817199707,13.338024139404297,5229153,-0.019802654233520345,21.95475673675537,-0.006842961265789105,0.026386671200474464
2011-02-11,21.14950180053711,21.14950180053711,19.92310905456543,19.92310905456543,12.760042190551758,6862724,-0.04430019347732544,21.770797729492188,-0.008473169515300596,0.027677857698277568
2011-02-14,20.31648063659668,20.31648063659668,18.8818302154541,18.928110122680664,12.122779846191406,14918213,-0.05123219181737488,21.539402770996094,-0.010936641718766998,0.029217682839112743
2011-02-15,18.8818302154541,19.622295379638672,18.32648277282715,19.390899658203125,12.419180870056152,13221979,0.024155741032165813,21.328833293914794,-0.009826992054561053,0.030140234911797716
2011-02-16,19.20578384399414,20.223922729492188,19.20578384399414,19.737993240356445,12.6414794921875,10525292,0.017741503052334604,21.13099060058594,-0.009135611678597975,0.03062669221490699
2011-02-17,19.89996910095215,20.871828079223633,19.57601547241211,20.594154357910156,13.189821243286133,23003954,0.04246189721075576,20.943560695648195,-0.008361344917477278,0.031762370404710395
2011-02-18,20.871828079223633,21.17264175415039,20.617294311523438,20.617294311523438,13.204642295837402,12446250,0.0011229867812075807,20.791997051239015,-0.006858613815379005,0.03144733859415567
2011-02-21,20.617294311523438,20.82554817199707,20.270200729370117,20.2933406829834,12.997161865234375,5149203,-0.01583746621728291,20.69596815109253,-0.0045213136597007505,0.02870527900865933
2011-02-22,20.177642822265625,20.177642822265625,19.714853286743164,19.89996910095215,12.745222091674805,7093930,-0.019574608042653163,20.65200309753418,-0.0021618842195664295,0.025023230596219817
2011-02-23,19.830551147460938,20.270200729370117,19.714853286743164,19.737993240356445,12.6414794921875,4876942,-0.008172809732027345,20.565229988098146,-0.004213608593082561,0.02364470475398892
2011-02-24,20.177642822265625,20.200782775878906,19.784271240234375,19.784271240234375,12.671123504638672,6419758,0.002341870924480379,20.490026569366456,-0.003663612334511116,0.023663808133284333
2011-02-25,20.015666961669922,20.77927017211914,19.714853286743164,20.663572311401367,13.234284400939941,10836448,0.04348511809339773,20.443747520446777,-0.002190933387784353,0.025655664421225834
2011-03-01,20.82554817199707,21.03380584716797,20.36275863647461,20.36275863647461,13.04162311553955,7413729,-0.0146646828445191,20.38821268081665,-0.002655493284414616,0.025800039467892107
2011-03-02,20.223922729492188,20.964385986328125,20.038806915283203,20.409038543701172,13.071264266967773,8230515,0.0022701931385757544,20.33846273422241,-0.002380085136134442,0.025822883374006386
2011-03-03,20.409038543701172,20.594154357910156,20.131364822387695,20.200782775878906,12.937882423400879,4993625,-0.010256513655694868,20.28755578994751,-0.002458597993419231,0.02584544330464136
2011-03-04,20.478456497192383,20.501596450805664,20.131364822387695,20.131364822387695,12.89342212677002,3254175,-0.0034423171674494435,20.238962841033935,-0.002357338890118959,0.025837000193802268
2011-03-07,20.061946868896484,20.2933406829834,19.89996910095215,19.99252700805664,12.804502487182617,2936537,-0.006920483637613586,20.211195468902588,-0.0013699474201749266,0.02522922385378003
2011-03-08,20.131364822387695,20.871828079223633,20.131364822387695,20.77927017211914,13.308382987976074,10680870,0.03859730927217882,20.232021045684814,0.00101240939749982,0.02667410489277764
2011-03-09,21.056943893432617,22.051942825317383,20.84868812561035,21.889965057373047,14.019742965698242,26020441,0.052072451846261886,20.270201110839842,0.0017753293838016326,0.027940141788342407
2011-03-10,22.075082778930664,22.838685989379883,21.95938491821289,22.676708221435547,14.523624420166016,31098338,0.03531001292649716,20.34193353652954,0.0032677581726197258,0.028927149582092856
2011-03-11,22.445314407348633,22.931243896484375,22.0288028717041,22.306476593017578,14.286505699157715,21426565,-0.016461261697803348,20.415979957580568,0.0034348277994055757,0.028796245851083653
2011-03-14,22.306476593017578,22.306476593017578,21.195781707763672,21.751129150390625,13.93082332611084,9209360,-0.025211395331906167,20.507380962371826,0.004389267706676539,0.027413986499280663
2011-03-15,21.797407150268555,21.95938491821289,20.4553165435791,20.82554817199707,13.338024139404297,9652326,-0.04348516065620539,20.602252864837645,0.004776619264735013,0.026630235849666627
2011-03-16,21.519733428955078,22.213918685913086,21.195781707763672,22.121360778808594,14.167943954467773,10821323,0.060363182299857876,20.73877592086792,0.006586991328119617,0.0291303661929678
2011-03-17,21.658571243286133,23.50973129272461,21.658571243286133,23.13949966430664,14.820025444030762,25097777,0.04499740662753302,20.90885124206543,0.007949786506879537,0.030293979872570445
2011-03-18,23.50973129272461,23.83368492126465,22.8155460357666,22.8155460357666,14.61254596710205,13241427,-0.014098952134249935,21.019920825958252,0.005121744039629253,0.029533106953643144
2011-03-21,22.8155460357666,23.232057571411133,22.537872314453125,22.537872314453125,14.434704780578613,6428401,-0.012245039115529172,21.115949726104738,0.004453342744792416,0.02977862498336587
2011-03-22,22.537872314453125,23.093219757080078,22.35275650024414,22.35275650024414,14.316143035888672,11253484,-0.00824746137015028,21.218920516967774,0.004832842987149047,0.02955394416660262
2011-03-23,22.35275650024414,23.04694175720215,22.35275650024414,23.04694175720215,14.76074504852295,10382679,0.030583435194836615,21.376269149780274,0.007340745149023535,0.0295018773429888
2011-03-24,23.324615478515625,23.370893478393555,22.931243896484375,22.931243896484375,14.6866455078125,7178201,-0.005032739038169004,21.53593168258667,0.007497748683716453,0.02942322238259716
2011-03-25,22.931243896484375,23.07008171081543,22.051942825317383,22.051942825317383,14.12348461151123,10495041,-0.03909963495245493,21.64931526184082,0.0054256733898696875,0.031210370626258963
2011-03-28,22.075082778930664,22.74612808227539,22.075082778930664,22.42217445373535,14.360604286193848,6644482,0.01664969216966915,21.73724536895752,0.004083902093683258,0.030043046064766106
2011-03-29,22.491592407226562,22.676708221435547,22.28333854675293,22.35275650024414,14.316143035888672,3437844,-0.0031007533738816946,21.836745262145996,0.004662098567215129,0.029773293697103815
2011-03-30,22.306476593017578,22.468454360961914,22.121360778808594,22.121360778808594,14.167943954467773,3889453,-0.010405954007603831,21.922361373901367,0.00402829120990615,0.029961222390388835
2011-03-31,21.982524871826172,22.39903450012207,21.91310691833496,22.121360778808594,14.167943954467773,3494025,0.0,22.018390274047853,0.004541116892690893,0.02979114472086015
2011-04-01,22.121360778808594,22.584150314331055,21.889965057373047,22.584150314331055,14.464343070983887,4261112,0.020704653926397424,22.14102954864502,0.005748465447383236,0.02993950450597485
2011-04-06,22.584150314331055,22.76926612854004,22.35275650024414,22.6535701751709,14.508807182312012,4351865,0.0030691164179017486,22.274081707000732,0.006247945450159003,0.029800027998964734
2011-04-07,22.630430221557617,22.954383850097656,22.306476593017578,22.445314407348633,14.37542724609375,15624797,-0.009235583098336636,22.357383918762206,0.00385630083163323,0.028975171533971864
2011-04-08,22.445314407348633,23.04694175720215,22.445314407348633,22.491592407226562,14.405060768127441,15168867,0.002059688550855656,22.387465286254884,0.0013556626668629187,0.026660652571709523
2011-04-11,22.676708221435547,22.76926612854004,22.491592407226562,22.607290267944336,14.47916316986084,7013980,0.005130863900577785,22.383994388580323,-0.00015329478443304998,0.025464973577180295
2011-04-12,22.676708221435547,22.676708221435547,22.098222732543945,22.121360778808594,14.167943954467773,6596944,-0.021728739697396016,22.37473859786987,-0.00041666868441268335,0.025668940302245098
2011-04-13,22.121360778808594,22.39903450012207,21.820547103881836,21.820547103881836,13.975282669067383,5533827,-0.01369163919558422,22.378209495544432,0.000159319122403414,0.025208401442084808
2011-04-14,21.843687057495117,22.39903450012207,21.843687057495117,22.306476593017578,14.286505699157715,5311264,0.022025012883837815,22.45225591659546,0.0034348277994055744,0.02343242846176827
2011-04-15,22.28333854675293,22.445314407348633,21.982524871826172,22.005664825439453,14.09384536743164,3625834,-0.013577154201199544,22.446471118927,-0.0002621890256472968,0.01947698599571345
2011-04-18,22.213918685913086,22.491592407226562,22.0288028717041,22.121360778808594,14.167943954467773,2841461,0.005243780512946027,22.3955641746521,-0.0022498703313766463,0.016400535691627763
2011-04-19,22.121360778808594,22.39903450012207,21.982524871826172,22.098222732543945,14.153124809265137,5678601,-0.001046506843303721,22.359698009490966,-0.0015972480668293358,0.01616217624120613
2011-04-20,22.35275650024414,22.699848175048828,22.26019859313965,22.445314407348633,14.37542724609375,6942673,0.015584694089266285,22.355070114135742,-0.00020576140658956312,0.016393551132125234
2011-04-21,22.861825942993164,23.04694175720215,22.607290267944336,22.676708221435547,14.523624420166016,11156248,0.01025644814009435,22.37126770019531,0.0007194340689226684,0.016437907109462614
2011-04-22,22.884965896606445,22.884965896606445,22.584150314331055,22.676708221435547,14.523624420166016,4557142,0.0,22.352756023406982,-0.0008097376908191622,0.014860372435231918
2011-04-25,22.699848175048828,22.861825942993164,22.491592407226562,22.537872314453125,14.434704780578613,4706238,-0.006141220008302932,22.33308744430542,-0.0008651617393258589,0.01487900717574416
2011-04-26,22.537872314453125,22.884965896606445,22.445314407348633,22.537872314453125,14.434704780578613,5105987,0.0,22.357383918762206,0.0010898200082968875,0.011851597108584631
2011-04-27,22.676708221435547,22.884965896606445,22.630430221557617,22.861825942993164,14.64218521118164,7956092,0.01427142202934479,22.3793664932251,0.0009709065012806696,0.011698198080271411
2011-04-28,22.861825942993164,23.04694175720215,22.676708221435547,22.699848175048828,14.538444519042969,5931416,-0.007110294057248287,22.39672107696533,0.0007704294671123399,0.011805512752598684
2011-04-29,22.676708221435547,22.699848175048828,21.704849243164062,22.075082778930664,14.138307571411133,9354134,-0.027908739763223157,22.394407176971434,-0.00010470982066862633,0.013239292238181712
2011-05-03,21.982524871826172,21.982524871826172,20.547874450683594,20.68671226501465,13.249102592468262,15486506,-0.06495792178968912,22.32267475128174,-0.003352605910153082,0.01963515895795894
2011-05-04,20.409038543701172,21.195781707763672,20.223922729492188,21.195781707763672,13.57514476776123,9820869,0.024310611242485538,22.25325632095337,-0.003172308044348676,0.019882684300355488
2011-05-05,20.82554817199707,20.987525939941406,20.501596450805664,20.68671226501465,13.249102592468262,8686445,-0.024310611242485444,22.154913425445557,-0.004541294427368036,0.02036701612799865
2011-05-06,20.4553165435791,21.797407150268555,20.4553165435791,21.751129150390625,13.93082332611084,12647205,0.050174096559409,22.120204162597656,-0.0015708104444807545,0.02370515570843595
2011-05-09,21.751129150390625,22.491592407226562,21.751129150390625,22.445314407348633,14.37542724609375,9501069,0.03141620888961513,22.11789026260376,-0.00010298442754278075,0.024824252141526473
2011-05-10,22.537872314453125,22.537872314453125,22.144500732421875,22.167640686035156,14.197583198547363,2504375,-0.01244828128553791,22.095907783508302,-0.0009819416868485655,0.024940126474009373
2011-05-11,22.445314407348633,22.445314407348633,22.075082778930664,22.121360778808594,14.167943954467773,3161261,-0.0020899059604246478,22.095907783508302,2.927345865710862e-18,0.024462325522994186
2011-05-12,22.121360778808594,22.32961654663086,21.982524871826172,22.190780639648438,14.212403297424316,2871712,0.0031332233292911283,22.11441946029663,0.0008412431262437703,0.02425511810828021
2011-05-13,22.190780639648438,22.306476593017578,21.843687057495117,22.190780639648438,14.212403297424316,3264979,0.0,22.108634662628173,-0.00026000751794812046,0.023737162584518978
2011-05-16,22.213918685913086,22.306476593017578,21.380897521972656,21.380897521972656,13.693703651428223,4775384,-0.03717903189252115,22.077396297454833,-0.0014401014025142006,0.024987807971481597
2011-05-17,21.49659538269043,21.63543128967285,21.334617614746094,21.357757568359375,13.678882598876953,5060610,-0.0010828584018611781,22.039216136932374,-0.001756433348254561,0.024938738017576432
2011-05-18,21.404037475585938,21.774269104003906,21.404037475585938,21.774269104003906,13.94564151763916,2629702,0.01931393051681611,22.023018455505373,-0.0007384114802485694,0.025380889300049735
2011-05-19,21.658571243286133,21.843687057495117,21.2420597076416,21.288339614868164,13.63442325592041,2601612,-0.022569469447080114,21.96516971588135,-0.0026461196570658893,0.025522916017123788
2011-05-20,21.380897521972656,21.751129150390625,19.807411193847656,19.807411193847656,12.685942649841309,15754446,-0.07210331650966346,21.821704864501953,-0.006764107889553781,0.02964317174904831
2011-05-23,19.483457565307617,19.483457565307617,18.442180633544922,18.7198543548584,11.989399909973145,25274963,-0.056471479556288506,21.623862171173094,-0.009587681867368206,0.03159051593007449
2011-05-24,18.442180633544922,18.78927230834961,17.95625114440918,18.78927230834961,12.033860206604004,9215843,0.0037013942429800386,21.43643217086792,-0.009095551154804055,0.031723418901825395
2011-05-25,18.74299430847168,18.74299430847168,17.863693237304688,17.863693237304688,11.441060066223145,13297608,-0.05051574279940247,21.202723217010497,-0.011621338294774181,0.032948478154401196
2011-05-26,17.95625114440918,18.0950870513916,17.076950073242188,17.354623794555664,11.115018844604492,21582143,-0.028911370258691237,20.927363109588622,-0.013780477909175984,0.03257518795175525
2011-05-27,17.354623794555664,17.794275283813477,17.354623794555664,17.400903701782227,11.144658088684082,12889215,0.002663169740967613,20.66241588592529,-0.013291804719265188,0.03275333707180339
2011-05-30,17.424043655395508,17.678577423095703,17.354623794555664,17.58601951599121,11.263219833374023,5965989,0.010582098946237836,20.43796272277832,-0.011367262783792138,0.0329793172429142
2011-05-31,17.95625114440918,18.41904067993164,17.817413330078125,18.164506912231445,11.633721351623535,19077767,0.03236527966631411,20.31185245513916,-0.006501102710991977,0.031815304335912974
2011-06-01,18.257064819335938,18.604156494140625,18.187646865844727,18.41904067993164,11.796740531921387,14578966,0.013915428751374383,20.17301540374756,-0.007020861835547535,0.03136720400857876
2011-06-02,18.28020477294922,18.627296447753906,18.0950870513916,18.534738540649414,11.870840072631836,11186499,0.006261781133060071,20.065416717529295,-0.005492242216770258,0.031224895490869528
2011-06-03,18.74299430847168,18.928110122680664,18.627296447753906,18.835552215576172,12.063498497009277,5931416,0.016099429047860873,19.919637870788574,-0.007195975592347664,0.028868388025707268
2011-06-07,18.74299430847168,18.974388122558594,18.395902633666992,18.974388122558594,12.152420043945312,6076190,0.007343916955594465,19.74609155654907,-0.008399590189048697,0.027649904006440316
2011-06-08,18.7198543548584,19.15950584411621,18.650436401367188,18.650436401367188,11.944939613342285,5497093,-0.01722053090311369,19.570231342315672,-0.008638202669927486,0.027707214543002633
2011-06-09,18.696714401245117,18.858692169189453,18.164506912231445,18.164506912231445,11.633721351623535,3936990,-0.026400024984776074,19.372388648986817,-0.009853708621145058,0.027937108000035422
2011-06-10,18.81241226196289,19.06694793701172,18.511598587036133,18.511598587036133,11.856019020080566,10477754,0.018927965915029592,19.1884295463562,-0.009063971491858135,0.02854028432497767
2011-06-13,18.511598587036133,18.74299430847168,18.187646865844727,18.395902633666992,11.781920433044434,3980207,-0.006269529418898789,18.99868564605713,-0.009377447962803074,0.028469833282004916
2011-06-14,18.581018447875977,18.604156494140625,18.141366958618164,18.233924865722656,11.678180694580078,4956891,-0.008844094269556284,18.84133701324463,-0.007960701081654831,0.02770835870241668
2011-06-15,18.257064819335938,18.34962272644043,17.609159469604492,17.863693237304688,11.441060066223145,8003630,-0.020513520321402943,18.666633796691894,-0.008932234177631919,0.027795021058740033
2011-06-16,17.724855422973633,17.724855422973633,17.53973960876465,17.58601951599121,11.263219833374023,4325936,-0.01566610157148559,18.45722131729126,-0.010681235782047004,0.02701366100342121
2011-06-17,17.678577423095703,18.048809051513672,17.56287956237793,17.95625114440918,11.500338554382324,6808703,0.020834066776571313,18.29061689376831,-0.008511058970864432,0.027741960033208262
2011-06-20,18.187646865844727,18.257064819335938,17.678577423095703,17.95625114440918,11.500338554382324,6391668,0.0,18.198058891296387,-0.00490589314538126,0.023386038431124165
2011-06-21,18.233924865722656,18.511598587036133,18.0950870513916,18.3033447265625,11.722639083862305,5443073,0.019145507611269163,18.17723340988159,-0.0011250437870033761,0.02055133856004164
2011-06-22,18.37276268005371,18.488460540771484,18.141366958618164,18.210786819458008,11.663361549377441,3258497,-0.005069714186211796,18.14830913543701,-0.001563599208462968,0.02053650423658593
2011-06-23,18.233924865722656,18.37276268005371,18.118228912353516,18.141366958618164,11.618897438049316,1356986,-0.0038193030129484947,18.162192821502686,0.0007712227808597309,0.017033960014901553
2011-06-24,18.141366958618164,18.465320587158203,18.141366958618164,18.37276268005371,11.76710033416748,2191058,0.01267448088627682,18.21309976577759,0.002850515338108134,0.015706388501089602
2011-06-27,18.28020477294922,18.81241226196289,18.28020477294922,18.511598587036133,11.856019020080566,5669958,0.007528207506386509,18.268634510040282,0.0030937672263790785,0.015740969727403256
2011-06-28,18.557878494262695,18.67357635498047,18.465320587158203,18.511598587036133,11.856019020080566,2376888,0.0,18.31491346359253,0.002564662279067187,0.01565362186779867
2011-06-29,18.511598587036133,18.81241226196289,18.511598587036133,18.74299430847168,12.004220962524414,4695434,0.012422559431830097,18.343837833404542,0.0015675262673429864,0.014225435723816564
2011-06-30,18.78927230834961,18.835552215576172,18.581018447875977,18.67357635498047,11.959761619567871,3632317,-0.0037105502672692206,18.356564617156984,0.000686227316410806,0.013963770883494955
2011-07-01,18.74299430847168,18.74299430847168,17.840553283691406,18.32648277282715,11.737459182739258,7774584,-0.01876233565121432,18.34615182876587,-0.0005649785228029135,0.014546840005107581
2011-07-04,18.32648277282715,18.604156494140625,18.28020477294922,18.488460540771484,11.84119987487793,4697595,0.00879962311880855,18.328797245025633,-0.0009299688192555297,0.014194011810850216
2011-07-05,18.650436401367188,19.043807983398438,18.557878494262695,18.904970169067383,12.107962608337402,6212321,0.022278076487289415,18.325326347351073,-0.0001832608426707823,0.015020922565285963
2011-07-06,19.182645797729492,19.59915542602539,18.974388122558594,19.59915542602539,12.552559852600098,8993280,0.03606161539626809,18.372762298583986,0.0024808464722983073,0.016493072399430254
2011-07-07,19.6685733795166,19.737993240356445,19.414039611816406,19.55287742614746,12.522920608520508,4758097,-0.0023640162749654246,18.442180824279784,0.0036826469077888397,0.015094245643655024
2011-07-08,19.714853286743164,19.830551147460938,18.997528076171875,19.182645797729492,12.28580093383789,6028652,-0.019116452924038144,18.47573318481445,0.0017804259658354526,0.01546455895662884
2011-07-11,19.182645797729492,19.6685733795166,18.974388122558594,19.483457565307617,12.478460311889648,6571015,0.015559769949824987,18.530110931396486,0.0028718909342716416,0.015635892774275816
2011-07-12,19.437179565429688,19.6685733795166,18.81241226196289,18.928110122680664,12.122779846191406,5451716,-0.028917650353220584,18.564820194244383,0.0018682131300884267,0.017011304225201827
2011-07-13,19.15950584411621,19.691713333129883,19.043807983398438,19.6685733795166,12.597021102905273,6320361,0.03837397684221987,18.655064201354982,0.004812587988269568,0.018000945710840034
2011-07-14,19.761131286621094,19.96938705444336,19.252063751220703,19.344621658325195,12.389538764953613,9879211,-0.016607671672712536,18.74299430847168,0.00476550948320822,0.018058462593176422
2011-07-15,19.252063751220703,19.344621658325195,18.604156494140625,19.298341751098633,12.359901428222656,7500162,-0.00239525777890671,18.81009883880615,0.0036040432554343186,0.01771432862147237
2011-07-18,19.52973747253418,20.640432357788086,19.344621658325195,20.617294311523438,13.204642295837402,20164653,0.06611108068586327,18.943150997161865,0.0069095972897274816,0.022522220820138064
2011-07-19,20.640432357788086,21.519733428955078,20.640432357788086,21.14950180053711,13.545503616333008,17820177,0.025486096411485942,19.085458850860597,0.007226626729738321,0.02274702623439561
2011-07-20,21.380897521972656,21.427175521850586,20.871828079223633,21.14950180053711,13.545503616333008,9814386,0.0,19.23239459991455,0.007480112439048911,0.02263073815752019
2011-07-21,21.357757568359375,22.190780639648438,21.195781707763672,21.93624496459961,14.049384117126465,14563841,0.036523940313961806,19.422138500213624,0.009497274605394426,0.0233568925536526
2011-07-22,21.982524871826172,22.167640686035156,21.704849243164062,21.751129150390625,13.93082332611084,9786296,-0.008474618851005805,19.59105682373047,0.008439819618530294,0.023681965444712547
2011-07-25,21.843687057495117,21.982524871826172,20.663572311401367,20.663572311401367,13.234284400939941,8267248,-0.051293312848527006,19.69865550994873,0.005498743600784619,0.02719335423263275
2011-07-26,20.663572311401367,21.2420597076416,20.663572311401367,20.75613021850586,13.293560028076172,9714989,0.004469276963233213,19.810882091522217,0.00572220744894628,0.027164137225150584
2011-07-27,20.75613021850586,21.519733428955078,20.36275863647461,20.964385986328125,13.426941871643066,16703040,0.009983457372606249,19.921951675415038,0.005600252345985088,0.027137934942403154
2011-07-28,20.964385986328125,21.54287338256836,20.732990264892578,20.802410125732422,13.323202133178711,10488558,-0.007756241210819012,20.028393363952638,0.005397967798807597,0.02722592537685305
2011-07-29,20.82554817199707,21.010665893554688,19.92310905456543,19.99252700805664,12.804502487182617,11944942,-0.039710297291721534,20.111695575714112,0.004350569716782237,0.028573878116512706
2011-08-01,20.36275863647461,20.732990264892578,20.223922729492188,20.732990264892578,13.278743743896484,9220164,0.03636761009834613,20.223922061920167,0.005728969065759116,0.029451262867252897
2011-08-02,20.501596450805664,21.10322380065918,20.501596450805664,20.75613021850586,13.293560028076172,6851920,0.001115471031588415,20.31648006439209,0.004670838792974067,0.029204523279093193
2011-08-03,20.36275863647461,20.547874450683594,19.321481704711914,19.853689193725586,12.715580940246582,19879427,-0.04445179180960128,20.3292067527771,0.0006451684326805974,0.030182524539338017
2011-08-04,19.437179565429688,19.737993240356445,18.465320587158203,18.465320587158203,11.82638168334961,23978478,-0.07249543341655781,20.274828910827637,-0.002861402424399022,0.03433831880332493
2011-08-05,17.19264793395996,17.19264793395996,17.19264793395996,17.19264793395996,11.011280059814453,7958253,-0.07141256329774313,20.17532901763916,-0.0054762079430842716,0.03748794434907191
2011-08-08,16.660438537597656,16.868694305419922,15.989394187927246,15.989394187927246,10.24063777923584,23276216,-0.07255620754419656,20.00062584877014,-0.009882006817785349,0.039980630945332746
2011-08-09,14.878698348999023,15.734859466552734,14.878698348999023,15.202651023864746,9.736756324768066,53194754,-0.05045581708479995,19.814352893829344,-0.010958915154364318,0.040801992913413555
2011-08-10,15.943115234375,16.243928909301758,15.526603698730469,16.220788955688477,10.388838768005371,33148945,0.0648238663127902,19.64196367263794,-0.0096364206808358,0.042861813325788665
2011-08-11,15.642300605773926,16.290206909179688,15.59602165222168,15.873696327209473,10.166537284851074,20216513,-0.021630268136275943,19.468417406082153,-0.00988755050401397,0.04291948306363978
2011-08-12,16.33648681640625,16.429044723510742,16.081951141357422,16.197649002075195,10.374016761779785,19248471,0.02020268809226912,19.31338276863098,-0.00875765321045518,0.04342162519272595
2011-08-15,16.637300491333008,17.14636993408203,16.429044723510742,16.591020584106445,10.625959396362305,14682685,0.023995511961280757,19.11206908226013,-0.010863431646684305,0.040524242004179895
2011-08-16,16.84555435180664,16.868694305419922,16.05881118774414,16.081951141357422,10.299917221069336,15374144,-0.03116402431310073,18.85869154930115,-0.013695937682913639,0.03982358047419166
2011-08-17,16.081951141357422,16.35962677001953,16.035673141479492,16.035673141479492,10.270277976989746,9686899,-0.002881784250129334,18.603000116348266,-0.013840026895420104,0.03977660357370524
2011-08-18,16.05881118774414,16.174509048461914,15.503463745117188,15.503463745117188,9.92941665649414,7662222,-0.03375234538929831,18.281361055374145,-0.01735384118058311,0.038164753002749005
2011-08-19,14.92497730255127,14.92497730255127,14.439046859741211,14.439046859741211,9.247694969177246,27848484,-0.07112734204399346,17.915756940841675,-0.020486477340232494,0.03992815896161124
2011-08-22,14.531604766845703,15.086953163146973,14.36962890625,14.647302627563477,9.381075859069824,16854297,0.014320073182301964,17.61494345664978,-0.017205808038691046,0.03995924154167417
2011-08-23,14.901837348937988,15.040674209594727,14.554744720458984,15.017535209655762,9.618196487426758,9004084,0.02496233478917889,17.328013706207276,-0.01618115514739376,0.040798234866286885
2011-08-24,15.017535209655762,15.063814163208008,13.999397277832031,14.392767906188965,9.21805477142334,15629119,-0.04249268062849436,16.999432802200317,-0.018804962047448793,0.04071430989075927
2011-08-25,14.439046859741211,14.485325813293457,13.397769927978516,13.397769927978516,8.580793380737305,19367316,-0.07163758186419446,16.629200792312623,-0.02199902908011756,0.0422776634867796
2011-08-26,13.42090892791748,13.860560417175293,12.911840438842773,13.235793113708496,8.47705364227295,14323991,-0.012163510459642438,16.291364097595213,-0.020621689738513607,0.04211870624528645
2011-08-29,13.5828857421875,14.161373138427734,13.467187881469727,14.161373138427734,9.069855690002441,11534389,0.06759329725465099,15.962783241271973,-0.019060405380698368,0.04483365415748556
2011-08-30,14.531604766845703,15.040674209594727,14.346488952636719,14.901837348937988,9.544095993041992,18144299,0.050966460741576354,15.670068597793579,-0.01656785589519897,0.04733059224795271
2011-08-31,15.1563720703125,15.410905838012695,14.809279441833496,15.36462688446045,9.840496063232422,17217312,0.030583394457729233,15.445615482330322,-0.012816096581832446,0.04797352716104264
2011-09-01,15.549742698669434,15.850557327270508,15.248929977416992,15.248929977416992,9.766395568847656,12307958,-0.007558576639669206,15.284795951843261,-0.009569253742988015,0.045873341277719956
2011-09-02,15.36462688446045,15.688579559326172,15.110093116760254,15.549742698669434,9.959056854248047,8450917,0.01953475660255009,15.202650690078736,-0.005021887747973353,0.04388488715486936
2011-09-05,15.225790023803711,16.151369094848633,15.040674209594727,15.78113842010498,10.107256889343262,18665053,0.014771364262464838,15.192237901687623,-0.0006555091576402823,0.04106565111356802
2011-09-06,15.78113842010498,15.966254234313965,14.739860534667969,14.832419395446777,9.499635696411133,11002830,-0.06200017122567606,15.173726320266724,-0.0012327268646840877,0.041875630154076866
2011-09-07,15.36462688446045,15.457184791564941,15.1563720703125,15.225790023803711,9.751575469970703,6380864,0.026175417338959485,15.123976373672486,-0.0031651493133756244,0.03949073665616762
2011-09-08,15.503463745117188,15.919975280761719,15.457184791564941,15.804278373718262,10.122076034545898,13012381,0.03728998436977543,15.120505475997925,-0.00021913668807305476,0.04023151734628081
2011-09-09,15.734859466552734,16.614160537719727,15.549742698669434,16.243928909301758,10.403657913208008,17046608,0.027438546861856226,15.122819471359254,0.00014265625040630058,0.040456736750236075
2011-09-13,15.78113842010498,15.966254234313965,15.179511070251465,15.225790023803711,9.751575469970703,8483329,-0.06472853123163155,15.054557943344117,-0.004293545909239315,0.0425155809636279
2011-09-14,15.457184791564941,15.549742698669434,14.161373138427734,14.161373138427734,9.069855690002441,12299315,-0.07247264553793459,14.958529043197633,-0.006358976970481008,0.044830067903240255
2011-09-15,14.739860534667969,14.948116302490234,14.531604766845703,14.716720581054688,9.425535202026367,7158754,0.03846624525017634,14.892581415176391,-0.004291575495465725,0.04593856966629311
2011-09-16,14.901837348937988,15.549742698669434,14.809279441833496,15.526603698730469,9.94423770904541,8308304,0.05357061844254494,14.893738412857056,7.457269612643861e-05,0.04712554509006329
2011-09-19,15.619161605834961,15.642300605773926,15.110093116760254,15.110093116760254,9.677474975585938,4198448,-0.027191981452180956,14.927290725708009,0.002271340725717064,0.04458744189356154
2011-09-20,15.040674209594727,15.36462688446045,14.716720581054688,15.248929977416992,9.766395568847656,4589554,0.009146396319096138,14.957372093200684,0.0020126568825567727,0.04452882898610993
2011-09-21,15.503463745117188,15.503463745117188,15.086953163146973,15.110093116760254,9.677474975585938,4997947,-0.009146396319096079,14.961999988555908,0.0003072203271430242,0.04425594344983154
2011-09-22,15.017535209655762,15.017535209655762,14.60102367401123,14.60102367401123,9.351435661315918,5039002,-0.03427129794266107,14.97241277694702,0.0007182894614346884,0.04387400916819032
2011-09-23,13.721722602844238,14.346488952636719,13.698582649230957,14.346488952636719,9.188414573669434,13247909,-0.01758640093631848,15.019848728179932,0.003420848507828487,0.040734866738975785
2011-09-26,13.768001556396484,13.768001556396484,13.768001556396484,13.768001556396484,8.817914962768555,3131009,-0.04115806802463987,15.04645915031433,0.001971120629578616,0.0418201860934736
2011-09-27,14.184513092041016,14.253931045532227,13.374629974365234,14.161373138427734,9.069855690002441,15350375,0.028170884663079383,15.04645915031433,3.573530360512223e-17,0.039424866967458644
2011-09-28,14.13823413848877,14.13823413848877,13.444048881530762,13.768001556396484,8.817914962768555,11473886,-0.028170884663079324,14.989767360687257,-0.003956867270232748,0.03798543018671593
2011-09-29,13.559745788574219,14.161373138427734,13.374629974365234,14.161373138427734,9.069855690002441,17474448,0.028170884663079383,14.92960467338562,-0.00407749275996524,0.03787363822586086
2011-09-30,14.115094184875488,14.300209999084473,13.860560417175293,14.022536277770996,8.980936050415039,7951770,-0.009852287108289778,14.868284988403321,-0.0041921782833962695,0.03788820412616056
2011-10-03,13.652303695678711,13.837420463562012,13.18951416015625,13.79114055633545,8.832735061645508,11510620,-0.016639372179660668,14.780354881286621,-0.006000884722506808,0.03755791390664365
2011-10-04,13.559745788574219,13.629164695739746,13.18951416015625,13.235793113708496,8.47705364227295,10095291,-0.04110163796670043,14.653087615966797,-0.008794534833965072,0.03800680546737953
2011-10-05,13.42090892791748,13.559745788574219,13.073817253112793,13.073817253112793,8.373313903808594,8608656,-0.012313212155731642,14.565157508850097,-0.006310186880467849,0.03591212200126142
2011-10-06,13.374629974365234,13.698582649230957,13.282072067260742,13.282072067260742,8.506693840026855,11936299,0.01580361383179002,14.46797161102295,-0.006828777055826324,0.03549073756932321
2011-10-07,13.860560417175293,13.929978370666504,13.860560417175293,13.929978370666504,8.921655654907227,2439551,0.04762807403633165,14.374256610870361,-0.006311872572498513,0.03623461294290704
2011-10-11,14.346488952636719,14.901837348937988,14.300209999084473,14.901837348937988,9.544095993041992,21742043,0.06744128228383704,14.307152032852173,-0.00431173580139947,0.03918003145033068
2011-10-12,14.809279441833496,15.318347930908203,14.60102367401123,15.272068977355957,9.781214714050293,24369584,0.02454108564444613,14.309465980529785,0.00015174504240441383,0.0369567779802842
2011-10-13,15.457184791564941,15.71172046661377,15.063814163208008,15.71172046661377,10.062797546386719,31435424,0.028381357375019838,14.386983346939086,0.005194445188052135,0.033217225830094274
2011-10-14,15.272068977355957,15.642300605773926,15.272068977355957,15.619161605834961,10.003515243530273,14161931,-0.005908491809193117,14.4321053981781,0.0029757083350836623,0.03234851693601927
2011-10-17,15.734859466552734,15.827417373657227,15.36462688446045,15.734859466552734,10.077615737915039,17171935,0.00738013064331705,14.442518186569213,0.0006661839451222677,0.030118171084622513
2011-10-18,15.272068977355957,15.457184791564941,14.948116302490234,15.017535209655762,9.618196487426758,9792778,-0.04666006689748591,14.43789029121399,-0.0003072203271429801,0.031355119352128244
2011-10-19,15.272068977355957,15.410905838012695,15.017535209655762,15.040674209594727,9.633014678955078,8293178,0.00153961296808885,14.427477502822876,-0.0006875594946933446,0.03128045753637716
2011-10-20,14.855558395385742,14.948116302490234,14.485325813293457,14.554744720458984,9.321794509887695,8781520,-0.03284110719729247,14.399710083007813,-0.001872295038603164,0.03205677545040673
2011-10-21,14.554744720458984,14.57788372039795,14.161373138427734,14.253931045532227,9.129135131835938,8563279,-0.020884306569405806,14.382355451583862,-0.0012029454699404006,0.03147923359734412
2011-10-24,14.57788372039795,14.878698348999023,14.531604766845703,14.647302627563477,9.381075859069824,12640722,0.02722346600943039,14.397396135330201,0.0010375478773470429,0.03184431524698506
2011-10-25,14.64104175567627,14.901222229003906,14.570082664489746,14.782958030700684,9.73526668548584,16095391,0.009218835365115197,14.44814395904541,0.0035563930468347966,0.03028524019637497
2011-10-26,14.711999893188477,15.421582221984863,14.593735694885254,15.350624084472656,10.109103202819824,20530396,0.03768109728522281,14.507606506347656,0.004031903677941967,0.030762947411931297
2011-10-27,15.374276161193848,16.367691040039062,15.350624084472656,16.13116455078125,10.623125076293945,41001603,0.04959695717191245,14.625764656066895,0.007920295769691556,0.03138687489490833
2011-10-28,16.93535614013672,17.242841720581055,16.84074592590332,17.242841720581055,11.355216026306152,52900862,0.06664399728487459,14.77983808517456,0.009843951400781318,0.03378099757577728
2011-10-31,17.361106872558594,17.5739803314209,17.02996826171875,17.148231506347656,11.2929105758667,38245050,-0.005502035501023127,14.936122846603393,0.01006146398114465,0.03366129388576312
2011-11-01,17.148231506347656,17.361106872558594,16.793439865112305,17.361106872558594,11.433097839355469,26863702,0.012337418008236262,15.11462116241455,0.011510303490539494,0.033069968895134534
2011-11-02,17.02996826171875,18.02338218688965,16.982662200927734,17.881465911865234,11.775777816772461,35788675,0.02953228536726971,15.346904802322388,0.015041999657238,0.03085292095901885
2011-11-03,17.881465911865234,18.543743133544922,17.786855697631836,17.99972915649414,11.853660583496094,46865618,0.006591958414616599,15.593200397491454,0.015987258185755415,0.030254514419400632
2011-11-04,18.63835334777832,18.874881744384766,18.236257553100586,18.543743133544922,12.211919784545898,43567902,0.029775723851341234,15.856283950805665,0.016685863686732978,0.030410960869884318
2011-11-07,18.662006378173828,18.662006378173828,18.070688247680664,18.259910583496094,12.025001525878906,17156579,-0.01542445646928575,16.072780561447143,0.013533237161452105,0.030302488588622375
2011-11-08,18.070688247680664,18.63835334777832,17.976076126098633,17.976076126098633,11.83808422088623,27064524,-0.015666208555316648,16.226492500305177,0.00937786261949442,0.02814227296788367
2011-11-09,18.212604522705078,18.354520797729492,17.266494750976562,17.503021240234375,11.526556968688965,28800053,-0.026668261420652904,16.338040113449097,0.006817395266239469,0.02900639030559539
2011-11-10,16.93535614013672,17.21919059753418,16.414997100830078,16.604219436645508,10.934651374816895,28575978,-0.052716662333666855,16.382665061950682,0.0027624942808051334,0.03140273035824211
2011-11-11,16.93535614013672,17.763202667236328,16.888050079345703,17.763202667236328,11.697897911071777,42724448,0.06747220567492265,16.48986711502075,0.006431529155010922,0.03447304241674784
2011-11-14,18.212604522705078,18.4727840423584,17.763202667236328,17.763202667236328,11.697897911071777,49666563,0.0,16.59128427505493,0.00606252262284507,0.034501841157540944
2011-11-15,17.763202667236328,17.763202667236328,17.266494750976562,17.361106872558594,11.433097839355469,30078975,-0.022896584529227812,16.708462858200072,0.007250696741257975,0.03296560177593906
2011-11-16,17.503021240234375,18.070688247680664,17.361106872558594,17.361106872558594,11.433097839355469,39574706,0.0,16.824484491348265,0.007173716092853532,0.032981433942775085
2011-11-17,17.361106872558594,17.715896606445312,16.698829650878906,17.621286392211914,11.604440689086914,22724646,0.01487515820699256,16.977811574935913,0.009559529363067783,0.03163276843800819
2011-11-18,17.148231506347656,17.4793701171875,16.93535614013672,17.02996826171875,11.21502685546875,17141781,-0.034132994342662044,17.11661343574524,0.008897094974404971,0.03243247384717574
2011-11-21,17.02996826171875,17.02996826171875,15.98924732208252,15.98924732208252,10.529664993286133,22517481,-0.06305817705572685,17.183710670471193,0.00438301282114711,0.03585027958563568
2011-11-22,16.13116455078125,16.48595428466797,15.847331047058105,16.107511520385742,10.607548713684082,20460637,0.007369263300897464,17.249938344955446,0.004290534217936223,0.035839532603424554
2011-11-23,15.800025939941406,15.800025939941406,14.995833396911621,14.995833396911621,9.875454902648926,57450019,-0.07151332827236809,17.232198810577394,-0.001169187059943321,0.038689108072361596
2011-11-24,14.617388725280762,15.468887329101562,14.617388725280762,15.232359886169434,10.031219482421875,55731401,0.015649715773788552,17.187258577346803,-0.002866549129849515,0.037054829870353814
2011-11-25,15.350624084472656,15.587150573730469,14.167986869812012,14.167986869812012,9.330279350280762,48698388,-0.0724371310200308,17.033515834808348,-0.009820605545094785,0.03636750986861551
2011-11-28,14.451820373535156,14.830263137817383,14.40451431274414,14.782958030700684,9.73526668548584,20200624,0.042490059159886455,16.915252161026,-0.007421000812049307,0.03820437646739566
2011-11-29,15.066790580749512,15.137748718261719,14.782958030700684,15.137748718261719,9.968914031982422,18744133,0.023716506457397635,16.804084253311157,-0.006852046389591237,0.03859682854844817
2011-11-30,15.137748718261719,15.279664993286133,14.286251068115234,14.357209205627441,9.454891204833984,21046193,-0.052939339627189025,16.627871417999266,-0.010975627639314174,0.038909293207394856
2011-12-01,15.350624084472656,15.350624084472656,15.185053825378418,15.350624084472656,10.109103202819824,19369854,0.06690393045501421,16.495416164398193,-0.007960029037294295,0.04251282014114712
2011-12-02,15.374276161193848,15.847331047058105,15.374276161193848,15.75271987915039,10.373900413513184,35482156,0.025856910926383286,16.355865001678467,-0.00815596968354219,0.04233841616161922
2011-12-05,15.894637107849121,15.918289184570312,15.516193389892578,15.823678016662598,10.42063045501709,18509488,0.004494385787103218,16.234053373336792,-0.007160027570722744,0.04239268231164936
2011-12-06,15.610803604125977,15.658108711242676,14.901222229003906,14.924874305725098,9.828726768493652,20194283,-0.05847818937288212,16.081493282318114,-0.009300626611601016,0.043898930624000826
2011-12-07,15.09044361114502,15.468887329101562,15.09044361114502,15.232359886169434,10.031219482421875,16938845,0.020392867234317012,15.967960214614868,-0.006947570178852521,0.04417938161338976
2011-12-08,15.137748718261719,15.161401748657227,14.475472450256348,15.066790580749512,9.9221830368042,13981470,-0.010929082228272846,15.891088771820069,-0.00485819117358282,0.04286961258714091
2011-12-09,14.475472450256348,15.043137550354004,14.475472450256348,14.924874305725098,9.828726768493652,9599313,-0.009463785006044044,15.749172353744507,-0.008704990707631154,0.039344522682555054
2011-12-12,15.185053825378418,15.374276161193848,14.806611061096191,14.948527336120605,9.844303131103516,11673069,0.0015835515233150375,15.60843858718872,-0.008625813131465404,0.03936455104030472
2011-12-13,14.806611061096191,14.877569198608398,13.907807350158691,14.097028732299805,9.283550262451172,33503527,-0.0586487420674293,15.445234680175782,-0.010413421008375476,0.04083117833360591
2011-12-14,13.813196182250977,14.073375701904297,13.482057571411133,14.073375701904297,9.267974853515625,23976087,-0.0016792826676801699,15.280848121643066,-0.010497385141759486,0.04081035871729181
2011-12-15,13.718585014343262,14.00241756439209,13.671279907226562,13.907807350158691,9.158941268920898,13613648,-0.011834401983363448,15.095174169540405,-0.011832863151277287,0.040371025189268835
2011-12-16,13.907807350158691,14.333556175231934,13.718585014343262,14.120680809020996,9.299126625061035,20433156,0.01519008451799306,14.949709796905518,-0.009366709208244532,0.04044351445371382
2011-12-19,13.95511245727539,14.286251068115234,13.505709648132324,13.529362678527832,8.909716606140137,19710195,-0.04277811008749096,14.826715564727783,-0.008352705859832738,0.03926352485669384
2011-12-20,13.718585014343262,14.097028732299805,13.694931983947754,14.026070594787598,9.236822128295898,14512064,0.03605544648804007,14.722643518447876,-0.006918396700475607,0.04037627112200843
2011-12-21,14.972180366516113,14.995833396911621,14.664693832397461,14.995833396911621,9.875454902648926,20314776,0.06685460573714412,14.722643518447876,4.163336342344337e-18,0.04057954408865657
2011-12-22,14.901222229003906,14.972180366516113,14.617388725280762,14.782958030700684,9.73526668548584,14361976,-0.014297356086355795,14.70017342567444,-0.001497353593007213,0.04052416303368378
2011-12-23,15.114095687866211,15.705414772033691,15.066790580749512,15.468887329101562,10.186984062194824,27510562,0.045355704680051255,14.765218448638915,0.004392288191996889,0.03816235913695499
2011-12-26,15.468887329101562,15.823678016662598,15.374276161193848,15.658108711242676,10.311594009399414,23031164,0.012158173747374703,14.808975982666016,0.0028756939213713016,0.037158136535597686
2011-12-27,15.75271987915039,16.060205459594727,15.563497543334961,15.610803604125977,10.28044319152832,16023517,-0.0030256980306092034,14.832628726959229,0.0015385836969709595,0.036848584054728524
2011-12-28,15.445235252380371,15.705414772033691,15.397929191589355,15.421582221984863,10.155832290649414,9142706,-0.012195241986304095,14.8858473777771,0.0035757885790152063,0.03474441610077078
2011-12-29,15.421582221984863,15.658108711242676,15.208706855773926,15.516193389892578,10.218138694763184,9212465,0.0061162421004209095,14.894125843048096,0.0005364041612855414,0.03141199716445891
2011-12-30,15.75271987915039,15.800025939941406,15.326971054077148,15.326971054077148,10.093524932861328,13091510,-0.012270122943993869,14.872838401794434,-0.0013699475322333163,0.030947964212791952
2012-01-02,15.468887329101562,15.563497543334961,15.043137550354004,15.09044361114502,9.937760353088379,22711962,-0.015552420419506227,14.836176681518555,-0.0023722878425637885,0.031072421093287058
2012-01-03,15.279664993286133,15.610803604125977,15.232359886169434,15.421582221984863,10.155832290649414,49311424,0.021706301263079104,14.861012077331543,0.0016369366892342728,0.028520390064537143
2012-01-04,15.610803604125977,15.681761741638184,15.30331802368164,15.350624084472656,10.109103202819824,35869004,-0.004611841125289855,14.866925287246705,0.00038670127125392935,0.028201195253495258
2012-01-05,15.610803604125977,15.610803604125977,15.397929191589355,15.610803604125977,10.28044319152832,34780335,0.016807083111593867,14.894125938415527,0.001773509538247265,0.028297254935655287
2012-01-06,15.705414772033691,15.918289184570312,15.516193389892578,15.563497543334961,10.249289512634277,17342604,-0.003034941946450314,14.92605710029602,0.0020949516912269514,0.028199231061583716
2012-01-09,15.681761741638184,15.98924732208252,15.634455680847168,15.94194221496582,10.498512268066406,30772341,0.024025239954193048,14.975727844238282,0.003217036112770852,0.028621146544589776
2012-01-10,16.249427795410156,16.793439865112305,16.249427795410156,16.58056640625,10.919076919555664,44732673,0.039277799846158236,15.09990472793579,0.00811336320845023,0.02570864522996777
2012-01-11,16.793439865112305,16.84074592590332,16.556913375854492,16.556913375854492,10.903499603271484,30772341,-0.0014275699038082774,15.2240816116333,0.008125948846643824,0.025703660066099195
2012-01-12,16.746135711669922,16.746135711669922,16.39134407043457,16.46230125427246,10.841194152832031,15110304,-0.005730746874210172,15.35180630683899,0.008431131602101486,0.025489537952737493
2012-01-13,16.556913375854492,16.6751766204834,16.03655242919922,16.178468704223633,10.654276847839355,21420357,-0.017391728483251243,15.454695701599121,0.006802040952039272,0.02606941370485517
2012-01-16,16.65152359008789,16.982662200927734,16.46230125427246,16.48595428466797,10.856770515441895,37748279,0.018827497028314953,15.602525281906129,0.009882321307829569,0.023406398093725713
2012-01-17,16.65152359008789,16.888050079345703,16.58056640625,16.84074592590332,11.090417861938477,26897525,0.02129253981238511,15.743259048461914,0.00914417597404682,0.02276145564286996
2012-01-18,16.982662200927734,17.503021240234375,16.793439865112305,16.93535614013672,11.15272045135498,37900481,0.005602213156022459,15.840235185623168,0.006081556344990737,0.018264219282494297
2012-01-30,17.55032730102539,17.55032730102539,17.077272415161133,17.171884536743164,11.308487892150879,22707734,0.01386991053714977,15.959681510925293,0.007489919676166015,0.017686957814145275
2012-01-31,17.195537567138672,17.55032730102539,16.93535614013672,17.29014778137207,11.386367797851562,24111377,0.006863420461367738,16.05074453353882,0.005565305465231839,0.01528024711799833
2012-02-01,17.4793701171875,17.621286392211914,17.171884536743164,17.29014778137207,11.386367797851562,25202160,0.0,16.13234648704529,0.004957396777863104,0.0152459636436508
2012-02-02,17.432064056396484,17.715896606445312,17.02996826171875,17.266494750976562,11.370792388916016,24282605,-0.0013689428344892118,16.215131044387817,0.005040234537669103,0.01520475041649066
2012-02-03,17.361106872558594,17.83416175842285,17.337453842163086,17.408411026000977,11.464250564575195,36253737,0.008185577682357663,16.314472484588624,0.006059275521102192,0.014662101004215928
2012-02-06,17.266494750976562,17.266494750976562,16.48595428466797,16.627870559692383,10.950228691101074,18758931,-0.04587324484132542,16.370056343078613,0.0034598011740148748,0.018703229385770553
2012-02-07,16.627870559692383,16.76978874206543,16.178468704223633,16.32038688659668,10.747735977172852,21494344,-0.018665181340112143,16.41972713470459,0.003140048254208961,0.019037973824598556
2012-02-08,16.556913375854492,16.864398956298828,16.367691040039062,16.698829650878906,10.996956825256348,23162227,0.022923580639709482,16.500146436691285,0.005063848307169746,0.018993633469680495
2012-02-09,16.533260345458984,17.195537567138672,16.509607315063477,16.84074592590332,11.090417861938477,29423660,0.008462666539319577,16.57110462188721,0.004401666570981771,0.01860986604095215
2012-02-10,16.864398956298828,17.5739803314209,16.84074592590332,17.313800811767578,11.401945114135742,38084392,0.027702615546151495,16.669263458251955,0.006017389404553838,0.019180163634442315
2012-02-13,17.5739803314209,17.73954963684082,17.408411026000977,17.408411026000977,11.464250564575195,23335569,0.005449563456257101,16.759143829345703,0.005449513421786999,0.019011284927386844
2012-02-14,17.455717086791992,17.597633361816406,16.982662200927734,16.982662200927734,11.18387508392334,17697742,-0.024760528622241533,16.830102062225343,0.004363234087997439,0.020110498356516283
2012-02-15,16.982662200927734,17.313800811767578,16.91170310974121,17.21919059753418,11.339641571044922,16769731,0.013831541166635309,16.89396448135376,0.003853549148619551,0.01971116371942552
2012-02-16,17.455717086791992,18.236257553100586,17.313800811767578,17.455717086791992,11.495404243469238,72788626,0.013642727473405553,16.93772201538086,0.0025717955299819173,0.018049875573737228
2012-02-17,17.881465911865234,17.881465911865234,16.93535614013672,17.02996826171875,11.21502685546875,33731830,-0.024692590736802217,16.961374759674072,0.0014085444883322202,0.019043511025286487
2012-02-20,17.503021240234375,17.786855697631836,17.361106872558594,17.455717086791992,11.495404243469238,21961520,0.024692590736802248,17.01104555130005,0.002929711368882841,0.019648689907051504
2012-02-21,17.455717086791992,17.644939422607422,17.313800811767578,17.361106872558594,11.433097839355469,8645935,-0.0054347546011327,17.070177459716795,0.003527560062988768,0.019174001309729474
2012-02-22,17.408411026000977,17.66859245300293,17.361106872558594,17.503021240234375,11.526556968688965,12322042,0.008141041187972115,17.121030807495117,0.002993237270971627,0.018871714169639522
2012-02-23,17.503021240234375,18.259910583496094,17.503021240234375,18.165298461914062,11.962696075439453,43772953,0.03713958781415743,17.187258434295654,0.0037855896710602423,0.019980573003885428
2012-02-24,18.330867767333984,18.591047286987305,17.881465911865234,17.952423095703125,11.822507858276367,38739708,-0.011787998913924135,17.238111782073975,0.0029160790675629134,0.020273599919787652
2012-02-29,18.165298461914062,18.543743133544922,18.165298461914062,18.520090103149414,12.196343421936035,31510099,0.03113099715921024,17.30552206039429,0.0037791333986659363,0.02111442029555581
2012-03-01,18.591047286987305,18.92218589782715,18.354520797729492,18.685659408569336,12.305378913879395,35970472,0.008900258726155354,17.375297641754152,0.003880975311905318,0.021134981984676074
2012-03-02,18.898534774780273,19.489852905273438,18.803922653198242,19.324283599853516,12.72594165802002,38995492,0.03360616951418727,17.47700443267822,0.00556128378761468,0.02212300336025592
2012-03-05,19.53715705871582,19.560810089111328,18.259910583496094,18.259910583496094,12.025001525878906,41422273,-0.05665454432381652,17.5266752243042,0.002797003713148315,0.026126287040405562
2012-03-06,17.976076126098633,18.354520797729492,17.313800811767578,17.92877197265625,11.806933403015137,32285908,-0.01830118312376622,17.55269327163696,0.0014726656728421207,0.026507291895785646
2012-03-07,17.408411026000977,18.141645431518555,17.408411026000977,18.047035217285156,11.88481330871582,15025747,0.00657462221791113,17.6236515045166,0.004095059025803949,0.024057988857559102
2012-03-08,18.117992401123047,18.259910583496094,17.692243576049805,17.786855697631836,11.71347427368164,19617182,-0.014521676836986378,17.69697494506836,0.004302234250960236,0.023868770182781756
2012-03-09,17.976076126098633,18.401826858520508,17.92877197265625,18.212604522705078,11.993849754333496,21807204,0.02365417000822654,17.77266368865967,0.00433876371938609,0.02389930829092944
2012-03-12,18.2835636138916,18.307214736938477,17.881465911865234,17.881465911865234,11.775777816772461,11734373,-0.018349158062057176,17.824699687957764,0.0029981724893172524,0.02440249482746296
2012-03-13,17.976076126098633,18.780269622802734,17.976076126098633,18.543743133544922,12.211919784545898,32712920,0.036367682265957726,17.88619680404663,0.0034314258253075637,0.024935299254380615
2012-03-14,19.158714294433594,19.442546844482422,19.040449142456055,19.135061264038086,12.601330757141113,31290252,0.03138988577399468,17.972529315948485,0.004728441941194443,0.02570845797368748
2012-03-15,19.040449142456055,19.135061264038086,18.591047286987305,18.898534774780273,12.44556713104248,20946838,-0.012437926630392313,18.068322944641114,0.005344572040786904,0.025105109477181545
2012-03-16,19.064102172851562,19.300630569458008,18.82757568359375,19.253324508666992,12.679211616516113,18923816,0.018599353655031133,18.170029640197754,0.005582962665206695,0.025212348587094462
2012-03-19,19.253324508666992,19.253324508666992,18.874881744384766,19.040449142456055,12.53902530670166,11157272,-0.0111181290717955,18.24926624298096,0.004344919837946643,0.025402962487689047
2012-03-20,18.92218589782715,19.040449142456055,18.662006378173828,18.756616592407227,12.352107048034668,10713349,-0.015019043404139175,18.33559865951538,0.0048285972045797945,0.024908259817969635
2012-03-21,18.756616592407227,19.040449142456055,18.73296546936035,18.851228713989258,12.414412498474121,9975591,0.005031520440095836,18.405374240875243,0.003845543689744474,0.02446710120975648
2012-03-22,18.851228713989258,19.206018447875977,18.780269622802734,18.851228713989258,12.414412498474121,10375122,0.0,18.479880332946777,0.004117281419801109,0.02438866133503352
2012-03-23,20.152128219604492,20.152128219604492,20.152128219604492,20.152128219604492,13.271119117736816,18854057,0.06673180611868898,18.612335681915283,0.007046819666336952,0.028129468914122945
2012-03-26,21.240154266357422,21.547639846801758,20.81440544128418,21.00362777709961,13.831868171691895,66402472,0.041385272439746996,18.75425214767456,0.00725910389761643,0.028383396516642213
2012-03-27,21.00362777709961,21.050931930541992,20.506919860839844,20.81440544128418,13.707258224487305,20314776,-0.009049857809752884,18.897351264953613,0.007396010952824992,0.028293147760936495
2012-03-28,20.861711502075195,21.192848205566406,20.672489166259766,21.050931930541992,13.863019943237305,16568909,0.011299515098836112,19.023893356323242,0.006404436849806287,0.027760029372601833
2012-03-29,20.956321716308594,20.956321716308594,19.584463119506836,19.868295669555664,13.084200859069824,25586894,-0.05781955255182188,19.083025169372558,0.0030684462859074243,0.031235674958004573
2012-03-30,19.63176727294922,20.577878952026367,19.395240783691406,20.577878952026367,13.551491737365723,18682829,0.035091382707564144,19.1457049369812,0.0031427069455762686,0.03131376528969759
2012-04-02,20.71979331970215,21.71320915222168,20.601530075073242,21.52398681640625,14.174551010131836,22430811,0.04495131758138681,19.30890874862671,0.008223000040836436,0.029277750795292767
2012-04-03,21.594945907592773,21.594945907592773,20.033864974975586,20.43596076965332,13.45803451538086,24625060,-0.051871847322157404,19.434268188476562,0.006544466830916876,0.03173745591675398
2012-04-05,19.442546844482422,20.71979331970215,19.206018447875977,20.71979331970215,13.644950866699219,30994303,0.01379331062553296,19.56790609359741,0.006905401251297967,0.031778837220940145
2012-04-06,21.00362777709961,21.500333786010742,20.71979331970215,21.287460327148438,14.018783569335938,41041767,0.027028739894494315,19.74293632507324,0.008982922087872002,0.03166228258670305
2012-04-09,21.050931930541992,21.949735641479492,20.861711502075195,21.358417510986328,14.065515518188477,49366386,0.003327742464961649,19.900226974487303,0.007966600710708758,0.03149233824248103
2012-04-10,21.760513305664062,22.115304946899414,21.358417510986328,21.382070541381836,14.081090927124023,36832951,0.0011068209039264867,20.075257205963133,0.008939399659007941,0.030932175936302212
2012-04-11,21.287460327148438,21.33476448059082,20.672489166259766,20.861711502075195,13.738409042358398,44398673,-0.024637252400768434,20.191155624389648,0.005889152925671634,0.031092554049435877
2012-04-12,20.861711502075195,21.33476448059082,20.601530075073242,20.672489166259766,13.613799095153809,35239055,-0.00911170273756479,20.26802701950073,0.003864073500093659,0.03066020117887654
2012-04-13,21.050931930541992,21.14554214477539,20.743446350097656,21.027280807495117,13.847445487976074,24660997,0.017016890163655603,20.374464321136475,0.0053368143397960555,0.030543129864579525
2012-04-16,21.00362777709961,21.405723571777344,20.81440544128418,21.098237991333008,13.894173622131348,27724068,0.003368848762923544,20.466709995269774,0.004575289095190676,0.0303845116206016
2012-04-17,21.098237991333008,21.287460327148438,20.459613800048828,20.506919860839844,13.50476360321045,31476277,-0.02842714610223646,20.540033531188964,0.003709838243668628,0.031093280399211224
2012-04-18,20.81440544128418,20.838058471679688,20.53057289123535,20.577878952026367,13.551491737365723,19851828,0.0034542781658456327,20.631096649169923,0.004633504322167868,0.030780445566676754
2012-04-19,20.672489166259766,20.69614028930664,20.152128219604492,20.152128219604492,13.271119117736816,24470744,-0.020906759884572468,20.696141624450682,0.003336590305934453,0.0313047732328052
2012-04-20,20.152128219604492,20.36500358581543,19.939254760742188,19.939254760742188,13.130928993225098,24608149,-0.010619511904230015,20.75054292678833,0.0028056147107229524,0.03145405083808049
2012-04-23,19.939254760742188,20.199434280395508,19.72637939453125,19.82098960876465,13.053046226501465,19166917,-0.005948932288236238,20.73398599624634,-0.0008284222096233085,0.027647926187411728
2012-04-24,19.773685455322266,20.010211944580078,19.489852905273438,19.679073333740234,12.959587097167969,16746478,-0.007185653646578881,20.66775827407837,-0.0032569685139396025,0.02581738526792338
2012-04-25,19.939254760742188,20.294044494628906,19.868295669555664,20.2703914642334,13.348997116088867,15890340,0.02960546895513648,20.64055757522583,-0.0013242021756951342,0.0267895116701979
2012-04-26,20.483266830444336,20.932668685913086,20.2703914642334,20.341350555419922,13.395729064941406,27153309,0.0034945146338562915,20.605078506469727,-0.0017144521989441255,0.026652438090584308
2012-04-27,20.648836135864258,20.648836135864258,19.584463119506836,19.63176727294922,12.928434371948242,17780185,-0.035506753980881406,20.593252086639403,-0.0005988122703971012,0.024565638166893354
2012-04-30,19.489852905273438,19.891948699951172,19.395240783691406,19.891948699951172,13.099776268005371,17010718,0.013166028497096503,20.558955574035643,-0.001695079980920483,0.023348149659938304
2012-05-02,19.891948699951172,20.43596076965332,19.891948699951172,20.43596076965332,13.45803451538086,18279071,0.026981069877639156,20.504554271697998,-0.0025935923661078663,0.021749621210685494
2012-05-03,20.43596076965332,20.55422592163086,20.128475189208984,20.152128219604492,13.271119117736816,15562683,-0.013986230143801877,20.490362644195557,-0.0006993115071900897,0.018662591654414164
2012-05-04,20.459613800048828,20.53057289123535,20.104822158813477,20.388656616210938,13.426881790161133,16055226,0.011668796318722696,20.473805809020995,-0.0008055372225306029,0.01858163005538463
2012-05-07,20.104822158813477,20.199434280395508,19.962907791137695,20.152128219604492,13.271119117736816,9831844,-0.011668796318722658,20.4170392036438,-0.002740414033191452,0.017514882370960837
2012-05-08,20.294044494628906,20.317697525024414,20.057518005371094,20.24673843383789,13.33342170715332,7314165,0.004683813930181378,20.361455249786378,-0.002672610459930465,0.017542213261277122
2012-05-09,20.010211944580078,20.459613800048828,19.962907791137695,20.341350555419922,13.395729064941406,9776882,0.004662071819766259,20.309419250488283,-0.002494847914138477,0.017600444294982222
2012-05-10,20.341350555419922,20.341350555419922,19.868295669555664,19.98655891418457,13.162081718444824,8920744,-0.01759579407079112,20.26566162109375,-0.0021427749976396107,0.017200077325163737
2012-05-11,19.91560173034668,19.98655891418457,19.489852905273438,19.513505935668945,12.85055160522461,12093739,-0.02395315542327294,20.20771245956421,-0.0028848476319250187,0.017825357225941498
2012-05-14,19.513505935668945,19.91560173034668,19.46619987487793,19.868295669555664,13.084200859069824,13996268,0.01801844092112465,20.149763202667238,-0.002834770094051566,0.017885516036973807
2012-05-15,19.773685455322266,20.743446350097656,19.584463119506836,20.62518310546875,13.58264446258545,14258394,0.03738753119089006,20.126110458374022,-0.00113383597265324,0.019999246157234276
2012-05-16,20.62518310546875,20.62518310546875,20.08116912841797,20.08116912841797,13.224388122558594,13364205,-0.026730293366850007,20.10482292175293,-0.0010489933358839175,0.019880613378944655
2012-05-17,20.17578125,20.388656616210938,20.128475189208984,20.341350555419922,13.395729064941406,11527208,0.012873270748899483,20.092996501922606,-0.0005780437067312251,0.020103221907396582
2012-05-18,20.057518005371094,20.341350555419922,19.868295669555664,20.08116912841797,13.224388122558594,12979472,-0.012873270748899475,20.089448547363283,-0.0001763692499475754,0.019752868078621633
2012-05-21,20.128475189208984,20.55422592163086,20.128475189208984,20.43596076965332,13.45803451538086,13349408,0.01751361514275364,20.11428384780884,0.0012302871024016074,0.019970561000397544
2012-05-22,20.71979331970215,20.956321716308594,20.62518310546875,20.71979331970215,13.644950866699219,14030090,0.01379331062553296,20.159224033355713,0.0022173992480900673,0.02008461493932989
2012-05-23,20.62518310546875,20.62518310546875,20.24673843383789,20.341350555419922,13.395729064941406,8626909,-0.01843365501938709,20.192337894439696,0.0016549991794496568,0.02051464964339813
2012-05-24,20.577878952026367,20.672489166259766,19.891948699951172,20.08116912841797,13.224388122558594,9990388,-0.012873270748899475,20.182876777648925,-0.0004689378057521408,0.01964927459478414
2012-05-25,20.128475189208984,20.199434280395508,18.993144989013672,19.3715877532959,12.757094383239746,28385725,-0.035975072885143185,20.134388637542724,-0.002442417181702115,0.021154656207648587
2012-05-28,19.3715877532959,19.53715705871582,18.92218589782715,19.513505935668945,12.85055160522461,16226454,0.007299394139978525,20.12847557067871,-0.0003021097756591181,0.019752287422530265
2012-05-29,19.584463119506836,20.459613800048828,19.584463119506836,20.388656616210938,13.426881790161133,21857938,0.04387186006283911,20.1533109664917,0.001233181802628012,0.021927765105807597
2012-05-30,20.24673843383789,20.294044494628906,20.104822158813477,20.2703914642334,13.348997116088867,10501957,-0.005817425202631239,20.145032501220705,-0.00040674295138550757,0.02111208312419664
2012-05-31,19.98655891418457,20.71979331970215,19.868295669555664,20.69614028930664,13.629374504089355,22399102,0.02078595066137356,20.17223310470581,0.0013318660888732643,0.02136518760344139
2012-06-01,20.412309646606445,20.483266830444336,19.868295669555664,19.962907791137695,13.146504402160645,10808475,-0.03607128224020723,20.15094566345215,-0.0010551378390732317,0.022770180417407485
2012-06-04,19.347936630249023,19.679073333740234,19.016796112060547,19.324283599853516,12.72594165802002,14598735,-0.03251341856421065,20.1095534324646,-0.0020973689513476314,0.02373803296800918
2012-06-05,19.773685455322266,19.962907791137695,19.655420303344727,19.72637939453125,12.990740776062012,9064491,0.020594272941150685,20.08353548049927,-0.001301846000799166,0.024238571924477356
2012-06-06,19.962907791137695,20.010211944580078,19.797338485717773,19.797338485717773,13.037469863891602,6641938,0.0035907131835340314,20.05633487701416,-0.0013554139326107774,0.024225878332845195
2012-06-07,20.033864974975586,20.057518005371094,19.489852905273438,19.72637939453125,12.990740776062012,8506416,-0.0035907131835340765,20.043325901031494,-0.0006551598882479252,0.023932371756718963
2012-06-08,20.010211944580078,20.43596076965332,19.91560173034668,19.91560173034668,13.115352630615234,18545425,0.009546635539390069,20.06343069076538,0.0010198296598852253,0.023381929791146984
2012-06-11,20.317697525024414,21.0745849609375,20.294044494628906,21.0745849609375,13.878596305847168,30795594,0.056564379154867304,20.123745155334472,0.002947126571572358,0.02626738311698831
2012-06-12,20.861711502075195,21.0745849609375,20.743446350097656,21.0745849609375,13.878596305847168,16577365,0.0,20.14621524810791,0.001077750012027855,0.024986507528261256
2012-06-13,21.098237991333008,21.8787784576416,20.956321716308594,21.405723571777344,14.09666633605957,33736058,0.015590532629965374,20.21244297027588,0.003193791311868624,0.02428987939325498
2012-06-14,21.52398681640625,21.760513305664062,21.216501235961914,21.26380729675293,14.003209114074707,11404601,-0.006651903380506115,20.258565807342528,0.0022175326053983447,0.024272737943717152
2012-06-15,21.476682662963867,21.571292877197266,21.240154266357422,21.571292877197266,14.205703735351562,10679526,0.014356957766510107,20.333071994781495,0.003579044031168823,0.02414507617726976
2012-06-18,22.044347763061523,22.115304946899414,21.476682662963867,21.500333786010742,14.158973693847656,14214001,-0.0032949373349332066,20.386290645599367,0.002538616407284481,0.023960646379410408
2012-06-19,21.500333786010742,21.642250061035156,21.240154266357422,21.52398681640625,14.174551010131836,12068372,0.0010995191764681938,20.42650032043457,0.0019039268348312426,0.02381450814468242
2012-06-20,21.71320915222168,21.8787784576416,21.642250061035156,21.665903091430664,14.268006324768066,9825502,0.006571759552239554,20.492727947235107,0.0031541975634125745,0.023342296209146865
2012-06-21,21.52398681640625,21.52398681640625,21.098237991333008,21.1691951751709,13.940902709960938,11417284,-0.023192671481752723,20.547129249572755,0.0026382275267699123,0.023824297990874946
2012-06-22,20.861711502075195,21.240154266357422,20.838058471679688,21.240154266357422,13.987632751464844,8836187,0.0033463921677467125,20.64055757522583,0.004604300779414407,0.022024569973895
2012-06-25,21.240154266357422,21.240154266357422,20.88536262512207,20.909015655517578,13.769560813903809,5103004,-0.015713022324134445,20.71033306121826,0.003453679956208759,0.022472911755291085
2012-06-26,20.861711502075195,21.14554214477539,20.62518310546875,20.62518310546875,13.58264446258545,13030206,-0.013667627012160274,20.722159385681152,0.0005767056024587897,0.020634123159913795
2012-06-27,20.577878952026367,21.00362777709961,20.506919860839844,20.909015655517578,13.769560813903809,8301366,0.013667627012160151,20.754090595245362,0.0015509582131983592,0.020775843367013682
2012-06-28,21.14554214477539,21.476682662963867,21.0745849609375,21.287460327148438,14.018783569335938,18750475,0.017937745283770727,20.78365659713745,0.0014085479443182174,0.020646414148867177
2012-06-29,21.287460327148438,21.665903091430664,21.287460327148438,21.571292877197266,14.205703735351562,12015524,0.013245214960595077,20.86407585144043,0.003874372804358333,0.01879666417424816
2012-07-02,21.855125427246094,21.855125427246094,21.382070541381836,21.42937660217285,14.11224365234375,6910406,-0.006600678175677103,20.969330501556396,0.00517000982378501,0.016959795995762073
2012-07-03,21.571292877197266,21.760513305664062,21.42937660217285,21.547639846801758,14.19012451171875,9041238,0.005503571578934833,21.06039352416992,0.0044154747556742185,0.016568638465629594
2012-07-04,21.665903091430664,22.020694732666016,21.594945907592773,21.760513305664062,14.33031177520752,18458754,0.00983072044219485,21.158552265167238,0.0047274751186072595,0.016610988121619603
2012-07-05,21.760513305664062,21.949735641479492,21.665903091430664,21.8787784576416,14.408193588256836,5838648,0.005420135695619788,21.266172218322755,0.005178017562564951,0.016495296543854208
2012-07-06,21.90243148803711,22.42279052734375,21.831472396850586,21.831472396850586,14.377042770385742,15818467,-0.002164530211383182,21.36196575164795,0.00459245927502629,0.016539859300533193
2012-07-09,21.71320915222168,21.949735641479492,21.61859893798828,21.78416633605957,14.345890998840332,4623144,-0.002169225567496515,21.397444820404054,0.0016557790389080985,0.01116840015324276
2012-07-10,22.044347763061523,22.470096588134766,21.855125427246094,22.32818031311035,14.704148292541504,16924048,0.024666180810320695,21.460124588012697,0.0028890880794241332,0.012282306570929947
2012-07-11,22.23356819152832,22.68297004699707,22.186264038085938,22.68297004699707,14.937795639038086,15404139,0.01576485288761355,21.523986911773683,0.002897804092306542,0.012291852555531491
2012-07-12,22.706623077392578,22.96680450439453,22.470096588134766,22.470096588134766,14.797606468200684,14693861,-0.009429040013527193,21.584301376342772,0.002758947260655488,0.012420423956851973
2012-07-13,22.470096588134766,22.80123519897461,22.257221221923828,22.470096588134766,14.797606468200684,10163730,0.0,21.62924156188965,0.002041099372329983,0.012126229779346319
2012-07-16,22.564706802368164,22.706623077392578,22.186264038085938,22.375486373901367,14.735302925109863,7476937,-0.004219383419639523,21.67299919128418,0.001994877068094667,0.012149379779681444
2012-07-17,22.375486373901367,22.895845413208008,22.375486373901367,22.588359832763672,14.87548828125,7848987,0.009468720640221362,21.726217842102052,0.0024133371412823255,0.0122605392834882
2012-07-18,22.706623077392578,22.7775821685791,21.547639846801758,21.594945907592773,14.22127914428711,17230566,-0.04497542039436684,21.722669982910155,-0.00016402185604799424,0.01614350435236121
2012-07-19,21.831472396850586,22.706623077392578,21.61859893798828,22.706623077392578,14.953372955322266,16883883,0.050197345904389123,21.79954137802124,0.0035054790132590984,0.0187620639775291
2012-07-20,22.7775821685791,23.368900299072266,22.730276107788086,23.132373809814453,15.233746528625488,19737676,0.018576452566527634,21.89415235519409,0.004266982033198145,0.019061944794292414
2012-07-23,22.96680450439453,22.96680450439453,22.493749618530273,22.68297004699707,14.937795639038086,10510413,-0.019618675283604347,21.982850074768066,0.00407169938522465,0.01929597502692845
2012-07-24,22.753929138183594,22.895845413208008,22.51740264892578,22.706623077392578,14.953372955322266,6667305,0.0010422227170768226,22.086922073364256,0.004807191871686505,0.01885963865877847
2012-07-25,22.54105567932129,23.652732849121094,22.54105567932129,22.99045753479004,15.140288352966309,20965864,0.012422592590853944,22.19099416732788,0.004744940150621194,0.018830885811058806
2012-07-26,23.15602684020996,24.267704010009766,23.15602684020996,24.12578773498535,15.887956619262695,35636472,0.04820205887251963,22.332910537719727,0.0062581558300586395,0.02103395447294882
2012-07-27,24.267704010009766,24.59884262084961,23.652732849121094,24.078481674194336,15.856803894042969,23950719,-0.001962733863923273,22.45826997756958,0.005497758388832721,0.021042960469785488
2012-07-30,24.220399856567383,24.50423240661621,24.031177520751953,24.078481674194336,15.856803894042969,14127331,0.0,22.590725231170655,0.005827792297616577,0.020894461937762746
2012-07-31,24.078481674194336,24.31501007080078,23.43985939025879,24.12578773498535,15.887956619262695,19350828,0.00196273386392328,22.719632625579834,0.005650750411865998,0.0209123470639501
2012-08-01,23.889259338378906,23.889259338378906,23.392553329467773,23.51081657409668,15.482967376708984,21557761,-0.02582070391667143,22.807147789001466,0.003868179193922685,0.022027050379377345
2012-08-02,23.51081657409668,23.51081657409668,23.51081657409668,23.51081657409668,15.482967376708984,0,0.0,22.88874969482422,0.0035971724091416963,0.02204029010178037
2012-08-03,23.274288177490234,23.581775665283203,22.96680450439453,23.368900299072266,15.389511108398438,12903371,-0.006054503653552784,22.965621089935304,0.0034026737370332154,0.02211086230638319
2012-08-06,23.747343063354492,24.31501007080078,23.70003890991211,24.31501007080078,16.012569427490234,21118066,0.03968776668711732,23.092163276672363,0.0054955233497639075,0.023493421167829296
2012-08-07,23.629079818725586,23.70003890991211,23.179677963256836,23.179677963256836,15.761664390563965,28825420,-0.047817913091858275,23.134738159179687,0.001871318654654959,0.02585280920245784
2012-08-08,23.41620635986328,23.70003890991211,23.22698402404785,23.558122634887695,16.01900291442871,16370200,0.016194726236511837,23.178495788574217,0.001892812322099873,0.025865143788945694
2012-08-09,23.652732849121094,23.841955184936523,23.368900299072266,23.463510513305664,15.954668998718262,13850407,-0.004024200901929346,23.228166484832762,0.0021630542776797657,0.025768681207321134
2012-08-10,23.60542869567871,23.60542869567871,22.848539352416992,22.99045753479004,15.633001327514648,19699625,-0.020367230232137018,23.254184532165528,0.0011446927660729148,0.026256495341799687
2012-08-13,22.99045753479004,23.581775665283203,22.943151473999023,23.274288177490234,15.826000213623047,11421512,0.01226999951179535,23.29912462234497,0.0019691619126446583,0.02633795695472734
2012-08-14,23.41620635986328,23.581775665283203,23.368900299072266,23.43985939025879,15.938584327697754,7887037,0.0070887264230983914,23.341699600219727,0.0018501622017885098,0.02630764837304622
2012-08-15,23.487163543701172,23.51081657409668,23.297941207885742,23.392553329467773,15.906415939331055,4422321,-0.002020228048612099,23.431579971313475,0.0039979218190762476,0.023929548133091557
2012-08-16,23.581775665283203,24.40962028503418,23.51081657409668,23.889259338378906,16.244169235229492,31059834,0.021011219926050918,23.490711784362794,0.0025386155201593368,0.02175499486797409
2012-08-17,23.889259338378906,24.220399856567383,23.794649124145508,23.889259338378906,16.244169235229492,10125679,0.0,23.528556060791015,0.0016097928918329548,0.021428331411501276
2012-08-20,23.889259338378906,24.031177520751953,23.41620635986328,23.51081657409668,15.986832618713379,7460025,-0.01596836285648448,23.569948387145995,0.0017923085131889484,0.02125282868347954
2012-08-21,24.12578773498535,24.267704010009766,23.747343063354492,23.841955184936523,16.211999893188477,12275536,0.013986256622567585,23.626714992523194,0.0024395102084634863,0.021425174758290703
2012-08-22,23.983871459960938,24.078481674194336,23.652732849121094,24.078481674194336,16.372835159301758,6062724,0.009871713430180623,23.68111619949341,0.0023119662504298205,0.02137013966495421
2012-08-23,24.220399856567383,24.220399856567383,23.889259338378906,24.12578773498535,16.405000686645508,5677990,0.00196273386392328,23.68111619949341,2.710505431213761e-18,0.01844521350010779
2012-08-24,24.031177520751953,24.173093795776367,23.794649124145508,23.936565399169922,16.276330947875977,7064722,-0.007874076117410526,23.67402038574219,-0.00029556711267435997,0.018525506843477507
2012-08-27,24.078481674194336,24.12578773498535,23.51081657409668,23.558122634887695,16.01900291442871,6515103,-0.015936551621042662,23.648002433776856,-0.0010923946937264931,0.018851983038147366
2012-08-28,23.534469604492188,23.747343063354492,23.368900299072266,23.652732849121094,16.08333396911621,8584631,0.004007990955253237,23.624349689483644,-0.0009901318391599954,0.01887496112840528
2012-08-29,23.983871459960938,24.220399856567383,23.345247268676758,23.652732849121094,16.08333396911621,23297518,0.0,23.631445503234865,0.0003009033566735762,0.017947447565487
2012-08-30,23.841955184936523,23.841955184936523,23.41620635986328,23.463510513305664,15.954668998718262,10334957,-0.008032191857182559,23.62908020019531,-0.00010070623618555173,0.018044142854784888
2012-08-31,23.747343063354492,23.794649124145508,23.487163543701172,23.747343063354492,16.147666931152344,7094317,0.012024182927001558,23.648002338409423,0.0008032280928421655,0.018182487271261916
2012-09-03,23.889259338378906,24.220399856567383,23.652732849121094,23.983871459960938,16.308500289916992,12112764,0.009910928732012431,23.63144540786743,-0.0006856138049130791,0.0159077337850349
2012-09-04,24.220399856567383,24.267704010009766,24.078481674194336,24.12578773498535,16.405000686645508,12844181,0.005899716981368643,23.678750896453856,0.0020002676987482667,0.011437927779268867
2012-09-05,24.031177520751953,24.267704010009766,23.889259338378906,24.220399856567383,16.469335556030273,7783455,0.003913948423876514,23.711864757537843,0.0013862288081165006,0.010955258990296354
2012-09-06,24.267704010009766,24.267704010009766,23.936565399169922,24.220399856567383,16.469335556030273,5267890,0.0,23.74970922470093,0.0015874388532129678,0.0108874033015491
2012-09-07,24.40962028503418,24.50423240661621,24.31501007080078,24.31501007080078,16.53367042541504,9628908,0.0038986106930165806,23.815936851501466,0.0028007308994706477,0.009586360736392466
2012-09-10,24.362314224243164,25.403034210205078,24.362314224243164,24.740758895874023,16.823169708251953,20993345,0.01735818331107228,23.889260387420656,0.0030551400894344946,0.009912846059909018
2012-09-11,24.788063049316406,25.30842399597168,24.693452835083008,24.693452835083008,16.790998458862305,14841836,-0.0019139002555034579,23.951940059661865,0.002605008755504402,0.009924438210335052
2012-09-12,25.071897506713867,25.450340270996094,24.882675170898438,25.450340270996094,17.305667877197266,17277072,0.03019097199200418,24.054829406738282,0.004215568757535216,0.011605600925081817
2012-09-13,25.544952392578125,26.680282592773438,25.49764633178711,26.159923553466797,17.788169860839844,23240442,0.027499491232823723,24.168362617492676,0.004539982322873856,0.012176447818910177
2012-09-14,26.727588653564453,26.727588653564453,25.92339515686035,26.491060256958008,18.01333236694336,17480009,0.012578722966594773,24.29845266342163,0.005168918471203595,0.01225421613013615
2012-09-17,26.491060256958008,26.632978439331055,26.20722770690918,26.30183982849121,17.884668350219727,10529438,-0.007168435090344487,24.438003826141358,0.005608914859510594,0.01159560747338595
2012-09-18,26.065311431884766,26.20722770690918,25.68686866760254,25.68686866760254,17.466501235961914,12144473,-0.023658977655398747,24.530249500274657,0.0037266531456122782,0.013119442452284164
2012-09-19,25.68686866760254,26.58567237854004,25.450340270996094,26.39645004272461,17.94900131225586,19572790,0.027249618494523602,24.64614791870117,0.004595548398829427,0.01408759100956164
2012-09-20,26.30183982849121,26.443756103515625,25.876089096069336,25.92339515686035,17.627334594726562,10652045,-0.018083684135873652,24.736028289794923,0.0035932274988395804,0.014970263719608233
2012-09-21,25.92339515686035,26.20722770690918,25.92339515686035,26.11261749267578,17.756004333496094,9893148,0.007272777456584481,24.844830894470213,0.00435057017753933,0.014740984395220275
2012-09-24,26.11261749267578,26.20722770690918,25.781478881835938,25.828784942626953,17.563003540039062,7548810,-0.010929060900122526,24.958364009857178,0.0046009447135853376,0.014417244544195146
2012-09-25,25.876089096069336,26.11261749267578,25.828784942626953,26.065311431884766,17.723833084106445,6248749,0.0091158009748035,25.078992938995363,0.004856335214562851,0.014451388043760472
2012-09-26,26.01800537109375,26.01800537109375,25.592256546020508,25.639562606811523,17.434335708618164,6134597,-0.016468793537155087,25.178334426879882,0.004032895537705096,0.01519284072735402
2012-09-27,25.92339515686035,25.92339515686035,25.355730056762695,25.450340270996094,17.305667877197266,6282571,-0.007407459806435832,25.277675914764405,0.004064132140242433,0.015167350079096266
2012-09-28,25.68686866760254,26.254533767700195,25.592256546020508,26.254533767700195,17.852500915527344,16812010,0.031109576000313225,25.40303544998169,0.005018401793908016,0.016255853477954336
2012-10-01,26.632978439331055,27.10603141784668,26.443756103515625,26.443756103515625,17.981168746948242,15655695,0.007181377213359143,25.526029682159425,0.004881924217975351,0.01622404290241412
2012-10-02,26.632978439331055,26.77489471435547,26.254533767700195,26.254533767700195,17.852500915527344,9518984,-0.0071813772133591585,25.632466983795165,0.004227869508238962,0.016443049054452607
2012-10-03,26.254533767700195,26.538366317749023,26.20722770690918,26.254533767700195,17.852500915527344,5253092,0.0,25.734173679351805,0.0040321720870451355,0.01647025031998094
2012-10-04,26.443756103515625,26.632978439331055,26.254533767700195,26.39645004272461,17.94900131225586,8531783,0.005390843947885805,25.84297618865967,0.004301714284439426,0.016444881276901274
2012-10-05,26.538366317749023,27.38986587524414,26.491060256958008,26.964115142822266,18.33500099182129,28595003,0.021277380192689942,25.975431442260742,0.005170652759423094,0.016875952905763127
2012-10-08,27.10603141784668,27.20064353942871,26.538366317749023,26.58567237854004,18.077667236328125,8857327,-0.014134474937298736,26.067677116394044,0.003596019847004543,0.01714599941268346
2012-10-09,26.727588653564453,27.058727264404297,26.538366317749023,26.538366317749023,18.045501708984375,9690211,-0.0017809667508681508,26.159922790527343,0.0036026665222363085,0.01714377668750067
2012-10-11,26.254533767700195,26.58567237854004,26.01800537109375,26.11261749267578,17.756004333496094,9628908,-0.016172845183812116,26.19303665161133,0.001284475663445494,0.016481129881798774
2012-10-12,26.254533767700195,26.349145889282227,25.21381378173828,25.450340270996094,17.305667877197266,16640782,-0.02568951326890997,26.157557487487793,-0.0013749745616411907,0.016318927868968786
2012-10-15,25.450340270996094,25.734174728393555,25.30842399597168,25.544952392578125,17.3700008392334,8525441,0.0037106260283158877,26.110252094268798,-0.0018183794085551354,0.0160378930079347
2012-10-16,25.828784942626953,26.349145889282227,25.68686866760254,26.349145889282227,17.91683578491211,12355865,0.030996121280906754,26.112617397308348,8.984841000742697e-05,0.01756552832605441
2012-10-17,26.727588653564453,27.10603141784668,26.538366317749023,26.538366317749023,18.045501708984375,14835494,0.00715561114349941,26.155192279815672,0.0016305778499523349,0.01670305556898876
2012-10-18,26.82219886779785,27.058727264404297,26.538366317749023,26.538366317749023,18.045501708984375,10823273,0.0,26.162288093566893,0.0002680969252261547,0.015576712876405418
2012-10-19,26.538366317749023,26.727588653564453,26.349145889282227,26.39645004272461,17.94900131225586,6836419,-0.00536193850452307,26.18594083786011,0.0009041842067936838,0.015038307202600194
2012-10-22,26.01800537109375,26.065311431884766,25.544952392578125,25.781478881835938,17.530838012695312,11085399,-0.023573171695558857,26.169383907318114,-0.0006381132508134831,0.01590741523532192
2012-10-23,25.68686866760254,25.68686866760254,24.882675170898438,24.882675170898438,16.919666290283203,16962098,-0.03548457629957604,26.12207841873169,-0.001865889020786159,0.017600979408411824
2012-10-24,24.646148681640625,24.977285385131836,24.551536560058594,24.740758895874023,16.823169708251953,12945649,-0.0057197436895648655,26.055850791931153,-0.002607666254004577,0.017425548481809265
2012-10-25,24.977285385131836,25.02459144592285,23.463510513305664,23.841955184936523,16.211999893188477,21411901,-0.037005189722069315,25.9659704208374,-0.003634486063250289,0.018833504091196232
2012-10-26,23.889259338378906,24.031177520751953,23.32159423828125,23.368900299072266,15.890335083007812,15657809,-0.02004076027612038,25.86189842224121,-0.004266151086734516,0.019175460111617238
2012-10-29,23.51081657409668,24.078481674194336,23.368900299072266,23.889259338378906,16.244169235229492,11895031,0.022022866510037313,25.743634700775146,-0.004720486561248312,0.01838450306236251
2012-10-30,24.12578773498535,24.220399856567383,23.652732849121094,23.889259338378906,16.244169235229492,10597083,0.0,25.61590986251831,-0.005079555421916269,0.018209105771971254
2012-10-31,24.031177520751953,24.078481674194336,23.085067749023438,23.179677963256836,15.761664390563965,15560569,-0.030153012914778236,25.462167072296143,-0.006228137206987222,0.019053573971616455
2012-11-01,23.132373809814453,24.12578773498535,22.470096588134766,24.12578773498535,16.405000686645508,21018712,0.04000535397496505,25.3557297706604,-0.00422786950823897,0.021663040969908585
2012-11-02,24.220399856567383,24.59884262084961,23.983871459960938,24.12578773498535,16.405000686645508,16655580,0.0,25.24219665527344,-0.004497411705633261,0.02157040090557692
2012-11-05,24.220399856567383,24.788063049316406,24.031177520751953,24.59884262084961,16.726667404174805,11203778,0.019418094979236276,25.123933029174804,-0.004590375966305944,0.021457179420314606
2012-11-06,24.693452835083008,25.071897506713867,24.50423240661621,25.071897506713867,17.04833221435547,15118759,0.01904820374859769,25.048244285583497,-0.002931242032011122,0.021957421167685152
2012-11-07,25.071897506713867,25.828784942626953,25.071897506713867,25.781478881835938,17.530838012695312,17141781,0.027908763689272326,25.010399913787843,-0.0014467555100040985,0.02301732454770471
2012-11-08,25.49764633178711,25.68686866760254,25.02459144592285,25.355730056762695,17.241334915161133,11594854,-0.016651619099826882,24.972555541992186,-0.001470694205804837,0.023033689349383293
2012-11-09,25.02459144592285,25.639562606811523,25.02459144592285,25.355730056762695,17.241334915161133,10721805,0.0,24.96782503128052,-0.0001862185423593383,0.022317187435825826
2012-11-12,25.450340270996094,25.781478881835938,25.21381378173828,25.49764633178711,17.337833404541016,8223150,0.005581404953547439,24.965459728240965,-9.267959609776076e-05,0.02233829063144485
2012-11-13,25.639562606811523,25.639562606811523,24.788063049316406,25.02459144592285,17.01616668701172,9715578,-0.018727147959408767,24.899232006073,-0.0025788430581135365,0.021445273107412892
2012-11-14,25.071897506713867,25.30842399597168,24.835369110107422,25.30842399597168,17.20916748046875,5149510,0.011278305350062096,24.83773488998413,-0.0023727083477854023,0.021563255988158076
2012-11-15,25.30842399597168,25.970701217651367,24.929981231689453,25.781478881835938,17.530838012695312,9806477,0.01851905675562609,24.799890518188477,-0.001446755510004098,0.022062345271242047
2012-11-16,25.781478881835938,25.970701217651367,25.30842399597168,25.781478881835938,17.530838012695312,9793793,0.0,24.769141960144044,-0.0011786585847779446,0.022044836396094964
2012-11-19,25.781478881835938,25.828784942626953,25.261119842529297,25.450340270996094,17.305667877197266,7777113,-0.012927248252640175,24.752585029602052,-0.0006463624126320105,0.021599670782455175
2012-11-20,25.68686866760254,25.68686866760254,24.977285385131836,25.02459144592285,17.01616668701172,9432313,-0.01687011385304787,24.759680843353273,0.000284360709694398,0.020386468465830566
2012-11-21,24.882675170898438,25.166507720947266,24.835369110107422,25.02459144592285,17.01616668701172,11394031,0.0,24.773872470855714,0.0005703478941726413,0.020337869333676234
2012-11-22,25.261119842529297,25.544952392578125,25.166507720947266,25.30842399597168,17.20916748046875,7225380,0.011278305350062096,24.84719591140747,0.002984522647779212,0.018417846297528878
2012-11-23,25.544952392578125,26.065311431884766,25.49764633178711,25.970701217651367,17.659503936767578,13006953,0.025831721794047746,24.977285957336427,0.005278146751287618,0.018255123011432763
2012-11-26,26.159923553466797,26.39645004272461,26.065311431884766,26.30183982849121,17.884668350219727,12903371,0.012669865818012093,25.09791498184204,0.004810496716686357,0.01792031888072919
2012-11-27,26.30183982849121,26.443756103515625,25.92339515686035,26.065311431884766,17.723833084106445,5525788,-0.009033525765483299,25.206717586517335,0.004358820428412192,0.01816018577083156
2012-11-28,25.876089096069336,26.065311431884766,25.544952392578125,25.639562606811523,17.434335708618164,6143053,-0.016468793537155087,25.329711818695067,0.00504303139729335,0.017013020659394883
2012-11-29,25.970701217651367,26.538366317749023,25.876089096069336,26.538366317749023,18.045501708984375,17691401,0.034454898646286355,25.450340747833252,0.004765508630859415,0.016448593164146253
2012-11-30,26.538366317749023,26.727588653564453,26.159923553466797,26.159923553466797,17.788169860839844,11628677,-0.014362867219898278,25.552047538757325,0.004047365269864501,0.016972792805810703
2012-12-03,26.39645004272461,26.82219886779785,26.39645004272461,26.538366317749023,18.045501708984375,9544351,0.014362867219898377,25.649023723602294,0.0037946038818976067,0.01676825117085428
2012-12-04,26.39645004272461,26.58567237854004,26.254533767700195,26.491060256958008,18.01333236694336,6043698,-0.0017841442533034798,25.7199818611145,0.0027529864818025477,0.016414149039211113
2012-12-05,26.39645004272461,27.768308639526367,26.349145889282227,27.342559814453125,18.592334747314453,33928425,0.03163712854162138,25.798035907745362,0.0029394047244200006,0.016732959887510376
2012-12-06,27.342559814453125,27.815614700317383,27.01142120361328,27.01142120361328,18.36716651916504,18613070,-0.012184671721761452,25.88082046508789,0.0031627520933232727,0.01648568562223381
2012-12-07,27.20064353942871,27.579086303710938,27.058727264404297,27.38986587524414,18.624502182006836,10559033,0.013913302308648557,25.982527256011963,0.0038584172087556996,0.01663805262570558
2012-12-10,27.437171936035156,27.768308639526367,27.153337478637695,27.247949600219727,18.527999877929688,7022444,-0.005194812162097465,26.070042419433594,0.0033196063529734544,0.016753408201327154
2012-12-11,27.20064353942871,27.38986587524414,26.77489471435547,26.82219886779785,18.23849868774414,8696669,-0.015748413634574493,26.159922790527343,0.0034685430692151685,0.016559213381507603
2012-12-12,27.20064353942871,27.72100257873535,27.10603141784668,27.20064353942871,18.495832443237305,16957870,0.014010771944818694,26.254533767700195,0.003605166398952998,0.016638124091769676
2012-12-13,27.48447608947754,27.815614700317383,27.38986587524414,27.626392364501953,18.785335540771484,12241713,0.015530928342784791,26.346779441833498,0.0034557599783109337,0.016510075901781125
2012-12-14,27.531780242919922,28.146753311157227,27.38986587524414,27.957530975341797,19.010501861572266,15087051,0.011915046960825938,26.455582046508788,0.004051512326352231,0.016593575740708272
2012-12-17,28.146753311157227,29.18747329711914,28.00483512878418,28.61980628967285,19.460834503173828,35008638,0.02341239788665289,26.614055347442626,0.005868494633316884,0.016626113648800338
2012-12-18,28.7617244720459,28.856334686279297,28.00483512878418,28.146753311157227,19.139169692993164,16465327,-0.016666993121331065,26.770163440704344,0.0058786506699027245,0.01661154841753772
2012-12-19,28.57250213623047,28.903640747070312,28.052141189575195,28.146753311157227,19.139169692993164,14854519,0.0,26.926271533966066,0.0058786506699027245,0.01661154841753772
2012-12-20,28.00483512878418,28.241363525390625,27.437171936035156,27.531780242919922,18.72100257873535,12698320,-0.02209103000310387,27.037439346313477,0.004210183902244426,0.017681983716595757
2012-12-21,27.531780242919922,27.91022491455078,27.20064353942871,27.815614700317383,18.914003372192383,10660501,0.01025656025531036,27.12968502044678,0.003431425825307556,0.01700980661153339
2012-12-24,27.815614700317383,28.241363525390625,27.768308639526367,27.91022491455078,18.978334426879883,5570180,0.0033955631997906006,27.210104274749757,0.002967710694396482,0.016870542337474582
2012-12-25,27.91022491455078,28.38327980041504,27.72100257873535,28.28866958618164,19.235668182373047,7246519,0.013468250420267346,27.3212721824646,0.004092799503684014,0.016778124758529585
2012-12-26,28.38327980041504,28.714418411254883,28.241363525390625,28.241363525390625,19.203500747680664,7432544,-0.0016736615646495388,27.451362228393556,0.004832556102309291,0.01613778192907011
2012-12-27,28.241363525390625,28.47789192199707,28.146753311157227,28.241363525390625,19.203500747680664,6379812,0.0,27.536512088775634,0.0031098111699949735,0.014572225789723876
2012-12-28,28.28866958618164,28.57250213623047,28.28866958618164,28.28866958618164,19.235668182373047,7126026,0.0016736615646494684,27.642949390411378,0.003911637609222361,0.013989761383290255
2013-01-02,28.61980628967285,30.18088722229004,28.47789192199707,29.660526275634766,20.168502807617188,24510908,0.04735572366675101,27.799057388305663,0.005561280431564992,0.016924428050414265
2013-01-03,29.991666793823242,31.69466209411621,29.70783233642578,31.69466209411621,21.551668167114258,42878764,0.06633119833828635,28.059237480163574,0.008967047561144484,0.021581341472876908
2013-01-04,31.647357940673828,31.97849464416504,30.98508071899414,31.26891326904297,21.26216697692871,20185827,-0.013523860788888451,28.255555152893066,0.006708998094618992,0.02144670792365911
2013-01-07,31.600051879882812,31.931190490722656,31.032386779785156,31.032386779785156,21.101337432861328,15740252,-0.0075930237559426374,28.45660343170166,0.006938580492909932,0.021257552518951374
2013-01-08,31.032386779785156,31.316219329833984,30.512025833129883,30.512025833129883,20.747501373291016,13630559,-0.016910498448832925,28.612711429595947,0.005397390455035859,0.021834802892978525
2013-01-09,30.322803497314453,30.843164443969727,30.322803497314453,30.512025833129883,20.747501373291016,15042658,0.0,28.775915241241456,0.005657131063140732,0.02173282927048504
2013-01-10,30.748552322387695,31.410829544067383,30.133581161499023,30.228193283081055,20.55449867248535,21291407,-0.009345854200780254,28.946214962005616,0.0059772590348304445,0.021446192250127755
2013-01-11,30.5593318939209,30.701248168945312,30.322803497314453,30.701248168945312,20.876171112060547,8540239,0.015528269423902325,29.121245193481446,0.006053133908784626,0.02147876969965632
2013-01-14,30.464719772338867,31.126996994018555,30.08627700805664,31.126996994018555,21.165668487548828,13245826,0.013772202441491249,29.296275424957276,0.005965197613719948,0.021441492220564802
2013-01-15,31.07969093322754,31.174301147460938,30.228193283081055,30.653942108154297,20.8439998626709,14594507,-0.015314242159774491,29.4310959815979,0.0046037331576899276,0.02190332385827145
2013-01-16,30.60663604736328,30.60663604736328,29.89705467224121,29.944360733032227,20.361501693725586,13607306,-0.02342025356573938,29.49732370376587,0.0022621005850703138,0.022286731272749775
2013-01-17,30.133581161499023,30.27549934387207,28.38327980041504,28.667112350463867,19.493000030517578,25045730,-0.04359046287781191,29.5233416557312,0.0009159270972462716,0.024219579673910425
2013-01-18,29.140167236328125,29.660526275634766,28.7617244720459,29.613222122192383,20.136335372924805,16632326,0.03247040033581781,29.59666509628296,0.002539447114037162,0.025222486068517725
2013-01-21,29.565916061401367,30.18088722229004,29.234777450561523,29.944360733032227,20.361501693725586,10580172,0.011120062541994172,29.717294120788573,0.0042000017412920625,0.024601155290327505
2013-01-22,30.18088722229004,30.27549934387207,29.660526275634766,30.27549934387207,20.586669921875,8087860,0.01099776545594067,29.840288352966308,0.004237062001323579,0.02461131555326615
2013-01-23,30.417415618896484,30.464719772338867,29.849748611450195,29.849748611450195,20.297170639038086,7324734,-0.014162364831313732,29.93726453781128,0.003359165599768362,0.024953680202881256
2013-01-24,29.755138397216797,30.038970947265625,29.47130584716797,29.518611907958984,20.072004318237305,7284570,-0.011155441537598098,29.998761653900146,0.0021279810018750905,0.025035975033673726
2013-01-25,29.37669563293457,29.565916061401367,28.99825096130371,29.28208351135254,19.911169052124023,11254513,-0.008045131802491874,30.05079765319824,0.0018094074899829738,0.02512726641060948
2013-01-28,29.329389572143555,29.613222122192383,29.18747329711914,29.47130584716797,20.03983497619629,5417978,0.0064412620995971314,30.11229476928711,0.00213147059496283,0.02514412818020932
2013-01-29,29.802444458007812,29.89705467224121,29.423999786376953,29.47130584716797,20.03983497619629,8654390,0.0,30.171426582336426,0.002047787516730357,0.025148516726743276
2013-01-30,29.755138397216797,31.363523483276367,29.565916061401367,30.98508071899414,21.069168090820312,31417087,0.05008871467403624,30.237654304504396,0.0021844370670946185,0.025413691005064847
2013-01-31,30.98508071899414,31.26891326904297,30.701248168945312,30.748552322387695,20.908334732055664,13968787,-0.007662907312193169,30.190348815917968,-0.0015152682154293575,0.0204934712912079
2013-02-01,30.748552322387695,31.07969093322754,30.701248168945312,30.98508071899414,21.069168090820312,5963369,0.007662907312193143,30.176157188415527,-0.0004559298103752776,0.020387371735050706
2013-02-04,31.221607208251953,32.2623291015625,31.221607208251953,31.4581356048584,21.390836715698242,27305511,0.015151811963121119,30.19744462966919,0.0006813119755779101,0.02060154658819482
2013-02-05,31.26891326904297,31.931190490722656,31.221607208251953,31.931190490722656,21.71250343322754,15167380,0.014925656953490138,30.26840286254883,0.0022731197456940634,0.02039969458619029
2013-02-06,32.12041091918945,32.92460632324219,31.88388442993164,31.88388442993164,21.680335998535156,24320656,-0.0014825985714226827,30.336995792388915,0.0021989898171229294,0.020411080178177797
2013-02-18,32.40424346923828,32.4515495300293,31.741968154907227,31.741968154907227,21.583833694458008,13615762,-0.0044609700178898865,30.412684535980226,0.0024432340262674477,0.020294554913614152
2013-02-19,31.741968154907227,31.97849464416504,31.26891326904297,31.69466209411621,21.551668167114258,12292448,-0.0014914433309049266,30.46235523223877,0.0015922483885270852,0.020072618462822992
2013-02-20,31.931190490722656,31.97849464416504,31.4581356048584,31.97849464416504,21.74466896057129,9290680,0.008915356002061878,30.504930114746095,0.0013494060665556165,0.01994649079233774
2013-02-21,31.741968154907227,31.931190490722656,31.4581356048584,31.505441665649414,21.423002243041992,12269194,-0.014903352305926522,30.54750509262085,0.0013699505592480149,0.019928627840670878
2013-02-22,31.505441665649414,31.836578369140625,31.032386779785156,31.69466209411621,21.551668167114258,11191095,0.005987996303864676,30.635020160675047,0.002840363052728218,0.01906965599080942
2013-02-25,31.789274215698242,31.88388442993164,31.26891326904297,31.26891326904297,21.26216697692871,9776882,-0.013523860788888451,30.765110206604003,0.004343693157174391,0.016183406072166683
2013-02-26,31.032386779785156,31.4581356048584,30.98508071899414,31.032386779785156,21.101337432861328,11045234,-0.0075930237559426374,30.836068439483643,0.002340521952586368,0.014951271141680869
2013-02-27,31.221607208251953,31.410829544067383,30.701248168945312,30.701248168945312,20.876171112060547,8349986,-0.010728083225710753,30.873912811279297,0.0012481146642011223,0.015073697379279645
2013-03-01,30.79585838317871,31.836578369140625,30.79585838317871,31.647357940673828,21.519500732421875,13169725,0.030351356982299373,30.942505741119383,0.0022157942405190575,0.016303576696019086
2013-03-04,31.647357940673828,31.647357940673828,30.937774658203125,31.07969093322754,21.133501052856445,13641129,-0.01810008650122714,31.004002857208253,0.0020189081570233867,0.016533922516275227
2013-03-05,31.07969093322754,31.316219329833984,30.79585838317871,31.26891326904297,21.26216697692871,10102426,0.006069836500581164,31.09151792526245,0.0028801720589323497,0.016257876313220423
2013-03-06,31.600051879882812,32.2623291015625,31.4581356048584,32.07310485839844,21.80900001525879,20308434,0.025393406343601054,31.231068992614745,0.004552098966236996,0.01678600445221843
2013-03-07,32.215023040771484,32.68807601928711,31.97849464416504,32.02580261230469,21.776836395263672,13751053,-0.0014759145372954755,31.358793830871583,0.004156240134392366,0.016832398098353095
2013-03-08,32.2623291015625,32.54616165161133,31.836578369140625,31.931190490722656,21.71250343322754,10172185,-0.0029586190971997873,31.481788063049315,0.004008309179532377,0.016883770013598857
2013-03-11,32.2623291015625,32.2623291015625,31.600051879882812,31.647357940673828,21.519500732421875,6567951,-0.008928622708459852,31.5149019241333,0.001057442310407572,0.013150905988643376
2013-03-12,31.88388442993164,31.88388442993164,30.843164443969727,31.07969093322754,21.133501052856445,10279995,-0.01810008650122714,31.531458854675293,0.0005355833509558736,0.013710349366498769
2013-03-13,31.221607208251953,31.363523483276367,30.701248168945312,30.98508071899414,21.069168090820312,11554689,-0.003048759706924283,31.531458854675293,2.2551405187698493e-18,0.013626235710394424
2013-03-14,30.98508071899414,30.98508071899414,30.18088722229004,30.27549934387207,20.586669921875,12453106,-0.023167038602229677,31.472327041625977,-0.0019159425282675377,0.014070366862886879
2013-03-15,30.464719772338867,30.512025833129883,29.329389572143555,29.518611907958984,20.072004318237305,20323232,-0.025317806368911868,31.351698112487792,-0.003928115694387638,0.014408623497152712
2013-03-18,29.28208351135254,29.660526275634766,28.950944900512695,28.950944900512695,19.68600082397461,9542237,-0.019418134001701483,31.205051136016845,-0.0048248924659015785,0.014801202177659315
2013-03-19,29.09286117553711,29.329389572143555,28.61980628967285,28.667112350463867,19.493000030517578,14476128,-0.00985228796313921,31.051308345794677,-0.0050944583631640445,0.014843260180001476
2013-03-20,28.430585861206055,28.525196075439453,27.815614700317383,27.815614700317383,18.914003372192383,26616373,-0.0301530116927191,30.857355976104735,-0.006527536781254753,0.015828023424913597
2013-03-21,27.91022491455078,29.423999786376953,27.91022491455078,29.28208351135254,19.911169052124023,36038117,0.05137830185506796,30.722535419464112,-0.0044043894886044484,0.02024124022020093
2013-03-22,29.28208351135254,29.47130584716797,28.525196075439453,28.57250213623047,19.428667068481445,20422586,-0.024531053181220744,30.575888442993165,-0.00488577453236916,0.020615104385064083
2013-03-25,28.667112350463867,29.18747329711914,28.667112350463867,28.99825096130371,19.718170166015625,9366782,0.014790724933593336,30.44106788635254,-0.004445638100882727,0.020950718345683895
2013-03-26,28.99825096130371,29.18747329711914,28.714418411254883,28.80902862548828,19.589502334594727,6181103,-0.0065466845349614914,30.318073654174803,-0.0040967792881863785,0.02084944225471922
2013-03-27,29.140167236328125,29.47130584716797,28.903640747070312,28.99825096130371,19.718170166015625,10415286,0.006546684534961431,30.216366863250734,-0.0033897938736411753,0.020964065286722497
2013-03-28,29.045555114746094,29.28208351135254,28.714418411254883,28.80902862548828,19.589502334594727,6426318,-0.0065466845349614914,30.12175588607788,-0.003180723939103712,0.020907805010589232
2013-03-29,29.045555114746094,29.045555114746094,28.525196075439453,28.80902862548828,19.589502334594727,6314280,0.0,29.979839420318605,-0.004698291788218681,0.019392410625075795
2013-04-01,28.430585861206055,28.950944900512695,28.430585861206055,28.80902862548828,19.589502334594727,3832537,0.0,29.86630630493164,-0.0037932874631573235,0.019154951805582427
2013-04-02,28.667112350463867,29.09286117553711,28.667112350463867,28.80902862548828,19.589502334594727,4597777,0.0,29.743312072753906,-0.004096779288186382,0.01903818471071454
2013-04-03,29.045555114746094,29.045555114746094,28.430585861206055,28.61980628967285,19.460834503173828,6644052,-0.00658982620335453,29.570647144317626,-0.005695940915534161,0.017728945913129467
2013-04-08,28.38327980041504,28.38327980041504,26.632978439331055,26.82219886779785,18.23849868774414,22845139,-0.06486914513508246,29.310466957092284,-0.00886560244542351,0.02207012666755541
2013-04-09,26.82219886779785,27.48447608947754,26.680282592773438,27.20064353942871,18.495832443237305,21090585,0.014010771944818694,29.07393960952759,-0.008017132893322586,0.02262829780870143
2013-04-10,27.437171936035156,27.768308639526367,27.20064353942871,27.20064353942871,18.495832443237305,14201318,0.0,28.85160388946533,-0.007570701757899594,0.022697339240813588
2013-04-11,27.626392364501953,27.67369842529297,27.342559814453125,27.437171936035156,18.65667152404785,9091972,0.008658101430811846,28.669477939605713,-0.0062327923612976455,0.02283224986312763
2013-04-12,27.437171936035156,27.626392364501953,27.058727264404297,27.10603141784668,18.431501388549805,8197783,-0.012142469324034339,28.47552547454834,-0.006687477842153147,0.022856039720692178
2013-04-15,27.01142120361328,27.342559814453125,25.876089096069336,26.01800537109375,17.69167137145996,20428928,-0.040967452049710376,28.262650775909425,-0.007577498514527182,0.023856225553405275
2013-04-16,25.734174728393555,26.91680908203125,25.734174728393555,26.77489471435547,18.206336975097656,24684250,0.02867587147216745,28.125464916229248,-0.0048778146224732165,0.024780184046008995
2013-04-17,26.869504928588867,27.531780242919922,26.869504928588867,27.20064353942871,18.495832443237305,16670377,0.015775948470765553,28.03794984817505,-0.0031181104988498654,0.024942374402584365
2013-04-18,27.058727264404297,27.768308639526367,26.869504928588867,27.579086303710938,18.7531681060791,13863091,0.013817110311999687,27.9835485458374,-0.00193464058509292,0.025166560220168045
2013-04-19,27.579086303710938,27.815614700317383,27.437171936035156,27.48447608947754,18.68883514404297,9664844,-0.0034364034299524987,27.96699161529541,-0.00059881017195459,0.02428346771258253
2013-04-22,27.67369842529297,28.38327980041504,27.579086303710938,28.00483512878418,19.042667388916016,19710195,0.01875583899610833,27.903129196166994,-0.0022299333149025714,0.02155021100691991
2013-04-23,28.241363525390625,28.38327980041504,27.67369842529297,28.19405746459961,19.17133331298828,11751284,0.006734049094027377,27.88420696258545,-0.0006666782011401653,0.020973614999420343
2013-04-24,28.335973739624023,28.430585861206055,27.957530975341797,27.957530975341797,19.010501861572266,8421859,-0.008424619668572053,27.832170963287354,-0.0018274454312484346,0.02071392200229602
2013-04-25,27.91022491455078,28.052141189575195,27.48447608947754,27.67369842529297,18.817501068115234,8853099,-0.010204161077832277,27.775404453277588,-0.002010319258391974,0.020773837316504732
2013-04-26,27.72100257873535,28.146753311157227,26.77489471435547,27.10603141784668,18.431501388549805,18947070,-0.020726182119001162,27.680793476104736,-0.003373962591090103,0.021075509316591433
2013-04-29,27.247949600219727,27.342559814453125,26.77489471435547,26.964115142822266,18.33500099182129,8703010,-0.005249351441962199,27.588547801971437,-0.0033090959364401387,0.021067225145474388
2013-04-30,27.20064353942871,27.342559814453125,26.82219886779785,27.342559814453125,18.592334747314453,12651814,0.013937542600151058,27.515224361419676,-0.002612218806432586,0.021410173677951345
2013-05-02,27.29525375366211,27.29525375366211,26.77489471435547,26.869504928588867,18.270668029785156,13144358,-0.017452458056851274,27.418248176574707,-0.0034848417092751493,0.0216523911415496
2013-05-03,27.058727264404297,27.91022491455078,27.01142120361328,27.437171936035156,18.65667152404785,22350482,0.020906736222696842,27.34965534210205,-0.0024395048981403077,0.022323748473300965
2013-05-06,27.72100257873535,28.09944725036621,27.579086303710938,27.957530975341797,19.010501861572266,15435847,0.018787873872798923,27.316541576385497,-0.001170619894332635,0.022791757780270133
2013-05-07,28.052141189575195,28.09944725036621,27.67369842529297,27.72100257873535,18.84967041015625,11370778,-0.008496266131800517,27.361481761932374,0.0016480240558314624,0.017331274032450127
2013-05-08,27.437171936035156,27.437171936035156,26.632978439331055,26.964115142822266,18.33500099182129,26872158,-0.02768342850699509,27.34965534210205,-0.00043668596675922684,0.018249245678257517
2013-05-09,26.964115142822266,27.29525375366211,26.727588653564453,27.058727264404297,18.399333953857422,25348021,0.0035026745760503727,27.34255952835083,-0.00026155223795670823,0.018270451869899555
2013-05-10,27.058727264404297,27.29525375366211,27.058727264404297,27.10603141784668,18.431501388549805,9521098,0.0017466768659116815,27.326002502441405,-0.0006071234662017164,0.01815787953096982
2013-05-13,27.247949600219727,27.768308639526367,27.153337478637695,27.579086303710938,18.7531681060791,12269194,0.017301478205222338,27.34965524673462,0.0008650739102611174,0.01836582882423894
2013-05-14,27.815614700317383,27.91022491455078,27.29525375366211,27.342559814453125,18.592334747314453,9218807,-0.008613287047033583,27.415882968902586,0.002482782160394957,0.015721773701693097
2013-05-15,27.437171936035156,27.531780242919922,27.20064353942871,27.342559814453125,18.592334747314453,8544466,0.0,27.44426622390747,0.0010489885867865846,0.014464621445270854
2013-05-16,27.67369842529297,28.146753311157227,27.437171936035156,27.8629207611084,18.946170806884766,16642896,0.01885234411392039,27.477380084991456,0.0012028083689443266,0.014644710034034994
2013-05-17,28.09944725036621,28.335973739624023,27.8629207611084,27.91022491455078,18.978334426879883,14679064,0.0016963061420431085,27.493937015533447,0.0005967681604464976,0.014342906443134185
2013-05-20,27.91022491455078,28.146753311157227,27.72100257873535,28.00483512878418,19.042667388916016,7453683,0.003384072357225714,27.51995496749878,0.0009377919498054083,0.014323034423067416
2013-05-21,28.146753311157227,29.18747329711914,28.052141189575195,28.714418411254883,19.52516746520996,25210616,0.02502220184252282,27.555434131622313,0.0012511100921261324,0.014794112663974639
2013-05-22,29.09286117553711,29.09286117553711,28.525196075439453,28.80902862548828,19.589502334594727,12992155,0.003289451672939952,27.58618268966675,0.0010788802210717613,0.014746897219602642
2013-05-23,28.80902862548828,29.045555114746094,27.91022491455078,27.91022491455078,18.978334426879883,16063682,-0.031695725872688436,27.583817386627196,-8.46750891340578e-05,0.016365447635274758
2013-05-24,27.91022491455078,28.146753311157227,27.626392364501953,27.72100257873535,18.84967041015625,6868127,-0.00680276434911954,27.586182594299316,8.539474730157897e-05,0.016272158821289056
2013-05-27,27.72100257873535,28.09944725036621,27.626392364501953,28.052141189575195,19.0748348236084,3889613,0.011874622067871137,27.63348808288574,0.001715434956645194,0.015700491827482985
2013-05-28,28.09944725036621,28.19405746459961,27.957530975341797,28.052141189575195,19.0748348236084,4198246,0.0,27.68788938522339,0.001977902528743304,0.015621611399893775
2013-05-29,28.19405746459961,28.667112350463867,28.19405746459961,28.57250213623047,19.428667068481445,10197552,0.018379827755305226,27.749386501312255,0.0022000167865010123,0.015830788751647767
2013-05-30,28.38327980041504,28.38327980041504,28.00483512878418,28.09944725036621,19.10700225830078,7529785,-0.016694886214121567,27.810883617401124,0.0022378953786374974,0.015782122586992218
2013-05-31,28.38327980041504,28.38327980041504,27.531780242919922,27.531780242919922,18.72100257873535,13159155,-0.02040892271503607,27.815614032745362,0.00017211243175085204,0.01591331127886059
2013-06-03,27.437171936035156,27.48447608947754,27.247949600219727,27.38986587524414,18.624502182006836,8652276,-0.00516789621397546,27.78723077774048,-0.0010256760725878672,0.01532921396272357
2013-06-04,27.437171936035156,27.626392364501953,27.10603141784668,27.20064353942871,18.495832443237305,8301366,-0.006932453851853324,27.761212825775146,-0.0009474854585905074,0.015293048379544523
2013-06-05,27.10603141784668,27.38986587524414,27.058727264404297,27.20064353942871,18.495832443237305,4726726,0.0,27.773039245605467,0.00043668596675924717,0.013938658308449214
2013-06-06,27.01142120361328,27.531780242919922,26.964115142822266,27.20064353942871,18.495832443237305,6692672,0.0,27.780135059356688,0.00026155223795672845,0.013920100357654492
2013-06-07,27.20064353942871,27.38986587524414,27.20064353942871,27.20064353942871,18.495832443237305,4656967,0.0,27.78486566543579,0.00017421839466114441,0.013915770976968255
2013-06-10,27.38986587524414,27.768308639526367,27.29525375366211,27.67369842529297,18.817501068115234,6724381,0.017241814225778546,27.789596271514892,0.00017123519568895484,0.013911911928521047
2013-06-11,27.91022491455078,28.28866958618164,27.768308639526367,27.768308639526367,18.8818359375,11941537,0.0034129466474532495,27.810883712768554,0.0007725468804132965,0.013771430999854829
2013-06-13,27.531780242919922,27.531780242919922,27.20064353942871,27.20064353942871,18.495832443237305,9153276,-0.020654760873231752,27.803787899017333,-0.0002601911632482912,0.014582967092940552
2013-06-14,27.29525375366211,27.38986587524414,27.20064353942871,27.247949600219727,18.527999877929688,4737295,0.0017376416897558367,27.7730393409729,-0.0011159262844565188,0.013887996208153617
2013-06-17,27.247949600219727,27.247949600219727,26.727588653564453,26.82219886779785,18.23849868774414,9358326,-0.015748413634574493,27.718638038635255,-0.0019881622732873987,0.014245290001486492
2013-06-18,26.964115142822266,27.153337478637695,26.82219886779785,26.964115142822266,18.33500099182129,4745751,0.005277052609633985,27.666602039337157,-0.0018935132606669853,0.014289084407632553
2013-06-19,26.964115142822266,27.058727264404297,26.11261749267578,26.30183982849121,17.884668350219727,18509488,-0.024868021031814992,27.545973110198975,-0.004388024404383875,0.013684992359762536
2013-06-20,25.970701217651367,26.159923553466797,25.68686866760254,25.781478881835938,17.530838012695312,12379118,-0.0199825308564339,27.394595623016357,-0.005551623530852568,0.013983951395253059
2013-06-21,25.639562606811523,25.639562606811523,24.740758895874023,25.166507720947266,17.112667083740234,21215306,-0.024142309493480396,27.25740976333618,-0.005173952711892167,0.013327284731987694
2013-06-24,25.166507720947266,25.592256546020508,25.071897506713867,25.30842399597168,17.20916748046875,8174530,0.00562325273785443,27.136780834198,-0.004552651857543468,0.013535373094548954
2013-06-25,25.071897506713867,25.21381378173828,24.031177520751953,24.031177520751953,16.340669631958008,13368433,-0.05178525392099175,26.935732650756837,-0.007735645656986612,0.016605887589206277
2013-06-26,24.882675170898438,25.544952392578125,24.50423240661621,25.544952392578125,17.3700008392334,13571370,0.06108768845229353,26.81037321090698,-0.004681261234371936,0.02262925490092144
2013-06-27,25.639562606811523,26.01800537109375,25.592256546020508,25.68686866760254,17.466501235961914,10489273,0.005540175425359443,26.666091537475587,-0.005323243850869225,0.022116915981888113
2013-06-28,25.734174728393555,25.734174728393555,25.21381378173828,25.68686866760254,17.466501235961914,8971478,0.0,26.545462608337402,-0.004488499540163146,0.021979761255612826
2013-07-01,25.592256546020508,26.159923553466797,25.450340270996094,26.01800537109375,17.69167137145996,8703010,0.012808898079465615,26.469773864746095,-0.002827608500438062,0.021968466757280175
2013-07-02,26.159923553466797,26.254533767700195,25.828784942626953,25.970701217651367,17.659503936767578,7842645,-0.0018197862420789215,26.398815631866455,-0.0026602030018432355,0.02196245045377016
2013-07-03,25.970701217651367,26.01800537109375,25.119203567504883,25.261119842529297,17.177001953125,13685521,-0.027702577793496868,26.301839447021486,-0.0036987091989254123,0.022655235103386438
2013-07-04,24.493104934692383,25.312755584716797,24.444889068603516,24.878822326660156,17.77584457397461,16163095,-0.015249515968151247,26.185748386383057,-0.004461184997332975,0.02278047083130542
2013-07-05,25.216325759887695,25.4091854095459,24.92703628540039,25.36096954345703,18.120338439941406,8057696,0.019194427433874988,26.09376468658447,-0.0035014636256392256,0.023374875963996903
2013-07-08,25.4091854095459,25.4091854095459,24.92703628540039,24.92703628540039,17.81029510498047,4838765,-0.017258351030648104,25.980084323883055,-0.00436438117717163,0.02355666278510306
2013-07-09,25.071680068969727,25.264541625976562,24.975252151489258,25.16811180114746,17.982542037963867,3571519,0.009624779483951415,25.85480499267578,-0.004745232914262988,0.023248518736231766
2013-07-10,25.119895935058594,26.27705192565918,25.119895935058594,25.987762451171875,18.568180084228516,14209337,0.03204796376392035,25.765777683258058,-0.003313482058439632,0.02461873918585802
2013-07-11,26.27705192565918,27.482419967651367,26.228836059570312,27.24134635925293,19.4638614654541,23737537,0.04711015361248898,25.76781282424927,7.476366584640431e-05,0.026683114081365398
2013-07-12,27.723493576049805,28.157426834106445,27.482419967651367,28.060997009277344,20.04949951171875,24774564,0.029644699501889263,25.808465194702148,0.0014701165564530755,0.027492064608903966
2013-07-15,28.060997009277344,28.398500442504883,27.771709442138672,28.205642700195312,20.152849197387695,11199886,0.005141448300483501,25.87763738632202,0.0025146096532059755,0.027198723161783043
2013-07-16,28.205642700195312,28.63957405090332,28.10921287536621,28.30207061767578,20.221750259399414,11077517,0.003412914995773852,25.944535160064696,0.002421402772512969,0.02719195159750859
2013-07-17,28.398500442504883,28.54314422607422,27.771709442138672,28.30207061767578,20.221750259399414,12817648,0.0,26.044546699523927,0.0036648038241037183,0.026436489951596427
2013-07-18,28.44671630859375,29.121721267700195,28.35028648376465,28.88064956665039,20.63513946533203,22611327,0.02023683701674961,26.199505233764647,0.005675772217762894,0.026070176535545053
2013-07-19,29.362796783447266,29.362796783447266,28.494930267333984,29.3145809173584,20.94518280029297,22721251,0.01491322877914007,26.406908893585204,0.007628549131393917,0.025166157141969688
2013-07-22,29.362796783447266,29.893159866333008,28.97707748413086,29.121721267700195,20.807384490966797,17127530,-0.006600703421537499,26.59757375717163,0.007017351323424322,0.02536507441342354
2013-07-23,29.266366958618164,29.4110107421875,28.928863525390625,29.4110107421875,21.014080047607422,13294680,0.009884788222458526,26.866565418243407,0.010100853430596834,0.021256168276170065
2013-07-24,29.4110107421875,29.459226608276367,28.687789916992188,28.736003875732422,20.53179359436035,7578590,-0.023218292278232532,27.026117992401122,0.005885554394070533,0.018834182686362163
2013-07-25,28.205642700195312,28.832433700561523,28.205642700195312,28.736003875732422,20.53179359436035,6892078,0.0,27.178574752807616,0.00560854562280256,0.01888021534571151
2013-07-26,28.687789916992188,28.928863525390625,27.964567184448242,28.060997009277344,20.04949951171875,10193971,-0.023770221614835454,27.297281169891356,0.004420034542060787,0.0199686505712905
2013-07-29,28.060997009277344,28.157426834106445,27.723493576049805,27.771709442138672,19.842803955078125,6506304,-0.01036274880156703,27.384966373443604,0.003261452198009155,0.02012788651820389
2013-07-30,27.771709442138672,28.687789916992188,27.771709442138672,28.687789916992188,20.49734115600586,10509227,0.032453737231502175,27.520820808410644,0.004975128371688209,0.02110767046775469
2013-07-31,28.687789916992188,28.687789916992188,28.253856658935547,28.30207061767578,20.221750259399414,4759951,-0.013536625133677831,27.67286834716797,0.005683426004679162,0.020170275323406484
2013-08-01,28.30207061767578,28.30207061767578,27.24134635925293,27.385990142822266,19.567211151123047,16285465,-0.03290339469990719,27.798226737976073,0.0048007320680913635,0.021478424702789572
2013-08-02,27.530635833740234,27.86813735961914,27.530635833740234,27.86813735961914,19.911701202392578,7062150,0.017452432117770002,27.92358512878418,0.004713632302286115,0.021420436806979963
2013-08-05,27.86813735961914,28.928863525390625,27.723493576049805,28.78421974182129,20.566242218017578,14180301,0.032343305251763925,28.116444301605224,0.007193715116406716,0.021613204671716985
2013-08-06,28.928863525390625,29.5074405670166,28.78421974182129,29.07350730895996,20.772937774658203,20589125,0.010000046411531106,28.311714076995848,0.007212478462785702,0.02161558902318387
2013-08-07,28.928863525390625,28.928863525390625,28.253856658935547,28.687789916992188,20.49734115600586,10057083,-0.013355763947480205,28.446715450286867,0.004942292077215673,0.02125115034504274
2013-08-08,28.687789916992188,29.3145809173584,28.494930267333984,28.494930267333984,20.35954475402832,13244903,-0.006745407714215715,28.509394645690918,0.0022495140108804382,0.01890985420416189
2013-08-09,28.44671630859375,28.687789916992188,27.86813735961914,27.916353225708008,19.94615364074707,22538735,-0.02051353185622391,28.50216245651245,-0.0002583975570252204,0.01840471449162007
2013-08-12,27.964567184448242,28.205642700195312,27.723493576049805,27.771709442138672,19.842803955078125,7951919,-0.0051947976610627125,28.480465793609618,-0.000775209855102531,0.018390221381164206
2013-08-13,27.964567184448242,28.35028648376465,27.771709442138672,27.916353225708008,19.94615364074707,9071908,0.005194797661062594,28.46117992401123,-0.0006861157218380938,0.01841587766204
2013-08-14,27.964567184448242,28.01278305053711,27.627063751220703,27.819923400878906,19.87725257873535,7966438,-0.0034602211299126434,28.437072563171387,-0.0008591267783337261,0.018425343959824828
2013-08-15,27.819923400878906,28.63957405090332,27.67527961730957,27.964567184448242,19.980602264404297,14787998,0.0051858180009083585,28.39126844406128,-0.0016116777291257888,0.017815646155747294
2013-08-16,28.253856658935547,28.736003875732422,28.253856658935547,28.35028648376465,20.256196975708008,14118079,0.013698884260935964,28.34305372238159,-0.001672394955035994,0.017758340890829487
2013-08-19,28.35028648376465,29.07350730895996,28.35028648376465,28.63957405090332,20.462890625,12680760,0.01015233408738867,28.318946361541748,-0.0008347430795896855,0.017908124489651442
2013-08-20,28.687789916992188,28.88064956665039,27.723493576049805,27.819923400878906,19.87725257873535,14130523,-0.029037036349232964,28.239391994476318,-0.0027808343081742602,0.018775730562466068
2013-08-22,27.819923400878906,28.30207061767578,27.4342041015625,28.10921287536621,20.08395004272461,11664474,0.0103449498302733,28.20805244445801,-0.0011026722027489683,0.018347959968146803
2013-08-23,28.35028648376465,28.78421974182129,28.10921287536621,28.494930267333984,20.35954475402832,11220627,0.013628803155863201,28.195998764038087,-0.0004212320449558083,0.01864180126171352
2013-08-26,28.591360092163086,28.736003875732422,28.35028648376465,28.494930267333984,20.35954475402832,6464823,0.0,28.217695426940917,0.0007672790357859644,0.017814200843359825
2013-08-27,28.398500442504883,28.78421974182129,28.060997009277344,28.060997009277344,20.04949951171875,7644959,-0.015345580715719445,28.23215980529785,0.0005181374400783438,0.01801180107461841
2013-08-28,27.964567184448242,28.205642700195312,27.819923400878906,28.060997009277344,20.04949951171875,7649107,0.0,28.20082015991211,-0.001104549421496765,0.016370381245657192
2013-08-29,28.205642700195312,28.398500442504883,28.060997009277344,28.060997009277344,20.04949951171875,6962596,0.0,28.188766479492188,-0.0004277181648128735,0.016107042873335302
2013-08-30,28.35028648376465,28.736003875732422,28.253856658935547,28.494930267333984,20.35954475402832,13678380,0.015345580715719499,28.244213485717772,0.001984730605968461,0.014522267805494253
2013-09-02,28.687789916992188,28.97707748413086,28.44671630859375,28.591360092163086,20.42844009399414,19357137,0.0033783914119789784,28.280374622344972,0.0012810285706789098,0.014067165111799616
2013-09-03,28.736003875732422,28.928863525390625,28.54314422607422,28.78421974182129,20.566242218017578,15988875,0.006722733838185764,28.280374622344972,1.5612511283791264e-18,0.01212162919178215
2013-09-04,28.832433700561523,29.3145809173584,28.63957405090332,29.025293350219727,20.738487243652344,21447783,0.00834032300034029,28.27796392440796,-8.298617055953924e-05,0.01205506296000801
2013-09-05,29.218151092529297,29.603870391845703,29.07350730895996,29.4110107421875,21.014080047607422,20842159,0.013201484926843492,28.314124965667723,0.0012448762731566455,0.011978516922212648
2013-09-06,29.652084350585938,29.989587783813477,29.362796783447266,29.700300216674805,21.22077751159668,24971599,0.00978803479133986,28.374393463134766,0.0020715483984344247,0.01196856775644719
2013-09-09,29.893159866333008,30.568166732788086,29.3145809173584,30.423521041870117,21.737516403198242,24552640,0.024058873665789682,28.499751853942872,0.004300168674535104,0.011688292217506984
2013-09-10,30.61638069152832,30.712810516357422,29.4110107421875,30.037803649902344,21.461923599243164,29142520,-0.012759317690285033,28.613056564331053,0.003921942673073988,0.012125913780930354
2013-09-11,29.893159866333008,30.423521041870117,29.652084350585938,30.423521041870117,21.737516403198242,19278323,0.012759317690284938,28.73841495513916,0.004300168674535105,0.012284641362370733
2013-09-12,30.423521041870117,30.51995086669922,29.893159866333008,30.086017608642578,21.496374130249023,10743595,-0.011155495176484604,28.851719665527344,0.003915404972206507,0.012655410508564637
2013-09-13,30.37530517578125,31.194957733154297,30.37530517578125,30.61638069152832,21.87531280517578,29003558,0.01747464989164767,28.984310340881347,0.004529846566743473,0.013013590652458659
2013-09-16,30.664594650268555,31.002098083496094,30.471736907958984,30.664594650268555,21.90976333618164,14914515,0.001573537902082957,29.100025749206544,0.003923579248800822,0.01284530346119289
2013-09-17,30.664594650268555,30.712810516357422,30.27887725830078,30.664594650268555,21.90976333618164,9553088,0.0,29.201276779174805,0.003415962544431389,0.012786666970559276
2013-09-18,30.664594650268555,30.80923843383789,30.134233474731445,30.134233474731445,21.530820846557617,12950387,-0.01744687011323433,29.31699228286743,0.003995470856231321,0.011429007977728188
2013-09-23,30.37530517578125,30.80923843383789,30.134233474731445,30.471736907958984,21.7719669342041,10096490,0.011137745011358524,29.43511848449707,0.004035110615285582,0.011453537753623172
2013-09-24,30.61638069152832,30.712810516357422,30.18244743347168,30.568166732788086,21.840866088867188,7686440,0.0031595693734128784,29.538780307769777,0.0035116489261630655,0.011229037563630948
2013-09-25,30.712810516357422,30.857454299926758,29.555654525756836,29.989587783813477,21.427474975585938,21775483,-0.019108917072492387,29.61351318359375,0.002556203072538446,0.012304973747994838
2013-09-26,29.74851417541504,30.086017608642578,29.362796783447266,29.941373825073242,21.393022537231445,18220556,-0.0016089836654500146,29.707532024383546,0.003243032925051918,0.0116173088030266
2013-09-27,29.989587783813477,29.989587783813477,28.736003875732422,29.121721267700195,20.807384490966797,26404770,-0.027756932830428772,29.76056823730469,0.0018551862835304792,0.013526258402305901
2013-09-30,29.07350730895996,29.218151092529297,28.398500442504883,29.218151092529297,20.876283645629883,13168163,0.00330579786158938,29.818425941467286,0.0020204761766099482,0.013522592798295558
2013-10-01,29.07350730895996,29.4110107421875,29.025293350219727,29.266366958618164,20.910734176635742,8441396,0.0016488424157083926,29.856997776031495,0.001335639261609393,0.013154045750368331
2013-10-02,29.266366958618164,29.555654525756836,29.169937133789062,29.4110107421875,21.014080047607422,6865115,0.004930147945160874,29.897980308532716,0.001413227088268488,0.013171294008611169
2013-10-03,29.4110107421875,30.086017608642578,29.362796783447266,29.893159866333008,21.35857582092285,12263876,0.0162605679414279,29.9534273147583,0.0018901187934305945,0.013541128161578675
2013-10-04,29.652084350585938,29.893159866333008,29.603870391845703,29.84494400024414,21.324125289916992,8059770,-0.0016142419473687852,29.994409847259522,0.0013923905460451408,0.013474345267959749
2013-10-07,29.84494400024414,30.471736907958984,29.700300216674805,29.893159866333008,21.35857582092285,7615923,0.0016142419473686388,30.018517303466798,0.0008130283970713982,0.0131858834515513
2013-10-08,29.893159866333008,30.086017608642578,29.5074405670166,29.74851417541504,21.25522804260254,6184826,-0.00485050015231898,30.02092800140381,8.110164988845625e-05,0.013067221760347249
2013-10-09,29.652084350585938,29.74851417541504,29.459226608276367,29.459226608276367,21.04853057861328,3094487,-0.009772028635884984,29.972713279724122,-0.001610443465195277,0.011941122080314207
2013-10-11,29.941373825073242,30.230661392211914,29.555654525756836,29.941373825073242,21.393022537231445,11587734,0.016234105454746364,29.967891788482667,-0.00016077230794370715,0.012271741468208374
2013-10-14,30.18244743347168,30.761024475097656,29.989587783813477,30.568166732788086,21.840866088867188,13473049,0.020717900737942576,29.975124073028564,0.00023715684443917484,0.012829120749657833
2013-10-15,30.761024475097656,31.05031394958496,30.423521041870117,30.80923843383789,22.01310920715332,14340003,0.007855429536669305,30.01128511428833,0.0011877030800968701,0.012643523910843966
2013-10-16,30.905668258666992,30.905668258666992,30.51995086669922,30.61638069152832,21.87531280517578,6921115,-0.0062794117102895775,30.01128511428833,7.806255641895632e-18,0.012138662970504997
2013-10-17,30.857454299926758,30.95388412475586,30.134233474731445,30.27887725830078,21.634166717529297,6016828,-0.011084833218101997,29.991999244689943,-0.0006329185560092398,0.012379910346354451
2013-10-18,30.27887725830078,30.51995086669922,30.27887725830078,30.37530517578125,21.703065872192383,4569139,0.0031795993235777297,29.977534770965576,-0.0004739385898303534,0.012408847941738166
2013-10-21,30.37530517578125,30.568166732788086,29.989587783813477,30.134233474731445,21.530820846557617,5805274,-0.007968098316627077,29.977534770965576,9.367506770274759e-18,0.011896926421639956
2013-10-22,30.134233474731445,30.423521041870117,29.893159866333008,29.989587783813477,21.427474975585938,7767328,-0.004811602687720889,29.9534273147583,-0.0007974673849539613,0.011642895686214834
2013-10-23,30.134233474731445,30.18244743347168,29.555654525756836,29.555654525756836,21.117427825927734,7779773,-0.014575167489488873,29.902801704406738,-0.0016842042280990489,0.011995666355473939
2013-10-24,29.603870391845703,29.796728134155273,29.459226608276367,29.74851417541504,21.25522804260254,4986023,0.006504107005177484,29.890748023986816,-0.0004035530242155553,0.011389401093141046
2013-10-25,29.74851417541504,29.74851417541504,29.459226608276367,29.459226608276367,21.04853057861328,5062763,-0.009772028635884984,29.866640663146974,-0.0008117052727373038,0.01157955138446663
2013-10-28,29.652084350585938,29.893159866333008,29.5074405670166,29.74851417541504,21.25522804260254,4307808,0.009772028635885026,29.897980308532716,0.001064742800578386,0.009902639687743806
2013-10-29,29.74851417541504,29.893159866333008,29.555654525756836,29.84494400024414,21.324125289916992,4452992,0.0032362582049501247,29.92931995391846,0.0010612658177464233,0.00990182357606029
2013-10-30,29.84494400024414,29.941373825073242,29.218151092529297,29.459226608276367,21.04853057861328,8279620,-0.013008286840835239,29.938962936401367,0.00032840935491924183,0.010386584430101788
2013-10-31,29.4110107421875,29.652084350585938,29.3145809173584,29.652084350585938,21.186330795288086,4492399,0.006525263049967458,29.95101661682129,0.00040816511015957097,0.010429813957073302
2013-11-01,29.796728134155273,29.796728134155273,29.5074405670166,29.5074405670166,21.08298110961914,3453298,-0.004889967321234627,29.931730651855467,-0.0006493616529735554,0.009790553016596619
2013-11-04,29.5074405670166,29.5074405670166,28.97707748413086,29.07350730895996,20.772937774658203,4455066,-0.014815096397609437,29.89315881729126,-0.001309404375485588,0.010291201039843507
2013-11-05,28.97707748413086,29.07350730895996,28.687789916992188,28.78421974182129,20.566242218017578,5156096,-0.010000046411531153,29.837711811065674,-0.0018901187934305774,0.010444093078664651
2013-11-06,28.88064956665039,29.025293350219727,28.253856658935547,28.398500442504883,20.290645599365234,7304815,-0.013490968891719609,29.770211124420165,-0.002322142230400609,0.010747301998498087
2013-11-07,28.398500442504883,28.687789916992188,28.30207061767578,28.687789916992188,20.49734115600586,4828395,0.010135251355770676,29.731639289855956,-0.001326778230817826,0.010941125609283696
2013-11-08,28.687789916992188,28.687789916992188,28.10921287536621,28.253856658935547,20.187297821044922,3926182,-0.015241626633675346,29.64726343154907,-0.0029005648352389115,0.010538547405885536
2013-11-11,28.44671630859375,28.591360092163086,28.30207061767578,28.398500442504883,20.290645599365234,2824860,0.005106375277904649,29.53878011703491,-0.0036811411082408076,0.009188814237345085
2013-11-12,28.591360092163086,28.832433700561523,28.30207061767578,28.736003875732422,20.53179359436035,5906903,0.011814484540671003,29.435118389129638,-0.003483188358040723,0.009488192332024425
2013-11-13,28.78421974182129,28.832433700561523,28.44671630859375,28.63957405090332,20.462890625,4894765,-0.0033613575360195228,29.33627805709839,-0.00333728564932722,0.00946533928150377
2013-11-14,28.78421974182129,29.362796783447266,28.591360092163086,29.025293350219727,20.738487243652344,6819486,0.013378164887408506,29.273598861694335,-0.002114135744051695,0.009978187226107134
2013-11-15,31.05031394958496,31.05031394958496,30.95388412475586,31.05031394958496,22.18535804748535,44204294,0.06744128508118438,29.307349300384523,0.0010989485438286377,0.01848922148094121
2013-11-18,30.327091217041016,30.327091217041016,29.652084350585938,29.893159866333008,21.35857582092285,22802139,-0.037979232212912904,29.295295619964598,-0.00040160815098565385,0.020384506981960707
2013-11-19,29.941373825073242,30.27887725830078,29.941373825073242,30.037803649902344,21.461923599243164,6682599,0.004827022825416585,29.297706413269044,8.032312467121986e-05,0.020388696233631546
2013-11-20,30.37530517578125,31.002098083496094,30.18244743347168,30.327091217041016,21.668617248535156,18403073,0.009584702580084828,29.336278247833253,0.001288316628149905,0.020189424805602586
2013-11-21,30.327091217041016,30.327091217041016,29.5074405670166,29.555654525756836,21.117427825927734,9555162,-0.02576633256299795,29.32663526535034,-0.00032520535025886663,0.02102295126227444
2013-11-22,29.603870391845703,29.796728134155273,28.832433700561523,28.928863525390625,20.669586181640625,16019986,-0.021435245441404578,29.300117111206056,-0.0009083661905348464,0.02145609336454169
2013-11-25,29.3145809173584,29.3145809173584,28.97707748413086,29.121721267700195,20.807384490966797,5834311,0.006644496435014592,29.268777465820314,-0.001064742800578368,0.02138543618323793
2013-11-26,29.266366958618164,29.555654525756836,29.07350730895996,29.121721267700195,20.807384490966797,10872186,0.0,29.232616329193114,-0.0012265557108258741,0.02136341207399485
2013-11-27,29.169937133789062,29.459226608276367,29.169937133789062,29.266366958618164,20.910734176635742,6500082,0.004954640277297688,29.222973346710205,-0.000328409354919228,0.021219128400317512
2013-11-28,29.459226608276367,29.555654525756836,29.3145809173584,29.4110107421875,21.014080047607422,6392231,0.004930147945160874,29.210919666290284,-0.0004081651101595572,0.021194995897926006
2013-11-29,29.4110107421875,29.652084350585938,29.266366958618164,29.3145809173584,20.94518280029297,7002003,-0.0032840848009209793,29.20127668380737,-0.00032787098414387486,0.021180160268793706
2013-12-02,29.4110107421875,29.603870391845703,29.266366958618164,29.459226608276367,21.04853057861328,4747507,0.004922123954144842,29.220562648773193,0.000658990033443839,0.02092793329064338
2013-12-03,29.362796783447266,29.700300216674805,29.3145809173584,29.362796783447266,20.979629516601562,9181833,-0.003278700923665891,29.249491500854493,0.0009950573078371023,0.02080134228008882
2013-12-04,29.362796783447266,29.652084350585938,29.3145809173584,29.4110107421875,21.014080047607422,4859506,0.0016406617704419616,29.300117015838623,0.0017516388409451807,0.02052000886190161
2013-12-05,29.555654525756836,29.652084350585938,29.3145809173584,29.3145809173584,20.94518280029297,6259492,-0.0032840848009209793,29.331456565856932,0.0010806720331105978,0.020450729152889556
2013-12-06,29.3145809173584,29.4110107421875,29.07350730895996,29.121721267700195,20.807384490966797,8090881,-0.006600703421537499,29.374849796295166,0.0015127181937174903,0.020177197854876327
2013-12-09,29.362796783447266,29.555654525756836,28.928863525390625,28.928863525390625,20.669586181640625,10772631,-0.006644496435014651,29.401367950439454,0.0009251746080715254,0.02023804206020446
2013-12-10,28.928863525390625,29.07350730895996,28.736003875732422,28.832433700561523,20.60068702697754,7742440,-0.0033389109679375687,29.406189441680908,0.00016750483264109676,0.02009204171779254
2013-12-11,28.928863525390625,29.07350730895996,28.63957405090332,28.687789916992188,20.49734115600586,7002003,-0.005029329837722143,29.40860023498535,8.410621755596575e-05,0.020110913221949623
2013-12-12,28.687789916992188,28.687789916992188,28.253856658935547,28.398500442504883,20.290645599365234,6991633,-0.010135251355770652,29.377260589599608,-0.0010915645946029922,0.019979709467775653
2013-12-13,28.398500442504883,28.78421974182129,28.398500442504883,28.54314422607422,20.393991470336914,3478187,0.005080432626255946,29.251902103424072,-0.004209607217349414,0.011990095225868986
2013-12-16,28.54314422607422,28.63957405090332,27.86813735961914,27.86813735961914,19.911701202392578,10098564,-0.023932768986300368,29.15065097808838,-0.0035072840560187875,0.01018315344692066
2013-12-17,27.964567184448242,28.157426834106445,27.4342041015625,27.530635833740234,19.67055892944336,17343232,-0.012184591173772826,29.025292587280273,-0.004357864755978258,0.010160814579410675
2013-12-18,27.530635833740234,27.86813735961914,27.530635833740234,27.67527961730957,19.773906707763672,10865964,0.0052401672310942,28.8927020072937,-0.004575091523427789,0.009889878372304123
2013-12-19,27.916353225708008,28.253856658935547,27.86813735961914,28.10921287536621,20.08395004272461,9123759,0.015557800788414657,28.82037992477417,-0.0025088848558571593,0.009540122051357671
2013-12-20,28.157426834106445,28.30207061767578,27.86813735961914,27.964567184448242,19.980602264404297,7528812,-0.005159131829364929,28.77216510772705,-0.0016950791752551764,0.008475462218825522
2013-12-23,27.964567184448242,28.157426834106445,27.916353225708008,27.964567184448242,19.980602264404297,4295363,0.0,28.714307403564455,-0.002027303997005906,0.0082588167944429
2013-12-24,28.060997009277344,28.060997009277344,27.771709442138672,27.86813735961914,19.911701202392578,3617148,-0.0034542450163711183,28.6516282081604,-0.0022000162478244623,0.00825030350569023
2013-12-25,28.10921287536621,28.205642700195312,28.01278305053711,28.10921287536621,20.08395004272461,3716703,0.008613376845736133,28.593770503997803,-0.00201707941940254,0.008455311919060779
2013-12-26,28.205642700195312,28.205642700195312,27.723493576049805,27.771709442138672,19.842803955078125,8399915,-0.012079526361423343,28.51180543899536,-0.002867563134731751,0.00857436851358641
2013-12-27,27.771709442138672,28.157426834106445,27.771709442138672,28.01278305053711,20.015050888061523,4127365,0.008643086935701198,28.446715545654296,-0.0022712045479006417,0.008950403743297563
2013-12-30,28.01278305053711,28.157426834106445,27.964567184448242,28.060997009277344,20.04949951171875,7744514,0.0017196618658659607,28.376804065704345,-0.0024313276523145856,0.008842942674708736
2013-12-31,28.10921287536621,28.253856658935547,27.86813735961914,27.86813735961914,19.911701202392578,9144500,-0.006896599285879782,28.30207109451294,-0.0026122225704252803,0.008898022304475924
2014-01-02,27.86813735961914,28.10921287536621,27.86813735961914,27.916353225708008,19.94615364074707,4612694,0.0017286481453754321,28.227338218688963,-0.0026078232516786068,0.008900257133962815
2014-01-03,27.916353225708008,28.01278305053711,27.771709442138672,27.819923400878906,19.87725257873535,4708100,-0.0034602211299126434,28.15260534286499,-0.0026166300681281897,0.008901048623091014
2014-01-06,27.819923400878906,27.916353225708008,26.518125534057617,26.80741310119629,19.153818130493164,15627990,-0.03707397558689535,28.036889934539794,-0.004140293676396083,0.011766029310808166
2014-01-07,26.80741310119629,27.096702575683594,26.46990966796875,26.662769317626953,19.05047035217285,13879563,-0.005410272785649481,27.923585224151612,-0.004078582493927824,0.011755435739744483
2014-01-08,26.80741310119629,27.385990142822266,26.759197235107422,26.952058792114258,19.25716781616211,13066534,0.010791502729821125,27.829566478729248,-0.003372061809039889,0.012217769652233413
2014-01-09,27.000272750854492,27.000272750854492,26.46990966796875,26.759197235107422,19.119367599487305,12664168,-0.007181451343571117,27.73313684463501,-0.003479667884332338,0.01224258602752098
2014-01-10,26.80741310119629,26.855627059936523,26.03597640991211,26.228836059570312,18.74042510986328,20286313,-0.02001881762464689,27.624653625488282,-0.00397384619777615,0.01271571712666421
2014-01-13,26.27705192565918,26.518125534057617,25.69847297668457,25.84311866760254,18.46483039855957,17917744,-0.014815055394889778,27.489652347564697,-0.004968620598833436,0.012748292163253579
2014-01-14,25.84311866760254,26.180620193481445,25.746688842773438,25.987762451171875,18.568180084228516,10210563,0.005581389161870225,27.395633602142333,-0.0034929126914249064,0.012130799456978335
2014-01-15,26.13240623474121,26.27705192565918,26.03597640991211,26.084192276000977,18.63707733154297,6025124,0.0037037186549234145,27.323311424255373,-0.002698497199990094,0.012051629988636807
2014-01-16,26.27705192565918,26.37347984313965,25.891332626342773,25.987762451171875,18.568180084228516,8810577,-0.003703718654923281,27.238935565948488,-0.0031456914942909683,0.011906615464929307
2014-01-17,26.180620193481445,26.180620193481445,25.505613327026367,25.60204315185547,18.292585372924805,12516910,-0.014953593344155289,27.11357707977295,-0.004671261200919466,0.011324498382513195
2014-01-20,25.60204315185547,25.69847297668457,25.071680068969727,25.071680068969727,17.91364097595215,20242758,-0.020933233878920612,26.968932723999025,-0.00545996630339725,0.011895186181485357
2014-01-21,25.071680068969727,26.27705192565918,25.071680068969727,26.27705192565918,18.774877548217773,23123618,0.04695708289365912,26.88455696105957,-0.0031121121587142937,0.016695257858619448
2014-01-22,26.518125534057617,26.80741310119629,26.03597640991211,26.13240623474121,18.671527862548828,26589360,-0.005519845587370121,26.797770404815672,-0.003215392187264244,0.01670387262762004
2014-01-23,26.228836059570312,26.46990966796875,25.987762451171875,25.987762451171875,18.568180084228516,10442857,-0.0055504100832129985,26.691697883605958,-0.0039235815337117005,0.016474653168085093
2014-01-24,25.987762451171875,25.987762451171875,25.4091854095459,25.553829193115234,18.258134841918945,16181762,-0.016838576272062238,26.580803871154785,-0.004161534029243645,0.016632268839789428
2014-01-27,25.4091854095459,25.939546585083008,25.119895935058594,25.746688842773438,18.395931243896484,14001932,0.007518854219094646,26.4674991607666,-0.004217745665073973,0.016588558081174563
2014-02-05,25.216325759887695,26.180620193481445,24.975252151489258,25.84311866760254,18.46483039855957,16596573,0.003738332891097379,26.35660524368286,-0.004116812113812402,0.016632668474714767
2014-02-06,25.939546585083008,26.180620193481445,25.553829193115234,25.553829193115234,18.258134841918945,13916896,-0.01125718711019193,26.240889835357667,-0.00433484150502801,0.01669947139608395
2014-02-07,25.84311866760254,25.891332626342773,25.650259017944336,25.650259017944336,18.327035903930664,5027504,0.0037664937389975564,26.12758512496948,-0.004232949225346903,0.016744571215339996
2014-02-10,26.03597640991211,26.37347984313965,25.84311866760254,26.084192276000977,18.63707733154297,11985952,0.016775801187987972,26.040798568725585,-0.0032211481094518725,0.017392569940826146
2014-02-11,26.03597640991211,26.228836059570312,25.84311866760254,26.13240623474121,18.671527862548828,7970586,0.0018466914282896775,26.007048225402833,-0.001275114758692621,0.015477413844732875
2014-02-12,26.46990966796875,26.518125534057617,26.13240623474121,26.13240623474121,18.671527862548828,8059770,0.0,25.980530071258546,-0.001004601119410147,0.015448589239390149
2014-02-13,26.180620193481445,26.325265884399414,25.794902801513672,25.794902801513672,18.430381774902344,7532960,-0.012999255771472967,25.922672271728516,-0.0021941390444748517,0.015408375960321545
2014-02-14,26.03597640991211,26.180620193481445,25.939546585083008,25.987762451171875,18.568180084228516,6784227,0.007448845688260094,25.88410053253174,-0.0014626241928832912,0.01550611854785537
2014-02-17,26.084192276000977,26.13240623474121,25.746688842773438,25.794902801513672,18.430381774902344,8294138,-0.0074488456882599845,25.862403869628906,-0.0008341255960639457,0.014959518813281161
2014-02-18,25.794902801513672,26.13240623474121,25.794902801513672,26.03597640991211,18.602630615234375,10150415,0.009302383077129092,25.872046756744385,0.00037174632753699774,0.014743699327782061
2014-02-19,26.03597640991211,26.13240623474121,25.891332626342773,25.939546585083008,18.53373146057129,6956374,-0.003710590289947633,25.86963596343994,-9.285264505389513e-05,0.014717273734205685
2014-02-20,26.03597640991211,26.03597640991211,25.746688842773438,25.746688842773438,18.395931243896484,6792523,-0.007462669151889219,25.852760791778564,-0.0006511720353945267,0.014777348612085992
2014-02-21,25.939546585083008,26.084192276000977,25.891332626342773,26.03597640991211,18.602630615234375,4187513,0.011173259441836801,25.855171489715577,9.267686944347733e-05,0.014988528109840403
2014-02-24,26.03597640991211,26.084192276000977,25.69847297668457,25.794902801513672,18.430381774902344,5516981,-0.009302383077129148,25.864814472198486,0.00037523738279478437,0.014741176876310933
2014-02-25,25.794902801513672,25.939546585083008,25.36096954345703,25.457399368286133,18.189237594604492,9540644,-0.013170464450134516,25.884100437164307,0.0007633758542340892,0.0142444184441893
2014-02-26,25.457399368286133,25.60204315185547,25.312755584716797,25.36096954345703,18.120338439941406,7906290,-0.0037950820788291953,25.838296318054198,-0.001774232394390327,0.009214683750073779
2014-02-27,25.36096954345703,26.084192276000977,25.312755584716797,25.939546585083008,18.53373146057129,14508001,0.022557339316145234,25.82865333557129,-0.000370373149214559,0.01064221208646269
2014-03-03,25.939546585083008,26.421695709228516,25.794902801513672,26.37347984313965,18.843774795532227,17590044,0.016590254492881016,25.847939205169677,0.0007366600795901418,0.011211358290765637
2014-03-04,26.46990966796875,26.56633949279785,25.939546585083008,25.939546585083008,18.53373146057129,12350986,-0.016590254492880995,25.867225074768065,0.0007490761685492039,0.011190989073344107
2014-03-05,26.27705192565918,26.27705192565918,25.939546585083008,25.939546585083008,18.53373146057129,4716396,0.0,25.876867961883544,0.0003731334575944717,0.011077314547661145
2014-03-06,26.228836059570312,26.421695709228516,26.03597640991211,26.13240623474121,18.671527862548828,7895920,0.007407462984291268,25.891332340240478,0.0005565899622541661,0.011166008458591848
2014-03-07,26.228836059570312,26.27705192565918,25.794902801513672,25.794902801513672,18.430381774902344,6172382,-0.012999255771472967,25.9033860206604,0.00046948652919011433,0.011269332016181358
2014-03-10,25.84311866760254,26.03597640991211,25.650259017944336,25.794902801513672,18.430381774902344,4096254,0.0,25.910618209838866,0.00028116184224023647,0.01124277516553572
2014-03-11,25.891332626342773,25.987762451171875,25.505613327026367,25.553829193115234,18.258134841918945,6844375,-0.009389730583802273,25.88410005569458,-0.0010271147463492758,0.01073317816168195
2014-03-12,25.457399368286133,25.505613327026367,25.071680068969727,25.264541625976562,18.051441192626953,11390699,-0.011385280061833607,25.840706825256348,-0.0016887133208554402,0.0109522882224758
2014-03-13,25.119895935058594,25.16811180114746,24.878822326660156,25.023466110229492,17.879194259643555,14082820,-0.009587866904244163,25.785259819030763,-0.002168106666067648,0.01108353032282042
2014-03-14,24.878822326660156,24.92703628540039,24.444889068603516,24.541318893432617,17.534698486328125,14885479,-0.01945584654895836,25.72258062362671,-0.0024909362049419176,0.011501752784072084
2014-03-17,24.493104934692383,24.589534759521484,24.203815460205078,24.252029418945312,17.328004837036133,11527587,-0.011857881216142944,25.63579397201538,-0.00345627255016207,0.011433604521167252
2014-03-18,24.444889068603516,24.63774871826172,24.252029418945312,24.444889068603516,17.465801239013672,9436941,0.007920856759778131,25.568293285369872,-0.0026877874277601637,0.011665301624876645
2014-03-19,25.987762451171875,26.03597640991211,25.553829193115234,25.794902801513672,18.430381774902344,32131230,0.053755748555203355,25.55623960494995,-0.0004651191538564508,0.017058428165996908
2014-03-20,25.987762451171875,26.180620193481445,25.69847297668457,26.084192276000977,18.63707733154297,19626764,0.011152564343183341,25.56347188949585,0.00027803857780009795,0.017232468248926325
2014-03-21,26.084192276000977,26.13240623474121,25.746688842773438,26.13240623474121,18.671527862548828,18660255,0.0018466914282896775,25.58275775909424,0.0007435066068090427,0.017137846979777507
2014-03-24,26.084192276000977,26.27705192565918,25.794902801513672,26.03597640991211,18.602630615234375,14922812,-0.0036968726943437604,25.58275775909424,1.465841337200402e-17,0.016983415076563552
2014-03-25,26.03597640991211,26.46990966796875,26.03597640991211,26.27705192565918,18.774877548217773,11502698,0.00921671828171385,25.606865215301514,0.0009259550679421646,0.016954361455339823
2014-03-26,26.46990966796875,26.518125534057617,26.13240623474121,26.13240623474121,18.671527862548828,9289683,-0.005519845587370121,25.64061555862427,0.0013084860110803842,0.016704033202252597
2014-03-27,26.13240623474121,26.662769317626953,26.13240623474121,26.662769317626953,19.05047035217285,14259115,0.020092022388203425,25.705705547332762,0.0025028412344320155,0.017167464519915507
2014-03-28,26.662769317626953,26.759197235107422,26.325265884399414,26.37347984313965,18.843774795532227,12369652,-0.0109092308796137,25.727402210235596,0.0008295127246440686,0.016735425932746035
2014-03-31,26.759197235107422,26.855627059936523,26.518125534057617,26.855627059936523,19.188264846801758,12438096,0.01811641906806747,25.751509571075438,0.0009058209534033914,0.01681436546337662
2014-04-01,27.000272750854492,27.144916534423828,26.80741310119629,26.952058792114258,19.25716781616211,9996936,0.003584314541367348,25.802135181427,0.0019145494051158083,0.016306998566770845
2014-04-02,27.144916534423828,27.193130493164062,26.855627059936523,26.855627059936523,19.188264846801758,7170001,-0.00358431454136734,25.847939205169677,0.0017353336780474415,0.01634878956185312
2014-04-03,26.855627059936523,26.855627059936523,26.56633949279785,26.710983276367188,19.084918975830078,8889391,-0.0054005334373369955,25.876868057250977,0.0010949338569660283,0.016365754991866474
2014-04-07,26.518125534057617,26.80741310119629,26.421695709228516,26.759197235107422,19.119367599487305,6719932,0.00180339663513328,25.925082778930665,0.0018350664772963405,0.016025999607437835
2014-04-08,26.759197235107422,26.80741310119629,26.56633949279785,26.614553451538086,19.016019821166992,4633434,-0.005420047712869169,25.966065311431883,0.0015640640916528823,0.01610429980505388
2014-04-09,26.662769317626953,26.710983276367188,26.518125534057617,26.614553451538086,19.016019821166992,5523203,0.0,26.019101524353026,0.0020335506208429962,0.015903778595500104
2014-04-10,26.662769317626953,26.80741310119629,26.518125534057617,26.759197235107422,19.119367599487305,5906903,0.005420047712869132,26.09383430480957,0.002873817009578133,0.015598508181473224
2014-04-11,26.518125534057617,26.662769317626953,26.421695709228516,26.518125534057617,18.94712257385254,6585118,-0.00904975452191476,26.168567276000978,0.002900722628694603,0.015576330231466193
2014-04-14,26.46990966796875,26.518125534057617,26.228836059570312,26.27705192565918,18.774877548217773,5730608,-0.009132473665168332,26.255353927612305,0.0034168912728841047,0.014955147384201568
2014-04-15,26.518125534057617,26.56633949279785,26.27705192565918,26.37347984313965,18.843774795532227,4025737,0.003662945921219519,26.361426448822023,0.004192932629752228,0.014517084847512497
2014-04-16,26.46990966796875,26.662769317626953,26.325265884399414,26.56633949279785,18.9815731048584,5585425,0.007286027994007571,26.467498970031738,0.0041611911914637,0.014509196660925313
2014-04-17,26.662769317626953,26.710983276367188,26.421695709228516,26.518125534057617,18.94712257385254,5668387,-0.0018165002500587573,26.503660106658934,0.001382578751200594,0.008649666559328705
2014-04-18,26.518125534057617,26.614553451538086,26.27705192565918,26.325265884399414,18.809324264526367,6122604,-0.007299323558893468,26.51571378707886,0.0004599843560967532,0.008536044631476895
2014-04-21,26.325265884399414,26.421695709228516,26.03597640991211,26.180620193481445,18.705976486206055,7348370,-0.005509708249444032,26.518124485015868,9.21643722100679e-05,0.008631111240129776
2014-04-22,26.180620193481445,26.27705192565918,26.03597640991211,26.084192276000977,18.63707733154297,3650333,-0.0036899788724906336,26.520535278320313,9.25090633027242e-05,0.008630952093622952
2014-04-23,26.084192276000977,26.37347984313965,26.03597640991211,26.37347984313965,18.843774795532227,4500695,0.0110294829368793,26.525356674194335,0.00018314729606099667,0.008740634821793644
2014-04-24,26.37347984313965,26.37347984313965,26.03597640991211,26.03597640991211,18.602630615234375,4349289,-0.01287966420293342,26.52053518295288,-0.0001848436347171683,0.009139215141351256
2014-04-25,26.03597640991211,26.27705192565918,25.60204315185547,25.60204315185547,18.292585372924805,9188055,-0.016807130733024558,26.467498874664308,-0.002029801290778568,0.008534917667447604
2014-04-28,25.071680068969727,25.69847297668457,25.071680068969727,25.69847297668457,18.36148452758789,7476961,0.0037594139660987284,26.433748531341553,-0.001296369048492946,0.008360193458473539
2014-04-29,25.746688842773438,25.987762451171875,25.746688842773438,25.939546585083008,18.53373146057129,4484102,0.009337126476978203,26.387944507598878,-0.0017353336780474096,0.0074703799111125345
2014-04-30,26.03597640991211,26.03597640991211,25.746688842773438,25.746688842773438,18.395931243896484,4347215,-0.007462669151889219,26.327676010131835,-0.0022876828627102375,0.007464748264258913
2014-05-02,25.794902801513672,25.939546585083008,25.69847297668457,25.69847297668457,18.36148452758789,3741591,-0.0018744573250888705,26.26981830596924,-0.0022021900018963144,0.0074589056181051635
2014-05-05,25.939546585083008,26.03597640991211,25.746688842773438,25.939546585083008,18.53373146057129,2123830,0.009337126476978203,26.23124647140503,-0.0014653070061805542,0.007844329767274777
2014-05-06,25.939546585083008,26.27705192565918,25.794902801513672,25.939546585083008,18.53373146057129,4967357,0.0,26.190263938903808,-0.0015554768379372184,0.007815089215956236
2014-05-07,25.939546585083008,26.03597640991211,25.84311866760254,26.03597640991211,18.602630615234375,3693888,0.0037105902899475397,26.16133508682251,-0.0010989449377963828,0.007844088947953921
2014-05-08,26.13240623474121,26.13240623474121,25.939546585083008,25.939546585083008,18.53373146057129,3515520,-0.003710590289947633,26.127584743499757,-0.0012844744522937644,0.007860592868021293
2014-05-09,25.939546585083008,26.03597640991211,25.794902801513672,25.794902801513672,18.430381774902344,2887081,-0.005591792787181626,26.07937002182007,-0.0018350664772963023,0.007751158917471059
2014-05-12,25.939546585083008,26.03597640991211,25.746688842773438,25.746688842773438,18.395931243896484,4571213,-0.0018708763647076621,26.04079818725586,-0.0014761225694359475,0.007563421569428416
2014-05-13,25.794902801513672,25.939546585083008,25.69847297668457,25.69847297668457,18.36148452758789,2835230,-0.0018744573250888705,26.01186923980713,-0.0011132217524319745,0.007347776567806788
2014-05-14,25.794902801513672,25.891332626342773,25.60204315185547,25.69847297668457,18.36148452758789,3714629,0.0,25.978118896484375,-0.0012963690484929504,0.007267676149622221
2014-05-15,25.746688842773438,25.746688842773438,25.60204315185547,25.69847297668457,18.36148452758789,4046477,0.0,25.93472557067871,-0.0016606704481933287,0.006992221013075747
2014-05-16,25.650259017944336,25.69847297668457,25.36096954345703,25.553829193115234,18.258134841918945,6796672,-0.005644396894005758,25.88651075363159,-0.0018520652803906787,0.007048871104280091
2014-05-19,25.650259017944336,25.794902801513672,25.60204315185547,25.746688842773438,18.395931243896484,2366494,0.007518854219094646,25.857581901550294,-0.0011111563914912733,0.007222799001591578
2014-05-20,25.746688842773438,25.746688842773438,25.60204315185547,25.650259017944336,18.327035903930664,3660703,-0.00375236048009712,25.83106384277344,-0.0010232890030239276,0.007177017302920191
2014-05-21,25.650259017944336,25.69847297668457,25.457399368286133,25.505613327026367,18.223684310913086,2341605,-0.00565511132041804,25.802134895324706,-0.001121545625420298,0.00722871258030669
2014-05-22,25.553829193115234,25.69847297668457,25.505613327026367,25.69847297668457,18.36148452758789,2565603,0.0075330144754262906,25.768384552001955,-0.0012963690484929483,0.006956534514727289
2014-05-23,25.60204315185547,25.794902801513672,25.553829193115234,25.69847297668457,18.36148452758789,2360272,0.0,25.751509380340575,-0.0006523858383462774,0.00640184034071962
2014-05-26,25.69847297668457,25.794902801513672,25.553829193115234,25.60204315185547,18.292585372924805,3461594,-0.0037594139660987414,25.751509380340575,1.3444106938820255e-17,0.0052257123953846065
2014-05-27,25.60204315185547,25.69847297668457,25.457399368286133,25.553829193115234,18.258134841918945,3480261,-0.0018849829279069348,25.74427719116211,-0.0002822198447002697,0.0051640474599382565
2014-05-28,25.457399368286133,26.228836059570312,25.457399368286133,26.228836059570312,18.74042510986328,8194583,0.026072242505081642,25.758741664886475,0.0005545359567049022,0.007590516915576397
2014-05-29,26.37347984313965,26.37347984313965,26.084192276000977,26.27705192565918,18.774877548217773,7194890,0.0018365894375636002,25.785259819030763,0.0010194988861775432,0.0073547237478128885
2014-05-30,26.27705192565918,26.518125534057617,26.13240623474121,26.518125534057617,18.94712257385254,13508307,0.009132473665168355,25.826242446899414,0.0015698454356904046,0.007536350566794361
2014-06-03,26.518125534057617,26.662769317626953,26.180620193481445,26.325265884399414,18.809324264526367,7242593,-0.007299323558893468,25.845528411865235,0.000738022933896821,0.007552022900267572
2014-06-04,26.325265884399414,26.46990966796875,26.27705192565918,26.325265884399414,18.809324264526367,3998774,0.0,25.864814376831056,0.000738022933896821,0.007552022900267572
2014-06-05,26.37347984313965,26.421695709228516,26.13240623474121,26.180620193481445,18.705976486206055,4299512,-0.005509708249444032,25.872046566009523,0.0002770080069272424,0.007641904009205835
2014-06-06,26.325265884399414,26.37347984313965,25.939546585083008,25.939546585083008,18.53373146057129,4637582,-0.009250750428492334,25.872046566009523,7.37257477290143e-18,0.007890426620247984
2014-06-09,25.987762451171875,26.37347984313965,25.939546585083008,25.987762451171875,18.568180084228516,6278158,0.0018570529010783882,25.88168954849243,0.0003724422844130081,0.007787723289150258
2014-06-10,26.03597640991211,26.228836059570312,25.987762451171875,26.180620193481445,18.705976486206055,4577435,0.007393697527414069,25.903386116027832,0.0008356709790190946,0.007921649139491227
2014-06-11,26.03597640991211,26.37347984313965,25.939546585083008,26.13240623474121,18.671527862548828,12471281,-0.0018432874442009808,25.925082778930665,0.0008372294730634892,0.007921090936711409
2014-06-12,26.03597640991211,26.662769317626953,25.84311866760254,26.325265884399414,18.809324264526367,17422046,0.007352995693644986,25.956422424316408,0.0012048792577457384,0.00804978221311329
2014-06-13,26.27705192565918,26.421695709228516,25.891332626342773,25.891332626342773,18.49928092956543,11421810,-0.016620892974261472,25.966065406799316,0.0003738346090326649,0.00898441515353732
2014-06-16,26.03597640991211,26.084192276000977,25.84311866760254,25.939546585083008,18.53373146057129,4251808,0.0018604342963251786,25.985351276397704,0.0007490761685492117,0.008875896814636563
2014-06-17,25.987762451171875,26.228836059570312,25.939546585083008,26.03597640991211,18.602630615234375,3270781,0.0037105902899475397,25.999815654754638,0.0005586629720918563,0.008763155128591191
2014-06-18,26.03597640991211,26.13240623474121,25.84311866760254,26.084192276000977,18.63707733154297,6257418,0.0018501812660541858,26.02151231765747,0.0008387900593994215,0.008707463649514692
2014-06-19,26.084192276000977,26.13240623474121,25.939546585083008,25.939546585083008,18.53373146057129,3420113,-0.005560771556001737,26.0432089805603,0.0008435070476202368,0.008703785412662148
2014-06-20,25.939546585083008,26.421695709228516,25.891332626342773,26.180620193481445,18.705976486206055,6827782,0.009250750428492433,26.067316341400147,0.0009293938452735439,0.008781399092705653
2014-06-23,26.03597640991211,26.180620193481445,25.939546585083008,25.939546585083008,18.53373146057129,4060995,-0.009250750428492334,26.07937002182007,0.00046685632384892725,0.009071758304072346
2014-06-24,25.939546585083008,26.13240623474121,25.891332626342773,26.03597640991211,18.602630615234375,2673454,0.0037105902899475397,26.101066684722902,0.0008403565366512412,0.00904232613622258
2014-06-25,26.03597640991211,26.518125534057617,25.939546585083008,26.325265884399414,18.809324264526367,7107780,0.011049868387988817,26.13963851928711,0.0014870991024460288,0.009296152897668478
2014-06-26,26.421695709228516,26.46990966796875,26.180620193481445,26.27705192565918,18.774877548217773,4092106,-0.0018331501062748823,26.142049312591553,9.182947187820267e-05,0.007289538094816836
2014-06-27,26.325265884399414,26.325265884399414,26.13240623474121,26.13240623474121,18.671527862548828,2990784,-0.005519845587370121,26.134817028045653,-0.0002759922793684834,0.007381879663276685
2014-06-30,26.13240623474121,26.27705192565918,26.084192276000977,26.084192276000977,18.63707733154297,6875486,-0.0018466914282897029,26.113120365142823,-0.0008249505340413863,0.00704598265896511
2014-07-01,26.180620193481445,26.421695709228516,26.13240623474121,26.37347984313965,18.843774795532227,5340686,0.0110294829368793,26.115531063079835,9.148979074725212e-05,0.00734518958392383
2014-07-02,26.37347984313965,26.421695709228516,26.084192276000977,26.228836059570312,18.74042510986328,8603172,-0.005499535358783221,26.110709571838377,-0.00018348697719190892,0.007450974283996006
2014-07-03,26.180620193481445,26.614553451538086,26.084192276000977,26.27705192565918,18.774877548217773,7454146,0.0018365894375636002,26.115531158447265,0.00018382790715847268,0.007355044845939271
2014-07-04,26.27705192565918,26.37347984313965,26.13240623474121,26.180620193481445,18.705976486206055,3872257,-0.0036765581431691388,26.127584838867186,0.0004625375214246325,0.007079156729940303
2014-07-07,26.180620193481445,26.27705192565918,26.180620193481445,26.27705192565918,18.774877548217773,3826627,0.003676558143169152,26.142049312591553,0.0005535127835291706,0.007109646765896878
2014-07-08,26.27705192565918,26.46990966796875,26.228836059570312,26.46990966796875,18.91267204284668,5004690,0.00731259567903665,26.15651378631592,0.0005494576911102996,0.007105561983637986
2014-07-09,26.46990966796875,27.193130493164062,26.37347984313965,27.096702575683594,19.360511779785156,23165099,0.02340344069452367,26.204728603363037,0.0018117940980465319,0.008717799869460427
2014-07-10,27.530635833740234,27.627063751220703,27.385990142822266,27.4342041015625,19.601659774780273,21277710,0.012378515450421646,26.260175514221192,0.002063070085885365,0.008955117764336915
2014-07-11,27.4342041015625,27.723493576049805,26.952058792114258,27.000272750854492,19.291614532470703,18174927,-0.015943591922088367,26.315622520446777,0.0020969351384940204,0.00888172284582344
2014-07-14,27.193130493164062,27.289560317993164,26.855627059936523,26.952058792114258,19.25716781616211,7939475,-0.0017872803712393988,26.36624813079834,0.0019145494051157918,0.008924186295955054
2014-07-15,27.048486709594727,27.193130493164062,26.759197235107422,26.952058792114258,19.25716781616211,6780079,0.0,26.41205224990845,0.0017290198906184148,0.008923452932118579
2014-07-16,27.000272750854492,27.24134635925293,26.90384292602539,27.096702575683594,19.360511779785156,10096490,0.0053523568429062075,26.46267776489258,0.0019041286694610154,0.008960242188060658
2014-07-17,27.096702575683594,27.771709442138672,27.048486709594727,27.33777618408203,19.532760620117188,19145584,0.008857444399011769,26.53258924484253,0.0026250394672116912,0.008907898558960176
2014-07-18,27.096702575683594,27.33777618408203,27.000272750854492,27.000272750854492,19.291614532470703,8663319,-0.01242252087067846,26.57357187271118,0.001541375902253146,0.009365965738098345
2014-07-21,27.048486709594727,27.289560317993164,26.90384292602539,26.952058792114258,19.25716781616211,9648495,-0.0017872803712393988,26.624197483062744,0.001914549405115793,0.009056924546331575
2014-07-22,27.000272750854492,27.000272750854492,26.614553451538086,26.662769317626953,19.05047035217285,14373188,-0.010791502729821063,26.655537128448486,0.001189444754127363,0.009476375682436968
2014-07-23,26.662769317626953,26.662769317626953,26.662769317626953,26.662769317626953,19.05047035217285,0,0.0,26.672412300109862,0.000636951334727922,0.009188992472212802
2014-07-24,26.952058792114258,27.144916534423828,26.759197235107422,27.000272750854492,19.291614532470703,31432274,0.01257878310106041,26.70857334136963,0.0013575479950946865,0.009543349363220644
2014-07-25,25.264541625976562,25.36096954345703,24.975252151489258,24.975252151489258,19.20252227783203,26099884,-0.07796154719742766,26.650715637207032,-0.0022645370854081906,0.02014717576833755
2014-07-28,25.071680068969727,25.264541625976562,24.975252151489258,24.975252151489258,19.20252227783203,10092342,0.0,26.595268630981444,-0.0021722025139937055,0.020153422273207253
2014-07-29,25.16811180114746,25.457399368286133,24.878822326660156,25.119895935058594,19.313730239868164,14217634,0.005774778239403909,26.532589435577393,-0.002434937748867475,0.02000596958988954
2014-07-30,25.16811180114746,26.662769317626953,25.16811180114746,26.421695709228516,20.314634323120117,45311838,0.050525280942618774,26.5422324180603,0.00036630306620262477,0.023218630868402076
2014-07-31,26.662769317626953,27.000272750854492,26.084192276000977,26.084192276000977,20.05514144897461,28319121,-0.012856008902148384,26.532589435577393,-0.00036832685078297444,0.023401378432336604
2014-08-01,25.84311866760254,26.325265884399414,25.69847297668457,26.03597640991211,20.018070220947266,13972895,-0.001850181266054068,26.525357246398926,-0.00027700800692722087,0.0233913506886339
2014-08-04,26.37347984313965,26.421695709228516,26.084192276000977,26.13240623474121,20.09221076965332,10204341,0.0036968726943437105,26.518124961853026,-0.00027599227936849294,0.02339153184113871
2014-08-05,26.421695709228516,26.421695709228516,25.794902801513672,25.891332626342773,19.906858444213867,11660326,-0.009267897280616458,26.48919610977173,-0.0011050169273511482,0.02340224182539928
2014-08-06,25.84311866760254,25.987762451171875,25.4091854095459,25.794902801513672,19.832719802856445,11110702,-0.0037313584908565097,26.424106121063232,-0.0024617568866201573,0.022682072488732618
2014-08-07,26.03597640991211,26.03597640991211,25.60204315185547,25.650259017944336,19.721506118774414,5174762,-0.005623236844804679,26.334908866882323,-0.0033618445013814738,0.022417814759814525
2014-08-08,25.553829193115234,25.794902801513672,25.312755584716797,25.794902801513672,19.832719802856445,6495934,0.005623236844804613,26.274640369415284,-0.002283503063036824,0.022299144268438327
2014-08-11,25.891332626342773,26.13240623474121,25.891332626342773,26.13240623474121,20.09221076965332,5964976,0.012999255771473026,26.23365774154663,-0.0015441762559012032,0.02256005933300666
2014-08-12,26.27705192565918,26.325265884399414,25.939546585083008,26.13240623474121,20.09221076965332,5577128,0.0,26.19267511367798,-0.001544176255901203,0.02256005933300666
2014-08-13,26.180620193481445,26.325265884399414,25.987762451171875,26.27705192565918,20.20342254638672,6844375,0.005519845587370062,26.151692581176757,-0.0015358018186780104,0.022562785030434206
2014-08-14,26.421695709228516,26.46990966796875,26.084192276000977,26.084192276000977,20.05514144897461,7006151,-0.007366537015659776,26.089013385772706,-0.002347000889411587,0.022460870215145683
2014-08-15,25.023466110229492,25.312755584716797,24.348459243774414,25.312755584716797,19.462013244628906,21665558,-0.030021028929472865,26.00463752746582,-0.003226926292351308,0.023208634369204707
2014-08-18,25.457399368286133,25.457399368286133,25.16811180114746,25.4091854095459,19.53615379333496,5487944,0.0038022969593188567,25.927493858337403,-0.0029474474258233954,0.023260480045270485
2014-08-19,25.505613327026367,25.794902801513672,25.457399368286133,25.69847297668457,19.758575439453125,5010912,0.011320833937174217,25.879279041290282,-0.0018418305924736307,0.023393156426826902
2014-08-20,25.939546585083008,25.939546585083008,25.650259017944336,25.69847297668457,19.758575439453125,3121449,0.0,25.831064224243164,-0.0018418305924736312,0.023393156426826902
2014-08-21,25.891332626342773,25.891332626342773,25.505613327026367,25.505613327026367,19.610294342041016,4710174,-0.007533014475426307,25.75633125305176,-0.0028474204712979666,0.023171860020284388
2014-08-22,25.69847297668457,25.987762451171875,25.60204315185547,25.987762451171875,19.980998992919922,7284074,0.018727193853482794,25.80695676803589,0.001987016581247556,0.015487963333754707
2014-08-25,26.228836059570312,26.228836059570312,25.84311866760254,26.03597640991211,20.018070220947266,3971811,0.0018535373888691987,25.85999298095703,0.002079693450691016,0.015480991669046954
2014-08-26,26.084192276000977,26.13240623474121,25.939546585083008,25.987762451171875,19.980998992919922,4585731,-0.00185353738886917,25.903386306762695,0.001698277669277362,0.01547913375000475
2014-08-27,26.13240623474121,26.180620193481445,25.69847297668457,25.84311866760254,19.869789123535156,7949845,-0.005581389161870294,25.874457454681398,-0.0011070558359470913,0.010422615669194698
2014-08-28,25.84311866760254,25.84311866760254,25.457399368286133,25.650259017944336,19.721506118774414,7263334,-0.007490693371194395,25.852760791778564,-0.0008387900593993917,0.010170289624451772
2014-08-29,25.650259017944336,25.891332626342773,25.457399368286133,25.891332626342773,19.906858444213867,4703952,0.009354595335661154,25.845528602600098,-0.0002785512293136306,0.01041725762620554
2014-09-01,25.794902801513672,25.939546585083008,25.60204315185547,25.69847297668457,19.758575439453125,2575973,-0.007476692180653017,25.823831939697264,-0.000837229473063467,0.010492184265958684
2014-09-02,25.60204315185547,25.746688842773438,25.4091854095459,25.4091854095459,19.53615379333496,2503382,-0.011320833937174226,25.799724578857422,-0.0009398763058913555,0.010588603004568065
2014-09-03,25.553829193115234,25.746688842773438,25.4091854095459,25.60204315185547,19.68443489074707,3106931,0.007561419971075494,25.790081596374513,-0.0003752373827947553,0.01073203537253348
2014-09-04,25.505613327026367,25.746688842773438,25.4091854095459,25.746688842773438,19.795644760131836,3575667,0.005633871291187779,25.794903087615968,0.0001876180240048676,0.010737506439020408
2014-09-05,25.60204315185547,26.13240623474121,25.505613327026367,25.60204315185547,19.68443489074707,6757265,-0.005633871291187706,25.785260105133055,-0.0003752373827947483,0.010732622448293577
2014-09-09,25.891332626342773,25.939546585083008,25.553829193115234,25.60204315185547,19.68443489074707,2472271,0.0,25.75874195098877,-0.0010252001713683995,0.010263397434737047
2014-09-10,25.553829193115234,25.553829193115234,25.216325759887695,25.4091854095459,19.53615379333496,3631667,-0.0075614199710754195,25.722580909729004,-0.0014032711699221705,0.010362436188474045
2014-09-11,25.4091854095459,25.939546585083008,25.36096954345703,25.457399368286133,19.57322120666504,4525583,0.0018957031768361183,25.681598281860353,-0.001584478290448868,0.010266241451164643
2014-09-12,25.4091854095459,25.553829193115234,25.071680068969727,25.119895935058594,19.313730239868164,4442621,-0.013346243247152527,25.63338346481323,-0.0018834636020235052,0.0105272519146182
2014-09-15,25.119895935058594,25.264541625976562,24.975252151489258,25.023466110229492,19.23958969116211,3604704,-0.0038461698525929736,25.61891899108887,-0.0005747206481795106,0.008219076319878085
2014-09-16,25.023466110229492,25.071680068969727,24.878822326660156,24.878822326660156,19.128379821777344,3409743,-0.005797096412958836,25.59240083694458,-0.0010546903167933954,0.00823029897558902
2014-09-17,25.071680068969727,25.794902801513672,24.92703628540039,25.312755584716797,19.462013244628906,6663932,0.01729150937654927,25.573114967346193,-0.0007561565448246427,0.008791938884693118
2014-09-18,25.312755584716797,25.505613327026367,25.071680068969727,25.119895935058594,19.313730239868164,3140116,-0.007648243110997447,25.544186115264893,-0.001138568700374515,0.00892267926800044
2014-09-19,25.119895935058594,25.60204315185547,24.975252151489258,24.975252151489258,19.20252227783203,9036649,-0.005774778239403861,25.517668056488038,-0.0010506568885733927,0.008864835420026933
2014-09-22,24.975252151489258,25.119895935058594,24.589534759521484,24.589534759521484,18.905954360961914,6261566,-0.015564484495852267,25.447756671905516,-0.0027652408060401456,0.008123431622221214
2014-09-23,24.589534759521484,24.782392501831055,24.444889068603516,24.541318893432617,18.868881225585938,7080817,-0.001962753666295161,25.373023796081544,-0.002956055358798364,0.008053751511667253
2014-09-24,24.493104934692383,25.023466110229492,24.493104934692383,24.685962677001953,18.98009490966797,7474887,0.005876586933858644,25.307933807373047,-0.0025695491426619733,0.008291427525226987
2014-09-25,24.73417854309082,24.830608367919922,24.348459243774414,24.348459243774414,18.72060203552246,3613000,-0.013766197294138105,25.23320083618164,-0.002978789549275364,0.008642465026752894
2014-09-26,24.203815460205078,24.252029418945312,24.155601501464844,24.155601501464844,18.57232093811035,3104857,-0.007952272683308698,25.158467960357665,-0.0030018685148810787,0.008655753908140463
2014-09-29,24.203815460205078,24.203815460205078,23.89042091369629,24.035064697265625,18.479644775390625,5394612,-0.005002506297472409,25.06565456390381,-0.003719723596537757,0.008158087601398219
2014-09-30,23.938634872436523,23.938634872436523,23.52880859375,23.697559356689453,18.220149993896484,7420962,-0.014141731028366297,24.965608882904053,-0.004052975538923422,0.008450524000428814
2014-10-01,23.6252384185791,23.6252384185791,23.480594635009766,23.52880859375,18.090404510498047,5075207,-0.007146494150238499,24.871590042114256,-0.0038442585495766348,0.008311984365719468
2014-10-02,23.33595085144043,23.33595085144043,23.022554397583008,23.09487533569336,17.75676918029785,10235452,-0.018614821981170603,24.746231651306154,-0.00515307064718894,0.008480667976597639
2014-10-03,23.143091201782227,24.035064697265625,23.118982315063477,23.914527893066406,18.386966705322266,8578283,0.03487538992259858,24.654623603820802,-0.0036909947156183996,0.012160503529801647
2014-10-06,24.107385635375977,24.107385635375977,23.673452377319336,23.721668243408203,18.238683700561523,3540408,-0.00809723357610282,24.560604858398438,-0.003814162829864155,0.012193647698458791
2014-10-07,23.673452377319336,23.673452377319336,23.40827178955078,23.45648765563965,18.03479766845703,3426335,-0.011241786604559243,24.453327083587645,-0.004376252160092117,0.012267455250700906
2014-10-08,23.384164810180664,23.793989181518555,23.31184196472168,23.4323787689209,18.016263961791992,5346908,-0.0010283417229592494,24.354486751556397,-0.004049598247686309,0.012265157889369667
2014-10-09,23.577022552490234,23.697559356689453,22.97433853149414,23.09487533569336,17.75676918029785,5519055,-0.014508028018977126,24.236360549926758,-0.004869784807476971,0.012394450981169258
2014-10-13,22.66094207763672,22.805587768554688,22.178794860839844,22.34754753112793,17.18217658996582,7325555,-0.03289416108848528,24.097743129730226,-0.005847180699543608,0.013790223751154039
2014-10-14,22.178794860839844,22.275224685668945,20.80467414855957,21.069854736328125,16.199810028076172,18048410,-0.05887325143216349,23.900062561035156,-0.008598534778522134,0.018165317298580327
2014-10-15,21.093963623046875,21.841291427612305,20.68413734436035,21.262714385986328,16.34809112548828,17722783,0.009111707036630036,23.719257164001466,-0.00785309460604269,0.01858732913888004
2014-10-16,21.045747756958008,21.069854736328125,20.635921478271484,20.876995086669922,16.051525115966797,12749204,-0.01830720130813769,23.49746913909912,-0.009633030140277037,0.017737799533023627
2014-10-17,20.901103973388672,21.600217819213867,20.828781127929688,21.093963623046875,16.218345642089844,24372198,0.010339076152099596,23.296172523498534,-0.008733664177122185,0.018291110266278037
2014-10-20,21.69664764404297,21.69664764404297,21.23860740661621,21.43146514892578,16.47783660888672,5927643,0.015873260870690024,23.11898317337036,-0.007651262221617492,0.01909814465381155
2014-10-21,21.43146514892578,21.624324798583984,21.262714385986328,21.47968101501465,16.514909744262695,4519361,0.002247242998166901,22.96349048614502,-0.006760675846916535,0.0191249931436505
2014-10-22,21.69664764404297,21.69664764404297,21.335037231445312,21.4555721282959,16.496370315551758,3739517,-0.0011230346853732343,22.809203147888184,-0.006718689897870438,0.01913699857724708
2014-10-23,21.190391540527344,21.335037231445312,21.118070602416992,21.286821365356445,16.36662483215332,4376252,-0.007896218529184503,22.63924608230591,-0.0074073301710225956,0.018906321197251393
2014-10-24,21.35914421081543,21.503787994384766,21.190391540527344,21.35914421081543,16.422229766845703,4890617,0.0033917822620018125,22.489780330657958,-0.006549431193215599,0.01899168303867487
2014-10-27,21.35914421081543,21.47968101501465,21.214500427246094,21.214500427246094,16.311023712158203,3071672,-0.00679501796676821,22.34272527694702,-0.006491568457388575,0.018988946722378695
2014-10-28,21.407358169555664,21.552003860473633,21.286821365356445,21.310928344726562,16.38515853881836,3571519,0.004535078682752206,22.20651845932007,-0.006014689208377344,0.01914741046055675
2014-10-29,21.552003860473633,21.79307746887207,21.407358169555664,21.76896858215332,16.737329483032227,5879940,0.02126548721119725,22.110088920593263,-0.004244328296399166,0.01997540445690489
2014-10-30,21.744861602783203,21.841291427612305,21.552003860473633,21.744861602783203,16.718795776367188,2378938,-0.0011080147040146901,22.02089157104492,-0.003942404324087976,0.019974865279470913
2014-10-31,21.76896858215332,21.841291427612305,21.648433685302734,21.841291427612305,16.79293441772461,2889155,0.004424798953642769,21.95821237564087,-0.0027904232773473072,0.01974721653919762
2014-11-03,22.082366943359375,22.082366943359375,21.69664764404297,21.865398406982422,16.81147003173828,2279384,0.0011031254897577126,21.85575590133667,-0.004479036498989351,0.01769406175382572
2014-11-04,21.88950538635254,22.106473922729492,21.76896858215332,22.010042190551758,16.922683715820312,4461288,0.006593406498370887,21.77017459869385,-0.0037445044952656658,0.017840275995279
2014-11-05,22.082366943359375,22.275224685668945,21.57611083984375,21.76896858215332,16.737329483032227,10086120,-0.011013316237756747,21.68579864501953,-0.003733080976925541,0.01783529510675074
2014-11-06,21.69664764404297,22.13058090209961,21.383251190185547,21.383251190185547,16.440767288208008,8188361,-0.017877535250300624,21.583342266082763,-0.004575540653292609,0.018096833810724165
2014-11-07,21.57611083984375,21.624324798583984,21.14217758178711,21.214500427246094,16.311023712158203,5861274,-0.0079230306436488,21.4893235206604,-0.004246290784526194,0.017966043643687528
2014-11-10,21.407358169555664,21.600217819213867,21.166284561157227,21.503787994384766,16.533443450927734,6137123,0.013544175114192236,21.447135543823244,-0.0019243739743923175,0.017046021314461077
2014-11-11,21.600217819213867,21.648433685302734,21.214500427246094,21.335037231445312,16.403697967529297,3801739,-0.007878443673957647,21.460394668579102,0.0006253664135179746,0.010718952206698837
2014-11-12,21.335037231445312,21.4555721282959,20.80467414855957,21.02164077758789,16.162738800048828,6045864,-0.014798241398452091,21.44834098815918,-0.0005701310082361318,0.011050859006472978
2014-11-13,21.02164077758789,21.214500427246094,20.973426818847656,21.214500427246094,16.311023712158203,2706639,0.00913250995821741,21.46521625518799,0.0008018545550816233,0.010418098882080054
2014-11-14,21.286821365356445,21.35914421081543,21.045747756958008,21.35914421081543,16.422229766845703,5838459,0.006795017966768174,21.478475284576415,0.0006246516458150522,0.010276519727506199
2014-11-17,21.961828231811523,22.34754753112793,21.88950538635254,22.32343864440918,17.16364097595215,16932569,0.044157238523718445,21.523073959350587,0.002038850528466473,0.013820459973840592
2014-11-18,22.41986846923828,22.564512252807617,22.20290184020996,22.516298294067383,17.311922073364258,13974969,0.008602228830907927,21.57490482330322,0.0023565998201035246,0.013898338368980585
2014-11-19,22.516298294067383,22.805587768554688,22.32343864440918,22.564512252807617,17.3489933013916,11148035,0.0021390022290304123,21.63035182952881,0.002519701665823707,0.013874474531791465
2014-11-20,22.709157943725586,22.805587768554688,22.5404052734375,22.564512252807617,17.3489933013916,9273091,0.0,21.69423637390137,0.002914512592282932,0.013673369847523655
2014-11-21,22.66094207763672,22.66094207763672,22.178794860839844,22.66094207763672,17.423133850097656,7035188,0.004264411375836731,21.759326267242432,0.002958144047974678,0.013676364904588812
2014-11-24,23.09487533569336,23.118982315063477,22.75737190246582,22.87790870666504,17.589950561523438,7895920,0.009528930441262157,21.84249668121338,0.003774341468376196,0.013550186798139269
2014-11-25,22.87790870666504,22.87790870666504,22.5404052734375,22.5404052734375,17.33045768737793,8246435,-0.014862271015405996,21.903970527648926,0.0028044739834682864,0.014172760062548057
2014-11-26,22.805587768554688,22.805587768554688,22.22701072692871,22.564512252807617,17.3489933013916,5429871,0.0010689291983073512,21.94374771118164,0.0017946460828237912,0.013491290536664374
2014-11-27,22.90201759338379,22.97433853149414,22.733264923095703,22.97433853149414,17.664093017578125,8864503,0.01799945919639605,22.005221557617187,0.002750019777844328,0.013943871011664305
2014-11-28,23.022554397583008,23.287734985351562,22.87790870666504,23.263626098632812,17.88651466369629,9468052,0.012513152087850822,22.076338291168213,0.0031544374345547307,0.014111290797391794
2014-12-01,22.685049057006836,23.167198181152344,22.66094207763672,22.926124572753906,17.627023696899414,8012067,-0.014613957753491074,22.12937459945679,0.002368583272392291,0.014658567968727864
2014-12-02,22.90201759338379,23.022554397583008,22.66094207763672,22.733264923095703,17.478740692138672,8901835,-0.008447804438261389,22.165535736083985,0.0016165227255606775,0.014815411416702251
2014-12-03,22.75737190246582,23.143091201782227,22.685049057006836,23.09487533569336,17.75676918029785,7819180,0.01578147904760463,22.231831073760986,0.002956262489828746,0.014824707321374241
2014-12-04,22.853801727294922,24.035064697265625,22.853801727294922,23.914527893066406,18.386966705322266,11274552,0.03487538992259858,22.35839490890503,0.0055939087484737065,0.01559572648651518
2014-12-05,23.914527893066406,24.63774871826172,23.64934539794922,24.348459243774414,18.72060203552246,13649343,0.017982436217958083,22.515092849731445,0.0068891820915540514,0.015489419665435454
2014-12-08,24.107385635375977,24.63774871826172,23.86631202697754,23.86631202697754,18.349895477294922,12842536,-0.020000646133711227,22.633219051361085,0.005211941029158878,0.016513202832714156
2014-12-09,23.818096160888672,24.059171676635742,23.697559356689453,23.842205047607422,18.33136558532715,5166466,-0.0010105944556665172,22.75857744216919,0.005555333490073434,0.01629664947261582
2014-12-10,23.74577522277832,23.769882202148438,23.143091201782227,23.143091201782227,17.793840408325195,7367036,-0.029761031744388152,22.864649963378906,0.004807193972776631,0.01757363198915851
2014-12-11,22.90201759338379,23.480594635009766,22.805587768554688,23.215412139892578,17.84944725036621,5516981,0.003120074703312641,22.964695549011232,0.004506572210031393,0.01754715275852302
2014-12-12,23.239519119262695,23.577022552490234,22.950231552124023,22.950231552124023,17.645557403564453,7595182,-0.011488348613672301,23.04424991607666,0.0035924038810093693,0.017894479098883493
2014-12-15,22.75737190246582,23.143091201782227,22.66094207763672,22.97433853149414,17.664093017578125,4857432,0.0010498511598659812,23.07679491043091,0.0014370345128167457,0.015134626879183193
2014-12-16,23.769882202148438,23.96274185180664,23.143091201782227,23.143091201782227,17.793840408325195,10955148,0.0073184227504937225,23.10813455581665,0.0013728442087960354,0.015105331918082623
2014-12-17,23.167198181152344,23.263626098632812,22.733264923095703,22.733264923095703,17.478740692138672,10532041,-0.01786703285439541,23.116572189331055,0.00037254245462474444,0.015702537163515728
2014-12-18,23.118982315063477,23.143091201782227,22.90201759338379,23.022554397583008,17.7011661529541,3548704,0.012645094482673362,23.139474296569823,0.0010047971787584126,0.015939533141708966
2014-12-19,23.360057830810547,23.384164810180664,23.215412139892578,23.360057830810547,17.960657119750977,7501850,0.014553272179512486,23.174430084228515,0.0015192402189422004,0.016213945712901665
2014-12-22,23.480594635009766,23.842205047607422,23.4323787689209,23.721668243408203,18.238683700561523,5867496,0.015361268731914719,23.216618061065674,0.0018108571334748281,0.016416766915881276
2014-12-23,24.010955810546875,24.059171676635742,23.577022552490234,23.6252384185791,18.164546966552734,3868109,-0.004073337202297045,23.270859718322754,0.002350303824130276,0.016012338942052177
2014-12-24,23.52880859375,23.74577522277832,23.480594635009766,23.577022552490234,18.127473831176758,4608546,-0.002042948022682324,23.321485233306884,0.002194709963080792,0.016040539959040534
2014-12-25,23.721668243408203,23.721668243408203,23.384164810180664,23.504701614379883,18.071868896484375,2820712,-0.003072147261853532,23.348003387451172,0.0011411296401683132,0.01563469249379867
2014-12-26,23.793989181518555,23.793989181518555,23.577022552490234,23.6252384185791,18.164546966552734,1823092,0.005115095284535906,23.366084003448485,0.0007712268000025673,0.015437755366404403
2014-12-29,23.769882202148438,23.96274185180664,23.673452377319336,23.86631202697754,18.349895477294922,3843220,0.01015236086264675,23.41309337615967,0.0020095427308094585,0.015128910577490627
2014-12-30,23.914527893066406,24.348459243774414,23.86631202697754,24.059171676635742,18.498180389404297,7815032,0.008048356565658504,23.47938871383667,0.0028343507810054533,0.014977702315348241
2014-12-31,24.107385635375977,24.30024528503418,24.010955810546875,24.30024528503418,18.68353271484375,5622757,0.009970161780988957,23.539657211303712,0.0025437849176746696,0.014768214202974157
2015-01-05,24.30024528503418,24.30024528503418,23.914527893066406,24.107385635375977,18.535247802734375,4583657,-0.007968192882489813,23.549300098419188,0.0004016057774202498,0.01280890568038614
2015-01-06,23.938634872436523,23.938634872436523,23.4323787689209,23.601131439208984,18.14600944519043,7109854,-0.021223598225666038,23.511933708190917,-0.0015586959447609562,0.012975688648610623
2015-01-07,23.601131439208984,23.769882202148438,23.45648765563965,23.6252384185791,18.164546966552734,5116689,0.0010209118988616843,23.499880027770995,-0.0005076180431323106,0.012233377501860015
2015-01-08,23.769882202148438,23.914527893066406,23.673452377319336,23.818096160888672,18.312824249267578,5796978,0.008130069537099629,23.498674583435058,-5.058484349400334e-05,0.012383422814621282
2015-01-09,23.818096160888672,23.96274185180664,23.577022552490234,23.769882202148438,18.275758743286133,5039949,-0.0020263090341574286,23.53001413345337,0.0013361512920175328,0.010250458629903817
2015-01-12,23.769882202148438,23.938634872436523,23.6252384185791,23.74577522277832,18.257219314575195,4185439,-0.0010146963230636857,23.556532287597655,0.0011294127406987165,0.010254281328057339
2015-01-13,23.6252384185791,23.96274185180664,23.480594635009766,23.96274185180664,18.42403793334961,6850597,0.009095571949169561,23.60715780258179,0.0021586087688408094,0.009949668937089358
2015-01-14,23.96274185180664,24.107385635375977,23.818096160888672,24.035064697265625,18.479644775390625,6943929,0.0030135918865286187,23.66019411087036,0.0022567958051739412,0.009947840723149632
2015-01-15,24.035064697265625,24.035064697265625,23.697559356689453,23.74577522277832,18.257219314575195,4278771,-0.01210916383569812,23.690328311920165,0.0012854164758643494,0.01036725700678853
2015-01-16,23.64934539794922,23.818096160888672,23.384164810180664,23.384164810180664,17.97919273376465,4674915,-0.015345553527111682,23.722873306274415,0.001411490442228536,0.010134815694434952
2015-01-19,23.384164810180664,23.721668243408203,23.31184196472168,23.384164810180664,17.97919273376465,2331235,0.0,23.740953826904295,0.0007792357180948676,0.009785539327982509
2015-01-20,23.384164810180664,23.601131439208984,23.384164810180664,23.52880859375,18.090404510498047,2304273,0.006166492184205086,23.74939136505127,0.0003598967183294976,0.009333472210860099
2015-01-21,23.4323787689209,23.769882202148438,23.40827178955078,23.769882202148438,18.275758743286133,4716396,0.010193757665970252,23.751802062988283,0.0001015211650322743,0.008960406672584324
2015-01-22,23.769882202148438,23.818096160888672,23.601131439208984,23.6252384185791,18.164546966552734,3785146,-0.006103760502942288,23.751802062988283,1.214306433183765e-17,0.009021491340934105
2015-01-23,23.673452377319336,23.986848831176758,23.6252384185791,23.6252384185791,18.164546966552734,3940700,0.0,23.754212856292725,0.00010214740113412835,0.009008699000124036
2015-01-26,23.6252384185791,23.673452377319336,23.33595085144043,23.33595085144043,17.942121505737305,5492092,-0.012320438683528837,23.745775318145753,-0.00036026716994963694,0.00940868705403419
2015-01-27,23.384164810180664,23.577022552490234,23.287734985351562,23.31184196472168,17.923583984375,3718777,-0.0010336561457622885,23.730105495452882,-0.0006677047414645466,0.009320401931223209
2015-01-28,23.384164810180664,23.384164810180664,23.167198181152344,23.167198181152344,17.812376022338867,3426335,-0.006224063580528901,23.69514980316162,-0.0014865259636233292,0.009034780430225896
2015-01-29,23.143091201782227,23.287734985351562,22.90201759338379,22.90201759338379,17.60848617553711,6145419,-0.01151239551697763,23.637292098999023,-0.002464563567755136,0.009006987975359733
2015-01-30,22.926124572753906,23.118982315063477,22.90201759338379,22.90201759338379,17.60848617553711,3953145,0.0,23.567380714416505,-0.0029630716568045837,0.008546689996906083
2015-02-02,22.90201759338379,23.118982315063477,22.709157943725586,22.709157943725586,17.460205078125,3768554,-0.008456734419611011,23.497469329833983,-0.002987498733660644,0.00856243154897585
2015-02-03,22.75737190246582,23.022554397583008,22.733264923095703,22.733264923095703,17.478740692138672,3648259,0.0010609901546053079,23.45407600402832,-0.0018732693146470765,0.007440975601779316
2015-02-04,22.78148078918457,22.998445510864258,22.78148078918457,22.90201759338379,17.60848617553711,6079049,0.007395744265005751,23.417914962768556,-0.0015545276963398731,0.007703384914498591
2015-02-05,23.046661376953125,23.09487533569336,22.926124572753906,23.070768356323242,17.73823356628418,4650027,0.007341365869557072,23.380548572540285,-0.0015939628797170008,0.0076530525033638415
2015-02-06,22.950231552124023,22.998445510864258,22.66094207763672,22.66094207763672,17.423133850097656,6919041,-0.017923547851220578,23.325101566314697,-0.002388824820570158,0.008481085307316416
2015-02-09,22.709157943725586,22.709157943725586,22.32343864440918,22.395761489868164,17.219247817993164,5434019,-0.011771107457663443,23.25760087966919,-0.0029266453773001463,0.008726853086698025
2015-02-10,22.41986846923828,22.588621139526367,22.41986846923828,22.41986846923828,17.237783432006836,4189587,0.0010758292014304788,23.180457210540773,-0.0033276325146871,0.008320145528715002
2015-02-11,22.41986846923828,22.564512252807617,22.178794860839844,22.22701072692871,17.089502334594727,5396686,-0.008639302245354226,23.090054512023926,-0.003910277221281243,0.008260511077917632
2015-02-12,22.22701072692871,22.41986846923828,22.178794860839844,22.41986846923828,17.237783432006836,4853284,0.008639302245354306,23.023759174346925,-0.002872853917228622,0.008476686551443697
2015-02-13,22.46808433532715,23.046661376953125,22.41986846923828,22.926124572753906,17.627023696899414,7935327,0.022329520411152194,23.000857162475587,-0.0009891002203154275,0.009662327711690294
2015-02-24,23.046661376953125,23.118982315063477,22.950231552124023,23.022554397583008,17.7011661529541,5425722,0.004197290044412003,22.982776641845703,-0.0007792357180948273,0.009730284849782556
2015-02-25,23.022554397583008,23.09487533569336,22.75737190246582,22.805587768554688,17.534347534179688,5361427,-0.009468777909480912,22.946615600585936,-0.0015609992227791272,0.009770881406554828
2015-02-26,22.805587768554688,22.90201759338379,22.612728118896484,22.66094207763672,17.423133850097656,4376252,-0.006362754289850133,22.89116859436035,-0.002388824820570147,0.009417533992677815
2015-03-02,23.046661376953125,23.046661376953125,22.612728118896484,22.6368350982666,17.404598236083984,3283226,-0.0010643781284191262,22.841748428344726,-0.0021368557018439883,0.00938024976309254
2015-03-03,22.66094207763672,22.805587768554688,22.41986846923828,22.516298294067383,17.311922073364258,3455372,-0.00533903547644796,22.78630142211914,-0.0024038074756663865,0.009392200472983161
2015-03-04,22.66094207763672,22.66094207763672,22.275224685668945,22.275224685668945,17.126569747924805,5066911,-0.010764355402545868,22.733265113830566,-0.002326003311617238,0.00931182972052055
2015-03-05,22.299331665039062,22.41986846923828,22.22701072692871,22.275224685668945,17.126569747924805,3604704,0.0,22.68143424987793,-0.0022743205043291234,0.009322242756165165
2015-03-06,22.492191314697266,22.492191314697266,22.32343864440918,22.395761489868164,17.219247817993164,2279384,0.005396661549749639,22.642862415313722,-0.0016932842478151965,0.009424691598391228
2015-03-09,22.371654510498047,22.371654510498047,22.178794860839844,22.178794860839844,17.05242919921875,4081736,-0.009735075806172253,22.606701278686522,-0.0016044182622749277,0.009335187943461096
2015-03-10,22.20290184020996,22.275224685668945,21.88950538635254,21.91361427307129,16.848541259765625,5931791,-0.012028545969452525,22.5572811126709,-0.002205845560747554,0.009609816607712174
2015-03-11,21.720754623413086,21.98593521118164,21.69664764404297,21.69664764404297,16.681726455688477,6510452,-0.009950337816323,22.506655597686766,-0.0022805257305831533,0.009666586333885632
2015-03-12,21.720754623413086,21.88950538635254,21.69664764404297,21.865398406982422,16.81147003173828,4905135,0.007747643756684722,22.463262271881103,-0.0019461930504791828,0.009901030843974937
2015-03-13,21.88950538635254,21.91361427307129,21.76896858215332,21.76896858215332,16.737329483032227,5050319,-0.004419909739385811,22.40660982131958,-0.002536975750698761,0.009663944986027812
2015-03-16,21.76896858215332,21.98593521118164,21.720754623413086,21.91361427307129,16.848541259765625,7564071,0.006622603799023907,22.348752117156984,-0.002572913854225419,0.009626540217385824
2015-03-17,21.98593521118164,22.275224685668945,21.937721252441406,22.058258056640625,16.959753036499023,6120530,0.006578946841150014,22.31861791610718,-0.0013477891196068896,0.00911572161982385
2015-03-18,22.058258056640625,22.22701072692871,22.058258056640625,22.082366943359375,16.978288650512695,7302741,0.001092367365260945,22.302948188781738,-0.00070461537846067,0.008789546966412131
2015-03-19,22.178794860839844,22.6368350982666,22.178794860839844,22.612728118896484,17.386066436767578,8930872,0.023733524662011573,22.31259117126465,0.0004282693945683847,0.010352347125619115
2015-03-20,22.6368350982666,23.022554397583008,22.5404052734375,22.805587768554688,17.534347534179688,15897617,0.008492644654715685,22.341520023345947,0.0012848667395718803,0.010271034493685261
2015-03-23,22.805587768554688,22.90201759338379,22.564512252807617,22.588621139526367,17.367528915405273,6545711,-0.009559293418579596,22.34995765686035,0.0003749369563751851,0.01039062706572089
2015-03-24,22.588621139526367,22.612728118896484,22.34754753112793,22.516298294067383,17.311922073364258,5541869,-0.003206874476137557,22.329466342926025,-0.0009018827879893025,0.00903081785313132
2015-03-25,22.371654510498047,22.6368350982666,22.058258056640625,22.082366943359375,16.978288650512695,11191590,-0.01946000142201007,22.282456970214845,-0.002084747361310406,0.009840776024479936
2015-03-26,22.082366943359375,22.395761489868164,22.010042190551758,22.395761489868164,17.219247817993164,5207947,0.014092307569213838,22.261965656280516,-0.0009066930873756687,0.01030940690559576
2015-03-27,22.709157943725586,23.239519119262695,22.709157943725586,22.998445510864258,17.682626724243164,17643969,0.02655490540644936,22.278840827941895,0.000739189897439306,0.01189777890849822
2015-03-30,23.239519119262695,23.33595085144043,22.805587768554688,22.87790870666504,17.589950561523438,6761413,-0.005254867507523869,22.290894508361816,0.0005296654284840687,0.011967903506864724
2015-03-31,23.143091201782227,23.143091201782227,22.87790870666504,23.143091201782227,17.793840408325195,6269862,0.011524540129791136,22.32223415374756,0.0013728442087960237,0.012125679976413253
2015-04-01,23.143091201782227,23.143091201782227,22.805587768554688,22.926124572753906,17.627023696899414,5894458,-0.00941922841613404,22.354779148101805,0.0014401005581166151,0.012058360130550885
2015-04-02,23.09487533569336,23.118982315063477,22.87790870666504,22.90201759338379,17.60848617553711,3129746,-0.001052060173255687,22.386118793487547,0.0013874975494538306,0.012067264473700006
2015-04-07,22.90201759338379,23.239519119262695,22.90201759338379,23.022554397583008,17.7011661529541,4096254,0.005249350217667546,22.41745843887329,0.001380131982849726,0.012064733274484284
2015-04-08,23.070768356323242,23.19130516052246,23.022554397583008,23.070768356323242,17.73823356628418,3287374,0.0020920156518895684,22.46205711364746,0.001971486555752817,0.011777683894042464
2015-04-09,23.239519119262695,24.63774871826172,23.239519119262695,24.493104934692383,18.831815719604492,35341865,0.05982526964108111,22.591031646728517,0.005564177336279499,0.01705791016683976
2015-04-10,24.975252151489258,25.36096954345703,24.685962677001953,25.023466110229492,19.23958969116211,30438803,0.02142238232175497,22.75737257003784,0.0071328133431833975,0.01699851973808841
2015-04-13,25.071680068969727,25.264541625976562,24.73417854309082,24.92703628540039,19.16544532775879,13576751,-0.0038610200097318817,22.91045446395874,0.006552380154862568,0.017173713227012572
2015-04-14,24.92703628540039,26.228836059570312,24.92703628540039,25.987762451171875,19.980998992919922,33624549,0.041672743247871825,23.121394157409668,0.00885701280422545,0.01865280311848294
2015-04-15,26.13240623474121,26.27705192565918,25.746688842773438,25.891332626342773,19.906858444213867,18790921,-0.0037174871974034666,23.320280075073242,0.00834000825440408,0.018860141501895047
2015-04-16,26.03597640991211,26.46990966796875,25.939546585083008,26.084192276000977,20.05514144897461,22590586,0.0074212058523267545,23.52157678604126,0.008382121204962917,0.018856942324134953
2015-04-17,26.180620193481445,26.228836059570312,25.84311866760254,25.891332626342773,19.906858444213867,9084352,-0.007421205852326724,23.71202507019043,0.007956442544083533,0.019124360038950794
2015-04-20,25.891332626342773,26.03597640991211,25.36096954345703,25.69847297668457,19.758575439453125,8740059,-0.007476692180653017,23.866312313079835,0.006395931701950306,0.019042394857951565
2015-04-21,25.69847297668457,26.03597640991211,25.4091854095459,25.457399368286133,19.57322120666504,9714864,-0.00942513076033801,23.998902893066408,0.00550004293119762,0.01935744208177308
2015-04-22,25.457399368286133,26.421695709228516,25.457399368286133,26.325265884399414,20.24049186706543,20931344,0.033522715915252514,24.185735130310057,0.0076541433978892254,0.019980496185422948
2015-04-23,26.421695709228516,26.90384292602539,26.421695709228516,26.662769317626953,20.499984741210938,25201819,0.012739026694558397,24.393058681488036,0.008451438456424022,0.01984196121085956
2015-04-24,26.662769317626953,26.90384292602539,26.421695709228516,26.518125534057617,20.388776779174805,15424733,-0.0054397031356647925,24.614846611022948,0.009152453370741286,0.019035219393222225
2015-04-27,26.662769317626953,26.855627059936523,26.46990966796875,26.46990966796875,20.351703643798828,10596337,-0.0018198779861316552,24.81855401992798,0.00835684409297401,0.019150074870074103
2015-04-28,26.56633949279785,26.710983276367188,26.421695709228516,26.421695709228516,20.314634323120117,11579438,-0.0018231237925481483,24.98971652984619,0.006937942633024137,0.018778457235241006
2015-04-29,26.421695709228516,26.662769317626953,26.228836059570312,26.46990966796875,20.351703643798828,9418275,0.001823123792548215,25.169316577911378,0.0072918421980277415,0.01860244822764915
2015-04-30,26.518125534057617,26.56633949279785,26.27705192565918,26.27705192565918,20.20342254638672,8897687,-0.007312595679036754,25.326014614105226,0.006349985407586347,0.01885205909573756
2015-05-04,26.27705192565918,26.518125534057617,26.084192276000977,26.228836059570312,20.166353225708008,5888236,-0.001836589437563622,25.491150188446046,0.006729117356514868,0.018592697481619676
2015-05-05,26.325265884399414,26.325265884399414,25.939546585083008,25.987762451171875,19.980998992919922,5454759,-0.00923366623301944,25.64543743133545,0.006320037053526681,0.01886098227545866
2015-05-06,25.794902801513672,26.325265884399414,25.794902801513672,26.325265884399414,20.24049186706543,9353979,0.01290340577685808,25.810573005676268,0.006702739831486207,0.018915687642285652
2015-05-07,26.27705192565918,26.27705192565918,25.794902801513672,25.794902801513672,19.832719802856445,5537721,-0.020352251465117942,25.94677972793579,0.005580526475635831,0.019846500501424582
2015-05-08,25.794902801513672,25.939546585083008,25.553829193115234,25.69847297668457,19.758575439453125,5529425,-0.003745333689796571,26.0070481300354,0.002401996309091947,0.015262969441472898
2015-05-11,26.03597640991211,26.03597640991211,24.975252151489258,25.264541625976562,19.424942016601562,7252963,-0.01702967695583937,26.019101905822755,0.00047939334521222984,0.015162441974419863
2015-05-12,24.830608367919922,25.746688842773438,24.830608367919922,25.746688842773438,19.795644760131836,6873412,0.01890413428092829,26.060084533691406,0.0016176510597452384,0.01566560524119796
2015-05-13,25.746688842773438,25.794902801513672,25.16811180114746,25.16811180114746,19.350805282592773,5830163,-0.022728241710952776,26.019102001190184,-0.0016023981881959914,0.013462912614617295
2015-05-14,24.830608367919922,25.071680068969727,24.107385635375977,24.444889068603516,18.79474449157715,13769638,-0.029156630479542874,25.946779823303224,-0.002874355352302962,0.014807812519089877
2015-05-15,24.30024528503418,24.830608367919922,24.059171676635742,24.107385635375977,18.535247802734375,11228923,-0.013902906573468068,25.847939491271973,-0.003940560973592703,0.014795179501929488
2015-05-18,24.493104934692383,24.493104934692383,24.059171676635742,24.155601501464844,18.57232093811035,8144806,0.001998047986244825,25.761152935028075,-0.0034695982816641256,0.014828431907468569
2015-05-19,24.348459243774414,24.589534759521484,24.252029418945312,24.541318893432617,18.868881225585938,8287916,0.015841883043588172,25.70329523086548,-0.002303669520452066,0.015402416378761429
2015-05-20,24.39667510986328,24.541318893432617,24.252029418945312,24.30024528503418,18.68353271484375,6068679,-0.009871738147343202,25.64543752670288,-0.0023259998898023256,0.01541360413372458
2015-05-21,24.155601501464844,24.30024528503418,23.818096160888672,23.89042091369629,18.368432998657227,12085507,-0.017008864323757915,25.523695278167725,-0.0048525789017528475,0.01321241184499599
2015-05-22,23.89042091369629,24.203815460205078,23.89042091369629,24.155601501464844,18.57232093811035,7022743,0.011038719427513046,25.39833688735962,-0.004937594265105115,0.01309823799192182
2015-05-25,24.107385635375977,24.107385635375977,23.842205047607422,23.89042091369629,18.368432998657227,5259798,-0.011038719427513001,25.266951656341554,-0.005217545079697525,0.01316917672590674
2015-05-26,24.010955810546875,24.059171676635742,23.86631202697754,24.010955810546875,18.46110725402832,4401140,0.0050326382871128655,25.14400396347046,-0.004874919266035299,0.013350125892439904
2015-05-27,23.914527893066406,24.08327865600586,23.86631202697754,24.010955810546875,18.46110725402832,8277545,0.0,25.023466968536376,-0.004783763076407892,0.013378255253161477
2015-05-28,24.107385635375977,24.30024528503418,23.986848831176758,24.30024528503418,18.68353271484375,7093261,0.01197622603664488,24.91498374938965,-0.004276107964203058,0.013827258672384506
2015-05-29,24.30024528503418,24.30024528503418,23.721668243408203,23.769882202148438,18.275758743286133,13164015,-0.022067118706351703,24.789625263214113,-0.005013834115568806,0.014380329352725573
2015-06-01,23.6252384185791,23.842205047607422,22.805587768554688,23.384164810180664,17.97919273376465,10007306,-0.01636024985017533,24.647391700744627,-0.005740017136199391,0.01457680746985994
2015-06-02,23.384164810180664,23.552915573120117,23.19130516052246,23.552915573120117,18.108938217163086,6149567,0.007190540555559365,24.52564935684204,-0.004918806796770451,0.014830070827155307
2015-06-03,23.480594635009766,23.552915573120117,23.287734985351562,23.360057830810547,17.960657119750977,5539795,-0.00822198273794381,24.377388954162598,-0.005975076222510546,0.014234233424193454
2015-06-04,23.215412139892578,23.552915573120117,22.950231552124023,23.070768356323242,17.73823356628418,6962596,-0.012461256527622824,24.241182231903075,-0.00558052647563579,0.013920655987365076
2015-06-05,23.070768356323242,24.010955810546875,23.046661376953125,23.938634872436523,18.40550422668457,7740366,0.036927298568283334,24.153190326690673,-0.003546894862731795,0.016862825364058386
2015-06-08,23.6252384185791,23.86631202697754,23.239519119262695,23.52880859375,18.090404510498047,9936788,-0.01726810767407094,24.066403675079346,-0.0035588163986433725,0.016872940235305056
2015-06-09,23.504701614379883,23.504701614379883,23.046661376953125,23.046661376953125,17.719697952270508,4585731,-0.020704651654071034,23.93140230178833,-0.005539255695393339,0.01641594034164823
2015-06-10,23.046661376953125,23.239519119262695,22.97433853149414,22.998445510864258,17.682626724243164,5668387,-0.002094289142576062,23.82291898727417,-0.004507558066974503,0.015919695519251337
2015-06-11,22.998445510864258,23.215412139892578,22.998445510864258,23.046661376953125,17.719697952270508,2866341,0.002094289142576089,23.75300760269165,-0.002945012085868555,0.014872217156770347
2015-06-12,23.046661376953125,23.167198181152344,22.950231552124023,22.998445510864258,17.682626724243164,2797897,-0.002094289142576062,23.697560596466065,-0.002354581214323955,0.014646986623171569
2015-06-15,22.998445510864258,23.167198181152344,22.97433853149414,22.97433853149414,17.664093017578125,3741591,-0.0010487501282264952,23.63849744796753,-0.0025069211200475215,0.014615143175160246
2015-06-16,23.143091201782227,23.143091201782227,22.66094207763672,22.805587768554688,17.534347534179688,6744820,-0.007372293530709417,23.551710891723634,-0.0036676299487623997,0.013989646783352011
2015-06-17,22.805587768554688,22.829694747924805,22.41986846923828,22.41986846923828,17.237783432006836,9789530,-0.017058032546083114,23.457692050933836,-0.004026944668699396,0.01424729689441667
2015-06-18,22.32343864440918,22.75737190246582,22.32343864440918,22.66094207763672,17.423133850097656,5618609,0.010695278256232992,23.39621810913086,-0.002641737539699851,0.014265456144628066
2015-06-22,22.90201759338379,23.215412139892578,22.87790870666504,23.09487533569336,17.75676918029785,6095642,0.01896791676426247,23.343181800842284,-0.0022452776728623795,0.014767033321159674
2015-06-23,23.19130516052246,23.384164810180664,23.143091201782227,23.263626098632812,17.88651466369629,6715783,0.00728028314414784,23.311842060089113,-0.0013293275442793375,0.014761030821374269
2015-06-24,23.263626098632812,23.33595085144043,23.167198181152344,23.263626098632812,17.88651466369629,2071979,0.0,23.274475574493408,-0.001580959458634981,0.014689593017463247
2015-06-25,23.287734985351562,23.601131439208984,23.287734985351562,23.360057830810547,17.960657119750977,6099790,0.0041366044704331745,23.24193067550659,-0.001374129235113322,0.014742052715386202
2015-06-26,23.360057830810547,23.360057830810547,23.239519119262695,23.33595085144043,17.942121505737305,1966202,-0.0010325071539112503,23.193715953826903,-0.0020245658946411284,0.014405148220440495
2015-06-29,23.33595085144043,23.33595085144043,22.733264923095703,22.75737190246582,17.49727439880371,5168540,-0.02510599386079181,23.143090438842773,-0.0021765096523631336,0.014641764822877346
2015-06-30,22.75737190246582,23.52880859375,22.685049057006836,23.52880859375,18.090404510498047,9138278,0.033336435381292766,23.15032262802124,0.00030832460921027105,0.016237946166237905
2015-07-01,23.480594635009766,23.938634872436523,23.215412139892578,23.673452377319336,18.201614379882812,10892926,0.006128699487691504,23.156349468231202,0.000255232555816878,0.01621598060122429
2015-07-02,23.6252384185791,23.74577522277832,23.287734985351562,23.33595085144043,17.942121505737305,11023592,-0.014359141008192317,23.155144119262694,-5.1625357695547425e-05,0.016441340722440627
2015-07-03,23.33595085144043,23.480594635009766,23.070768356323242,23.360057830810547,17.960657119750977,5332390,0.0010325071539112691,23.16960859298706,0.0006230628263811573,0.016180085753612357
2015-07-06,23.09487533569336,23.31184196472168,22.87790870666504,22.926124572753906,17.627023696899414,6767635,-0.01875056222392426,23.11898307800293,-0.0021608302132292223,0.014283680291189038
2015-07-07,22.950231552124023,23.143091201782227,22.805587768554688,22.853801727294922,17.57141876220703,6529119,-0.0031595903039076997,23.085232734680176,-0.0014554043447210605,0.013839801692520942
2015-07-08,22.75737190246582,22.805587768554688,21.79307746887207,21.79307746887207,16.75586700439453,17600414,-0.047525108996365736,23.022553539276124,-0.002796427211835795,0.01678843496826339
2015-07-09,21.69664764404297,21.817184448242188,21.118070602416992,21.600217819213867,16.607585906982422,18046336,-0.008888973204639267,22.952642154693603,-0.0031361614149389557,0.01684214193969453
2015-07-10,21.600217819213867,21.600217819213867,21.600217819213867,21.600217819213867,16.607585906982422,0,0.0,22.88031997680664,-0.0032408758720677603,0.016814398200813426
2015-07-13,20.649616241455078,20.74759864807129,20.380168914794922,20.67411231994629,17.283267974853516,11830795,-0.043821093822298735,22.76410331726074,-0.005327216106053893,0.019098276123053974
2015-07-14,20.7720947265625,21.18851661682129,20.72310447692871,20.82108497619629,17.40613555908203,8650605,0.007083868998425211,22.656440639495848,-0.004920585149721308,0.019279879960084505
2015-07-15,21.017047882080078,21.04154396057129,20.35567283630371,20.42915916442871,17.078489303588867,10501974,-0.019002922960807325,22.537619209289552,-0.005502116621226204,0.01953148529860551
2015-07-16,20.57613182067871,20.649616241455078,20.380168914794922,20.45365333557129,17.09896469116211,6215454,0.001198262672039658,22.439308452606202,-0.004589301860320065,0.019389078200015376
2015-07-17,20.57613182067871,20.57613182067871,20.3311767578125,20.380168914794922,17.03753089904785,4435527,-0.003599197726511996,22.325269794464113,-0.005304025659457314,0.019056613757509784
2015-07-20,20.52713966369629,20.5516357421875,19.743288040161133,19.865764617919922,16.607500076293945,8683264,-0.025564436788894165,22.16381425857544,-0.007530643337115147,0.018669052036119748
2015-07-21,19.98824119567871,20.1842041015625,19.84126853942871,19.890260696411133,16.627979278564453,7940268,0.0012323204544489013,21.995145988464355,-0.007833041471600093,0.018464380607514052
2015-07-22,19.890260696411133,20.13521385192871,19.890260696411133,20.037233352661133,16.75084686279297,5439798,0.007362010743047912,21.833826351165772,-0.007464940934447698,0.01870062873438486
2015-07-23,19.890260696411133,20.13521385192871,19.865764617919922,19.939250946044922,16.66893196105957,4515134,-0.004902011997428168,21.66278600692749,-0.007916871757840765,0.018513785341478812
2015-07-24,19.939250946044922,20.06172752380371,19.939250946044922,19.98824119567871,16.709888458251953,3286332,0.002453961999143195,21.495400524139406,-0.007742548300188041,0.018598240790029124
2015-07-27,20.012737274169922,20.012737274169922,19.694297790527344,19.694297790527344,16.464155197143555,6284854,-0.014815018846245191,21.34224681854248,-0.007227999549460712,0.018231309158098924
2015-07-28,19.596315383911133,19.939250946044922,19.277875900268555,19.522829055786133,16.32080841064453,11730776,-0.008744639967028922,21.14194784164429,-0.009332053316876797,0.015531831509121028
2015-07-29,19.547325134277344,19.645305633544922,19.179893493652344,19.571819305419922,16.361764907836914,8203582,0.0025062394640019024,20.936866188049315,-0.009513176318061275,0.015362243871150719
2015-07-30,19.375856399536133,19.669801712036133,19.375856399536133,19.571819305419922,16.361764907836914,5750060,0.0,20.74865961074829,-0.008795219267651661,0.0154590802847104
2015-07-31,19.473838806152344,19.596315383911133,19.155397415161133,19.596315383911133,16.382244110107422,11332742,0.0012508168632113998,20.56047248840332,-0.008784303782186653,0.015466460068742935
2015-08-03,19.498334884643555,19.547325134277344,19.228883743286133,19.547325134277344,16.34128761291504,7215642,-0.002503102652914936,20.391532516479494,-0.007971930803636187,0.015341626444477013
2015-08-04,19.449342727661133,19.498334884643555,19.253379821777344,19.498334884643555,16.30033302307129,7707571,-0.0025093839017043358,20.223759174346924,-0.007939420483526019,0.015353045637211798
2015-08-05,19.351360321044922,19.375856399536133,19.204389572143555,19.228883743286133,16.075075149536133,10489726,-0.013915561147793243,20.095549488067626,-0.006258943091097394,0.01233482795583754
2015-08-06,19.106407165527344,19.204389572143555,18.983930587768555,19.106407165527344,15.972687721252441,13635216,-0.006389777751724253,19.9708589553833,-0.006133983318451644,0.012319431364433578
2015-08-07,18.885948181152344,19.155397415161133,18.787967681884766,19.155397415161133,16.013641357421875,9277254,0.0025607927771548454,19.848617935180663,-0.006005943679593902,0.01239958592419015
2015-08-10,19.081911087036133,19.106407165527344,18.959434509277344,19.057416915893555,15.931734085083008,5984798,-0.00512816005348913,19.767783164978027,-0.004071296991153421,0.00863643645545516
2015-08-11,19.106407165527344,19.155397415161133,18.934940338134766,19.057416915893555,15.931734085083008,6131764,0.0,19.67959976196289,-0.004425490441074682,0.008293311602125264
2015-08-12,19.057416915893555,19.057416915893555,18.665489196777344,18.665489196777344,15.604085922241211,5876614,-0.020780043883349534,19.59141626358032,-0.004514346487201793,0.008465450840604582
2015-08-13,18.714481353759766,18.836957931518555,18.665489196777344,18.689985275268555,15.624564170837402,3188354,0.0013115122936414635,19.503232860565184,-0.004508684006121702,0.00846950997965303
2015-08-14,18.714481353759766,19.106407165527344,18.689985275268555,18.885948181152344,15.788386344909668,5229554,0.010430329439657274,19.428521823883056,-0.0038072076478132383,0.00910588289435506
2015-08-17,18.812463760375977,18.861454010009766,18.665489196777344,18.665489196777344,15.604085922241211,8226036,-0.01174184173329857,19.368508052825927,-0.003116077895033459,0.0077982898054230875
2015-08-18,18.640995025634766,18.665489196777344,17.71017074584961,17.7591609954834,14.846407890319824,15347782,-0.049774826130603994,19.26195306777954,-0.005666435224286104,0.012944206024450672
2015-08-19,17.63668441772461,17.63668441772461,16.68136215209961,16.70585823059082,13.965861320495605,15621303,-0.061142045042376844,19.095384311676025,-0.00909163801355734,0.01755691424733581
2015-08-20,16.58338165283203,17.07328987121582,16.387418746948242,16.85283088684082,14.088727951049805,15074262,0.008759197680403102,18.94106330871582,-0.008408577529665779,0.017988925622818203
2015-08-21,16.90182113647461,17.12228012084961,16.411914825439453,16.411914825439453,13.720129013061523,14170010,-0.02651106304774048,18.762246990203856,-0.009856828782009962,0.01823268326143043
2015-08-24,15.970996856689453,16.068979263305664,14.770723342895508,14.770723342895508,12.348115921020508,19491418,-0.10536051565782628,18.516068267822266,-0.014384103622589017,0.028100037692276054
2015-08-25,14.623749732971191,14.795218467712402,14.182832717895508,14.648245811462402,12.2457275390625,19383235,-0.00832648067350417,18.27233910560608,-0.01436319565791278,0.028104609802112088
2015-08-26,14.648245811462402,14.868703842163086,14.427786827087402,14.721732139587402,12.307160377502441,15958101,0.005004190442407334,18.029834747314453,-0.014238298108992506,0.028188947596645763
2015-08-27,14.893199920654297,16.191455841064453,14.868703842163086,16.068979263305664,13.433440208435059,22459323,0.08756588067639506,17.85469274520874,-0.009860004075172752,0.03618351694939602
2015-08-28,16.411914825439453,16.754850387573242,16.313932418823242,16.55888557434082,13.842994689941406,17203233,0.030032190876588007,17.702821254730225,-0.008420935374503924,0.03720654270375243
2015-08-31,16.58338165283203,17.04879379272461,16.36292266845703,17.04879379272461,14.252551078796387,11312330,0.029156605475052493,17.577894687652588,-0.006837949968105552,0.03813352134664038
2015-09-01,16.87732696533203,16.99980354309082,16.607877731323242,16.65686798095703,13.924907684326172,8209706,-0.02325683320816025,17.435821342468262,-0.00787532243342835,0.03829144742052792
2015-09-02,16.411914825439453,16.534391403198242,16.044483184814453,16.411914825439453,13.720129013061523,8773077,-0.014815037930951992,17.294972896575928,-0.007920296272586285,0.03829944254105638
2015-09-03,16.411914825439453,16.55888557434082,16.215951919555664,16.36292266845703,13.679173469543457,8187253,-0.0029896223578155605,17.15779867172241,-0.007750288502890851,0.038314137617192316
2015-09-04,16.264942169189453,16.36292266845703,16.117969512939453,16.142465591430664,13.494873046875,5737813,-0.013564548470527354,17.00715208053589,-0.008556555565274961,0.03825535777813125
2015-09-07,15.970996856689453,16.215951919555664,15.946501731872559,16.019987106323242,13.39248275756836,4874385,-0.007616277173607045,16.855280590057372,-0.008680961421280855,0.03824766677937234
2015-09-08,16.019987106323242,16.338428497314453,15.995491981506348,16.044483184814453,13.41296100616455,5754142,0.0015279268944364253,16.704633903503417,-0.008604565076559035,0.03826743967661737
2015-09-09,16.50989532470703,16.87732696533203,16.48539924621582,16.80384063720703,14.047773361206055,13853624,0.046242405954048056,16.6115514755249,-0.005253442584689155,0.04003872425317556
2015-09-10,16.73035430908203,17.857141494750977,16.58338165283203,17.857141494750977,14.928319931030273,19644508,0.06079604231340223,16.569909286499023,-0.0022792160837011174,0.042674659505181164
2015-09-11,17.857141494750977,17.857141494750977,17.4652156829834,17.661178588867188,14.764496803283691,9681411,-0.011034581242642057,16.508670806884766,-0.003352461617816084,0.042608061669808545
2015-09-14,17.661178588867188,17.7591609954834,17.41622543334961,17.6856746673584,14.784974098205566,6207289,0.0013860403490673174,16.45968008041382,-0.0026960675136977895,0.042573123535416986
2015-09-15,17.783655166625977,18.175582885742188,17.661178588867188,17.8326473236084,14.907840728759766,9452797,0.008275925599437111,16.46335439682007,0.00020647007280426584,0.04114955185202043
2015-09-16,17.8326473236084,18.028610229492188,17.71017074584961,17.93062973022461,14.989754676818848,6448150,0.00547951193785529,16.52459297180176,0.003537547921815872,0.03853547224773948
2015-09-17,18.077600479125977,18.371545791625977,17.93062973022461,18.077600479125977,15.112618446350098,14231246,0.00816322069710993,16.585831451416016,0.0035077490726512137,0.03853145213483614
2015-09-18,18.1265926361084,18.396041870117188,18.028610229492188,18.224573135375977,15.235486030578613,11128622,0.008097226399313038,16.676464366912843,0.00523816354500389,0.037884054974462754
2015-09-21,18.077600479125977,18.077600479125977,17.661178588867188,17.6856746673584,14.784974098205566,9518115,-0.03001588463371528,16.822211933135986,0.009005395096209439,0.029015213981292046
2015-09-22,17.808151245117188,17.955123901367188,17.734664916992188,17.7591609954834,14.846407890319824,8430156,0.004146524143352364,16.977757692337036,0.009629045337052267,0.028755966083035257
2015-09-23,17.587692260742188,17.63668441772461,17.22026252746582,17.2447566986084,14.416373252868652,9348696,-0.029393357431463013,17.103908920288085,0.007909167943358749,0.030046810139872853
2015-09-24,17.2447566986084,17.44072151184082,17.07328987121582,17.1712703704834,14.354939460754395,6074611,-0.004270477801413124,17.159023475646972,0.0033173500194683394,0.023547109826184187
2015-09-25,17.34273910522461,17.44072151184082,16.95081329345703,17.19576644897461,14.375417709350586,5041764,0.0014255568653377822,17.190867519378664,0.0018870183189058282,0.02269226673978944
2015-09-29,17.19576644897461,17.19576644897461,17.19576644897461,17.19576644897461,14.375417709350586,0,0.0,17.19821615219116,0.0004291880451532038,0.02176581759782399
2015-09-30,16.95081329345703,17.587692260742188,16.92631721496582,17.56319808959961,14.682584762573242,7501410,0.021142478342719484,17.24353265762329,0.0026491536226971907,0.02148526220356443
2015-10-01,17.71017074584961,17.857141494750977,17.3917293548584,17.6856746673584,14.784974098205566,6554293,0.0069492758814667455,17.307220649719238,0.003737369313318128,0.021101910794240897
2015-10-02,17.7591609954834,17.881637573242188,17.587692260742188,17.857141494750977,14.928319931030273,4504928,0.009648540893574796,17.381931591033936,0.004369277475887646,0.02107908107227987
2015-10-05,18.0531063079834,18.1265926361084,17.881637573242188,18.1265926361084,15.153575897216797,5978674,0.014976554505787996,17.48113794326782,0.0057963326247034135,0.020764833636578314
2015-10-06,18.322555541992188,18.445032119750977,18.273563385009766,18.371545791625977,15.358352661132812,8256654,0.013422976839643245,17.59871587753296,0.006848295325365928,0.020581702519021652
2015-10-07,18.445032119750977,18.567508697509766,18.249069213867188,18.567508697509766,15.522175788879395,4935621,0.01061016568927313,17.724867153167725,0.007302407265107763,0.02055831767687925
2015-10-08,18.616500854492188,18.763471603393555,18.224573135375977,18.224573135375977,15.235486030578613,6491016,-0.018642353294563763,17.795903778076173,0.004058169302677171,0.019162119418863244
2015-10-12,18.445032119750977,18.543012619018555,18.151086807250977,18.322555541992188,15.317399024963379,6997233,0.0053619884745585225,17.81917448043823,0.0012864666107349862,0.013775295557502017
2015-10-13,18.665489196777344,19.375856399536133,18.616500854492188,19.277875900268555,16.116031646728516,19328122,0.050825267797477466,17.9000093460083,0.004379459062740962,0.01734536058535724
2015-10-14,19.253379821777344,19.277875900268555,18.959434509277344,19.130903244018555,15.993165969848633,10446861,-0.007653113526364012,17.97227077484131,0.003927501368969396,0.01754408893595721
2015-10-15,19.204389572143555,19.204389572143555,18.959434509277344,19.032920837402344,15.911253929138184,5603094,-0.005134842970439886,18.032284450531005,0.003256962940475546,0.01762523748435586
2015-10-16,19.106407165527344,19.179893493652344,18.885948181152344,18.885948181152344,15.788386344909668,6933956,-0.007751992401692954,18.08005037307739,0.002595387723498134,0.01778502425836892
2015-10-19,18.910444259643555,19.106407165527344,18.910444259643555,19.008426666259766,15.890778541564941,4266108,0.006464226529298655,18.126591682434082,0.00251043801510757,0.01776107140285471
2015-10-20,19.008426666259766,19.571819305419922,19.008426666259766,19.498334884643555,16.30033302307129,13810759,0.025446681796604073,18.19027976989746,0.003377910784972121,0.01845829778374396
2015-10-21,19.547325134277344,19.571819305419922,19.204389572143555,19.302370071411133,16.136510848999023,6415491,-0.01010118139376531,18.271114540100097,0.0043736459469696206,0.01704510574550725
2015-10-22,19.302370071411133,19.547325134277344,19.204389572143555,19.424848556518555,16.23889923095703,5398974,0.006325209906241436,18.354398918151855,0.004482580235114073,0.01705053888888427
2015-10-23,19.596315383911133,19.76778221130371,19.424848556518555,19.547325134277344,16.34128761291504,6354255,0.006285355389228162,18.469527339935304,0.006266515876148633,0.015071267487062476
2015-10-26,19.645305633544922,19.816774368286133,19.522829055786133,19.596315383911133,16.382244110107422,5741895,0.00250310265291496,18.59077959060669,0.006605194898865037,0.014897120780424251
2015-10-27,19.596315383911133,19.596315383911133,19.375856399536133,19.400352478027344,16.218420028686523,4707007,-0.010050323072531422,18.701008892059328,0.0060314009019715766,0.015322073483950744
2015-10-28,19.473838806152344,19.84126853942871,19.473838806152344,19.694297790527344,16.464155197143555,8903714,0.015037906712347041,18.825935459136964,0.006783296237588929,0.015379386749908056
2015-10-29,19.620811462402344,19.76778221130371,19.302370071411133,19.326866149902344,16.1569881439209,7354443,-0.018832985157336262,18.9141188621521,0.004784523062586141,0.01600014979688954
2015-10-30,19.375856399536133,19.571819305419922,19.277875900268555,19.375856399536133,16.19794273376465,4751913,0.0025316190992233974,18.998627948760987,0.0045636402234739745,0.01599918536390654
2015-11-02,19.571819305419922,19.694297790527344,19.473838806152344,19.596315383911133,16.382244110107422,6376708,0.011313782418297202,19.085586643218996,0.004646902299710094,0.016031341453577968
2015-11-03,19.645305633544922,19.718791961669922,19.571819305419922,19.596315383911133,16.382244110107422,8526092,0.0,19.15907278060913,0.0038980745744206942,0.015872437869106408
2015-11-04,19.743288040161133,20.50264549255371,19.743288040161133,20.380168914794922,17.03753089904785,26553970,0.039220758075743295,19.25950393676758,0.0051879636362256966,0.017637345732103887
2015-11-05,20.4781494140625,20.52713966369629,20.086223602294922,20.13521385192871,16.832754135131836,11689952,-0.012092100870644346,19.337889194488525,0.004052850308229823,0.017996891594049096
2015-11-06,20.1842041015625,20.1842041015625,19.816774368286133,19.816774368286133,16.566543579101562,7613676,-0.015941445797530304,19.417499256134032,0.004187895683081496,0.017826959033173276
2015-11-09,19.84126853942871,19.914756774902344,19.596315383911133,19.694297790527344,16.464155197143555,6635941,-0.006199627767752883,19.48608636856079,0.003609814870965925,0.017973734491854965
2015-11-10,19.620811462402344,19.669801712036133,19.473838806152344,19.620811462402344,16.40272331237793,4974404,-0.003738329365121077,19.50323314666748,0.0008816350128359985,0.014167948300714843
2015-11-11,19.84126853942871,19.939250946044922,19.596315383911133,19.620811462402344,16.40272331237793,6746166,0.0,19.52772855758667,0.001264290689154199,0.014027963168199651
2015-11-12,19.620811462402344,19.645305633544922,19.155397415161133,19.204389572143555,16.054597854614258,6719630,-0.0214519357694381,19.53630199432373,0.00044843604920428835,0.014869001522724875
2015-11-13,19.130903244018555,19.522829055786133,18.983930587768555,19.326866149902344,16.1569881439209,6693094,0.006357279977222891,19.55834789276123,0.0011538996681500807,0.014793972369297772
2015-11-16,19.498334884643555,20.13521385192871,19.498334884643555,19.865764617919922,16.607500076293945,17866623,0.02750172280436971,19.601214790344237,0.002205774481903633,0.01589811334549259
2015-11-17,20.42915916442871,20.9190673828125,20.35567283630371,20.89457130432129,17.46756935119629,28044046,0.05049149979206322,19.671026611328124,0.0034580153816765906,0.018584457996532685
2015-11-18,20.9190673828125,21.017047882080078,20.42915916442871,20.42915916442871,17.078489303588867,18162597,-0.02252612794869693,19.727366065979005,0.0028367680539300097,0.019257075834265593
2015-11-19,20.6251220703125,20.8455810546875,20.4781494140625,20.8455810546875,17.426612854003906,10318266,0.020178734881793576,19.79840269088745,0.003529444302707617,0.01963461364024983
2015-11-20,20.9190673828125,20.9925537109375,20.6986083984375,20.79659080505371,17.385656356811523,7029892,-0.0023529162888289395,19.860865974426268,0.003097530718804762,0.01966578532505078
2015-11-23,20.96805763244629,21.090534210205078,20.870075225830078,20.9190673828125,17.488046646118164,9028227,0.005871988361088302,19.927003574371337,0.003265975004213428,0.019674851617853158
2015-11-24,20.870075225830078,21.066038131713867,20.8455810546875,21.04154396057129,17.590435028076172,7695324,0.00583770930209037,20.009063148498534,0.004060376622944518,0.019428092088383586
2015-11-25,21.066038131713867,21.310993194580078,20.9925537109375,21.066038131713867,17.610910415649414,9054763,0.001163409186102296,20.077650165557863,0.0033666517466322808,0.01926248829513719
2015-11-26,21.286497116088867,22.315303802490234,21.26200294494629,22.119340896606445,18.491456985473633,28672736,0.04879020297288931,20.217273902893066,0.00674781115314356,0.021015853664589294
2015-11-27,22.119340896606445,22.143835067749023,21.555946350097656,21.555946350097656,18.02046775817871,14621115,-0.025800668286117635,20.326278400421142,0.005331196783876509,0.022234571602663452
2015-11-30,21.310993194580078,21.310993194580078,21.066038131713867,21.237506866455078,17.754255294799805,15564150,-0.014882900890991807,20.40833797454834,0.004021362618412057,0.022631664375663645
2015-12-01,21.433469772338867,22.119340896606445,21.359983444213867,21.727415084838867,18.16381072998047,21436682,0.022806020818065573,20.514892959594725,0.005161663659315336,0.02299008792471032
2015-12-02,21.849891662597656,22.192827224731445,21.800901412963867,21.825395584106445,18.245723724365234,13796470,0.004499395701920694,20.5871542930603,0.003425595540624206,0.021548570289681872
2015-12-03,21.727415084838867,22.045854568481445,21.604938507080078,21.825395584106445,18.245723724365234,7150323,0.0,20.67166337966919,0.004030200584156423,0.021257941682283798
2015-12-04,21.751909255981445,21.972368240356445,21.580442428588867,21.800901412963867,18.225244522094727,6250154,-0.0011229086767551018,20.770869731903076,0.004771127440195183,0.020778037532730966
2015-12-07,22.021358489990234,22.143835067749023,21.800901412963867,21.800901412963867,18.225244522094727,7283001,0.0,20.8761999130249,0.005081108828582827,0.020651614501069483
2015-12-08,21.849891662597656,22.021358489990234,21.457965850830078,21.580442428588867,18.04094696044922,9473209,-0.010163856750706864,20.97418146133423,0.004759832459303538,0.02084511373246284
2015-12-09,21.359983444213867,22.021358489990234,21.164020538330078,21.48246192932129,17.959035873413086,12532968,-0.004550583376044094,21.067263984680174,0.004532303290501334,0.020924487054519395
2015-12-10,21.384479522705078,21.727415084838867,21.286497116088867,21.310993194580078,17.815689086914062,10471356,-0.0080138260351913,21.172594165802003,0.005204208777213674,0.020251113748802327
2015-12-11,21.457965850830078,21.555946350097656,21.11503028869629,21.310993194580078,17.815689086914062,11440926,0.0,21.27180051803589,0.004886344778352529,0.020281931313935537
2015-12-14,20.870075225830078,21.066038131713867,20.6986083984375,20.6986083984375,17.30374526977539,8193376,-0.029156581113916266,21.313442707061768,0.0020534295824382303,0.02090421177474302
2015-12-15,20.82108497619629,21.04154396057129,20.7720947265625,20.89457130432129,17.46756935119629,6917626,0.00942290814329878,21.313442707061768,7.806255641895632e-18,0.017661236822888008
2015-12-16,21.310993194580078,21.359983444213867,21.04154396057129,21.286497116088867,17.795211791992188,6488974,0.018583554453644572,21.356309604644775,0.0020554841201170827,0.017289924343960986
2015-12-17,21.359983444213867,21.702919006347656,21.359983444213867,21.506956100463867,17.979511260986328,6082776,0.010303488882641453,21.389378356933594,0.0015617218201594766,0.016881303162456996
2015-12-18,21.359983444213867,21.457965850830078,21.286497116088867,21.286497116088867,17.795211791992188,5403056,-0.010303488882641406,21.41387367248535,0.0011641931904688534,0.017070885935851
2015-12-21,21.066038131713867,21.335487365722656,20.96805763244629,21.335487365722656,17.83616828918457,3753766,0.0022988263828586414,21.434694671630858,0.0009855350915573705,0.01703768805178453
2015-12-22,21.384479522705078,21.531452178955078,21.286497116088867,21.335487365722656,17.83616828918457,4368168,0.0,21.449391841888428,0.0006936496264528518,0.017000150481069357
2015-12-23,21.506956100463867,21.629432678222656,21.433469772338867,21.48246192932129,17.959035873413086,5158112,0.006865118169305847,21.4702130317688,0.0009787350756130294,0.017056158151462223
2015-12-24,21.604938507080078,21.923377990722656,21.40897560119629,21.40897560119629,17.897602081298828,6811484,-0.0034266233197488426,21.43469476699829,-0.0016321062390188782,0.012823660204074406
2015-12-25,21.40897560119629,21.555946350097656,21.359983444213867,21.506956100463867,17.979511260986328,2843391,0.004566167650226002,21.4322452545166,-0.00011376444220169633,0.011545495660997334
2015-12-28,21.506956100463867,21.653928756713867,21.359983444213867,21.359983444213867,17.856645584106445,3690489,-0.006857183354366903,21.43836908340454,0.0002875214346295489,0.011137411187399781
2015-12-29,21.48246192932129,21.531452178955078,21.310993194580078,21.433469772338867,17.918079376220703,3094459,0.0034344692861123416,21.423671817779542,-0.0006810561419681128,0.00984312275825515
2015-12-30,21.506956100463867,21.531452178955078,21.18851661682129,21.18851661682129,17.713300704956055,5192812,-0.011494342389742809,21.391827869415284,-0.0014807430465512879,0.010047661006448893
2015-12-31,21.237506866455078,21.286497116088867,20.74759864807129,20.9925537109375,17.549476623535156,5817420,-0.009291576254666705,21.350185775756835,-0.0019453218592846231,0.010189401584308942
2016-01-04,21.066038131713867,21.090534210205078,20.52713966369629,20.52713966369629,17.160400390625,7670829,-0.022419893035884014,21.28649768829346,-0.003010171077241069,0.011165048406719079
2016-01-05,20.4781494140625,20.7720947265625,20.42915916442871,20.57613182067871,17.201356887817383,6180753,0.00238385794678221,21.225259208679198,-0.002890978179901958,0.011211502769889244
2016-01-06,20.72310447692871,20.72310447692871,20.1842041015625,20.1842041015625,16.87371063232422,7825960,-0.01923143122575411,21.15544729232788,-0.0033443569036543204,0.01169404412177964
2016-01-07,20.1842041015625,20.20870018005371,19.106407165527344,19.375856399536133,16.19794273376465,10306018,-0.04087254780597559,21.050117015838623,-0.005160455125150895,0.014398846016656612
2016-01-08,19.130903244018555,19.718791961669922,19.130903244018555,19.596315383911133,16.382244110107422,5962345,0.011313782418297202,20.964383125305176,-0.00419407470247647,0.01483911885644351
2016-01-11,19.302370071411133,19.351360321044922,18.910444259643555,18.910444259643555,15.80886459350586,7895361,-0.03562718218194918,20.84435567855835,-0.005975433811573929,0.016368735761188052
2016-01-12,19.106407165527344,19.326866149902344,19.008426666259766,19.130903244018555,15.993165969848633,7038057,0.011590622673559857,20.7659704208374,-0.003938073622200123,0.015859512697985065
2016-01-13,19.253379821777344,19.669801712036133,19.253379821777344,19.498334884643555,16.30033302307129,6288937,0.019024072953770184,20.696158599853515,-0.0034580153816765533,0.016420612753304753
2016-01-14,19.057416915893555,19.351360321044922,19.008426666259766,19.351360321044922,16.177465438842773,5637794,-0.007566353558624128,20.59940176010132,-0.004765510782289988,0.015593437718955983
2016-01-15,19.400352478027344,19.498334884643555,18.861454010009766,18.934940338134766,15.82934284210205,8317890,-0.02175380736269208,20.470800971984865,-0.006368375594556665,0.015610547472914406
2016-01-18,18.714481353759766,19.400352478027344,18.640995025634766,19.228883743286133,16.075075149536133,8028039,0.015404599773522957,20.367920303344725,-0.005082971161748446,0.016312130946580586
2016-01-19,19.302370071411133,19.302370071411133,19.008426666259766,19.106407165527344,15.972687721252441,7977009,-0.006389777751724253,20.25646629333496,-0.005517401368477591,0.016220631632735537
2016-01-20,19.057416915893555,19.057416915893555,18.445032119750977,18.445032119750977,15.419788360595703,12714634,-0.03522866006615155,20.111943531036378,-0.007278834371785168,0.017455708117478548
2016-01-21,18.396041870117188,18.567508697509766,18.1265926361084,18.1265926361084,15.153575897216797,9622216,-0.01741500596812583,19.944150066375734,-0.008492840578656752,0.017263511156419976
2016-01-22,18.371545791625977,18.469526290893555,17.9061336517334,18.102096557617188,15.133095741271973,8946579,-0.0013523029824936829,19.778806114196776,-0.008389124561793995,0.01730173874912057
2016-01-25,18.396041870117188,18.861454010009766,18.224573135375977,18.494022369384766,15.460741996765137,9871243,0.02141980122660076,19.62815942764282,-0.007546442882975256,0.018344916581463803
2016-01-26,18.371545791625977,18.371545791625977,17.93062973022461,18.077600479125977,15.112618446350098,9379314,-0.022773935409067508,19.464040279388428,-0.008342280485710287,0.018656052529057818
2016-01-27,18.224573135375977,18.273563385009766,17.93062973022461,17.955123901367188,15.01023006439209,5556146,-0.006798100978689745,19.290122985839844,-0.00885390899895039,0.018455315884907838
2016-01-28,17.955123901367188,18.200077056884766,17.9061336517334,18.028610229492188,15.071662902832031,6078693,0.004084424924839549,19.132127666473387,-0.008074970633221273,0.018665573010651235
2016-01-29,18.1265926361084,18.861454010009766,18.0531063079834,18.763471603393555,15.685998916625977,11000026,0.03995202670357467,19.020673561096192,-0.005612790485309204,0.021525424896885987
2016-02-01,19.694297790527344,19.76778221130371,19.228883743286133,19.449342727661133,16.259374618530273,8895549,0.03590129662756339,18.966783714294433,-0.002696731002136834,0.023026766001558112
2016-02-02,19.816774368286133,20.50264549255371,19.816774368286133,20.233196258544922,16.9146671295166,25049606,0.03951135810200014,18.949636936187744,-0.000840355994375937,0.024879916795940833
2016-02-03,20.086223602294922,20.8455810546875,19.9637451171875,20.82108497619629,17.40613555908203,27690919,0.028641539365109575,18.981480979919432,0.001553292535167247,0.025316475159830088
2016-02-15,20.306682586669922,20.5516357421875,20.28218650817871,20.4046630859375,17.05801010131836,14259823,-0.020202716665130856,19.032921314239502,0.002586784092209484,0.023874192504999094
2016-02-16,20.57613182067871,20.943561553955078,20.42915916442871,20.870075225830078,17.44708824157715,15631509,0.022552868205410487,19.09660930633545,0.003148738381565148,0.024220187806341612
2016-02-17,21.017047882080078,21.139524459838867,20.74759864807129,20.870075225830078,17.44708824157715,10363172,0.0,19.194590854644776,0.0049300974906626065,0.022464721093599406
2016-02-18,21.066038131713867,21.825395584106445,20.8455810546875,21.653928756713867,18.102380752563477,34039051,0.03687057922965399,19.32074213027954,0.0061940953184673134,0.023544457555736774
2016-02-19,21.457965850830078,21.506956100463867,21.237506866455078,21.26200294494629,17.774734497070312,12190046,-0.018265324434302465,19.408925533294678,0.0043296254490636805,0.023947989785899577
2016-02-22,20.42915916442871,21.04154396057129,20.42915916442871,20.943561553955078,17.508520126342773,16141809,-0.015090305633120252,19.488535594940185,0.003953427845338875,0.024202443324753197
2016-02-23,21.11503028869629,21.580442428588867,20.9925537109375,21.457965850830078,17.938556671142578,15219187,0.024264670030164043,19.61468687057495,0.0062543517149816815,0.02381420031790151
2016-02-24,21.555946350097656,21.555946350097656,21.11503028869629,21.384479522705078,17.87712287902832,11402143,-0.0034305418168194585,19.722466659545898,0.005312594635464561,0.02380572531102411
2016-02-25,21.923377990722656,22.192827224731445,21.898883819580078,21.972368240356445,18.368589401245117,50309456,0.027120271914143856,19.865764713287355,0.006988097118757966,0.024115971658313345
2016-02-26,22.021358489990234,22.192827224731445,21.800901412963867,22.143835067749023,18.51193618774414,16141809,0.007773456370409309,20.050704860687254,0.009138202940586008,0.021975973474049285
2016-03-01,22.094846725463867,22.707231521606445,22.094846725463867,22.413286209106445,18.737192153930664,22469529,0.012094786122786094,20.26503953933716,0.010613692545131606,0.021071372300390186
2016-03-02,22.462276458740234,22.658239364624023,22.217323303222656,22.364294052124023,18.69623565673828,14747670,-0.002188245825084134,20.4781494140625,0.010571895403002083,0.021097170574644435
2016-03-03,22.364294052124023,22.927688598632812,22.364294052124023,22.511266708374023,18.819101333618164,19401606,0.006550254938664327,20.679011631011964,0.00982841808860526,0.0209562989899702
2016-03-04,22.633743286132812,22.633743286132812,22.364294052124023,22.535762786865234,18.839580535888672,7801466,0.0010875780791872564,20.901919746398924,0.011021493763018,0.019640429729151483
2016-03-07,22.633743286132812,22.829708099365234,22.437780380249023,22.462276458740234,18.778146743774414,11471544,-0.0032662042474245617,21.127277374267578,0.011198088599581258,0.01948705341059721
2016-03-08,22.535762786865234,22.535762786865234,21.996864318847656,22.315303802490234,18.6552791595459,10330513,-0.00656458804576925,21.34161205291748,0.010665637951050818,0.019834045900380265
2016-03-09,22.315303802490234,22.535762786865234,22.241817474365234,22.511266708374023,18.819101333618164,8350549,0.008743214214006713,21.529001808166505,0.00910519732657242,0.018597823594795882
2016-03-10,22.535762786865234,22.682735443115234,22.413286209106445,22.658239364624023,18.941967010498047,10642816,0.0065076281637267515,21.689446640014648,0.007635513903380587,0.017497697363275645
2016-03-11,22.878698348999023,23.393102645874023,22.878698348999023,23.1236515045166,19.33104705810547,22949211,0.020332413741234123,21.833969402313233,0.006676566685342287,0.01613099186772736
2016-03-14,23.2706241607666,23.368606567382812,22.927688598632812,22.976680755615234,19.208181381225586,12571750,-0.006376146965684473,21.94174919128418,0.004925682368802585,0.015509878796112202
2016-03-15,22.878698348999023,22.903194427490234,22.241817474365234,22.339799880981445,18.675758361816406,16897053,-0.028109985692458973,22.038506031036377,0.004530318917436179,0.016266470432349436
2016-03-16,22.388790130615234,22.756221771240234,22.388790130615234,22.633743286132812,18.921489715576172,8107646,0.013072022800022608,22.126689434051514,0.004056276647166785,0.015846329887396572
2016-03-17,22.805212020874023,22.878698348999023,22.486772537231445,22.682735443115234,18.962448120117188,10087610,0.0021622234314593327,22.217322444915773,0.004164387818739752,0.015824560431146197
2016-03-18,22.780717849731445,22.976680755615234,22.388790130615234,22.658239364624023,18.941967010498047,20981494,-0.0010805273145726329,22.267537975311278,0.0022668324915284203,0.013848270645772449
2016-03-21,22.658239364624023,23.1236515045166,22.535762786865234,23.099157333374023,19.310569763183594,15141621,0.01927258314888658,22.359395694732665,0.004143727870687872,0.013457318024425024
2016-03-22,23.099157333374023,23.1236515045166,22.854202270507812,22.927688598632812,19.167224884033203,8136223,-0.007450848500593033,22.458602046966554,0.004525700727314234,0.012982694657726902
2016-03-23,22.927688598632812,23.074661254882812,22.780717849731445,22.927688598632812,19.167224884033203,7036016,0.0,22.532088184356688,0.003312467225806031,0.012147932893880765
2016-03-24,22.780717849731445,22.903194427490234,22.437780380249023,22.682735443115234,18.962448120117188,8946579,-0.010741207333720828,22.597000980377196,0.0029469339499609637,0.012467301452096577
2016-03-25,22.731725692749023,23.099157333374023,22.731725692749023,23.025671005249023,19.249135971069336,12194128,0.015005642228068206,22.649666118621827,0.002341202465657181,0.011486748586811927
2016-03-28,23.025671005249023,23.025671005249023,22.829708099365234,23.025671005249023,19.249135971069336,7656541,0.0,22.693757915496825,0.001952529647136715,0.011424610978378082
2016-03-29,20.72310447692871,20.72310447692871,20.72310447692871,20.72310447692871,17.3242244720459,7534069,-0.10536048804591143,22.60924882888794,-0.003920234061298161,0.026361199869471934
2016-03-30,19.449342727661133,19.694297790527344,19.032920837402344,19.571819305419922,16.361764907836914,74405822,-0.05715849505146522,22.469625091552736,-0.006668746522617215,0.028913273720607743
2016-03-31,19.816774368286133,20.086223602294922,19.645305633544922,19.9637451171875,16.689411163330078,34726935,0.01982714332038849,22.34224901199341,-0.006004902103531007,0.029381382342079026
2016-04-01,19.84126853942871,19.865764617919922,19.351360321044922,19.498334884643555,16.30033302307129,20879434,-0.023588813011796463,22.190377616882323,-0.007238721658080194,0.029585283834793908
2016-04-06,19.449342727661133,19.449342727661133,18.812463760375977,18.934940338134766,15.82934284210205,25949775,-0.029320160921316188,22.01401081085205,-0.008541419491774775,0.029972232767715986
2016-04-07,19.302370071411133,19.302370071411133,18.959434509277344,19.179893493652344,16.034122467041016,14712969,0.012853605978596487,21.857240295410158,-0.007570509790556487,0.03035175009600316
2016-04-08,19.106407165527344,19.130903244018555,18.910444259643555,18.934940338134766,15.82934284210205,13504579,-0.012853605978596387,21.678423976898195,-0.008650350800186642,0.03012412770191797
2016-04-11,18.861454010009766,18.861454010009766,18.469526290893555,18.518518447875977,15.481222152709961,10124352,-0.02223768186814075,21.47143793106079,-0.010087616301780018,0.03004850020170559
2016-04-12,18.836957931518555,19.130903244018555,18.787967681884766,18.836957931518555,15.747430801391602,12765664,0.017049558904544182,21.25710325241089,-0.010251759043614516,0.029882087678629776
2016-04-13,18.861454010009766,18.983930587768555,18.763471603393555,18.959434509277344,15.849818229675293,9916149,0.006480883414322512,21.056240940093993,-0.009608907524614166,0.03010729926338896
2016-04-14,19.130903244018555,19.130903244018555,18.885948181152344,18.885948181152344,15.788386344909668,6976821,-0.00388350785531264,20.88354835510254,-0.008397583632756849,0.02980964530090608
2016-04-15,18.983930587768555,19.008426666259766,18.861454010009766,18.934940338134766,15.82934284210205,4460022,0.002590747404586688,20.698608207702637,-0.008921647402528645,0.029502890731037172
2016-04-18,18.861454010009766,18.910444259643555,18.567508697509766,18.592004776000977,15.542654037475586,8373002,-0.018277272917104292,20.494071674346923,-0.009943622219956826,0.02945270745647581
2016-04-19,18.714481353759766,18.787967681884766,18.518518447875977,18.543012619018555,15.501696586608887,8281148,-0.0026385976818425927,20.28831033706665,-0.010021525738320323,0.02943008227080021
2016-04-20,18.738977432250977,18.836957931518555,18.543012619018555,18.812463760375977,15.726954460144043,13449466,0.014426576276127846,20.07397565841675,-0.01026382608195826,0.029195219322364276
2016-04-21,18.812463760375977,18.812463760375977,18.518518447875977,18.616500854492188,15.563132286071777,7403432,-0.010471285993216875,19.858416271209716,-0.010414847956589453,0.02918771356414352
2016-04-22,18.616500854492188,18.616500854492188,18.028610229492188,18.1265926361084,15.153575897216797,11300083,-0.026668263696442603,19.618361473083496,-0.011748261141411583,0.029295836321522904
2016-04-25,18.1265926361084,18.445032119750977,17.808151245117188,18.347049713134766,15.337873458862305,5886820,0.012088716539728865,19.401577186584472,-0.010606764947739098,0.029777951545050363
2016-04-26,18.347049713134766,18.494022369384766,18.1265926361084,18.445032119750977,15.419788360595703,4398786,0.005326289428397008,19.17254524230957,-0.011090732587722658,0.029416236022637245
2016-04-27,18.445032119750977,18.469526290893555,18.175582885742188,18.175582885742188,15.194531440734863,4666183,-0.014715978779276953,18.93004083633423,-0.011826531526686506,0.02930806782413327
2016-04-28,18.175582885742188,18.322555541992188,18.004114151000977,18.028610229492188,15.071662902832031,4598823,-0.008119140407659629,18.7953161239624,-0.006964464144773916,0.019348117947830312
2016-04-29,18.028610229492188,18.028610229492188,17.8326473236084,17.8326473236084,14.907840728759766,5454086,-0.010929056581114916,18.708357524871825,-0.0046529922212564,0.015393202361329779
2016-05-03,17.8326473236084,17.8326473236084,17.19576644897461,17.22026252746582,14.395895957946777,11969596,-0.03494415227809419,18.57118339538574,-0.007391557001180535,0.01567825430027036
2016-05-04,17.22026252746582,17.367233276367188,17.14677619934082,17.31824493408203,14.477807998657227,7172776,0.0056738218686126505,18.462178897857665,-0.005928425257160079,0.015450912820769843
2016-05-05,17.3917293548584,17.41622543334961,16.80384063720703,16.92631721496582,14.150161743164062,8370961,-0.022890923893545,18.36174774169922,-0.005606963405771519,0.014998894241831387
2016-05-06,16.80384063720703,16.90182113647461,16.387418746948242,16.55888557434082,13.842994689941406,8903714,-0.021946791898712698,18.230697345733642,-0.007346983299636979,0.014761282446136855
2016-05-09,16.70585823059082,16.85283088684082,16.50989532470703,16.85283088684082,14.088727951049805,5494910,0.017595797383680504,18.126591873168945,-0.005824513131523134,0.015703628203413176
2016-05-10,16.828336715698242,17.2447566986084,16.65686798095703,17.12228012084961,14.313985824584961,6360379,0.01586189863353353,18.05677995681763,-0.00391953410643942,0.015917227148457676
2016-05-11,17.29374885559082,17.31824493408203,16.828336715698242,16.85283088684082,14.088727951049805,6764536,-0.015861898633533426,17.95757360458374,-0.005565106983343301,0.015325526158645198
2016-05-12,16.55888557434082,16.73035430908203,16.411914825439453,16.411914825439453,13.720129013061523,5664330,-0.02651106304774048,17.830197620391846,-0.0072147043064464495,0.01573090664394588
2016-05-13,16.387418746948242,16.50989532470703,16.191455841064453,16.460905075073242,13.76108455657959,7550398,0.002980595279075809,17.70894546508789,-0.006871499149727028,0.01588156581372981
2016-05-16,16.754850387573242,16.90182113647461,16.58338165283203,16.70585823059082,13.965861320495605,9587516,0.014771270088261672,17.597491359710695,-0.006262473015543278,0.016485584795611474
2016-05-17,16.77934455871582,16.80384063720703,16.534391403198242,16.65686798095703,13.924907684326172,9028227,-0.002936827436385379,17.500734519958495,-0.005495450741507333,0.0162523741641821
2016-05-18,16.55888557434082,16.85283088684082,16.534391403198242,16.754850387573242,14.006819725036621,8234200,0.0058651690056701926,17.41132640838623,-0.005070262407131694,0.01644118708532831
2016-05-19,16.80384063720703,17.14677619934082,16.65686798095703,16.73035430908203,13.986340522766113,9569145,-0.0014630988869820715,17.307220935821533,-0.00586474616528719,0.015821705350730186
2016-05-20,16.68136215209961,16.92631721496582,16.58338165283203,16.80384063720703,14.047773361206055,3625171,0.0043827767968943315,17.216587924957274,-0.005122043025781629,0.01594226458605959
2016-05-23,16.85283088684082,17.29374885559082,16.754850387573242,17.2447566986084,14.416373252868652,8844519,0.025900668131716726,17.172496128082276,-0.002493596434373663,0.016525824376605446
2016-05-24,17.2447566986084,17.29374885559082,17.14677619934082,17.1712703704834,14.354939460754395,5205060,-0.004270477801413124,17.11370716094971,-0.0033115561514307627,0.016167034114200972
2016-05-25,17.29374885559082,17.71017074584961,17.29374885559082,17.5387020111084,14.662108421325684,9424220,0.02117232258865547,17.06839065551758,-0.00251925449341784,0.016980453085049096
2016-05-26,17.587692260742188,17.6121883392334,17.3917293548584,17.41622543334961,14.559718132019043,4415115,-0.007007714673053446,17.03042278289795,-0.0021338412881066644,0.01677528770982367
2016-05-27,17.587692260742188,17.8326473236084,17.56319808959961,17.8326473236084,14.907840728759766,6776784,0.023628628773359032,17.02062463760376,-0.0005464528290557311,0.017657979101332315
2016-05-30,17.857141494750977,18.543012619018555,17.857141494750977,18.371545791625977,15.358352661132812,13537238,0.029772146639568814,17.04756956100464,0.0014886073319784554,0.018712323421526983
2016-05-31,18.592004776000977,18.616500854492188,18.1265926361084,18.494022369384766,15.460741996765137,13394354,0.006644521404463799,17.111257553100586,0.0035680410161063546,0.01664746937776447
2016-06-01,18.494022369384766,18.494022369384766,18.224573135375977,18.322555541992188,15.317399024963379,6611446,-0.009314720535195772,17.161473083496094,0.0028186138959159336,0.016883384714608277
2016-06-02,18.494022369384766,18.543012619018555,18.249069213867188,18.347049713134766,15.337873458862305,8138264,0.0013359388308176556,17.232509708404542,0.004029957032134067,0.015774389398701707
2016-06-03,18.469526290893555,18.494022369384766,18.175582885742188,18.273563385009766,15.27644157409668,4090564,-0.004013391396094429,17.31824359893799,0.00492662705726498,0.014692675374194648
2016-06-06,18.175582885742188,18.371545791625977,17.93062973022461,17.979618072509766,15.030707359313965,6229742,-0.016216604580495293,17.374582958221435,0.0032360069590561904,0.015097897944270895
2016-06-07,18.077600479125977,18.567508697509766,18.0531063079834,18.567508697509766,15.522175788879395,9422179,0.03217442196577707,17.446844387054444,0.004051633125668368,0.016215161401129767
2016-06-08,18.567508697509766,18.689985275268555,18.396041870117188,18.445032119750977,15.419788360595703,6286896,-0.0066181365607904455,17.52645444869995,0.004513821229305516,0.015742534750767874
2016-06-13,18.420536041259766,18.420536041259766,18.028610229492188,18.077600479125977,15.112618446350098,5347944,-0.020121443133086333,17.609738731384276,0.0048333022250382236,0.015132801686666753
2016-06-14,18.1265926361084,18.396041870117188,18.1265926361084,18.273563385009766,15.27644157409668,5158112,0.010781762308594844,17.700371646881102,0.005223360576514175,0.015182990473862559
2016-06-15,18.151086807250977,18.616500854492188,18.151086807250977,18.567508697509766,15.522175788879395,5909274,0.015957817385281958,17.79345417022705,0.00528268794136519,0.015224523822938131
2016-06-16,18.567508697509766,18.567508697509766,18.175582885742188,18.298059463500977,15.296919822692871,5323449,-0.014618195008881228,17.875513744354247,0.004698619562740397,0.015770723006496543
2016-06-17,18.469526290893555,18.518518447875977,17.881637573242188,17.881637573242188,14.948797225952148,10908172,-0.02302066155694743,17.931853103637696,0.003254328034609516,0.016937775480968136
2016-06-20,18.028610229492188,18.665489196777344,18.028610229492188,18.592004776000977,15.542654037475586,13990384,0.03895728513228657,18.02493562698364,0.005275347235572948,0.01866834244491935
2016-06-21,18.640995025634766,18.836957931518555,18.543012619018555,18.640995025634766,15.583609580993652,10350925,0.0026315514820993194,18.11679334640503,0.005187785969833198,0.01867685426243951
2016-06-22,18.714481353759766,18.738977432250977,18.420536041259766,18.689985275268555,15.624564170837402,5043805,0.0026246445907611706,18.189054775238038,0.00402398479278542,0.018032325302299083
2016-06-23,18.689985275268555,18.689985275268555,18.518518447875977,18.567508697509766,15.522175788879395,2629065,-0.006574624639318479,18.258866691589354,0.003908777450890152,0.018095357528915022
2016-06-24,18.640995025634766,18.714481353759766,17.9061336517334,18.077600479125977,15.112618446350098,10083528,-0.026739579693876837,18.285811614990234,0.0015131823367635373,0.018845509871220283
2016-06-27,17.881637573242188,18.200077056884766,17.881637573242188,18.028610229492188,15.071662902832031,3839497,-0.002713676053850128,18.316430854797364,0.0017278842677237029,0.01876762373349408
2016-06-28,18.0531063079834,18.371545791625977,17.783655166625977,18.347049713134766,15.337873458862305,1112454,0.017508829758539544,18.342150974273682,0.0014218943169827286,0.018438765435784998
2016-06-29,18.445032119750977,18.469526290893555,18.175582885742188,18.273563385009766,15.27644157409668,4804984,-0.004013391396094429,18.33725185394287,-0.0002673825848004336,0.017211541018093243
2016-06-30,18.420536041259766,18.518518447875977,18.298059463500977,18.347049713134766,15.337873458862305,5686783,0.004013391396094483,18.329903221130373,-0.0003989390852188994,0.017165924334649415
2016-07-01,18.445032119750977,18.714481353759766,18.322555541992188,18.616500854492188,15.563132286071777,9191523,0.01457954715671375,18.344600486755372,0.0007957742993765767,0.017343324662766925
2016-07-04,18.616500854492188,18.763471603393555,18.469526290893555,18.469526290893555,15.440262794494629,4947868,-0.00792618376119108,18.350724315643312,0.0003326681697761398,0.017451464613168016
2016-07-05,18.469526290893555,18.518518447875977,18.347049713134766,18.347049713134766,15.337873458862305,2643354,-0.006653363395522607,18.35439863204956,0.00020066956980473093,0.017495994513665156
2016-07-06,18.273563385009766,18.273563385009766,17.9061336517334,17.9061336517334,14.969276428222656,8532216,-0.024325466739088152,18.35072441101074,-0.00020477353812491193,0.017983623318925116
2016-07-07,18.028610229492188,18.077600479125977,17.881637573242188,17.9061336517334,14.969276428222656,3808879,0.0,18.317655658721925,-0.0018134946364137656,0.016294450791189095
2016-07-08,17.9061336517334,17.9061336517334,17.9061336517334,17.9061336517334,14.969276428222656,0,0.0,18.290710735321046,-0.001482587808374243,0.016258904600477492
2016-07-11,18.1265926361084,18.200077056884766,18.0531063079834,18.175582885742188,15.194531440734863,5186689,0.014935777388208234,18.295609855651854,0.0002702732176904853,0.016031864569170065
2016-07-12,18.347049713134766,18.371545791625977,18.175582885742188,18.322555541992188,15.317399024963379,6529798,0.008053750520062304,18.298059463500977,0.00013387262826385828,0.01594911639742303
2016-07-13,18.445032119750977,18.445032119750977,18.175582885742188,18.347049713134766,15.337873458862305,6176671,0.0013359388308176556,18.287036514282228,-0.0005972212994593568,0.015514797235935263
2016-07-14,18.371545791625977,18.396041870117188,18.273563385009766,18.347049713134766,15.337873458862305,2947492,0.0,18.289486026763917,0.00013368845098470455,0.015159770378114237
2016-07-15,18.420536041259766,18.910444259643555,18.420536041259766,18.910444259643555,15.80886459350586,21695914,0.030245592766736096,18.340926361083984,0.0027970011671688806,0.015551768024675746
2016-07-18,18.934940338134766,19.081911087036133,18.812463760375977,18.934940338134766,15.82934284210205,13273923,0.0012945347060137106,18.358073139190672,0.0009138636458552377,0.013016304382376057
2016-07-19,18.983930587768555,18.983930587768555,18.689985275268555,18.934940338134766,15.82934284210205,9258883,0.0,18.372770404815675,0.0007822860717502718,0.013011326761546264
2016-07-20,18.812463760375977,18.934940338134766,18.640995025634766,18.665489196777344,15.604085922241211,7674912,-0.014332589137885189,18.371545600891114,-6.557561468204616e-05,0.013430690770185856
2016-07-21,18.665489196777344,18.910444259643555,18.665489196777344,18.787967681884766,15.706476211547852,7156447,0.006540326683199529,18.382568550109863,0.0005901719514438542,0.013416321099939961
2016-07-22,18.836957931518555,19.032920837402344,18.763471603393555,18.910444259643555,15.80886459350586,6450192,0.006497727748672008,18.42421073913574,0.0022520373235712966,0.011815920850762317
2016-07-25,18.959434509277344,19.032920837402344,18.640995025634766,18.787967681884766,15.706476211547852,5986839,-0.006497727748671913,18.46217861175537,0.0020628347388302075,0.011929370770430004
2016-07-26,18.812463760375977,18.934940338134766,18.738977432250977,18.812463760375977,15.726954460144043,6239948,0.0013029681318663425,18.48544931411743,0.0012525416574965473,0.011361882234142084
2016-07-27,18.836957931518555,19.302370071411133,18.836957931518555,19.106407165527344,15.972687721252441,19305669,0.015504116344618006,18.52709150314331,0.0022284170445321686,0.01171837438174725
2016-07-28,19.106407165527344,19.106407165527344,18.910444259643555,18.959434509277344,15.849818229675293,6697177,-0.0077220615710728345,18.55771074295044,0.0016416443961738032,0.011916431630518611
2016-07-29,18.934940338134766,18.959434509277344,18.714481353759766,18.714481353759766,15.64504337310791,6786990,-0.013004042813139344,18.56260976791382,0.0002624648976811483,0.0119364316661711
2016-08-01,18.738977432250977,18.934940338134766,18.738977432250977,18.861454010009766,15.767909049987793,4402868,0.007822741035138699,18.582206153869627,0.0010499111374976371,0.011887171312200408
2016-08-02,18.861454010009766,19.792278289794922,18.812463760375977,19.694297790527344,16.464155197143555,27658260,0.04320877244302601,18.649568557739258,0.003543017929425068,0.015006155776941752
2016-08-03,19.473838806152344,19.669801712036133,19.351360321044922,19.596315383911133,16.382244110107422,11316412,-0.004987583639815743,18.734077644348144,0.004509912084388688,0.013680432726518024
2016-08-04,19.669801712036133,19.718791961669922,19.400352478027344,19.449342727661133,16.259374618530273,7454462,-0.007528281376086853,18.811238098144532,0.004133498015584346,0.01391265156132505
2016-08-05,19.547325134277344,20.037233352661133,19.424848556518555,19.890260696411133,16.627979278564453,17260387,0.022416923117384857,18.910444450378417,0.0052543441714535885,0.01445455219021937
2016-08-08,19.890260696411133,20.012737274169922,19.792278289794922,19.914756774902344,16.64845848083496,8664894,0.0012308037096703534,18.997403144836426,0.004569095487526694,0.01429540764485021
2016-08-09,19.890260696411133,19.890260696411133,19.718791961669922,19.792278289794922,16.546064376831055,6731877,-0.006169127125681834,19.070889282226563,0.0038579516052394875,0.014465689000064499
2016-08-10,19.890260696411133,20.159709930419922,19.84126853942871,19.98824119567871,16.709888458251953,12343136,0.009852284160774584,19.15294885635376,0.004283768871737334,0.014512811171963312
2016-08-11,19.98824119567871,20.037233352661133,19.645305633544922,19.914756774902344,16.64845848083496,7705530,-0.003683157035092685,19.23133420944214,0.0040996110199827,0.014593176171217104
2016-08-12,19.939250946044922,20.037233352661133,19.76778221130371,19.816774368286133,16.566543579101562,6009292,-0.004932234043399646,19.27665071487427,0.002340719679475913,0.013342340426967211
2016-08-15,19.351360321044922,19.351360321044922,18.787967681884766,18.983930587768555,15.870298385620117,15572314,-0.0429359065824069,19.279100227355958,0.00012919761505488203,0.016754268425725038
2016-08-16,19.008426666259766,19.081911087036133,18.812463760375977,18.910444259643555,15.80886459350586,6860473,-0.003878487007110958,19.277875423431396,-6.472673530066595e-05,0.016778271365193678
2016-08-17,18.861454010009766,18.983930587768555,18.787967681884766,18.983930587768555,15.870298385620117,6160341,0.0038784870071109684,19.293797492980957,0.000845827071949142,0.016454230430978115
2016-08-18,19.106407165527344,19.326866149902344,18.885948181152344,19.326866149902344,16.1569881439209,7744312,0.017903293657317753,19.320742416381837,0.0014139754206550531,0.01685255918720154
2016-08-19,19.302370071411133,19.302370071411133,18.910444259643555,18.910444259643555,15.80886459350586,5809255,-0.021781780664428593,19.320742416381837,2.3245294578089216e-17,0.017574470576477864
2016-08-22,18.836957931518555,18.836957931518555,18.469526290893555,18.518518447875977,15.481222152709961,7732065,-0.020943147162127116,19.307269954681395,-0.000722270970672737,0.018143201923764524
2016-08-23,18.518518447875977,18.616500854492188,18.469526290893555,18.494022369384766,15.460741996765137,5874573,-0.001323663900230864,19.291347885131835,-0.0008536025722775973,0.018137276046170814
2016-08-24,18.494022369384766,18.567508697509766,18.298059463500977,18.347049713134766,15.337873458862305,6235866,-0.007978781704378149,19.253380012512206,-0.0020277474747274053,0.01777916543773759
2016-08-25,18.322555541992188,18.543012619018555,18.298059463500977,18.518518447875977,15.481222152709961,4533505,0.009302445604608944,19.23133420944214,-0.001176522115943316,0.01789932683171849
2016-08-26,18.518518447875977,18.640995025634766,18.469526290893555,18.543012619018555,15.501696586608887,4370209,0.0013218112691938924,19.22276077270508,-0.00046022941182665415,0.017686483150828318
2016-08-29,18.518518447875977,18.518518447875977,18.322555541992188,18.420536041259766,15.399306297302246,3114871,-0.006626908423035767,19.20071487426758,-0.0011827118847353775,0.017625344715964428
2016-08-30,18.396041870117188,18.592004776000977,18.396041870117188,18.518518447875977,15.481222152709961,4145677,0.005305097153841988,19.14192590713501,-0.0030778956491945785,0.014330784137749535
2016-08-31,18.469526290893555,18.469526290893555,18.102096557617188,18.151086807250977,15.174054145812988,12745252,-0.020040790497610934,19.069664478302002,-0.0038305559920843377,0.014823202025761808
2016-09-01,18.224573135375977,18.224573135375977,17.979618072509766,17.979618072509766,15.030707359313965,4696801,-0.009491651083587698,18.996178245544435,-0.003928724477459381,0.014855445804969905
2016-09-02,17.979618072509766,18.077600479125977,17.881637573242188,17.979618072509766,15.030707359313965,3878280,0.0,18.900646114349364,-0.005049570633328624,0.013551494262042208
2016-09-05,18.028610229492188,18.445032119750977,18.028610229492188,18.396041870117188,15.37883186340332,5182606,0.022896738697759957,18.824710369110107,-0.003966273883924143,0.014880753030507798
2016-09-06,18.543012619018555,18.714481353759766,18.518518447875977,18.640995025634766,15.583609580993652,7466709,0.013227663316574595,18.7671462059021,-0.0029964343618113223,0.015354180888572854
2016-09-07,18.714481353759766,18.763471603393555,18.616500854492188,18.616500854492188,15.563132286071777,4502887,-0.0013148588810311045,18.698559188842772,-0.0035547915139016056,0.015062622646210291
2016-09-08,18.616500854492188,18.714481353759766,18.445032119750977,18.665489196777344,15.604085922241211,3790508,0.002627991178150903,18.636095809936524,-0.0032392341032394267,0.015125767859033508
2016-09-09,18.494022369384766,18.592004776000977,18.396041870117188,18.518518447875977,15.481222152709961,3761931,-0.00790509273025561,18.571183013916016,-0.003387877037582225,0.01515785415078576
2016-09-12,18.200077056884766,18.224573135375977,18.1265926361084,18.1265926361084,15.153575897216797,4772325,-0.021391162144337745,18.52831611633301,-0.002310639815678767,0.012778092147736954
2016-09-13,18.175582885742188,18.396041870117188,18.028610229492188,18.298059463500977,15.296919822692871,7221765,0.009414947520034998,18.49769687652588,-0.0016459680893214693,0.01303539437406453
2016-09-14,18.298059463500977,18.347049713134766,18.151086807250977,18.224573135375977,15.235486030578613,5211183,-0.0040241582856825235,18.45972900390625,-0.0020411003539611435,0.012978772583331388
2016-09-19,18.469526290893555,18.518518447875977,18.322555541992188,18.445032119750977,15.419788360595703,4690677,0.01202421673377336,18.415637302398682,-0.0023350542001383634,0.01256320511538732
2016-09-20,18.396041870117188,18.518518447875977,18.347049713134766,18.469526290893555,15.440262794494629,2984234,0.0013270739671257437,18.39359140396118,-0.0011796114685606468,0.011714550976573429
2016-09-21,18.420536041259766,19.008426666259766,18.420536041259766,18.885948181152344,15.788386344909668,9226224,0.022296016672640525,18.411962890625,0.0009823467231777354,0.011864165187054476
2016-09-22,19.106407165527344,19.106407165527344,18.763471603393555,18.910444259643555,15.80886459350586,5956221,0.0012962126985728915,18.432783985137938,0.0011133405531179232,0.011851820946731262
2016-09-23,18.885948181152344,19.155397415161133,18.787967681884766,18.959434509277344,15.849818229675293,12539091,0.002587295156739595,18.46340322494507,0.0016416443961738102,0.01165913080476709
2016-09-26,19.008426666259766,19.032920837402344,18.763471603393555,18.787967681884766,15.706476211547852,3602718,-0.009085022905411612,18.476875686645506,0.0007222709706727824,0.011747877429033056
2016-09-27,18.787967681884766,18.787967681884766,18.787967681884766,18.787967681884766,15.706476211547852,0,0.0,18.48912343978882,0.0006561804072130878,0.011748045134579135
2016-09-28,18.787967681884766,18.787967681884766,18.787967681884766,18.787967681884766,15.706476211547852,0,0.0,18.50749502182007,0.0009875258283648762,0.011624624768710894
2016-09-29,18.983930587768555,18.983930587768555,18.714481353759766,18.910444259643555,15.80886459350586,9026186,0.006497727748672008,18.527091312408448,0.0010471573581063772,0.011650967666878682
2016-09-30,18.738977432250977,18.910444259643555,18.689985275268555,18.787967681884766,15.706476211547852,7636129,-0.006497727748671913,18.558935356140136,0.0017243104955533284,0.010716953914724735
2016-10-03,18.738977432250977,19.106407165527344,18.714481353759766,19.008426666259766,15.890778541564941,7809631,0.011665741579397712,18.610375785827635,0.0027821801287025985,0.010595086789917028
2016-10-04,18.910444259643555,18.910444259643555,18.420536041259766,18.469526290893555,15.440262794494629,14841565,-0.0287602432019392,18.634871196746825,0.0013441679686056387,0.012729344013942849
2016-10-05,18.028610229492188,18.273563385009766,17.979618072509766,18.249069213867188,15.255965232849121,13380066,-0.012008069646103948,18.627522563934328,-0.0004010724485875564,0.011990214087657021
2016-10-06,18.298059463500977,18.371545791625977,18.1265926361084,18.151086807250977,15.174054145812988,5184648,-0.005383638642420761,18.603027153015137,-0.0013316375465373244,0.011592429341641366
2016-10-07,18.151086807250977,18.347049713134766,18.1265926361084,18.322555541992188,15.317399024963379,5770472,0.009402406062184312,18.588329887390138,-0.0007957742993765533,0.011838341733659483
2016-10-11,18.445032119750977,18.469526290893555,18.0531063079834,18.200077056884766,15.215009689331055,6429780,-0.006707016199184613,18.56505928039551,-0.0012625246682433293,0.011880199931135675
2016-10-12,18.1265926361084,18.298059463500977,18.004114151000977,18.249069213867188,15.255965232849121,5890903,0.002688248779421081,18.551586818695068,-0.0007328575927594948,0.011804365414252109
2016-10-13,18.249069213867188,18.371545791625977,18.028610229492188,18.102096557617188,15.133095741271973,5645959,-0.008086313271641273,18.550362014770506,-6.761514912467116e-05,0.010920706134702118
2016-10-14,18.0531063079834,18.175582885742188,17.8326473236084,17.955123901367188,15.01023006439209,8526092,-0.008152235161156597,18.533215236663818,-0.0009459742831842508,0.010823917030370583
2016-10-17,17.881637573242188,17.881637573242188,17.5387020111084,17.7591609954834,14.846407890319824,6884967,-0.01097403311236015,18.50994462966919,-0.0012934680245181324,0.011037396066982641
2016-10-18,17.56319808959961,18.0531063079834,17.56319808959961,18.0531063079834,15.092142105102539,5692906,0.016416269394610664,18.49034833908081,-0.001073865391476267,0.01135542460828377
2016-10-19,18.077600479125977,18.151086807250977,17.93062973022461,18.028610229492188,15.071662902832031,5239760,-0.0013578113574107887,18.468302536010743,-0.0012081096577030936,0.01134140847491246
2016-10-20,18.077600479125977,18.151086807250977,17.93062973022461,17.955123901367188,15.01023006439209,7413638,-0.004084424924839697,18.421761322021485,-0.0025271317375771046,0.009907350348739803
2016-10-21,17.955123901367188,17.979618072509766,17.808151245117188,17.857141494750977,14.928319931030273,6495098,-0.0054720163621376355,18.369096183776854,-0.0028655431906126306,0.009885449605792082
2016-10-24,17.8326473236084,18.077600479125977,17.783655166625977,17.93062973022461,14.989754676818848,4221201,0.00410689664371764,18.317655944824217,-0.002789563116263729,0.00993528050628159
2016-10-25,17.93062973022461,18.102096557617188,17.881637573242188,18.028610229492188,15.071662902832031,4010958,0.005449544643259591,18.27968807220459,-0.002062834738830169,0.009982019561656043
2016-10-26,17.979618072509766,18.077600479125977,17.808151245117188,17.857141494750977,14.928319931030273,4092606,-0.00955644128697727,18.233146762847902,-0.002540656803179032,0.010106032980592209
2016-10-27,17.8326473236084,17.881637573242188,17.7591609954834,17.808151245117188,14.887361526489258,3133242,-0.002747224356344266,18.18415594100952,-0.0026780180209962454,0.010088337509929626
2016-10-28,17.808151245117188,17.9061336517334,17.661178588867188,17.857141494750977,14.928319931030273,3888486,0.0027472243563441577,18.131490802764894,-0.002865543190612638,0.009942604104531063
2016-10-31,17.6856746673584,17.9061336517334,17.587692260742188,17.8326473236084,14.907840728759766,4557999,-0.0013726152941376487,18.083724784851075,-0.0026092875678859245,0.009910055715404504
2016-11-01,17.7591609954834,17.7591609954834,17.56319808959961,17.56319808959961,14.682584762573242,5139741,-0.015225201480903876,18.011463356018066,-0.003953834720901004,0.009693197742794132
2016-11-02,17.51420783996582,17.51420783996582,17.12228012084961,17.14677619934082,14.334463119506836,11128622,-0.0239955159507072,17.94532585144043,-0.0037155983583394047,0.00909128999195148
2016-11-03,17.14677619934082,17.14677619934082,16.95081329345703,16.97530746459961,14.191117286682129,6360379,-0.010050393157192495,17.88163776397705,-0.0036177145338938317,0.009007460185461476
2016-11-04,16.97530746459961,17.12228012084961,16.97530746459961,17.09778594970703,14.29350757598877,3027099,0.00718919243037416,17.828972721099852,-0.0029890729802540855,0.009311338269406067
2016-11-07,17.19576644897461,17.29374885559082,17.14677619934082,17.22026252746582,14.395895957946777,2231031,0.00713776588033526,17.773858070373535,-0.003102304989346538,0.009165343964230016
2016-11-08,17.22026252746582,17.3917293548584,17.1712703704834,17.3917293548584,14.539240837097168,3845620,0.009908024403781728,17.733440685272218,-0.002271552959198221,0.009565670028998038
2016-11-09,17.48971176147461,17.48971176147461,16.754850387573242,16.828336715698242,14.068252563476562,9963097,-0.03293059400416553,17.66240406036377,-0.004052495098377551,0.011676519140246349
2016-11-10,17.19576644897461,17.26925277709961,17.02429962158203,17.2447566986084,14.416373252868652,6403244,0.0244439629909301,17.61953706741333,-0.0024259812852489822,0.013245349484397984
2016-11-11,17.04879379272461,17.661178588867188,16.95081329345703,17.44072151184082,14.58019733428955,17501248,0.01129965094550961,17.59381694793701,-0.0014533869799156721,0.013514184710382428
2016-11-14,17.44072151184082,17.6121883392334,17.29374885559082,17.6121883392334,14.723541259765625,7352402,0.009783392921043741,17.586468315124513,-0.00041551567824547756,0.013541572563439616
2016-11-15,17.63668441772461,17.783655166625977,17.367233276367188,17.48971176147461,14.6211519241333,13302500,-0.006978372933327534,17.558298587799072,-0.0015852477946423876,0.013011141388615387
2016-11-16,17.63668441772461,17.783655166625977,17.587692260742188,17.6856746673584,14.784974098205566,12339054,0.01114216235488503,17.541151809692384,-0.0009602491090275967,0.01331921638894874
2016-11-17,17.71017074584961,17.71017074584961,17.44072151184082,17.4652156829834,14.600674629211426,7260548,-0.012543743436133178,17.516656398773193,-0.0013832150345922706,0.013555864611442418
2016-11-18,17.41622543334961,17.93062973022461,17.41622543334961,17.93062973022461,14.989754676818848,13347406,0.026299180973425595,17.520330810546874,0.00020534483218589088,0.014851181319933331
2016-11-21,17.857141494750977,17.979618072509766,17.808151245117188,17.955123901367188,15.01023006439209,9569145,0.001365119718420046,17.521555519104005,6.825598592101115e-05,0.014825904160883705
2016-11-22,17.979618072509766,18.420536041259766,17.93062973022461,18.371545791625977,15.358352661132812,28135900,0.02292751498329354,17.538702297210694,0.0009421545029227086,0.015651895347649155
2016-11-23,18.371545791625977,18.396041870117188,18.1265926361084,18.200077056884766,15.215009689331055,13547444,-0.009377215329916687,17.555849075317383,0.0009511158007757377,0.01564561819537156
2016-11-24,18.249069213867188,18.738977432250977,17.955123901367188,18.567508697509766,15.522175788879395,26925469,0.01998738101918969,17.59381694793701,0.0020878460695524354,0.016179552666154465
2016-11-25,18.616500854492188,18.910444259643555,18.592004776000977,18.640995025634766,15.583609580993652,20075202,0.003949980048557387,17.6330096244812,0.002147983854163097,0.0161843670465122
2016-11-28,18.714481353759766,18.910444259643555,18.567508697509766,18.616500854492188,15.563132286071777,15862165,-0.0013148588810311045,17.67220230102539,0.002150871674818424,0.01618371093330685
2016-11-29,18.616500854492188,18.665489196777344,18.371545791625977,18.469526290893555,15.440262794494629,9997797,-0.00792618376119108,17.717518711090086,0.0025158225608040642,0.015850108478539023
2016-11-30,18.592004776000977,18.885948181152344,18.420536041259766,18.665489196777344,15.604085922241211,18807616,0.010554174939341911,17.793454360961913,0.0042433071053065196,0.014645589993878957
2016-12-01,18.714481353759766,18.861454010009766,18.640995025634766,18.640995025634766,15.583609580993652,14212875,-0.001313132297119801,17.87673873901367,0.004680170148310155,0.014323554366991682
2016-12-02,18.714481353759766,18.812463760375977,18.518518447875977,18.616500854492188,15.563132286071777,10691805,-0.0013148588810311045,17.95267448425293,0.004254967582739891,0.014371296722422945
2016-12-05,18.665489196777344,18.714481353759766,18.371545791625977,18.371545791625977,15.358352661132812,7362608,-0.013245286856799434,18.010238647460938,0.0032358149458831557,0.014870182382476765
2016-12-06,18.567508697509766,18.640995025634766,18.420536041259766,18.445032119750977,15.419788360595703,8421991,0.00399202912848266,18.062903785705565,0.0029400151821182023,0.014789092154816334
2016-12-07,18.616500854492188,18.812463760375977,18.518518447875977,18.518518447875977,15.481222152709961,9905943,0.003976156176211885,18.147412872314455,0.0047853526911370734,0.012143647381569388
2016-12-08,18.567508697509766,18.665489196777344,18.445032119750977,18.518518447875977,15.481222152709961,7556522,0.0,18.21110095977783,0.0035631545415905686,0.011258817685787893
2016-12-09,18.567508697509766,18.714481353759766,18.543012619018555,18.592004776000977,15.542654037475586,4606988,0.0039604089510363715,18.26866512298584,0.003196192441866906,0.011112036500924514
2016-12-12,18.665489196777344,18.665489196777344,18.1265926361084,18.151086807250977,15.174054145812988,13671957,-0.024001199448647415,18.29561004638672,0.0015069628233823486,0.012534807810702537
2016-12-13,18.224573135375977,18.322555541992188,18.151086807250977,18.322555541992188,15.317399024963379,6099105,0.009402406062184312,18.3372522354126,0.0023260017731579407,0.012486260523137949
2016-12-14,18.347049713134766,18.420536041259766,18.1265926361084,18.175582885742188,15.194531440734863,6813525,-0.008053750520062308,18.361747646331786,0.0013662061294105739,0.012510664402173634
2016-12-15,18.151086807250977,18.322555541992188,18.1265926361084,18.298059463500977,15.296919822692871,5051970,0.006715920331186157,18.403389835357665,0.0023291893177765405,0.012118719240553069
2016-12-16,18.298059463500977,18.347049713134766,18.1265926361084,18.347049713134766,15.337873458862305,9293583,0.0026737690196939235,18.424210834503175,0.0011479187200899572,0.01073129706021153
2016-12-19,18.200077056884766,18.298059463500977,18.151086807250977,18.151086807250977,15.174054145812988,4106894,-0.010738344893002022,18.434008979797362,0.0005427454895188536,0.011054804597101496
2016-12-20,18.175582885742188,18.200077056884766,17.955123901367188,17.955123901367188,15.01023006439209,8028039,-0.01085490979037717,18.413187885284422,-0.001146375749164682,0.00998349010361954
2016-12-21,17.979618072509766,18.0531063079834,17.955123901367188,17.979618072509766,15.030707359313965,3561894,0.0013632587067894568,18.402164936065674,-0.0006093520473293746,0.009804711740855421
2016-12-22,17.979618072509766,18.028610229492188,17.783655166625977,17.783655166625977,14.866884231567383,5990922,-0.010959000638818535,18.362972259521484,-0.002156671130229786,0.008770527680733739
2016-12-23,17.783655166625977,17.881637573242188,17.71017074584961,17.71017074584961,14.805452346801758,4090564,-0.00414069342372415,18.316431045532227,-0.0025612048038438627,0.008659929397280464
2016-12-26,17.71017074584961,17.808151245117188,17.71017074584961,17.734664916992188,14.82593059539795,2702548,0.001382101205074936,18.272339248657225,-0.0024263567995385605,0.00870125753339598
2016-12-27,17.734664916992188,17.9061336517334,17.734664916992188,17.857141494750977,14.928319931030273,2792361,0.00688231778854056,18.2417200088501,-0.0016859317220519789,0.008837612533812907
2016-12-28,17.9061336517334,17.979618072509766,17.857141494750977,17.9061336517334,14.969276428222656,2661724,0.002739804306428789,18.2037522315979,-0.0020766502536976347,0.008431389407728595
2016-12-29,17.881637573242188,18.028610229492188,17.857141494750977,17.9061336517334,14.969276428222656,3582306,0.0,18.167009162902833,-0.0020109936388416445,0.008442753106518973
2016-12-30,18.028610229492188,18.1265926361084,17.979618072509766,18.028610229492188,15.071662902832031,3988504,0.006816636980548618,18.13761463165283,-0.0016044188457626587,0.008670755196391029
2017-01-03,18.028610229492188,18.077600479125977,18.004114151000977,18.004114151000977,15.051186561584473,3416968,-0.0013596575161123506,18.11924304962158,-0.0010101373787283045,0.008226864238117767
2017-01-04,18.077600479125977,18.1265926361084,18.028610229492188,18.0531063079834,15.092142105102539,4841726,0.0027174688735230605,18.099646759033202,-0.0010738653914762844,0.008190934533372161
2017-01-05,18.0531063079834,18.102096557617188,18.004114151000977,18.077600479125977,15.112618446350098,4847850,0.0013558646964392847,18.0776008605957,-0.0012048799654649142,0.008126611050525184
2017-01-06,18.1265926361084,18.249069213867188,18.1265926361084,18.175582885742188,15.194531440734863,4686595,0.005405464353809419,18.060454082489013,-0.0009346067477744434,0.008257622635474164
2017-01-09,18.224573135375977,18.420536041259766,18.175582885742188,18.371545791625977,15.358352661132812,8491392,0.010723949650794203,18.049431133270264,-0.0005964297127865519,0.00860003606074186
2017-01-10,18.371545791625977,18.469526290893555,18.224573135375977,18.420536041259766,15.399306297302246,5927644,0.0026630881508526846,18.062903594970702,0.0007367846671884531,0.006619523688264548
2017-01-11,18.592004776000977,18.763471603393555,18.518518447875977,18.518518447875977,15.481222152709961,16690892,0.005305097153841988,18.072701740264893,0.0005319192217713368,0.006396877820386906
2017-01-12,18.592004776000977,18.640995025634766,18.567508697509766,18.616500854492188,15.563132286071777,6360379,0.0052771015521048395,18.094747638702394,0.0011984618253796943,0.006144738102911045
2017-01-13,18.640995025634766,18.689985275268555,18.518518447875977,18.567508697509766,15.522175788879395,5215266,-0.0026351211675262514,18.108220100402832,0.0007309097504440738,0.006057966621072926
2017-01-16,18.518518447875977,18.518518447875977,18.273563385009766,18.273563385009766,15.27644157409668,4127306,-0.015957817385281896,18.10454578399658,-0.00020066956980471705,0.007088398017854491
2017-01-17,18.347049713134766,18.396041870117188,18.298059463500977,18.322555541992188,15.317399024963379,3770096,0.002677452565276789,18.113119220733644,0.00047012030310922346,0.006660583771895005
2017-01-18,18.322555541992188,18.347049713134766,18.224573135375977,18.249069213867188,15.255965232849121,3384309,-0.00401876741976361,18.127816486358643,0.0008119274216399012,0.006208912574130881
2017-01-19,18.249069213867188,18.396041870117188,18.200077056884766,18.273563385009766,15.27644157409668,5652082,0.0013413148544867638,18.142513751983643,0.0008108302290247667,0.006208811957304797
2017-01-20,18.224573135375977,18.445032119750977,18.224573135375977,18.420536041259766,15.399306297302246,3831332,0.008010739846861502,18.17435779571533,0.0017593172533087685,0.005748019336876079
2017-01-23,18.518518447875977,18.714481353759766,18.420536041259766,18.640995025634766,15.583609580993652,8817984,0.011897057586977877,18.22089900970459,0.00256120480384387,0.0059949890472427835
2017-01-24,18.640995025634766,18.689985275268555,18.567508697509766,18.640995025634766,15.583609580993652,7372814,0.0,18.266215515136718,0.0024920997435901233,0.006017220701401881
2017-02-02,18.665489196777344,18.689985275268555,18.518518447875977,18.518518447875977,15.481222152709961,7217683,-0.006591960433135818,18.299284362792967,0.0018183858325063044,0.006249632749423308
2017-02-03,18.543012619018555,18.763471603393555,18.543012619018555,18.592004776000977,15.542654037475586,6829855,0.0039604089510363715,18.33357791900635,0.0018794160647366835,0.006265045208397109
2017-02-06,18.616500854492188,19.106407165527344,18.592004776000977,19.008426666259766,15.890778541564941,18611661,0.02215075204181652,18.388692569732665,0.0029869536668275095,0.007707232094298417
2017-02-07,19.057416915893555,19.253379821777344,18.959434509277344,19.106407165527344,15.972687721252441,11581768,0.005141342897086608,18.442582416534425,0.0029031889626544094,0.007672444517852751
2017-02-08,19.130903244018555,19.155397415161133,18.934940338134766,18.983930587768555,15.870298385620117,8048451,-0.006430869720701483,18.4915732383728,0.0026496283524249523,0.007901127915659441
2017-02-09,18.983930587768555,19.057416915893555,18.885948181152344,18.983930587768555,15.870298385620117,6825772,0.0,18.53811445236206,0.0025137549087487993,0.00792323472176806
2017-02-10,19.057416915893555,19.179893493652344,18.983930587768555,19.008426666259766,15.890778541564941,12828942,0.001289526823614783,18.58465576171875,0.0025104380151075743,0.007923758827905475
2017-02-13,18.910444259643555,19.008426666259766,18.689985275268555,19.008426666259766,15.890778541564941,11214352,0.0,18.62629795074463,0.002240164797417103,0.007911993875307931
2017-02-14,19.008426666259766,19.302370071411133,19.008426666259766,19.155397415161133,16.013641357421875,12479896,0.007702135674241601,18.665490531921385,0.002089074098589473,0.007769018250687313
2017-02-15,19.277875900268555,19.718791961669922,19.253379821777344,19.596315383911133,16.382244110107422,26872398,0.02275703267698188,18.724279499053956,0.003093771324895933,0.0090421292798175
2017-02-16,19.694297790527344,20.06172752380371,19.547325134277344,19.939250946044922,16.66893196105957,21857169,0.01734864048691772,18.7953161239624,0.0036959484915497194,0.009582058130885024
2017-02-17,20.380168914794922,20.72310447692871,20.20870018005371,20.20870018005371,16.894187927246094,32016222,0.013423015230381363,18.87492609024048,0.004103244175463545,0.009822902640225468
2017-02-20,19.939250946044922,19.98824119567871,19.424848556518555,19.424848556518555,16.23889923095703,22028630,-0.039560113759442246,18.91779308319092,0.002256994545867746,0.013814960262563703
2017-02-21,19.277875900268555,19.424848556518555,19.179893493652344,19.400352478027344,16.218420028686523,9477291,-0.0012618650303882109,18.974132537841797,0.00299179216361243,0.013170968597873962
2017-02-22,19.473838806152344,19.547325134277344,19.204389572143555,19.204389572143555,16.054597854614258,6295060,-0.010152358422212064,19.018224239349365,0.0023503016142379872,0.01349552273720607
2017-02-23,19.228883743286133,19.326866149902344,19.081911087036133,19.106407165527344,15.972687721252441,6450192,-0.005115143959393323,19.061091136932372,0.002295482787256502,0.013524950199802498
2017-02-24,19.106407165527344,19.130903244018555,18.934940338134766,18.934940338134766,15.82934284210205,8864931,-0.009014822021798811,19.09415998458862,0.001777675943442223,0.013759611683847945
2017-03-01,18.959434509277344,19.179893493652344,18.959434509277344,19.057416915893555,15.931734085083008,4943786,0.006447454745464468,19.126004028320313,0.0016995116883723714,0.01372674093174132
2017-03-02,19.228883743286133,19.228883743286133,18.787967681884766,18.812463760375977,15.726954460144043,7744312,-0.012936749068283643,19.134577465057372,0.00045782135560929534,0.013878114547484334
2017-03-03,18.812463760375977,19.106407165527344,18.787967681884766,19.032920837402344,15.911253929138184,4235490,0.011650539319925459,19.15417375564575,0.0010403483216055683,0.014100615488958452
2017-03-06,19.081911087036133,19.155397415161133,18.983930587768555,19.155397415161133,16.013641357421875,4343673,0.006414369801847406,19.18601770401001,0.0016906648333547293,0.01402983573602112
2017-03-07,19.179893493652344,19.204389572143555,19.057416915893555,19.057416915893555,15.931734085083008,3078129,-0.00512816005348913,19.209288311004638,0.0012362363831284545,0.014099466311223424
2017-03-08,19.057416915893555,19.179893493652344,18.959434509277344,19.057416915893555,15.931734085083008,2739290,0.0,19.211737823486327,0.00012869878103762838,0.013212200460821538
2017-03-09,19.032920837402344,19.032920837402344,18.885948181152344,18.910444259643555,15.80886459350586,5211183,-0.007741989451478127,19.20193967819214,-0.0005154678363906084,0.013268888619864154
2017-03-10,18.812463760375977,19.008426666259766,18.787967681884766,18.910444259643555,15.80886459350586,3853785,0.0,19.19826536178589,-0.0001939243503555342,0.013195714260977752
2017-03-13,18.812463760375977,19.057416915893555,18.812463760375977,18.934940338134766,15.82934284210205,2992399,0.0012945347060137106,19.1958158493042,-0.0001291976150548487,0.013199889822095273
2017-03-14,18.959434509277344,19.179893493652344,18.959434509277344,19.081911087036133,15.952208518981934,3843579,0.007731912327323213,19.199490070343018,0.00019292166013057285,0.013314443658827984
2017-03-15,19.081911087036133,19.179893493652344,19.008426666259766,19.081911087036133,15.952208518981934,2902586,0.0,19.203164291381835,0.00019292166013057285,0.013314443658827984
2017-03-16,19.130903244018555,19.277875900268555,19.106407165527344,19.106407165527344,15.972687721252441,4010958,0.0012829096944755817,19.200714778900146,-0.0001280396388577281,0.013200783957251055
2017-03-17,19.106407165527344,19.204389572143555,19.106407165527344,19.179893493652344,16.034122467041016,5603094,0.0038387839567975914,19.179893684387206,-0.0010739520748669425,0.012107125767041454
2017-03-20,19.179893493652344,19.326866149902344,19.179893493652344,19.302370071411133,16.136510848999023,4617194,0.0063653735489545595,19.14804964065552,-0.0016231154217651006,0.0114592813080614
2017-03-21,19.326866149902344,19.326866149902344,19.057416915893555,19.130903244018555,15.993165969848633,10165176,-0.008922891560004717,19.09415979385376,-0.0027404107612844044,0.010995025526887256
2017-03-22,18.934940338134766,19.228883743286133,18.934940338134766,19.155397415161133,16.013641357421875,4896838,0.0012795268314074423,19.080687236785888,-0.0006984287317419204,0.00678231716962431
2017-03-23,19.204389572143555,19.204389572143555,18.910444259643555,19.008426666259766,15.890778541564941,7748395,-0.007702135674241504,19.06109094619751,-0.001020442263934585,0.006961009053342903
2017-03-24,19.081911087036133,19.351360321044922,19.057416915893555,19.351360321044922,16.177465438842773,7336072,0.017880328237980022,19.068439483642578,0.0003811920690750193,0.007797479182903722
2017-03-27,17.808151245117188,18.1265926361084,17.7591609954834,17.955123901367188,15.01023006439209,40791340,-0.074887189518821,19.01087532043457,-0.0031074102088963647,0.01856273231730501
2017-03-28,18.028610229492188,18.200077056884766,17.93062973022461,18.077600479125977,15.112618446350098,19511830,0.006798100978689764,18.96800832748413,-0.002316764058871936,0.018634496591937503
2017-03-29,18.1265926361084,18.151086807250977,17.93062973022461,17.979618072509766,15.030707359313965,8897590,-0.00543484227190031,18.914118385314943,-0.002910878909740175,0.01852948749942488
2017-03-30,17.979618072509766,17.979618072509766,17.6856746673584,17.783655166625977,14.866884231567383,11518491,-0.010959000638818535,18.86267795562744,-0.0028119914882669197,0.01847837263471898
2017-03-31,17.783655166625977,17.881637573242188,17.734664916992188,17.808151245117188,14.887361526489258,4568205,0.0013765012135471158,18.801439476013183,-0.0033256933935858373,0.018195800166243923
2017-04-05,17.8326473236084,18.004114151000977,17.7591609954834,18.004114151000977,15.051186561584473,9048639,0.010944008127209196,18.743875312805176,-0.0030992114773177467,0.018350943471201437
2017-04-06,18.0531063079834,18.151086807250977,17.955123901367188,18.1265926361084,15.153575897216797,7901485,0.0067797707349231216,18.69733409881592,-0.002503814937897134,0.01847441063203986
2017-04-07,18.077600479125977,18.273563385009766,18.004114151000977,18.273563385009766,15.27644157409668,8940456,0.008075325143634286,18.65814142227173,-0.00210004868071542,0.018619686366904618
2017-04-10,18.175582885742188,18.200077056884766,18.102096557617188,18.1265926361084,15.153575897216797,6092982,-0.00807532514363441,18.61894884109497,-0.0021167154653232343,0.018625150744920604
2017-04-11,17.93062973022461,18.175582885742188,17.93062973022461,18.028610229492188,15.071662902832031,7615717,-0.005420113218810653,18.5748571395874,-0.002387721126263767,0.01863216183199685
2017-04-12,18.028610229492188,18.077600479125977,17.955123901367188,17.979618072509766,15.030707359313965,4319179,-0.002721166218050228,18.527091026306152,-0.0025885061724669643,0.018612018642547256
2017-04-13,17.979618072509766,18.102096557617188,17.979618072509766,18.028610229492188,15.071662902832031,2527005,0.0027211662180501523,18.474425983428954,-0.0028390434779306173,0.018499166019772827
2017-04-14,17.979618072509766,18.004114151000977,17.7591609954834,17.783655166625977,14.866884231567383,4282437,-0.013680166856868759,18.409513187408447,-0.0035230518207740548,0.018641035894388074
2017-04-17,17.734664916992188,17.7591609954834,17.5387020111084,17.587692260742188,14.703063011169434,4753954,-0.011080432332614881,18.33357744216919,-0.004141218922128579,0.018678231472565764
2017-04-18,17.734664916992188,17.93062973022461,17.661178588867188,17.881637573242188,14.948797225952148,6956409,0.016574998371381783,18.268664646148682,-0.0035044082013993686,0.019175122236673076
2017-04-19,17.6856746673584,17.783655166625977,17.5387020111084,17.5387020111084,14.662108421325684,6074611,-0.019364369863318815,18.180481243133546,-0.004790895372013037,0.019340502565655754
2017-04-20,17.51420783996582,17.6856746673584,17.4652156829834,17.5387020111084,14.662108421325684,3786426,0.0,18.10087118148804,-0.004344750794012801,0.01934308544569407
2017-04-21,17.6856746673584,17.881637573242188,17.661178588867188,17.71017074584961,14.805452346801758,3588429,0.009729110400827697,18.028609848022462,-0.003922271615541789,0.019563412996859344
2017-04-24,17.734664916992188,17.9061336517334,17.734664916992188,17.8326473236084,14.907840728759766,3049552,0.00689180369947788,17.96982088088989,-0.00319257464685582,0.019686788427137322
2017-04-25,17.93062973022461,18.028610229492188,17.8326473236084,18.028610229492188,15.071662902832031,5037681,0.010929056581114989,17.903683376312255,-0.0035401382296990714,0.01935371629835251
2017-04-26,18.151086807250977,18.347049713134766,18.151086807250977,18.298059463500977,15.296919822692871,12110439,0.014835060738845638,17.920830154418944,0.000945974283184261,0.010160559600474831
2017-04-27,18.298059463500977,18.298059463500977,18.077600479125977,18.1265926361084,15.153575897216797,2814814,-0.00941494752003504,17.923279762268066,0.00013532185824802087,0.010314681981403482
2017-04-28,18.151086807250977,18.200077056884766,18.028610229492188,18.0531063079834,15.092142105102539,2451481,-0.004062301861399911,17.926954174041747,0.00020394887877304082,0.010280179565983271
2017-05-02,18.077600479125977,18.1265926361084,17.955123901367188,17.979618072509766,15.030707359313965,3933392,-0.004078977575460965,17.936752319335938,0.0005479500319409194,0.009998223598748355
2017-05-03,18.077600479125977,18.077600479125977,17.93062973022461,17.979618072509766,15.030707359313965,1651330,0.0,17.945325660705567,0.00047912497126356343,0.009996957542115185
2017-05-04,17.979618072509766,18.0531063079834,17.93062973022461,18.028610229492188,15.071662902832031,2725002,0.0027211662180501523,17.94655046463013,6.798287580561126e-05,0.009708857201192408
2017-05-05,18.028610229492188,18.028610229492188,17.783655166625977,17.783655166625977,14.866884231567383,3078129,-0.013680166856868759,17.929403591156007,-0.0009550140037839827,0.010036798942950433
2017-05-08,17.857141494750977,17.9061336517334,17.6856746673584,17.783655166625977,14.866884231567383,2827062,0.0,17.904908180236816,-0.001358780260965697,0.009814365974707064
2017-05-09,17.783655166625977,17.808151245117188,17.6856746673584,17.734664916992188,14.82593059539795,2996481,-0.002758592218649135,17.885311794281005,-0.0010929436147164334,0.00969413258824352
2017-05-10,17.881637573242188,18.028610229492188,17.71017074584961,18.004114151000977,15.051186561584473,2810732,0.015079101559405493,17.884086990356444,-6.798287580562605e-05,0.010278612655042312
2017-05-11,17.955123901367188,18.0531063079834,17.93062973022461,18.004114151000977,15.051186561584473,2412698,0.0,17.885311794281005,6.807543509688536e-05,0.010259636514234463
2017-05-12,18.004114151000977,18.0531063079834,17.9061336517334,17.979618072509766,15.030707359313965,2614777,-0.0013615087019377419,17.882862186431886,-0.00013605831090250935,0.010244675369384008
2017-05-15,17.8326473236084,17.979618072509766,17.808151245117188,17.9061336517334,14.969276428222656,2665807,-0.004095470762498425,17.888986110687256,0.0003431764938160073,0.009791926980273266
2017-05-16,17.881637573242188,17.881637573242188,17.51420783996582,17.661178588867188,14.764496803283691,10830607,-0.013774385549070808,17.892660427093507,0.0002084788329932111,0.009974173744890229
2017-05-17,17.63668441772461,17.661178588867188,17.48971176147461,17.587692260742188,14.703063011169434,4468186,-0.004169576659864218,17.877963161468507,-0.0008287499185690892,0.009233765937575415
2017-05-18,17.48971176147461,17.51420783996582,17.31824493408203,17.44072151184082,14.58019733428955,3996669,-0.008391565333669639,17.87306413650513,-0.00028010969208663037,0.00835902626762174
2017-05-19,17.44072151184082,17.44072151184082,17.19576644897461,17.2447566986084,14.416373252868652,5770472,-0.011299650945509675,17.858366870880126,-0.0008450922393621142,0.008713452410028475
2017-05-22,17.2447566986084,17.31824493408203,17.12228012084961,17.1712703704834,14.354939460754395,5529610,-0.004270477801413124,17.831421852111816,-0.001545071649474155,0.008375028315477933
2017-05-23,17.14677619934082,17.2447566986084,17.14677619934082,17.1712703704834,14.354939460754395,4753954,0.0,17.798353004455567,-0.001889661834448049,0.008148336669958234
2017-05-24,17.1712703704834,17.29374885559082,17.14677619934082,17.14677619934082,14.334463119506836,3904815,-0.0014274807426499622,17.754261302948,-0.002507488700636297,0.007573403212160085
2017-05-25,17.19576644897461,17.22026252746582,17.12228012084961,17.19576644897461,14.375417709350586,5770472,0.002853037607987825,17.69914665222168,-0.0031065898571791873,0.006531563306841692
2017-05-26,17.19576644897461,17.26925277709961,17.14677619934082,17.26925277709961,14.43685245513916,4927456,0.00426440728243167,17.65627965927124,-0.002422622117055852,0.006552400325286121
2017-05-31,17.19576644897461,17.26925277709961,16.85283088684082,17.07328987121582,14.273031234741211,24220879,-0.011412377631748525,17.60728883743286,-0.0027901259055732827,0.006848630382830019
2017-06-01,16.99980354309082,16.99980354309082,16.77934455871582,16.77934455871582,14.027295112609863,11700158,-0.01736660707297825,17.547275161743165,-0.003454507380449147,0.0075851504304737406
2017-06-02,16.828336715698242,16.95081329345703,16.80384063720703,16.92631721496582,14.150161743164062,4196707,0.0087210029428917,17.494610118865968,-0.003018457233304562,0.008031720893731003
2017-06-05,16.92631721496582,17.19576644897461,16.92631721496582,17.12228012084961,14.313985824584961,4568205,0.011510904118501331,17.449293613433838,-0.0025789703382820034,0.008583823093443622
2017-06-06,17.14677619934082,17.19576644897461,16.99980354309082,16.99980354309082,14.211597442626953,4790696,-0.007178758773710306,17.41010103225708,-0.0022538999341240804,0.008258222165130537
2017-06-07,17.12228012084961,17.12228012084961,16.95081329345703,16.99980354309082,14.211597442626953,3627212,0.0,17.37090845108032,-0.0022538999341240804,0.008258222165130537
2017-06-08,16.99980354309082,16.99980354309082,16.85283088684082,16.87732696533203,14.109208106994629,4680471,-0.007230666206711757,17.328041553497314,-0.0024775036335272114,0.008332813858433053
2017-06-09,16.90182113647461,16.99980354309082,16.828336715698242,16.828336715698242,14.068252563476562,3898692,-0.0029069467135306305,17.269252681732176,-0.0033768060471740177,0.007236803190785932
2017-06-12,16.77934455871582,16.828336715698242,16.68136215209961,16.70585823059082,13.965861320495605,5303037,-0.007304724619983768,17.20433988571167,-0.0037420422781732064,0.007241738898354687
2017-06-13,16.754850387573242,16.87732696533203,16.73035430908203,16.754850387573242,14.006819725036621,3127118,0.0029283415692849166,17.143101501464844,-0.003527549764612074,0.0073782033291677285
2017-06-14,16.754850387573242,16.754850387573242,16.55888557434082,16.55888557434082,13.842994689941406,8954744,-0.011764941272562359,17.075739097595214,-0.00391102329011527,0.007605091260964828
2017-06-15,16.55888557434082,16.55888557434082,16.264942169189453,16.264942169189453,13.597262382507324,11067386,-0.01791084607524521,17.005927276611327,-0.00411784631642399,0.007936472955001366
2017-06-16,16.28943634033203,16.338428497314453,15.995491981506348,16.166959762573242,13.515350341796875,20954959,-0.006042365627223978,16.93489065170288,-0.004211485764791978,0.007948154992685544
2017-06-19,16.387418746948242,16.828336715698242,16.36292266845703,16.80384063720703,14.047773361206055,14504767,0.03863783088494373,16.90304660797119,-0.0018600159538613094,0.012372067126521842
2017-06-20,16.73035430908203,16.92631721496582,16.411914825439453,16.460905075073242,13.76108455657959,11436843,-0.020619289567458714,16.863854026794435,-0.0023259978849587614,0.012910121914733091
2017-06-21,16.43640899658203,16.68136215209961,16.43640899658203,16.58338165283203,13.863472938537598,6305266,0.007412908598683665,16.834459590911866,-0.001741828564953922,0.01308070883858142
2017-06-22,16.70585823059082,16.77934455871582,16.607877731323242,16.73035430908203,13.986340522766113,3872156,0.00882360417188078,16.8124137878418,-0.001300648356359883,0.013289678490651633
2017-06-23,16.754850387573242,16.828336715698242,16.55888557434082,16.632373809814453,13.90442943572998,4945827,-0.005873667202028393,16.78669366836548,-0.0015229576793288047,0.013329041343346046
2017-06-26,16.754850387573242,16.85283088684082,16.65686798095703,16.80384063720703,14.047773361206055,4898880,0.010256443998922693,16.767097377777098,-0.0011527873597820613,0.013557806000416074
2017-06-27,16.85283088684082,16.87732696533203,16.754850387573242,16.80384063720703,14.047773361206055,4053823,0.0,16.74382677078247,-0.0013660077239036447,0.013501543049797496
2017-06-28,16.70585823059082,16.85283088684082,16.632373809814453,16.65686798095703,13.924907684326172,4676389,-0.008784846915582498,16.72300567626953,-0.0012346311880953435,0.013411122761053081
2017-06-29,16.65686798095703,16.77934455871582,16.632373809814453,16.632373809814453,13.90442943572998,3553729,-0.0014715970833403904,16.71565713882446,-0.00043988068861345025,0.01286465782940389
2017-06-30,16.607877731323242,16.95081329345703,16.55888557434082,16.80384063720703,14.047773361206055,6323637,0.010256443998922693,16.709533309936525,-0.00036310863581190064,0.012926636502799379
2017-07-03,16.80384063720703,16.92631721496582,16.80384063720703,16.92631721496582,14.150161743164062,3774178,0.007262172716237973,16.699735164642334,-0.0005755452059250686,0.012755000763614865
2017-07-04,16.92631721496582,16.97530746459961,16.65686798095703,16.68136215209961,13.94538402557373,6911503,-0.01457758496464026,16.683813095092773,-0.000945486515471566,0.013060241800069117
2017-07-05,16.65686798095703,16.73035430908203,16.58338165283203,16.65686798095703,13.924907684326172,4364085,-0.0014694346671803023,16.666666316986085,-0.001018958248830581,0.013058776070342936
2017-07-06,16.607877731323242,16.68136215209961,16.460905075073242,16.48539924621582,13.781559944152832,5496951,-0.010347527736224943,16.647069931030273,-0.0011748013253062406,0.013155051397785724
2017-07-07,16.460905075073242,16.48539924621582,16.411914825439453,16.411914825439453,13.720129013061523,3741519,-0.0044675101947270635,16.626248836517334,-0.0012528294993660622,0.013170485353369663
2017-07-10,16.411914825439453,16.48539924621582,16.36292266845703,16.411914825439453,13.720129013061523,3155695,0.0,16.611551666259764,-0.0008875932683668738,0.013094892940897962
2017-07-11,16.43640899658203,16.534391403198242,16.313932418823242,16.313932418823242,13.638216972351074,5894985,-0.005988092449759917,16.589505767822267,-0.0013334149693191154,0.01310991347470623
2017-07-12,16.264942169189453,16.28943634033203,16.117969512939453,16.215951919555664,13.556307792663574,9320119,-0.006024048198307019,16.572359085083008,-0.0010463703156063484,0.012931121580737571
2017-07-13,16.191455841064453,16.215951919555664,16.117969512939453,16.142465591430664,13.494873046875,6678806,-0.004542030180276054,16.566235256195068,-0.00037792952085789066,0.012345757921993536
2017-07-14,16.117969512939453,16.117969512939453,16.019987106323242,16.068979263305664,13.433440208435059,9271130,-0.004562754384185133,16.56133623123169,-0.0003039489587059484,0.012314421359491585
2017-07-17,16.068979263305664,16.215951919555664,16.068979263305664,16.215951919555664,13.556307792663574,6429780,0.009104784564461248,16.53194179534912,-0.0017806012747300724,0.008613656546234423
2017-07-18,16.240446090698242,16.240446090698242,16.068979263305664,16.068979263305664,13.433440208435059,6095023,-0.009104784564461106,16.51234550476074,-0.001204876024580192,0.0076151676756292894
2017-07-19,16.093473434448242,16.28943634033203,16.093473434448242,16.166959762573242,13.515350341796875,4905003,0.006078979174118715,16.491524410247802,-0.0012715724958084396,0.007541199688825865
2017-07-20,16.240446090698242,16.28943634033203,16.166959762573242,16.264942169189453,13.597262382507324,5180565,0.006042365627223861,16.468253803253173,-0.0014106344230412854,0.007368919426289447
2017-07-21,16.264942169189453,16.36292266845703,16.215951919555664,16.338428497314453,13.658695220947266,5813337,0.004507905229854783,16.453556537628174,-0.0008915558014471265,0.007403555669372443
2017-07-24,16.36292266845703,16.387418746948242,16.215951919555664,16.28943634033203,13.6177396774292,4849891,-0.003003089172155608,16.427836322784422,-0.0015545324600010416,0.006931355176493136
2017-07-25,16.28943634033203,16.28943634033203,16.166959762573242,16.215951919555664,13.556307792663574,4731501,-0.0045213762945807865,16.398441886901857,-0.0017806012747300808,0.006951688382805377
2017-07-26,16.264942169189453,16.28943634033203,16.093473434448242,16.093473434448242,13.453916549682617,6525716,-0.007581631084327416,16.370272159576416,-0.0017204404831673268,0.006892839761202241
2017-07-27,16.117969512939453,16.215951919555664,16.093473434448242,16.093473434448242,13.453916549682617,3684366,0.0,16.343327140808107,-0.0016468606290003073,0.006903482233505895
2017-07-28,16.117969512939453,16.166959762573242,16.068979263305664,16.117969512939453,13.474394798278809,2326968,0.001520955348288025,16.309033584594726,-0.0020836350615320407,0.00636616976029445
2017-07-31,16.191455841064453,16.191455841064453,16.019987106323242,16.019987106323242,13.39248275756836,4956033,-0.006097631617843812,16.263717079162596,-0.00275162527823613,0.0060257258032524845
2017-08-01,16.044483184814453,16.313932418823242,16.044483184814453,16.264942169189453,13.597262382507324,5450004,0.015174867590764748,16.24289608001709,-0.0012640026504658797,0.0065979401095241
2017-08-02,16.28943634033203,16.313932418823242,16.191455841064453,16.240446090698242,13.576783180236816,1751349,-0.001507201386587471,16.22207498550415,-0.001265890986436238,0.006598007402892961
2017-08-03,16.166959762573242,16.240446090698242,16.117969512939453,16.191455841064453,13.535828590393066,2741331,-0.0030211171086193577,16.20737781524658,-0.0008995704550559588,0.0062620881422911345
2017-08-04,16.215951919555664,16.215951919555664,16.142465591430664,16.191455841064453,13.535828590393066,2449440,0.0,16.196354866027832,-0.0006761949453196056,0.006207560376734701
2017-08-07,16.191455841064453,16.240446090698242,16.093473434448242,16.117969512939453,13.474394798278809,4251819,-0.0045489174777140415,16.181657600402833,-0.0009036408192053078,0.006264555339717234
2017-08-08,16.142465591430664,16.215951919555664,16.068979263305664,16.093473434448242,13.453916549682617,3018934,-0.0015209553482880632,16.17063465118408,-0.000680283964131715,0.006152364037007553
2017-08-09,16.068979263305664,16.142465591430664,15.995491981506348,15.995491981506348,13.3720064163208,5215266,-0.006106881676094509,16.159611654281616,-0.0006844256380210895,0.006156177407164586
2017-08-10,16.044483184814453,16.068979263305664,15.628061294555664,15.652557373046875,13.08531665802002,9232347,-0.021672617330149198,16.135116243362425,-0.0015409549955147466,0.007715405341186287
2017-08-11,15.505583763122559,15.628061294555664,15.456594467163086,15.579071044921875,13.023883819580078,4580452,-0.00470590023404667,16.11062083244324,-0.0015481122880078237,0.007718421894464849
2017-08-14,15.652557373046875,15.726042747497559,15.18714427947998,15.23613452911377,12.73719310760498,5699030,-0.022258535555868916,16.061629962921142,-0.003116278294024332,0.008578311766230237
2017-08-15,15.432098388671875,15.652557373046875,15.432098388671875,15.579071044921875,13.023883819580078,3884403,0.02225853555586895,16.03713455200195,-0.0015481122880078289,0.010148884565443878
2017-08-16,15.628061294555664,15.82402515411377,15.579071044921875,15.726042747497559,13.146749496459961,5221389,0.009389698014164791,16.015088701248168,-0.0013825763460055252,0.010305625514364708
2017-08-17,15.750537872314453,15.897510528564453,15.750537872314453,15.873015403747559,13.26961612701416,5547981,0.009302411192117112,15.995492362976075,-0.0012195740677608624,0.010453959783973892
2017-08-18,15.750537872314453,15.775033950805664,15.677051544189453,15.726042747497559,13.146749496459961,4264066,-0.009302411192117032,15.96487307548523,-0.0019100898888594533,0.010511678275098638
2017-08-21,15.726042747497559,16.019987106323242,15.726042747497559,15.970996856689453,13.351529121398926,3912165,0.015456269025936133,15.9489511013031,-0.0009871219789548663,0.011198615051341163
2017-08-22,16.019987106323242,16.313932418823242,15.995491981506348,16.28943634033203,13.6177396774292,8067265,0.01974243957909766,15.95262532234192,0.0002260688147290562,0.012075546698048712
2017-08-23,16.43640899658203,16.534391403198242,16.313932418823242,16.313932418823242,13.638216972351074,11945118,0.0015026719037261518,15.963648271560668,0.0006802839641317346,0.011936456854996176
2017-08-24,16.411914825439453,16.43640899658203,16.313932418823242,16.338428497314453,13.658695220947266,6439755,0.0015004172684295134,15.97589602470398,0.0007553048275532102,0.011936671299510315
2017-08-25,16.411914825439453,16.460905075073242,16.36292266845703,16.411914825439453,13.720129013061523,5342124,0.004487675181330502,15.99059329032898,0.0009036408192053341,0.011965086510668792
2017-08-28,16.43640899658203,16.73035430908203,16.411914825439453,16.55888557434082,13.842994689941406,13323228,0.00891526566405992,16.017538213729857,0.001654285683300521,0.01197365874617022
2017-08-29,16.632373809814453,16.632373809814453,16.36292266845703,16.460905075073242,13.76108455657959,8927965,-0.005934670384984107,16.027336359024048,0.0005988087845130779,0.011644983245648976
2017-08-30,16.58338165283203,16.65686798095703,16.48539924621582,16.58338165283203,13.863472938537598,20603121,0.007412908598683665,16.044483137130737,0.0010448142837766346,0.01173058377953857
2017-08-31,16.931215286254883,17.401527404785156,16.872426986694336,17.372133255004883,14.522859573364258,24590110,0.04646629664952627,16.103517007827758,0.0035191849716839163,0.01545563153464173
2017-09-01,17.372133255004883,17.43092155456543,17.25455665588379,17.313344955444336,14.473711967468262,8588366,-0.00338979647316213,16.159611463546753,0.0033496951480258092,0.015514728490070422
2017-09-04,17.283950805664062,17.283950805664062,17.107582092285156,17.107582092285156,14.30169677734375,5880954,-0.011955826400448896,16.209092092514037,0.0029793497018890665,0.015798995630571112
2017-09-05,17.107582092285156,17.225160598754883,17.078189849853516,17.225160598754883,14.399991989135742,6118207,0.006849377994669702,16.26567645072937,0.0033978663690369553,0.01578436642475872
2017-09-06,17.19576644897461,17.225160598754883,17.04879379272461,17.136978149414062,14.326272010803223,3724904,-0.005132546816703951,16.322750759124755,0.0034465831120064827,0.015754963282268723
2017-09-07,17.166372299194336,17.19576644897461,17.04879379272461,17.107582092285156,14.30169677734375,4111413,-0.0017168311779656499,16.39550199508667,0.004444372419615661,0.014675316617612294
2017-09-08,17.166372299194336,17.166372299194336,17.078189849853516,17.107582092285156,14.30169677734375,4107790,0.0,16.471927547454833,0.004679667431317994,0.014558143173303065
2017-09-11,17.136978149414062,17.225160598754883,17.078189849853516,17.078189849853516,14.27712631225586,3373276,-0.0017195603904368213,16.56403031349182,0.0057066161895895995,0.01322088057805957
2017-09-12,17.166372299194336,17.225160598754883,17.04879379272461,17.107582092285156,14.30169677734375,5685798,0.001719560390436892,16.640455865859984,0.004679667431317995,0.012653021453438612
2017-09-13,17.166372299194336,17.19576644897461,17.04879379272461,17.04879379272461,14.252551078796387,4528014,-0.0034423065145624053,16.706593418121336,0.004038067204881636,0.012726741720936985
2017-09-14,17.019399642944336,17.04879379272461,16.931215286254883,16.96061134338379,14.17883014678955,5499042,-0.005185780028024444,16.76097321510315,0.003313657643874558,0.012823292535800878
2017-09-15,16.96061134338379,17.019399642944336,16.81363868713379,16.96061134338379,14.17883014678955,5572452,0.0,16.82270164489746,0.0037787782034804105,0.012506394552015066
2017-09-18,16.96061134338379,17.136978149414062,16.96061134338379,17.107582092285156,14.30169677734375,3767718,0.00862808654258673,16.879530906677246,0.0034373690793129395,0.012261641052658713
2017-09-19,17.107582092285156,17.166372299194336,16.931215286254883,16.931215286254883,14.154256820678711,3161830,-0.01036278587417765,16.911619853973388,0.001932107806649174,0.011999740583903082
2017-09-20,16.96061134338379,16.990005493164062,16.81363868713379,16.872426986694336,14.105110168457031,4232668,-0.003478226302037783,16.939544582366942,0.0016830628963609776,0.012060654909695623
2017-09-21,16.90182113647461,17.136978149414062,16.81363868713379,17.04879379272461,14.252551078796387,3838182,0.010398705661653108,16.97506284713745,0.0021279773160221573,0.012216681073832211
2017-09-22,17.107582092285156,17.136978149414062,16.96061134338379,16.96061134338379,14.17883014678955,3735654,-0.005185780028024444,17.002497673034668,0.00164430455555441,0.012309480125887057
2017-09-25,16.90182113647461,16.96061134338379,16.51969337463379,16.57848358154297,13.85937786102295,7219593,-0.02278799108290467,17.003477573394775,5.914171820618052e-05,0.013323422368793423
2017-09-26,16.57848358154297,16.696060180664062,16.57848358154297,16.57848358154297,13.85937786102295,2803261,0.0,17.00935649871826,0.00035587523745538583,0.013248783037089611
2017-09-27,16.460905075073242,16.549087524414062,16.43151092529297,16.51969337463379,13.810230255126953,5694631,-0.0035524777582276027,17.006172084808348,-0.00019239408039017756,0.013168016087021643
2017-09-28,16.490299224853516,16.51969337463379,16.22574806213379,16.28453826904297,13.61364459991455,7026040,-0.014337121881248837,16.951792335510255,-0.003232565006928933,0.007721206015602429
2017-09-29,16.28453826904297,16.37272071838379,16.22574806213379,16.343326568603516,13.662790298461914,3421357,0.0036035678994218597,16.903291416168212,-0.0028828967882997335,0.007870618441858228
2017-10-02,16.51969337463379,16.696060180664062,16.490299224853516,16.637271881103516,13.908524513244629,4815901,0.017825819417736682,16.87977590560913,-0.0013938144973904543,0.00882332916123412
2017-10-03,16.637271881103516,16.66666603088379,16.51969337463379,16.549087524414062,13.834803581237793,3166913,-0.005314506672348964,16.84597225189209,-0.002002008730741388,0.008642597113387065
2017-10-05,16.57848358154297,16.931215286254883,16.57848358154297,16.872426986694336,14.105110168457031,5840177,0.019349784443943013,16.832744693756105,-0.0007778921677090397,0.009828328519591329
2017-10-06,16.931215286254883,16.96061134338379,16.754850387573242,16.81363868713379,14.055963516235352,2985197,-0.003490366599229223,16.818047523498535,-0.0008665689387722181,0.009845232423477015
2017-10-11,16.96061134338379,16.96061134338379,16.725454330444336,16.81363868713379,14.055963516235352,4600380,0.0,16.803350353240965,-0.0008665689387722181,0.009845232423477015
2017-10-12,16.90182113647461,16.990005493164062,16.872426986694336,16.931215286254883,14.154256820678711,6142610,0.0069685929012668945,16.796001625061034,-0.0004321612741870325,0.009996134500883625
2017-10-13,16.931215286254883,17.019399642944336,16.872426986694336,17.019399642944336,14.227977752685547,3228741,0.005194872327957409,16.791592502593993,-0.00025839567731100656,0.010065472785768446
2017-10-16,17.019399642944336,17.225160598754883,17.019399642944336,17.225160598754883,14.399991989135742,9515293,0.01201729154088975,16.80041084289551,0.0005145842254616012,0.010396270473683238
2017-10-17,17.283950805664062,17.313344955444336,17.107582092285156,17.136978149414062,14.326272010803223,3968786,-0.005132546816703951,16.809229183197022,0.0005172458860276259,0.01039474095313741
2017-10-18,17.19576644897461,17.225160598754883,17.078189849853516,17.166372299194336,14.350845336914062,4687796,0.0017137776100681647,16.81951723098755,0.0006029347665310341,0.01039731605891128
2017-10-19,17.225160598754883,17.283950805664062,17.19576644897461,17.25455665588379,14.424565315246582,4907281,0.005123891324319515,16.82686595916748,0.0004277250056176733,0.01028386948808485
2017-10-20,17.225160598754883,17.283950805664062,17.166372299194336,17.225160598754883,14.399991989135742,3801882,-0.001705122117683662,16.84156322479248,0.0008606081934423727,0.009983585517790413
2017-10-23,17.283950805664062,17.48971176147461,17.283950805664062,17.460317611694336,14.596579551696777,5730512,0.013559600623248624,16.87095775604248,0.001712499539706693,0.010315272689882195
2017-10-24,17.460317611694336,17.519105911254883,17.34273910522461,17.519105911254883,14.64572525024414,5717144,0.0033613106787283705,16.894473361968995,0.0013606297905604564,0.01012158796995677
2017-10-25,17.57789421081543,17.63668441772461,17.401527404785156,17.43092155456543,14.572004318237305,3860785,-0.005046321861282953,16.917988872528078,0.0013676026988975309,0.010116887635520176
2017-10-26,17.43092155456543,17.57789421081543,17.401527404785156,17.519105911254883,14.64572525024414,4176558,0.005046321861283077,16.965019989013673,0.0027593183461069185,0.008385387377787459
2017-10-27,17.607288360595703,18.10699462890625,17.57789421081543,17.813051223754883,14.891458511352539,13200773,0.016639351701641818,17.026748371124267,0.0035912859311890088,0.008906466589236803
2017-10-30,18.077600479125977,18.25396728515625,17.842445373535156,17.960023880004883,15.014327049255371,9576014,0.008216989049756486,17.098764896392822,0.004179759271588214,0.008797773484007851
2017-10-31,17.989416122436523,18.31275749206543,17.901233673095703,18.195178985595703,15.210912704467773,9365416,0.013008275596800747,17.19429693222046,0.005547029145490693,0.007841505031282489
2017-11-01,18.31275749206543,18.371545791625977,17.960023880004883,18.077600479125977,15.112618446350098,7822851,-0.006483038797756069,17.281010627746582,0.005042698810631796,0.008284904895200824
2017-11-02,18.077600479125977,18.16578483581543,18.048206329345703,18.077600479125977,15.112618446350098,4432433,0.0,17.353027057647704,0.004151407839744962,0.007780833334720313
2017-11-03,18.195178985595703,18.224573135375977,17.989416122436523,18.136390686035156,15.16176700592041,4342008,0.003246825697153424,17.43239221572876,0.004579474458220082,0.007461606610462201
2017-11-06,18.16578483581543,18.224573135375977,18.048206329345703,18.077600479125977,15.112618446350098,3877145,-0.003246825697153434,17.49265089035034,0.00344964395116526,0.0067877384363695115
2017-11-07,18.077600479125977,18.430334091186523,17.989416122436523,18.31275749206543,15.309207916259766,7525053,0.012924318384723953,17.567606830596922,0.004270378200362918,0.006895948786127651
2017-11-08,18.459728240966797,18.69488525390625,18.195178985595703,18.54791259765625,15.505792617797852,17312396,0.012759306614819974,17.654320526123048,0.004908343531103917,0.007068141510900209
2017-11-09,18.518518447875977,18.54791259765625,18.10699462890625,18.195178985595703,15.210912704467773,9729158,-0.01920058620178802,17.717518711090086,0.003599884575951172,0.008861413789410638
2017-11-10,18.195178985595703,18.195178985595703,18.01881217956543,18.136390686035156,15.16176700592041,4379996,-0.0032362131006026702,17.773368263244627,0.003178330304523167,0.008981274432000273
2017-11-13,18.10699462890625,18.430334091186523,17.93062973022461,18.31275749206543,15.309207916259766,12346055,0.009677492687570672,17.827748107910157,0.0030613403618572135,0.008874685053106079
2017-11-14,18.665489196777344,18.665489196777344,18.31275749206543,18.371545791625977,15.358352661132812,8370454,0.0032050956198795976,17.88947649002075,0.0034782224836863904,0.008662823550436256
2017-11-15,18.518518447875977,18.871252059936523,18.459728240966797,18.606700897216797,15.554938316345215,15357274,0.012718735832672782,17.961492919921874,0.004028470394816621,0.008891344375942729
2017-11-16,18.606700897216797,18.63609504699707,18.430334091186523,18.518518447875977,15.481222152709961,5423012,-0.004750550527978235,18.024691009521483,0.0035347483022017344,0.00909904599590389
2017-11-17,18.69488525390625,18.753673553466797,18.606700897216797,18.665489196777344,15.604085922241211,7504010,0.007905092730255654,18.09670743942261,0.0040152590445987,0.009061445160700798
2017-11-20,20.399763107299805,20.487947463989258,19.400352478027344,19.429746627807617,16.24299430847168,52286246,0.04012890171396073,18.19517889022827,0.005343724099134305,0.012004144727782327
2017-11-21,19.429746627807617,19.429746627807617,18.63609504699707,18.78306770324707,15.70237922668457,29022240,-0.03384941312666405,18.25837697982788,0.0034831879088646845,0.014869308670777187
2017-11-22,18.812463760375977,19.16519546508789,18.724279403686523,18.812463760375977,15.726954460144043,19222420,0.0015638062277692113,18.327454090118408,0.0038136943133172925,0.014742665020168574
2017-11-23,18.93004035949707,19.07701301574707,18.84185791015625,19.047618865966797,15.923540115356445,6731790,0.012422483699328794,18.403879737854005,0.004182502405219579,0.014866863120604097
2017-11-24,19.135801315307617,19.135801315307617,18.812463760375977,18.812463760375977,15.726954460144043,6122829,-0.012422483699328808,18.45385036468506,0.002729410635171047,0.015004861873798394
2017-11-27,18.84185791015625,18.93004035949707,18.577306747436523,18.577306747436523,15.530365943908691,6857418,-0.012578847659550885,18.48471450805664,0.0016896187997056784,0.015321772659439313
2017-11-28,18.577306747436523,18.900646209716797,18.54791259765625,18.54791259765625,15.505792617797852,7304189,-0.0015835141955250526,18.502351188659667,0.0009600293100893885,0.01510024925303199
2017-11-29,18.665489196777344,18.753673553466797,18.54791259765625,18.577306747436523,15.530365943908691,4748470,0.0015835141955249958,18.527336502075194,0.0013633569597534417,0.014998366629060924
2017-11-30,18.606700897216797,18.63609504699707,18.25396728515625,18.342151641845703,15.333780288696289,10075249,-0.012738988921213175,18.54056406021118,0.0007264075136927828,0.015326228558061417
2017-12-01,18.342151641845703,18.342151641845703,17.989416122436523,18.048206329345703,15.088045120239258,7509891,-0.016155472062008753,18.53615484237671,-0.00024370737426532597,0.01576604487120647
2017-12-04,17.960023880004883,18.16578483581543,17.842445373535156,18.077600479125977,15.112618446350098,3788627,0.0016273217881529205,18.53615484237671,-8.22909448916498e-18,0.015754847894699033
2017-12-05,17.989416122436523,18.283361434936523,17.989416122436523,18.10699462890625,15.137191772460938,4166225,0.0016246779138024076,18.52586669921875,-0.0005649820235460856,0.015466954400970357
2017-12-06,18.01881217956543,18.077600479125977,17.754262924194336,17.842445373535156,14.916031837463379,7903439,-0.014718116941808053,18.490593338012694,-0.001938853201377487,0.015441453112734451
2017-12-07,17.842445373535156,17.93062973022461,17.63668441772461,17.666078567504883,14.76859188079834,3815623,-0.009933854567727355,18.464138317108155,-0.0014755166196744537,0.015029777487820181
2017-12-08,17.666078567504883,17.754262924194336,17.48971176147461,17.607288360595703,14.71944522857666,4635138,-0.0033334079770054475,18.437683200836183,-0.0014803763634945925,0.015030392457652055
2017-12-11,17.63668441772461,17.93062973022461,17.607288360595703,17.87183952331543,14.940606117248535,2323991,0.014913335341780765,18.415637302398682,-0.001218584230784088,0.01527851310361576
2017-12-12,17.842445373535156,17.87183952331543,17.72486686706543,17.754262924194336,14.842313766479492,2834010,-0.006600611233077122,18.384773159027098,-0.001708869573431924,0.015286416342584321
2017-12-13,17.754262924194336,17.842445373535156,17.695472717285156,17.813051223754883,14.891458511352539,3228571,0.0033057516152334696,18.345090675354005,-0.0021795187843038893,0.014960256790815026
2017-12-14,17.87183952331543,18.01881217956543,17.813051223754883,17.901233673095703,14.965178489685059,2328716,0.004938227311425949,18.31422643661499,-0.00169507989233368,0.015029330737893195
2017-12-15,17.960023880004883,18.195178985595703,17.93062973022461,18.195178985595703,15.210912704467773,7285723,0.016287037335131375,18.290710926055908,-0.0012759826620898941,0.015422838911960647
2017-12-18,18.224573135375977,18.342151641845703,18.048206329345703,18.136390686035156,15.16176700592041,3746205,-0.0032362131006026702,18.226043128967284,-0.0034442384028180637,0.011953565061730387
2017-12-19,18.136390686035156,18.136390686035156,17.93062973022461,17.960023880004883,15.014327049255371,2674813,-0.009772062496198107,18.184890937805175,-0.002240370871294767,0.009737197811311124
2017-12-20,17.960023880004883,18.01881217956543,17.901233673095703,17.960023880004883,15.014327049255371,2374956,0.0,18.142268943786622,-0.0023185611826832277,0.009711286507161718
2017-12-21,17.87183952331543,18.077600479125977,17.87183952331543,17.989416122436523,15.038897514343262,1785204,0.0016351992675777457,18.089358806610107,-0.00285792540427078,0.00913174961351134
2017-12-22,17.960023880004883,18.40093994140625,17.960023880004883,18.371545791625977,15.358352661132812,4083454,0.021019451536070745,18.067312908172607,-0.0011858286425008027,0.010278025541571117
2017-12-25,18.518518447875977,18.63609504699707,18.459728240966797,18.577306747436523,15.530365943908691,6700385,0.011137725190465434,18.067312908172607,1.3530843112619095e-17,0.010262511432121896
2017-12-26,18.665489196777344,18.665489196777344,18.31275749206543,18.342151641845703,15.333780288696289,3176069,-0.012738988921213175,18.05702486038208,-0.0005577737362843926,0.010648982574835398
2017-12-27,18.342151641845703,18.54791259765625,18.342151641845703,18.430334091186523,15.407499313354492,2423404,0.004796119523581933,18.04967622756958,-0.0003971434698815458,0.010707053221530993
2017-12-28,18.518518447875977,18.63609504699707,18.518518447875977,18.63609504699707,15.579509735107422,3991153,0.01110239503252507,18.064373397827147,0.0007949257278053665,0.010587173078945807
2017-12-29,18.724279403686523,18.871252059936523,18.69488525390625,18.78306770324707,15.70237922668457,6527055,0.007855515796887948,18.101116466522218,0.0019954751207502015,0.009903178682306812
2018-01-02,18.753673553466797,18.812463760375977,18.63609504699707,18.812463760375977,15.726954460144043,3515621,0.0015638062277692113,18.137859630584718,0.0019922993427310158,0.009903313139672448
2018-01-03,18.98883056640625,19.16519546508789,18.93004035949707,19.047618865966797,15.923540115356445,9177772,0.012422483699328794,18.184890842437746,0.002532189632007335,0.01017287565154535
2018-01-04,19.16519546508789,19.22398567199707,19.018224716186523,19.135801315307617,15.997260093688965,6875964,0.004618895096208298,18.249558639526366,0.003499040233908153,0.00933117537158458
2018-01-05,19.194591522216797,19.488536834716797,19.135801315307617,19.45914077758789,16.267566680908203,13561275,0.016755927580463823,18.33921175003052,0.0048335293413177115,0.009216778231206584
2018-01-08,19.547325134277344,19.694297790527344,19.45914077758789,19.576719284057617,16.365861892700195,9771192,0.006024146098696262,18.437683296203613,0.0053014070451027975,0.009015692548607073
2018-01-09,19.576719284057617,19.635507583618164,19.31216812133789,19.576719284057617,16.365861892700195,9275452,0.0,18.522927284240723,0.0045557402780137595,0.008792840697245933
2018-01-10,19.576719284057617,19.664901733398438,19.488536834716797,19.576719284057617,16.365861892700195,6637118,0.0,18.614050102233886,0.004885770839667616,0.008470006182887594
2018-01-11,19.664901733398438,19.84126853942871,19.517929077148438,19.60611343383789,16.39043426513672,7237343,0.001500358869198813,18.703703212738038,0.0047955012023658825,0.008497308153752568
2018-01-12,19.635507583618164,19.694297790527344,19.576719284057617,19.635507583618164,16.415008544921875,5896831,0.0014981111644052228,18.79041690826416,0.004623495395014846,0.008529025864354564
2018-01-15,19.694297790527344,19.84126853942871,19.635507583618164,19.782480239868164,16.537872314453125,7353377,0.007457170974628987,18.869781970977783,0.004182002076989726,0.008111831973650986
2018-01-16,19.782480239868164,19.98824119567871,19.694297790527344,19.958847045898438,16.685314178466797,9356500,0.008875796351999855,18.960904788970947,0.004787602549619853,0.007979913239972368
2018-01-17,19.958847045898438,19.958847045898438,19.75308609008789,19.870664596557617,16.611597061157227,7113207,-0.004428002744130021,19.056436824798585,0.005054805537223257,0.007544314265459618
2018-01-18,19.958847045898438,19.958847045898438,19.782480239868164,19.782480239868164,16.537872314453125,6537973,-0.004447793607869809,19.147559642791748,0.0048324158568297665,0.007763531701347089
2018-01-19,19.782480239868164,19.84126853942871,19.400352478027344,19.517929077148438,16.31671142578125,8548198,-0.013463226633862013,19.223985290527345,0.004077494561757778,0.008760816718933532
2018-01-22,19.517929077148438,19.782480239868164,19.517929077148438,19.723691940307617,16.488727569580078,6516374,0.01048706672215639,19.291592597961426,0.003550875321062061,0.007969654402923196
2018-01-23,19.782480239868164,19.84126853942871,19.547325134277344,19.60611343383789,16.39043426513672,4263840,-0.005979122227328554,19.343032932281496,0.0026950329501723618,0.008030873563920593
2018-01-24,19.576719284057617,19.811874389648438,19.517929077148438,19.694297790527344,16.464155197143555,6558081,0.004487714094674518,19.410640239715576,0.003556368100966746,0.007165599043946226
2018-01-25,19.811874389648438,20.105819702148438,19.694297790527344,19.958847045898438,16.685314178466797,12664511,0.01334336439635956,19.487065887451173,0.0039837303446056275,0.007490927588770482
2018-01-26,19.98824119567871,20.017635345458984,19.694297790527344,19.782480239868164,16.537872314453125,6811225,-0.00887579635199988,19.544385147094726,0.00298482077537938,0.007816654150411289
2018-01-29,19.75308609008789,19.90005874633789,19.75308609008789,19.782480239868164,16.537872314453125,4346379,0.0,19.59435577392578,0.0025920449855349826,0.007756157447583958
2018-01-30,19.782480239868164,19.84126853942871,19.429746627807617,19.429746627807617,16.24299430847168,5643962,-0.017991486584035318,19.625219917297365,0.001614280344944756,0.009021919540667512
2018-01-31,19.400352478027344,19.811874389648438,19.194591522216797,19.664901733398438,16.4395809173584,6355170,0.012030185793569464,19.656084060668945,0.0015946654496567896,0.008997577871293783
2018-02-01,19.694297790527344,19.75308609008789,19.45914077758789,19.45914077758789,16.267566680908203,3242709,-0.010518486316463547,19.67225103378296,0.0008377963790231972,0.009359198144921858
2018-02-02,19.429746627807617,19.45914077758789,19.22398567199707,19.282773971557617,16.120128631591797,4734012,-0.009104765498740296,19.663432693481447,-0.00045523827493700866,0.008814838183493453
2018-02-05,18.900646209716797,19.16519546508789,18.753673553466797,19.07701301574707,15.948114395141602,7859785,-0.010728053798286813,19.63844738006592,-0.0012928482697861625,0.008961445426963283
2018-02-06,18.577306747436523,18.69488525390625,17.63668441772461,18.048206329345703,15.088045120239258,19789503,-0.055437795721746536,19.562021732330322,-0.004064738055873489,0.015047606903409044
2018-02-07,18.459728240966797,18.518518447875977,18.10699462890625,18.136390686035156,15.16176700592041,9670322,0.004874147485306168,19.4900053024292,-0.0038210306816081805,0.015155983203517808
2018-02-08,18.283361434936523,18.31275749206543,18.01881217956543,18.048206329345703,15.088045120239258,5115987,-0.004874147485306214,19.41210994720459,-0.004139755999333432,0.015105127853826707
2018-02-09,17.754262924194336,18.283361434936523,17.548500061035156,18.048206329345703,15.088045120239258,10483137,0.0,19.332744884490968,-0.004214661557553694,0.015079391092784089
2018-02-12,18.16578483581543,18.283361434936523,17.93062973022461,18.195178985595703,15.210912704467773,5273940,0.008110360585908903,19.253379821777344,-0.004182002076989698,0.015106683502061522
2018-02-21,18.518518447875977,18.665489196777344,18.283361434936523,18.606700897216797,15.554938316345215,7357090,0.022365111039520557,19.185772514343263,-0.0035075363426136626,0.01599534615980769
2018-02-22,18.606700897216797,18.959434509277344,18.40093994140625,18.959434509277344,15.849818229675293,6450180,0.01877989179088852,19.140211009979247,-0.0023471416158627354,0.01674911270649361
2018-02-23,19.07701301574707,19.106407165527344,18.900646209716797,18.959434509277344,15.849818229675293,5003738,0.0,19.09905872344971,-0.002124751935469245,0.016749281122383743
2018-02-26,19.106407165527344,19.341562271118164,18.959434509277344,19.282773971557617,16.120128631591797,6449739,0.0169104861037154,19.087300968170165,-0.0006060662985903742,0.01704156080951762
2018-02-27,19.400352478027344,19.400352478027344,18.900646209716797,18.900646209716797,15.800674438476562,5289871,-0.020016044554342666,19.046148681640624,-0.002131221862415327,0.01735852402084185
2018-03-01,18.753673553466797,19.22398567199707,18.63609504699707,19.106407165527344,15.972687721252441,5529377,0.0108276200217002,19.021163368225096,-0.0012908847499638891,0.017567989256732447
2018-03-02,18.871252059936523,19.135801315307617,18.753673553466797,19.047618865966797,15.923540115356445,5125983,-0.003081632645289157,18.98882942199707,-0.001669352086962073,0.017518412128961155
2018-03-05,19.047618865966797,19.45914077758789,18.93004035949707,19.018224716186523,15.898967742919922,7230928,-0.0015443848267398677,18.941798305511476,-0.002413739548117044,0.01715954884335705
2018-03-06,19.31216812133789,19.31216812133789,19.047618865966797,19.16519546508789,16.021833419799805,3810427,0.007698182824806366,18.910934066772462,-0.001585040589276732,0.017231107381549537
2018-03-07,19.31216812133789,19.60611343383789,19.194591522216797,19.517929077148438,16.31671142578125,13858826,0.018237585151672897,18.897706508636475,-0.0006731613316930873,0.017792819119673862
2018-03-08,19.75308609008789,19.929452896118164,19.60611343383789,19.60611343383789,16.39043426513672,10527648,0.004507944494827708,18.906524848937988,0.00045181022225006414,0.01734588087062332
2018-03-09,19.75308609008789,19.75308609008789,19.517929077148438,19.547325134277344,16.34128761291504,3539447,-0.0030029721980560733,18.900646018981934,-0.0002998476773312127,0.017142266983165417
2018-03-12,19.664901733398438,19.90005874633789,19.635507583618164,19.811874389648438,16.56244659423828,7419702,0.013443019296910044,18.91828269958496,0.0008982276033374668,0.017227620354645118
2018-03-13,19.75308609008789,19.782480239868164,19.635507583618164,19.723691940307617,16.488727569580078,4565278,-0.004460924871525368,18.94032859802246,0.0011304196346982134,0.01711664247089416
2018-03-14,19.664901733398438,19.90005874633789,19.547325134277344,19.635507583618164,16.415008544921875,5575854,-0.004481011062923343,18.968253326416015,0.0014427717714663867,0.016944993089434163
2018-03-15,19.75308609008789,20.04703140258789,19.576719284057617,19.929452896118164,16.660741806030273,9992374,0.01485914391757306,19.062315654754638,0.004957618753432367,0.010645088124276449
2018-03-16,19.929452896118164,19.929452896118164,19.694297790527344,19.782480239868164,16.537872314453125,8123911,-0.007401972942943867,19.14462013244629,0.004343812732019866,0.010998223552988493
2018-03-19,19.929452896118164,19.98824119567871,19.782480239868164,19.929452896118164,16.660741806030273,5118698,0.007401972942943868,19.23868246078491,0.004957618753432369,0.010797426354601288
2018-03-20,19.870664596557617,19.929452896118164,19.782480239868164,19.929452896118164,16.660741806030273,4872545,0.0,19.332744789123534,0.004957618753432369,0.010797426354601288
2018-03-21,19.98824119567871,20.28218650817871,19.958847045898438,20.194002151489258,16.881900787353516,13969843,0.013186954548777616,19.432685947418214,0.005211448451575804,0.010934247255959843
2018-03-22,20.252792358398438,20.458553314208984,19.958847045898438,19.98824119567871,16.709888458251953,10726538,-0.010241476689836042,19.50176296234131,0.0035811190651079744,0.010669639107772994
2018-03-23,19.694297790527344,19.958847045898438,19.576719284057617,19.929452896118164,16.660741806030273,10667011,-0.0029454778589416367,19.55026388168335,0.0024948505826164666,0.010133261972415028
2018-03-26,19.811874389648438,20.017635345458984,19.811874389648438,19.929452896118164,16.660741806030273,5150284,0.0,19.59876480102539,0.0024948505826164666,0.010133261972415028
2018-03-27,21.457965850830078,21.457965850830078,20.164609909057617,20.311580657958984,16.980194091796875,52033207,0.01899251657546884,19.65020513534546,0.0025989521062041387,0.010298499274985192
2018-03-28,20.223398208618164,20.42915916442871,19.929452896118164,20.252792358398438,16.931047439575195,11428052,-0.0028985208619207187,19.71781244277954,0.0034548282908252364,0.008942083571020635
2018-03-29,20.28218650817871,20.340974807739258,20.076425552368164,20.164609909057617,16.857328414916992,8799051,-0.004363595100964863,19.770722579956054,0.002695267534691983,0.008928037884317928
2018-03-30,20.223398208618164,20.252792358398438,20.017635345458984,20.04703140258789,16.759037017822266,7357069,-0.005848000117590858,19.82069320678711,0.0025569491610768977,0.009042937214527941
2018-04-02,20.164609909057617,20.194002151489258,20.017635345458984,20.04703140258789,16.759037017822266,4639224,0.0,19.87213354110718,0.002634168402413891,0.009012614984039258
2018-04-03,19.958847045898438,20.076425552368164,19.90005874633789,20.076425552368164,16.783607482910156,6078229,0.0014651855682230994,19.91769504547119,0.0023225185395847276,0.008935726973095599
2018-04-09,20.28218650817871,20.81128692626953,20.252792358398438,20.81128692626953,17.3979434967041,20954062,0.035949211579514126,19.982362937927245,0.0032080998609767897,0.01118946207308446
2018-04-10,20.928865432739258,21.164020538330078,20.81128692626953,20.928865432739258,17.496234893798828,18877932,0.0056338470667616335,20.048500537872314,0.003264394989573486,0.01119917393292696
2018-04-11,21.10523223876953,21.164020538330078,20.987653732299805,21.046443939208984,17.59453010559082,14305814,0.005602284569258274,20.123456478118896,0.003694657827939204,0.011110667592903
2018-04-12,21.134626388549805,21.575542449951172,21.134626388549805,21.281599044799805,17.791114807128906,23407891,0.011111192879930789,20.196942710876463,0.0035780665070902404,0.011014808986005285
2018-04-13,21.516754150390625,21.516754150390625,21.310993194580078,21.457965850830078,17.938556671142578,10443908,0.008253140037898064,20.28365640640259,0.0042137697525614125,0.01089264087830916
2018-04-16,21.604938507080078,21.6931209564209,21.369781494140625,21.457965850830078,17.938556671142578,9584505,0.0,20.374779319763185,0.004437820305707579,0.010749530099554658
2018-04-17,21.5461483001709,21.575542449951172,20.752498626708984,20.928865432739258,17.496234893798828,16770485,-0.02496661748708713,20.42474994659424,0.002446532235474569,0.01229507381535914
2018-04-18,20.987653732299805,21.34038734436035,20.987653732299805,21.164020538330078,17.69282341003418,7718443,0.01117326819462897,20.493826961517335,0.003375294292353211,0.012213277609705588
2018-04-19,21.34038734436035,21.34038734436035,21.19341468811035,21.310993194580078,17.815689086914062,7620260,0.0069204565182906085,20.56290397644043,0.0033512184711205484,0.012205394171630819
2018-04-20,21.310993194580078,21.457965850830078,21.134626388549805,21.428571701049805,17.913984298706055,7791854,0.005502105759828133,20.637859916687013,0.0036263237591119555,0.01218787854108084
2018-04-23,21.428571701049805,21.48736000061035,21.222810745239258,21.34038734436035,17.84026336669922,5704677,-0.004123760953047346,20.695179176330566,0.0027607879840207067,0.012087441050203453
2018-04-24,21.3991756439209,21.428571701049805,20.928865432739258,21.222810745239258,17.741968154907227,7176129,-0.005524815026587196,20.756907653808593,0.002996621067183149,0.011864361444965337
2018-04-25,21.164020538330078,21.164020538330078,20.840681076049805,21.075836181640625,17.61910057067871,7578108,-0.006949402204458076,20.814226818084716,0.002796424849907327,0.012002876072453296
2018-04-26,21.10523223876953,21.134626388549805,20.781892776489258,20.840681076049805,17.422513961791992,7588137,-0.011220282028950574,20.8597882270813,0.0022354107484597987,0.012396232427528664
2018-04-27,20.987653732299805,21.017047882080078,20.72310447692871,20.89946937561035,17.471660614013672,4046893,0.002816872378132097,20.88918266296387,0.0014266285385929616,0.011756565731579889
2018-04-30,20.987653732299805,21.046443939208984,20.870075225830078,20.95825958251953,17.520809173583984,3843964,0.0028090508984039207,20.92445602416992,0.0017120071266091934,0.01171525158364175
2018-05-02,20.928865432739258,21.369781494140625,20.870075225830078,21.164020538330078,17.69282341003418,6153284,0.009769774658388429,20.974426555633546,0.002418675614576858,0.011755675766519518
2018-05-03,21.134626388549805,21.134626388549805,20.870075225830078,20.870075225830078,17.44708824157715,4222691,-0.01398626989993692,21.015578746795654,0.0020117621254595553,0.012189717581772277
2018-05-04,20.81128692626953,20.870075225830078,20.634920120239258,20.634920120239258,17.25050163269043,5816450,-0.011331533462700308,21.044973182678223,0.0014451854523245395,0.01254627486655691
2018-05-07,20.72310447692871,20.870075225830078,20.634920120239258,20.81128692626953,17.3979434967041,2846171,0.008510688101246793,21.08171625137329,0.0017974605789757244,0.012645386551909176
2018-05-08,20.752498626708984,20.870075225830078,20.693708419799805,20.870075225830078,17.44708824157715,2471126,0.0028208453614536914,21.084655666351317,0.00014104226807270262,0.009781940953381077
2018-05-09,20.840681076049805,20.928865432739258,20.781892776489258,20.840681076049805,17.422513961791992,2550970,-0.0014094280349874616,21.080246448516846,-0.00021112148701475213,0.009700227004640205
2018-05-10,20.870075225830078,20.987653732299805,20.81128692626953,20.89946937561035,17.471660614013672,2679724,0.002816872378132097,21.072897720336915,-0.00035039209657106103,0.009632124992926979
2018-05-11,20.987653732299805,21.017047882080078,20.81128692626953,20.89946937561035,17.471660614013672,3707788,0.0,21.05379123687744,-0.0009059517405676004,0.009249070279862897
2018-05-14,20.987653732299805,21.134626388549805,20.870075225830078,21.075836181640625,17.61910057067871,6722857,0.008403409650818644,21.03468475341797,-0.0008984382599215715,0.009256959936508274
2018-05-15,21.134626388549805,21.134626388549805,20.928865432739258,20.928865432739258,17.496234893798828,4301936,-0.006997852288655201,21.008229732513428,-0.0012483308743543313,0.009352967447513221
2018-05-16,20.928865432739258,21.222810745239258,20.928865432739258,21.046443939208984,17.59453010559082,7835462,0.005602284569258274,21.014108657836914,0.00028011422846293887,0.007607935347823537
2018-05-17,21.164020538330078,21.222810745239258,20.928865432739258,20.928865432739258,17.496234893798828,4189030,-0.005602284569258352,21.002350902557374,-0.0005586634097314272,0.007260577687016127
2018-05-18,21.017047882080078,21.017047882080078,20.752498626708984,20.781892776489258,17.373369216918945,4839215,-0.007047259308086244,20.975895881652832,-0.0012570492010502698,0.007174566064995901
2018-05-21,20.840681076049805,21.10523223876953,20.81128692626953,21.046443939208984,17.59453010559082,5905154,0.012649543877344715,20.95678949356079,-0.0008996772951744405,0.007688564399156414
2018-05-22,21.164020538330078,21.222810745239258,21.046443939208984,21.046443939208984,17.59453010559082,5295808,0.0,20.94209232330322,-0.0006934892475220735,0.007652763042340803
2018-05-23,21.10523223876953,21.164020538330078,20.928865432739258,20.987653732299805,17.545381546020508,3020276,-0.0027972645304867576,20.93033447265625,-0.0005571117227170516,0.0075861475089882445
2018-05-24,21.10523223876953,21.134626388549805,20.89946937561035,20.928865432739258,17.496234893798828,3394483,-0.0028050200387715885,20.92298593521118,-0.00034989261443272717,0.007457867500876998
2018-05-25,20.89946937561035,21.075836181640625,20.89946937561035,21.046443939208984,17.59453010559082,4496795,0.005602284569258274,20.93327407836914,0.0004912357154777152,0.007107775858383393
2018-05-28,21.10523223876953,21.10523223876953,20.987653732299805,20.987653732299805,17.545381546020508,3205141,-0.0027972645304867576,20.937683296203613,0.00021052887004677253,0.007121940882441826
2018-05-29,20.987653732299805,21.046443939208984,20.95825958251953,20.95825958251953,17.520809173583984,4546752,-0.0014015265025309352,20.937683296203613,2.971798154782768e-17,0.007103293359298636
2018-05-30,20.89946937561035,20.928865432739258,20.752498626708984,20.752498626708984,17.348796844482422,6963521,-0.009866165647767962,20.91710720062256,-0.0009817970153077897,0.007038589027807353
2018-05-31,20.840681076049805,21.25220489501953,20.81128692626953,21.25220489501953,17.766542434692383,11197853,0.023793994581053864,20.93621368408203,0.0009072162087417493,0.008318176323258776
2018-06-01,21.134626388549805,21.222810745239258,21.046443939208984,21.134626388549805,17.668249130249023,6903544,-0.005547893272002852,20.961198997497558,0.0011963982182766222,0.007963264372125942
2018-06-04,21.222810745239258,21.48736000061035,21.164020538330078,21.428571701049805,17.913984298706055,10329849,0.01381240127522407,20.99206323623657,0.0014614838769754861,0.00830065722907995
2018-06-05,21.457965850830078,21.6931209564209,21.34038734436035,21.604938507080078,18.061426162719727,8342392,0.008196765387656095,21.02880640029907,0.0017302798782856063,0.008432981697306724
2018-06-06,21.663726806640625,21.898883819580078,21.63433265686035,21.8400936126709,18.25800895690918,10079996,0.010825514017717227,21.078777027130126,0.0023420269809208407,0.008634597646292541
2018-06-07,21.898883819580078,21.9870662689209,21.63433265686035,21.722515106201172,18.15971565246582,6785037,-0.0053981520137428895,21.119929313659668,0.0019312757613270913,0.008804543728828105
2018-06-08,21.722515106201172,21.722515106201172,21.516754150390625,21.575542449951172,18.036849975585938,4858886,-0.006788905970997957,21.15373296737671,0.0015918304627771935,0.00901135861112727
2018-06-11,21.516754150390625,21.63433265686035,21.3991756439209,21.3991756439209,17.8894100189209,3600566,-0.008207979203498859,21.169899940490723,0.0007612610200613181,0.009115426031055465
2018-06-12,21.575542449951172,21.604938507080078,21.10523223876953,21.25220489501953,17.766542434692383,7403954,-0.006891750220354752,21.186066913604737,0.0007665661234763407,0.00911070227130597
2018-06-13,21.34038734436035,21.369781494140625,21.017047882080078,21.046443939208984,17.59453010559082,7905620,-0.009729037900268222,21.186066913604737,1.5872719805187786e-17,0.00932487922922881
2018-06-14,21.046443939208984,21.19341468811035,20.840681076049805,20.987653732299805,17.545381546020508,7229540,-0.0027972645304867576,21.189006328582764,0.00014025100193859556,0.009257030812312703
2018-06-15,21.164020538330078,21.281599044799805,20.95825958251953,21.281599044799805,17.791114807128906,12064871,0.013908457410417628,21.21399164199829,0.0011880368378637892,0.009580973112406544
2018-06-19,21.222810745239258,21.222810745239258,20.928865432739258,20.928865432739258,17.496234893798828,9130973,-0.01671347744918909,21.208112716674805,-0.000280114228462901,0.009973899065784955
2018-06-20,20.95825958251953,21.10523223876953,20.870075225830078,21.075836181640625,17.61910057067871,6384310,0.006997852288655224,21.209582328796387,6.977838596986018e-05,0.010106111816034019
2018-06-21,21.10523223876953,21.164020538330078,21.046443939208984,21.164020538330078,17.69282341003418,4355124,0.004175415905973686,21.2184006690979,0.0004184124077928824,0.010122257485527088
2018-06-22,21.10523223876953,21.134626388549805,20.95825958251953,20.987653732299805,17.545381546020508,3690891,-0.00836824815585737,21.221340084075926,0.0001402510019385933,0.01029054048816316
2018-06-25,21.164020538330078,21.25220489501953,20.95825958251953,20.95825958251953,17.520809173583984,5553702,-0.0014015265025309352,21.216930866241455,-0.00020993955165086718,0.010213767401065445
2018-06-26,20.89946937561035,20.928865432739258,20.487947463989258,20.605525970458984,17.225929260253906,9350740,-0.016973530004267413,21.197824478149414,-0.0009187528253399,0.010873374615657499
2018-06-27,20.72310447692871,20.752498626708984,20.399763107299805,20.399763107299805,17.053913116455078,5631650,-0.010036002420343372,21.169899654388427,-0.001350476621230522,0.011063307529019453
2018-06-28,20.370370864868164,20.605525970458984,20.28218650817871,20.42915916442871,17.078489303588867,4362848,0.0014399626819754981,21.153732681274413,-0.0007851702047433488,0.0108928196078384
2018-06-29,20.57613182067871,20.693708419799805,20.370370864868164,20.693708419799805,17.299646377563477,4869643,0.012866461921943509,21.12580785751343,-0.0013315468376988663,0.009815878733282072
2018-07-02,20.693708419799805,20.72310447692871,20.399763107299805,20.399763107299805,17.053913116455078,3808971,-0.01430642460391895,21.08906469345093,-0.0017694734042946712,0.010201682815422282
2018-07-03,20.399763107299805,20.42915916442871,20.13521385192871,20.13521385192871,16.832754135131836,6609682,-0.013053073243141287,21.02439680099487,-0.0031127471302129393,0.009802925003346043
2018-07-04,20.105819702148438,20.252792358398438,20.105819702148438,20.105819702148438,16.80817985534668,2953798,-0.001460904574860144,20.94944086074829,-0.0035956306283387515,0.009447944401280066
2018-07-05,20.105819702148438,20.164609909057617,19.84126853942871,19.870664596557617,16.611597061157227,5325223,-0.011764807338193526,20.85096940994263,-0.0047251466961342895,0.008971473267060697
2018-07-06,19.929452896118164,19.958847045898438,19.576719284057617,19.694297790527344,16.464155197143555,5409656,-0.008915361652229515,20.749558544158937,-0.00490100717805862,0.00901970283700257
2018-07-09,19.75308609008789,20.28218650817871,19.75308609008789,20.28218650817871,16.95562171936035,3187733,0.029413847309342916,20.684890747070312,-0.003090869514041577,0.011819161194464788
2018-07-10,20.458553314208984,20.57613182067871,20.28218650817871,20.399763107299805,17.053913116455078,3339563,0.005780299499081558,20.634920120239258,-0.0023914555789125557,0.011913919516145163
2018-07-11,20.340974807739258,20.51734161376953,20.223398208618164,20.340974807739258,17.0047664642334,2797257,-0.0028859732725677665,20.589358615875245,-0.002191166731523206,0.011867863883411059
2018-07-12,20.487947463989258,20.57613182067871,20.340974807739258,20.546737670898438,17.176780700683594,2970012,0.0100648624092243,20.564373302459718,-0.0012014717160485802,0.012030396795349216
2018-07-13,20.605525970458984,20.72310447692871,20.605525970458984,20.693708419799805,17.299646377563477,2499485,0.007127535467262578,20.549676036834718,-0.0007052317161611134,0.012165047466151569
2018-07-16,20.752498626708984,20.752498626708984,20.546737670898438,20.546737670898438,17.176780700683594,2820610,-0.007127535467262511,20.512932968139648,-0.0017570313600451203,0.011736895588353514
2018-07-17,20.57613182067871,20.634920120239258,20.487947463989258,20.57613182067871,17.201356887817383,3117890,0.0014295770285358011,20.495296287536622,-0.000849878636158876,0.011209348342723746
2018-07-18,20.752498626708984,20.752498626708984,20.546737670898438,20.57613182067871,17.201356887817383,6848409,0.0,20.470311069488524,-0.0011997712505916372,0.01105971169153388
2018-07-19,20.693708419799805,20.693708419799805,20.487947463989258,20.51734161376953,17.15220832824707,7367779,-0.002861293636449612,20.4379771232605,-0.001551606727712802,0.010991430841458065
2018-07-20,20.57613182067871,20.57613182067871,20.370370864868164,20.51734161376953,17.15220832824707,11308504,0.0,20.414461517333983,-0.0011331943199199336,0.010876965015757505
2018-07-23,19.488536834716797,19.547325134277344,19.400352478027344,19.400352478027344,17.10038948059082,11847288,-0.05597922604951433,20.336566162109374,-0.0038620792972691035,0.01639470055754163
2018-07-24,19.429746627807617,19.723691940307617,19.429746627807617,19.723691940307617,17.38539695739746,4669212,0.016529314845001156,20.292474460601806,-0.0021869370548056747,0.016693387764134437
2018-07-25,19.723691940307617,19.782480239868164,19.694297790527344,19.694297790527344,17.359485626220703,3673156,-0.0014914081326539797,20.257201194763184,-0.001759707340421205,0.016590961608220236
2018-07-26,19.75308609008789,19.90005874633789,19.664901733398438,19.84126853942871,17.489032745361328,3298745,0.00743489670496146,20.227806663513185,-0.0014599606392719073,0.016705571129078722
2018-07-27,19.870664596557617,19.870664596557617,19.694297790527344,19.84126853942871,17.489032745361328,2733418,0.0,20.185184669494628,-0.0021032837353690825,0.0163691845242207
2018-07-30,19.84126853942871,19.870664596557617,19.694297790527344,19.782480239868164,17.437213897705078,1869922,-0.002967328660601886,20.154320526123048,-0.0015363289382032293,0.0161187289062433
2018-07-31,19.870664596557617,19.958847045898438,19.723691940307617,19.958847045898438,17.59267234802246,3187253,0.008875796351999855,20.145502185821535,-0.00043988545844617235,0.01603973388198627
2018-08-01,19.98824119567871,20.105819702148438,19.723691940307617,19.811874389648438,17.463123321533203,6795913,-0.00739103139218024,20.130804920196532,-0.0007363917993121772,0.01611423990507242
2018-08-02,19.929452896118164,19.958847045898438,19.723691940307617,19.723691940307617,17.38539695739746,3594051,-0.004460924871525368,20.123456287384034,-0.0003711976759787693,0.015932893299546204
2018-08-03,19.811874389648438,20.105819702148438,19.782480239868164,20.105819702148438,17.72222137451172,5572620,0.01918876085776911,20.144032382965086,0.001034008449521162,0.016372926696685632
2018-08-06,20.164609909057617,20.194002151489258,20.04703140258789,20.105819702148438,17.72222137451172,2811986,0.0,20.135214042663574,-0.0004366839159459839,0.014948643738468034
2018-08-07,20.105819702148438,20.164609909057617,20.017635345458984,20.076425552368164,17.696311950683594,3417239,-0.0014630419399040881,20.119047164916992,-0.0007988509878952662,0.014877670076190804
2018-08-08,20.105819702148438,20.370370864868164,20.105819702148438,20.194002151489258,17.799949645996094,4369828,0.005839368485562105,20.11169853210449,-0.00036258389998877256,0.014941041269164195
2018-08-09,20.194002151489258,20.252792358398438,19.75308609008789,19.811874389648438,17.463123321533203,7991758,-0.019104162531901954,20.07495536804199,-0.0018210351470450852,0.015289200010420757
2018-08-10,19.870664596557617,19.958847045898438,19.811874389648438,19.929452896118164,17.566762924194336,3058197,0.005917207983124208,20.03674259185791,-0.0018815515212520038,0.015254271788732303
2018-08-13,19.870664596557617,19.929452896118164,19.547325134277344,19.635507583618164,17.30766487121582,4656713,-0.01485914391757298,19.991181087493896,-0.0022681319437675273,0.015490356960766834
2018-08-14,19.929452896118164,20.04703140258789,19.84126853942871,19.98824119567871,17.618581771850586,5389014,0.01780462177651453,19.961786556243897,-0.0014493797063685906,0.016116201887694945
2018-08-15,20.164609909057617,20.370370864868164,20.13521385192871,20.164609909057617,17.7740421295166,11333201,0.008784922753641749,19.94121046066284,-0.0010101335686865034,0.016276700823625267
2018-08-16,20.164609909057617,20.28218650817871,20.04703140258789,20.164609909057617,17.7740421295166,6538215,0.0,19.923573875427245,-0.0008670688868640229,0.016272147709475316
2018-08-17,20.28218650817871,20.28218650817871,20.164609909057617,20.164609909057617,17.7740421295166,3736516,0.0,19.905937290191652,-0.0008670688868640229,0.016272147709475316
2018-08-20,20.164609909057617,20.223398208618164,20.04703140258789,20.105819702148438,17.72222137451172,2433018,-0.002919772609463801,19.941210651397704,0.0017859037851385036,0.009886118593326295
2018-08-21,20.105819702148438,20.28218650817871,20.076425552368164,20.252792358398438,17.851770401000977,3247044,0.007283367710428815,19.967665672302246,0.0013236064284098867,0.009362722947929282
2018-08-22,20.252792358398438,20.28218650817871,20.164609909057617,20.223398208618164,17.82586097717285,2947940,-0.001452417064737764,19.99412069320679,0.0013255559818056975,0.009362109980448593
2018-08-23,20.223398208618164,20.28218650817871,20.13521385192871,20.28218650817871,17.8776798248291,2550999,0.002902727673228839,20.016166591644286,0.0010989475302190664,0.009260752956486215
2018-08-24,20.28218650817871,20.28218650817871,20.105819702148438,20.164609909057617,17.7740421295166,2319953,-0.005813905709455994,20.032333660125733,0.0008082522447462667,0.009387447218604118
2018-08-27,20.194002151489258,20.223398208618164,20.04703140258789,20.04703140258789,17.670398712158203,3472207,-0.005848000117590858,20.045561218261717,0.000664218671896818,0.009470160648044438
2018-08-28,20.076425552368164,20.164609909057617,20.076425552368164,20.13521385192871,17.74812889099121,2765581,0.004389132082987203,20.054379558563234,0.00043988545844618547,0.009317310927307167
2018-08-29,20.105819702148438,20.28218650817871,20.105819702148438,20.28218650817871,17.8776798248291,2604501,0.007272773744059763,20.077895164489746,0.0011730757152581856,0.00924533202260186
2018-08-30,20.28218650817871,20.311580657958984,20.164609909057617,20.252792358398438,17.851770401000977,2341901,-0.0014503106084911043,20.10435018539429,0.0013236064284098989,0.009172998485929744
2018-08-31,20.252792358398438,20.340974807739258,20.13521385192871,20.340974807739258,17.929494857788086,5344946,0.004344636835005029,20.116107940673828,0.000581400227271695,0.008200383830128031
2018-09-03,20.340974807739258,20.340974807739258,19.98824119567871,20.04703140258789,17.670398712158203,4992247,-0.014556232053560778,20.1131685256958,-0.00014641137540634397,0.008873067749724017
2018-09-04,20.076425552368164,20.13521385192871,19.98824119567871,20.105819702148438,17.72222137451172,2848292,0.0029282275081272176,20.114638233184813,7.315209699522132e-05,0.008893081345053884
2018-09-05,20.105819702148438,20.13521385192871,19.84126853942871,19.84126853942871,17.489032745361328,7133310,-0.013245272285461485,20.097001552581787,-0.0008810799415559581,0.009258199840109463
2018-09-06,19.84126853942871,20.04703140258789,19.75308609008789,19.870664596557617,17.514944076538086,5021535,0.0014804649472679326,20.099941062927247,0.00014815143240253615,0.008210650439178308
2018-09-07,19.84126853942871,19.958847045898438,19.576719284057617,19.664901733398438,17.333574295043945,6333437,-0.01040909439833551,20.08671350479126,-0.0006681636866704497,0.008415921160533113
2018-09-10,19.694297790527344,19.782480239868164,19.45914077758789,19.488536834716797,17.178117752075195,7333007,-0.0090089707554365,20.07936496734619,-0.00037565502856362566,0.007987492745961725
2018-09-11,19.547325134277344,19.870664596557617,19.517929077148438,19.870664596557617,17.514944076538086,2811475,0.01941806515377216,20.073486137390137,-0.00029498285970074414,0.00818644418966596
2018-09-12,19.870664596557617,20.105819702148438,19.75308609008789,20.017635345458984,17.64449119567871,4583259,0.007369149059269147,20.066137409210206,-0.00036577154441937425,0.008109557429374943
2018-09-13,20.076425552368164,20.458553314208984,20.017635345458984,20.458553314208984,18.03313636779785,8095212,0.021787397719569595,20.080834579467773,0.0007235983415591055,0.009504647331293357
2018-09-14,20.546737670898438,20.634920120239258,20.399763107299805,20.605525970458984,18.162687301635742,9799973,0.007158240797699793,20.10288038253784,0.0010815103814440952,0.009610156648500212
2018-09-17,20.57613182067871,20.693708419799805,20.458553314208984,20.693708419799805,18.240415573120117,8708660,0.004270422183575584,20.13227481842041,0.0014410201210960645,0.009587055563612007
2018-09-18,20.57613182067871,20.81128692626953,20.51734161376953,20.781892776489258,18.318143844604492,10042569,0.0042523549763649705,20.158729839324952,0.001289469484392872,0.009513514707260735
2018-09-19,20.840681076049805,20.870075225830078,20.66431427001953,20.752498626708984,18.292234420776367,6084898,-0.0014154128034411342,20.18518486022949,0.0012913196974577038,0.009512956974284094
2018-09-20,20.752498626708984,20.781892776489258,20.370370864868164,20.399763107299805,17.9813175201416,5334087,-0.01714336677684274,20.191063690185548,0.00028901497495412485,0.010353182556975942
2018-09-21,20.458553314208984,20.66431427001953,20.458553314208984,20.66431427001953,18.21450424194336,6477515,0.012884975858653488,20.216048908233642,0.001223959053359599,0.010614066072439015
2018-09-25,20.781892776489258,21.25220489501953,20.781892776489258,21.134626388549805,18.629058837890625,17450186,0.02250449222724054,20.27042865753174,0.0026415836706011686,0.011478045101645564
2018-09-26,21.19341468811035,21.25220489501953,21.017047882080078,21.017047882080078,18.525421142578125,11907074,-0.0055788441839460575,20.314520359039307,0.0021431848572545055,0.011613781171449677
2018-09-27,21.017047882080078,21.017047882080078,21.017047882080078,21.017047882080078,18.525421142578125,0,0.0,20.351263427734374,0.0017795461700515175,0.0115584424514273
2018-09-28,21.017047882080078,21.017047882080078,21.017047882080078,21.017047882080078,18.525421142578125,0,0.0,20.389476203918456,0.0018520617004760729,0.011541649717606437
2018-10-01,21.017047882080078,21.017047882080078,21.017047882080078,21.017047882080078,18.525421142578125,0,0.0,20.4232798576355,0.0016348298587258215,0.01153314969111183
2018-10-02,21.017047882080078,21.017047882080078,21.017047882080078,21.017047882080078,18.525421142578125,0,0.0,20.471780681610106,0.0023626414614038604,0.010899505740589899
2018-10-03,21.017047882080078,21.017047882080078,21.017047882080078,21.017047882080078,18.525421142578125,0,0.0,20.51734209060669,0.0022162300859974995,0.010911169418912028
2018-10-04,21.017047882080078,21.017047882080078,21.017047882080078,21.017047882080078,18.525421142578125,0,0.0,20.576131057739257,0.0028784937002705735,0.010308658859096806
2018-10-05,21.017047882080078,21.017047882080078,21.017047882080078,21.017047882080078,18.525421142578125,0,0.0,20.63345022201538,0.002804470452907177,0.01032452918451653
2018-10-08,17.77777671813965,18.20105743408203,17.77777671813965,17.813051223754883,15.701265335083008,14682657,-0.16540250885236393,20.5408576965332,-0.0049452002697942445,0.03902978877154485
2018-10-09,17.883596420288086,18.05996322631836,17.77777671813965,17.77777671813965,15.670171737670898,7763621,-0.001982225152104946,20.455319690704346,-0.004593862989627667,0.03902290828729637
2018-10-11,17.4250431060791,17.566137313842773,16.014108657836914,16.014108657836914,14.115592956542969,28563220,-0.10447905348776151,20.26249189376831,-0.010788718921704351,0.04446519267926385
2018-10-12,15.925925254821777,16.507936477661133,15.83774185180664,16.243385314941406,14.317688941955566,12240551,0.014215643558068937,20.073779392242432,-0.010446394196764361,0.04463835976585754
2018-10-15,16.22574806213379,16.22574806213379,15.978835105895996,16.049381256103516,14.146683692932129,7810597,-0.012015470551941142,19.853320789337157,-0.012136537610339898,0.04398887003566043
2018-10-16,16.08465576171875,16.11992835998535,15.767194747924805,15.802469253540039,13.92904281616211,7730614,-0.015504088119522707,19.61316795349121,-0.013269654056201022,0.043756963907888684
2018-10-17,15.961198806762695,15.996472358703613,15.83774185180664,15.855379104614258,13.97568130493164,6856215,0.0033426087420251453,19.371251487731932,-0.013316044728278544,0.043737877043503647
2018-10-18,15.855379104614258,15.855379104614258,15.64373779296875,15.64373779296875,13.789130210876465,4648711,-0.013438122549810638,19.11434373855591,-0.014200568604587325,0.04354232935180336
2018-10-19,15.467371940612793,15.502644538879395,15.273367881774902,15.467371940612793,13.633672714233398,6184932,-0.011337926750964093,18.8500874042511,-0.014696694301963473,0.043445408065517915
2018-10-22,15.361552238464355,15.608465194702148,15.361552238464355,15.520281791687012,13.680310249328613,3966031,0.003414902138051206,18.606113338470458,-0.013668780856218777,0.0436272957507687
2018-10-23,15.449734687805176,15.661375045776367,15.37918758392334,15.661375045776367,13.80467700958252,4287506,0.009049821680509803,18.3559663772583,-0.01386053856512596,0.043512717585084126
2018-10-24,15.55555534362793,15.55555534362793,15.343914985656738,15.343914985656738,13.524853706359863,4060956,-0.020478515385271467,18.066430807113647,-0.01600968894575156,0.04267550785726723
2018-10-25,15.167548179626465,15.167548179626465,14.832450866699219,14.832450866699219,13.074023246765137,8609322,-0.03390157096462381,17.757200956344604,-0.017425825284785444,0.042780952797979215
2018-10-26,14.920634269714355,15.149910926818848,14.850088119506836,14.920634269714355,13.151753425598145,4751261,0.005927698645268009,17.45238027572632,-0.017129440352522046,0.042928311928934336
2018-10-29,14.973544120788574,15.02645492553711,14.744268417358398,14.761903762817383,13.011841773986816,4633246,-0.010695313171334864,17.139623069763182,-0.01766420601108879,0.04277002154478819
2018-10-30,14.814813613891602,14.885360717773438,14.726631164550781,14.797178268432617,13.042933464050293,2704360,0.0023867129786198996,16.828629589080812,-0.017544870362157794,0.0428251957775221
2018-10-31,14.885360717773438,15.097001075744629,14.867724418640137,15.097001075744629,13.307210922241211,4733772,0.020059614786845557,16.532627248764037,-0.01654188962281552,0.04348750933453596
2018-11-01,15.02645492553711,15.343914985656738,14.991181373596191,15.185185432434082,13.384942054748535,3884794,0.005824190135149357,16.24103412628174,-0.01625068011605805,0.043623398626144984
2018-11-02,15.30864143371582,15.326277732849121,15.185185432434082,15.273367881774902,13.462668418884277,4403730,0.00579034038899117,15.95385012626648,-0.015961163096608492,0.04375593964179633
2018-11-05,15.220458030700684,15.29100513458252,15.079364776611328,15.167548179626465,13.36939525604248,2938919,-0.006952493031854291,15.661375141143798,-0.016308787748201208,0.0436499492830025
2018-11-06,15.185185432434082,15.202820777893066,15.008817672729492,15.04409122467041,13.260573387145996,2113659,-0.008172852886321674,15.522927141189575,-0.008447304949899094,0.025957699297324374
2018-11-07,15.061727523803711,15.167548179626465,15.061727523803711,15.167548179626465,13.36939525604248,3021605,0.008172852886321693,15.392415714263915,-0.007939551047977762,0.02618910682808758
2018-11-08,15.30864143371582,15.626102447509766,15.29100513458252,15.608465194702148,13.758039474487305,4923054,0.028655250431904044,15.372133541107178,-0.0012828358519944838,0.014805020188096438
2018-11-09,15.608465194702148,15.608465194702148,15.37918758392334,15.467371940612793,13.633672714233398,3230842,-0.009080638632254496,15.333332872390747,-0.0024476499615106555,0.014433241709423197
2018-11-12,15.414462089538574,15.55555534362793,15.361552238464355,15.467371940612793,13.633672714233398,2880949,0.0,15.304232406616212,-0.001846876433913598,0.01426309201264841
2018-11-13,15.273367881774902,15.767194747924805,15.202820777893066,15.731922149658203,13.866860389709473,4093555,0.01695913688995188,15.300705051422119,-0.00022371518343986923,0.01447272159811673
2018-11-14,15.731922149658203,15.89065170288086,15.679012298583984,15.89065170288086,14.006772994995117,2919916,0.01003908708175045,15.30246868133545,0.00011110873354639615,0.014636108991051127
2018-11-15,16.049381256103516,16.384479522705078,16.03174591064453,16.17283821105957,14.255504608154297,6279337,0.01760218833847519,15.32892370223999,0.0016631242779606877,0.01476888477765012
2018-11-16,16.22574806213379,16.402116775512695,16.17283821105957,16.296295166015625,14.364325523376465,3528355,0.007604610106610778,15.370369863510131,0.0026102511208394314,0.014496119507611094
2018-11-19,16.296295166015625,16.719575881958008,16.27865982055664,16.66666603088379,14.690787315368652,5692209,0.022472887063219742,15.42768907546997,0.003563150367097858,0.01516285044485813
2018-11-20,16.61375617980957,16.790122985839844,16.56084632873535,16.737213134765625,14.752972602844238,4324131,0.00422389318435002,15.481480979919434,0.0033218539422898686,0.01510924634702414
2018-11-21,16.57848358154297,16.9135799407959,16.543209075927734,16.878305435180664,14.877338409423828,5013042,0.008394523419995923,15.55820050239563,0.0047655058825532386,0.0140583164286171
2018-11-22,16.9135799407959,17.00176239013672,16.543209075927734,16.631393432617188,14.659697532653809,3093166,-0.014737015227101623,15.648147630691529,0.005723733669429348,0.011747184305928466
2018-11-23,16.543209075927734,16.596118927001953,16.402116775512695,16.41975212097168,14.473146438598633,2613447,-0.012807072244913781,15.723103523254395,0.004786995124920258,0.012455668815823108
2018-11-26,16.402116775512695,16.719575881958008,16.349206924438477,16.57848358154297,14.61306095123291,2574948,0.009620677075892278,15.813932514190673,0.0058027946372816155,0.011944511325679618
2018-11-27,16.57848358154297,16.701940536499023,16.47266387939453,16.684303283691406,14.706335067749023,2893641,0.006362669464436494,15.908288764953614,0.006001592461572445,0.011917720330846274
2018-11-28,16.66666603088379,17.054672241210938,16.66666603088379,17.054672241210938,15.032794952392578,3578572,0.021955843646540487,16.006172323226927,0.0060964039045571915,0.012042336402922346
2018-11-29,17.14285659790039,17.213403701782227,17.019399642944336,17.019399642944336,15.001703262329102,3314540,-0.002070349031705426,16.097883033752442,0.005701676946214452,0.012180322829821347
2018-11-30,17.107582092285156,17.266313552856445,16.843032836914062,17.266313552856445,15.219346046447754,12239721,0.014403560880884281,16.19753031730652,0.0061323379708091074,0.012334911014504096
2018-12-03,17.283950805664062,17.477954864501953,17.125219345092773,17.125219345092773,15.094978332519531,6239554,-0.008205217242609732,16.295413875579833,0.006069701760271336,0.01240781754042082
2018-12-04,17.107582092285156,17.3544979095459,17.072309494018555,17.14285659790039,15.110525131225586,4704648,0.0010293693987564196,16.40035214424133,0.006529812874525242,0.012016316383009927
2018-12-05,16.719575881958008,17.178129196166992,16.719575881958008,17.107582092285156,15.079432487487793,4117534,-0.00205979949081085,16.49735383987427,0.006018180255668614,0.012159665486846414
2018-12-06,17.125219345092773,17.14285659790039,16.631393432617188,16.649028778076172,14.675240516662598,5455279,-0.027169879368758122,16.54938201904297,0.003226923765635505,0.013063569130048849
2018-12-07,16.737213134765625,16.878305435180664,16.737213134765625,16.825395584106445,14.830699920654297,2654280,0.010537503861752466,16.617283201217653,0.004207830890335853,0.012825149723787496
2018-12-10,16.649028778076172,16.80776023864746,16.47266387939453,16.507936477661133,14.55087661743164,2405072,-0.0190481230298752,16.669311428070067,0.003255424738842093,0.013822553739418278
2018-12-11,16.57848358154297,16.790122985839844,16.56084632873535,16.57848358154297,14.61306095123291,2478291,0.0042644209113892025,16.711639499664308,0.0026206889399139595,0.013446512757804027
2018-12-12,16.57848358154297,16.790122985839844,16.57848358154297,16.737213134765625,14.752972602844238,2635089,0.009528886976127129,16.753967571258546,0.0025951789346327935,0.013432174561338847
2018-12-13,16.754850387573242,16.89594268798828,16.719575881958008,16.89594268798828,14.892884254455566,2622720,0.0094389436745367,16.79012279510498,0.0021870167014358686,0.013071338295505178
2018-12-14,16.80776023864746,16.86067008972168,16.649028778076172,16.66666603088379,14.690787315368652,2066031,-0.013662836858886867,16.808641338348387,0.0011236443531609864,0.013466508429655431
2018-12-17,16.631393432617188,16.684303283691406,16.543209075927734,16.631393432617188,14.659697532653809,2108046,-0.0021185986227556606,16.80687770843506,-0.00010592993113778354,0.012502789274573357
2018-12-18,16.543209075927734,16.56084632873535,16.455026626586914,16.543209075927734,14.5819673538208,2724752,-0.005316390113203282,16.797177505493163,-0.0005829440960154486,0.012510891528817571
2018-12-19,16.543209075927734,16.56084632873535,16.402116775512695,16.402116775512695,14.457601547241211,3497607,-0.00856529169838023,16.773368072509765,-0.0014309348519342562,0.01244496709490567
2018-12-20,16.261022567749023,16.296295166015625,15.83774185180664,15.83774185180664,13.960135459899902,7090060,-0.03501458181575872,16.73368549346924,-0.002444813181367111,0.014277176296406804
2018-12-21,15.83774185180664,16.067018508911133,15.74955940246582,16.067018508911133,14.162229537963867,5691078,0.014372814680586259,16.716048812866212,-0.0010858188350921093,0.014530252249619484
2018-12-24,15.908288955688477,15.908288955688477,15.784832000732422,15.855379104614258,13.97568130493164,3165509,-0.01325981260972158,16.679893589019777,-0.002229843319372802,0.014543650464131816
2018-12-25,15.679012298583984,15.696648597717285,15.608465194702148,15.661375045776367,13.80467700958252,3102606,-0.012311325482213673,16.628747177124023,-0.0031635430667053105,0.014562400593616659
2018-12-26,15.661375045776367,15.767194747924805,15.608465194702148,15.626102447509766,13.773585319519043,2017768,-0.0022547431775285422,16.557318687438965,-0.004374072407908762,0.01331746264081599
2018-12-27,15.802469253540039,15.873015403747559,15.731922149658203,15.802469253540039,13.92904281616211,2346912,0.01122345991771721,16.49647216796875,-0.00370938196043763,0.013762804598735936
2018-12-28,15.873015403747559,15.89065170288086,15.767194747924805,15.784832000732422,13.913497924804688,1582505,-0.0011167307076076856,16.42239809036255,-0.004485396539862229,0.013109819918537104
2019-01-02,15.820104598999023,15.873015403747559,15.626102447509766,15.661375045776367,13.80467700958252,1888926,-0.007851986032580924,16.349205875396727,-0.004467734979360788,0.013104781786513293
2019-01-03,15.802469253540039,16.102291107177734,15.696648597717285,15.873015403747559,13.991227149963379,4303671,0.013423030075084016,16.285713815689085,-0.0038480519455444083,0.013659683251725454
2019-01-04,15.873015403747559,16.014108657836914,15.661375045776367,16.014108657836914,14.115592956542969,3019479,0.00884960177849934,16.231040143966673,-0.0033025818820788993,0.013949596854508637
2019-01-07,16.190475463867188,16.313932418823242,16.155202865600586,16.296295166015625,14.364325523376465,2674935,0.01746766674464379,16.213403463363647,-0.001070704576408803,0.01349339723172616
2019-01-08,16.384479522705078,16.384479522705078,16.049381256103516,16.049381256103516,14.146683692932129,2104712,-0.015267493738515953,16.1746027469635,-0.002360954456422224,0.013558580566373504
2019-01-09,16.27865982055664,16.631393432617188,16.190475463867188,16.56084632873535,14.597514152526855,5023716,0.031370956647568136,16.177248239517212,0.000159999527449943,0.014912275205831407
2019-01-10,16.61375617980957,16.649028778076172,16.47266387939453,16.57848358154297,14.61306095123291,2698642,0.0010644303623903232,16.177248239517212,-9.64939933512099e-19,0.014883057848894383
2019-01-11,16.631393432617188,16.631393432617188,16.507936477661133,16.56084632873535,14.597514152526855,2018293,-0.0010644303623903175,16.1684298992157,-0.0005296658669258732,0.014713626362765063
2019-01-14,16.56084632873535,16.631393432617188,16.313932418823242,16.36684226989746,14.426509857177734,1032234,-0.011783779062452012,16.141974878311157,-0.0015908020037753087,0.01472214033303702
2019-01-15,16.543209075927734,16.631393432617188,16.47266387939453,16.631393432617188,14.659697532653809,2953624,0.01603460459386364,16.140211248397826,-0.00010592993113778346,0.014936551660227329
2019-01-16,16.649028778076172,16.649028778076172,16.384479522705078,16.402116775512695,14.457601547241211,3490596,-0.013881681811583457,16.128747415542602,-0.0006940840905791733,0.015248318169172794
2019-01-17,16.57848358154297,16.57848358154297,16.36684226989746,16.437389373779297,14.488693237304688,2654314,0.002148181624326069,16.12345643043518,-0.0003208555037027057,0.015220553456021028
2019-01-18,16.543209075927734,16.543209075927734,16.33156967163086,16.33156967163086,14.395417213439941,2291581,-0.006458555478622568,16.11992907524109,-0.0002155186927148227,0.015167691457039998
2019-01-21,16.402116775512695,16.41975212097168,16.296295166015625,16.313932418823242,14.37987232208252,2281860,-0.0010805319810844223,16.14373860359192,0.0014811837990188923,0.012780157081280068
2019-01-22,16.33156967163086,16.437389373779297,16.155202865600586,16.155202865600586,14.239959716796875,2488974,-0.009777335695983219,16.14814782142639,0.0002736762801904184,0.012638109684796277
2019-01-23,16.17283821105957,16.36684226989746,16.17283821105957,16.33156967163086,14.395417213439941,2156397,0.010857867677067527,16.171957349777223,0.0014795602945298736,0.01242768804464546
2019-01-24,16.33156967163086,16.384479522705078,16.296295166015625,16.349206924438477,14.410964965820312,3924439,0.0010793656918218818,16.206348943710328,0.002149094853231652,0.011998919397118484
2019-01-25,16.384479522705078,16.402116775512695,16.243385314941406,16.33156967163086,14.395417213439941,3713368,-0.0010793656918217497,16.241622304916383,0.002207863727516991,0.011979076846407258
2019-01-28,16.33156967163086,16.41975212097168,16.313932418823242,16.384479522705078,14.442055702209473,2619367,0.003234491847607743,16.270722818374633,0.0018084153240115176,0.01179439913875589
2019-01-29,16.384479522705078,16.384479522705078,16.243385314941406,16.36684226989746,14.426509857177734,3786720,-0.0010770407755914856,16.299823331832886,0.0018103998206123277,0.011793884384609836
2019-01-30,16.455026626586914,16.490299224853516,16.349206924438477,16.402116775512695,14.457601547241211,5617251,0.002152922782280303,16.336860418319702,0.002310645261355389,0.011572583708823754
2019-02-11,16.437389373779297,16.61375617980957,16.41975212097168,16.490299224853516,14.535330772399902,4126762,0.005361884065234094,16.367724609375,0.0019075879608628932,0.01130241017263046
2019-02-12,16.56084632873535,16.596118927001953,16.490299224853516,16.490299224853516,14.535330772399902,2296636,0.0,16.39153413772583,0.0014651078719379262,0.01118899036388591
2019-02-13,16.507936477661133,16.507936477661133,16.41975212097168,16.437389373779297,14.488693237304688,3154807,-0.003213702440907989,16.398588848114013,0.00043103941266033714,0.010570813905324983
2019-02-14,16.437389373779297,16.57848358154297,16.437389373779297,16.56084632873535,14.597514152526855,3472055,0.007482674655845659,16.424162101745605,0.0015685478323784175,0.010001323949739398
2019-02-15,16.56084632873535,16.719575881958008,16.507936477661133,16.507936477661133,14.55087661743164,2534722,-0.0031999905489989828,16.421516609191894,-0.0001599995274499383,0.007164609666557933
2019-02-18,16.649028778076172,16.790122985839844,16.649028778076172,16.790122985839844,14.799609184265137,7039378,0.016949532098517385,16.432098579406738,0.0006342555593564148,0.008123782573909819
2019-02-19,16.80776023864746,16.931215286254883,16.80776023864746,16.878305435180664,14.877338409423828,3073077,0.005238299208994999,16.447971534729003,0.0009493920379256806,0.008176495475380994
2019-02-20,16.966489791870117,17.054672241210938,16.966489791870117,16.966489791870117,14.95506763458252,6049535,0.005211114775958344,16.477953910827637,0.0017991367298461982,0.007649677669559601
2019-02-21,17.037036895751953,17.089946746826172,16.9488525390625,17.089946746826172,15.063886642456055,4620993,0.00725017108633845,16.500881576538085,0.001359915054469939,0.0070151742190948125
2019-02-22,17.072309494018555,17.14285659790039,16.9135799407959,17.125219345092773,15.094978332519531,3855398,0.0020618114591262073,16.53703670501709,0.002157089718005422,0.0060285171075861455
2019-02-25,16.966489791870117,17.089946746826172,16.966489791870117,17.089946746826172,15.063886642456055,3147799,-0.002061811459126316,16.569664573669435,0.0019465900638328028,0.00610189874466548
2019-02-26,17.125219345092773,17.19576644897461,17.125219345092773,17.178129196166992,15.14161491394043,3229515,0.005146635261017986,16.61199254989624,0.0025268496008148305,0.005805124744032773
2019-02-27,17.19576644897461,17.19576644897461,17.054672241210938,17.107582092285156,15.079432487487793,4345142,-0.004115253893946127,16.651675033569337,0.002375113505171745,0.00594241601001301
2019-03-04,17.107582092285156,17.107582092285156,16.9841251373291,17.037036895751953,15.017250061035156,4096869,-0.004132147260786031,16.695766735076905,0.0026573729269316047,0.0054483356519563625
2019-03-05,17.037036895751953,17.037036895751953,16.966489791870117,16.9841251373291,14.970610618591309,1742524,-0.003110522858275907,16.728394508361816,0.001958953400164433,0.005232829450416671
2019-03-06,17.037036895751953,17.372133255004883,17.019399642944336,17.372133255004883,15.31261920928955,4573433,0.022588292992673002,16.779540824890137,0.003034399765206989,0.006965825816802148
2019-03-07,17.319223403930664,17.372133255004883,17.054672241210938,17.107582092285156,15.079432487487793,2898583,-0.015345622873610961,16.81834144592285,0.002321086906117528,0.008054608743347177
2019-03-08,17.037036895751953,17.037036895751953,16.86067008972168,16.86067008972168,14.86179256439209,2971252,-0.01453806631399973,16.842150974273682,0.001432458998037155,0.008886006934890618
2019-03-11,16.825395584106445,16.825395584106445,16.61375617980957,16.61375617980957,14.644150733947754,4339440,-0.01475265840986384,16.854496669769286,0.0007486781163235372,0.00958774046209483
2019-03-12,16.649028778076172,16.80776023864746,16.649028778076172,16.649028778076172,14.675240516662598,3018810,0.002120845355105409,16.86684226989746,0.0007470742449647925,0.009587495871412189
2019-03-13,16.649028778076172,16.754850387573242,16.631393432617188,16.701940536499023,14.721879959106445,2171128,0.003173029384377926,16.877424335479738,0.000637631510921984,0.009544440925489629
2019-03-14,16.649028778076172,16.701940536499023,16.596118927001953,16.66666603088379,14.690787315368652,2439398,-0.0021142338493344522,16.88624267578125,0.0005319198184552614,0.009563564048269873
2019-03-15,16.649028778076172,16.9135799407959,16.596118927001953,16.9135799407959,14.908430099487305,8773148,0.01470616743773997,16.91005220413208,0.0014279133123876594,0.010022597917867021
2019-03-18,17.037036895751953,17.178129196166992,17.037036895751953,17.125219345092773,15.094978332519531,7511372,0.012435346488028775,16.938270854949952,0.0016755469039968153,0.010238919334726072
2019-03-19,17.178129196166992,17.178129196166992,17.054672241210938,17.160493850708008,15.126070976257324,3284140,0.002057680285660082,16.970898723602296,0.0019384304457297683,0.010174444040295674
2019-03-20,17.213403701782227,17.23103904724121,17.125219345092773,17.19576644897461,15.1571626663208,2704910,0.002053344010786742,16.991180896759033,0.0011936210413432363,0.00954339708460064
2019-03-21,17.19576644897461,17.248676300048828,17.14285659790039,17.213403701782227,15.172709465026855,2174754,0.0010251484865789141,17.007935810089112,0.000982963505222432,0.009495798405899696
2019-03-22,17.089946746826172,17.125219345092773,16.9488525390625,17.019399642944336,15.001703262329102,5856721,-0.011334516421300313,17.010581302642823,0.00015568194535949925,0.009823143223317975
2019-03-25,16.89594268798828,16.89594268798828,16.719575881958008,16.878305435180664,14.877338409423828,4312808,-0.008324753683148277,16.999999237060546,-0.0006230642931148372,0.009848445806130713
2019-03-26,16.9841251373291,17.037036895751953,16.878305435180664,17.00176239013672,14.986157417297363,3201401,0.007287913473485441,16.993826389312744,-0.0003617591923968754,0.009991720823906966
2019-03-27,16.931215286254883,16.966489791870117,16.701940536499023,16.737213134765625,14.752972602844238,4391792,-0.015682436893481345,16.976189708709718,-0.001042790464114627,0.010561628988901218
2019-03-28,16.631393432617188,16.631393432617188,16.349206924438477,16.437389373779297,14.488693237304688,7436034,-0.018075991994363175,16.939152717590332,-0.002203921826883685,0.011107770096496432
2019-03-29,16.11992835998535,16.52557373046875,15.802469253540039,16.437389373779297,14.488693237304688,23659274,0.0,16.90564308166504,-0.0019981591321863784,0.011108616592143418
2019-04-01,16.402116775512695,16.402116775512695,16.11992835998535,16.155202865600586,14.239959716796875,5824808,-0.017316423155690163,16.861551380157472,-0.002657372926931585,0.011621282518340758
2019-04-02,16.208112716674805,16.243385314941406,16.014108657836914,16.08465576171875,14.177777290344238,5718331,-0.004376397384088905,16.816577911376953,-0.002720666653222235,0.011627326068042496
2019-04-03,16.08465576171875,16.08465576171875,15.83774185180664,15.89065170288086,14.006772994995117,7344994,-0.012134766158513412,16.74250383377075,-0.004456819610781556,0.010147586717660008
2019-04-08,15.855379104614258,15.908288955688477,15.696648597717285,15.731922149658203,13.866860389709473,11370487,-0.010039087081750327,16.673720836639404,-0.004191492821188524,0.009914594545871526
2019-04-09,15.696648597717285,15.731922149658203,15.55555534362793,15.590827941894531,13.742493629455566,8710863,-0.009009117121990623,16.610228729248046,-0.003915045361588069,0.00968534968549115
2019-04-10,15.537918090820312,15.537918090820312,15.343914985656738,15.502644538879395,13.664765357971191,11075925,-0.00567216411739571,16.554673147201537,-0.003461020646964662,0.009357869789598995
2019-04-11,15.537918090820312,15.64373779296875,15.343914985656738,15.343914985656738,13.524853706359863,7215233,-0.010291647217276146,16.489417457580565,-0.00408164527558374,0.009379769792000876
2019-04-12,15.432098388671875,15.537918090820312,15.361552238464355,15.449734687805176,13.618127822875977,3336262,0.006872853319619305,16.426807165145874,-0.003896654078821671,0.009565034585626901
2019-04-15,15.485008239746094,15.502644538879395,15.255730628967285,15.255730628967285,13.447122573852539,7113128,-0.012636619471095198,16.35626039505005,-0.0044227733599097084,0.009749444759049885
2019-04-16,15.202820777893066,15.255730628967285,15.02645492553711,15.079364776611328,13.291666030883789,7936985,-0.011627973289169199,16.26454963684082,-0.0057394803962551675,0.008757871559120329
2019-04-17,14.991181373596191,15.185185432434082,14.991181373596191,15.097001075744629,13.307210922241211,5779533,0.0011688817154198205,16.163138723373415,-0.006302803634885615,0.007841725253390696
2019-04-18,15.079364776611328,15.079364776611328,14.691357612609863,14.726631164550781,12.980749130249023,12905583,-0.024838621256869343,16.041445589065553,-0.007647618712012086,0.008601923700820623
2019-04-19,14.726631164550781,15.167548179626465,14.726631164550781,15.079364776611328,13.291666030883789,8795610,0.023669739541449727,15.935625505447387,-0.006566798935478938,0.010928411928208738
2019-04-22,15.079364776611328,15.132274627685547,14.991181373596191,14.991181373596191,13.213936805725098,2488069,-0.005865118336333424,15.824514389038086,-0.006911312276624554,0.010784136642453526
2019-04-23,15.079364776611328,15.097001075744629,14.832450866699219,14.885360717773438,13.120660781860352,4856355,-0.007083891972432353,15.717812442779541,-0.006698781054181156,0.010734146493108433
2019-04-24,14.902997970581055,14.920634269714355,14.744268417358398,14.761903762817383,13.011841773986816,4108473,-0.008328435741280043,15.611992359161377,-0.006698965157087744,0.010734175879689098
2019-04-25,14.779541015625,14.850088119506836,14.726631164550781,14.814813613891602,13.058478355407715,4341649,0.00357780796567884,15.502644920349121,-0.006884470432478075,0.010509442251594428
2019-04-26,14.779541015625,14.779541015625,14.638446807861328,14.691357612609863,12.949657440185547,4087437,-0.008368196657441367,15.400352144241333,-0.006518758420676074,0.010312591885402561
2019-04-29,14.779541015625,14.920634269714355,14.691357612609863,14.744268417358398,12.996295928955078,2990978,0.0035950220104304935,15.315696096420288,-0.005435207720436392,0.010171887836050414
2019-04-30,14.744268417358398,14.973544120788574,14.744268417358398,14.955907821655273,13.182845115661621,4157011,0.014251968399551417,15.241622018814088,-0.00472260930045882,0.011035269369966395
2019-05-02,14.955907821655273,15.097001075744629,14.885360717773438,14.920634269714355,13.151753425598145,3330424,-0.0023612885468843946,15.179893589019775,-0.0039748525700185324,0.010636469331624838
2019-05-03,14.955907821655273,14.973544120788574,14.885360717773438,14.973544120788574,13.198390007019043,1899985,0.0035398133797816312,15.124338006973266,-0.0035790420318250055,0.010767227966247727
2019-05-06,14.867724418640137,14.902997970581055,14.656084060668945,14.673721313476562,12.934111595153809,4199513,-0.020226690373257118,15.063491487503052,-0.003983638242562191,0.01124698926159663
2019-05-07,14.708993911743164,14.797178268432617,14.638446807861328,14.691357612609863,12.949657440185547,3662723,0.0012011751303782085,15.011463260650634,-0.003421625131955764,0.011209247206746788
2019-05-08,14.638446807861328,14.638446807861328,14.426807403564453,14.426807403564453,12.716470718383789,5488826,-0.01817130223110465,14.953262233734131,-0.0038797343874114655,0.011628985704715392
2019-05-09,14.356261253356934,14.409171104431152,14.074073791503906,14.074073791503906,12.40555477142334,8797685,-0.024753734514038558,14.881833696365357,-0.004833812907243608,0.012531515266043243
2019-05-10,14.091710090637207,14.338624000549316,14.091710090637207,14.26807689666748,12.576558113098145,4130541,0.013690290293015108,14.828041791915894,-0.0036347160317290452,0.013115552038222468
2019-05-13,14.285714149475098,14.285714149475098,13.968253135681152,13.968253135681152,12.312280654907227,6220429,-0.021237535455690303,14.753967714309692,-0.005040235470494525,0.013432632967248382
2019-05-14,14.038800239562988,14.338624000549316,14.038800239562988,14.074073791503906,12.40555477142334,8244358,0.0075472451626752805,14.694884872436523,-0.004031042238806002,0.013589173592183547
2019-05-15,14.215167045593262,14.53262710571289,14.144619941711426,14.462080955505371,12.74756145477295,6032332,0.027195750906764373,14.664020681381226,-0.002089856029009323,0.015132193478947358
2019-05-16,14.497353553771973,14.638446807861328,14.215167045593262,14.215167045593262,12.529921531677246,5413319,-0.017220621150831953,14.619928979873658,-0.003009331172321912,0.015478498330711691
2019-05-17,14.285714149475098,14.338624000549316,14.109347343444824,14.126983642578125,12.452192306518555,2339697,-0.00622279434944191,14.589946603775024,-0.00207853982695054,0.014633370821383182
2019-05-20,14.144619941711426,14.356261253356934,14.144619941711426,14.356261253356934,12.654287338256836,2811478,0.01609946927437912,14.553791427612305,-0.0024570533403040704,0.0140172374430933
2019-05-21,14.356261253356934,14.497353553771973,14.285714149475098,14.373896598815918,12.669832229614258,3574909,0.001227654074483455,14.522927188873291,-0.0021024147197632264,0.014016198816251154
2019-05-22,14.373896598815918,14.444443702697754,14.303350448608398,14.338624000549316,12.638741493225098,2405423,-0.002456950157923232,14.495590353012085,-0.0018710676290377704,0.013967750273034464
2019-05-23,14.338624000549316,14.391533851623535,14.162257194519043,14.215167045593262,12.529921531677246,2732537,-0.008647378841497536,14.46825351715088,-0.0018870147840486452,0.013975690568726976
2019-05-24,14.162257194519043,14.26807689666748,14.162257194519043,14.162257194519043,12.483283996582031,1669250,-0.003729014440368012,14.435625696182251,-0.0022523559043509875,0.013920711194300885
2019-05-27,14.232804298400879,14.391533851623535,14.144619941711426,14.373896598815918,12.669832229614258,2603250,0.014833343439788852,14.419752645492554,-0.0010922788994894767,0.014344520031530384
2019-05-28,14.409171104431152,14.567900657653809,14.373896598815918,14.373896598815918,12.669832229614258,11267636,0.0,14.40123405456543,-0.0012720300000110016,0.01430516270069897
2019-05-29,14.303350448608398,14.426807403564453,14.162257194519043,14.162257194519043,12.483283996582031,3551931,-0.014833343439788794,14.361551523208618,-0.0027262955919780123,0.014121154056086088
2019-05-30,14.162257194519043,14.338624000549316,14.162257194519043,14.26807689666748,12.576558113098145,1976598,0.007444174977450783,14.328923654556274,-0.0022360224157612534,0.014303534217941989
2019-05-31,14.250439643859863,14.426807403564453,14.250439643859863,14.426807403564453,12.716470718383789,2605920,0.01106344422102351,14.301586818695068,-0.0018598408736991592,0.014560067983478902
2019-06-03,14.391533851623535,14.550264358520508,14.285714149475098,14.497353553771973,12.778654098510742,4136486,0.004878018083152872,14.292768430709838,-0.0006046054508786596,0.013963224777279796
2019-06-04,14.497353553771973,14.53262710571289,14.303350448608398,14.444443702697754,12.732016563415527,9113161,-0.0036562974682717913,14.280422735214234,-0.0008474790808111596,0.013972404205009194
2019-06-05,14.51499080657959,14.58553695678711,14.426807403564453,14.426807403564453,12.716470718383789,2582764,-0.0012217206148810564,14.280422735214234,2.0046898169256978e-17,0.01336727011935051
2019-06-06,14.444443702697754,14.444443702697754,14.338624000549316,14.356261253356934,12.654287338256836,1256120,-0.004901929833168913,14.294532108306885,0.0009925902340435025,0.01211039382790748
2019-06-10,14.479717254638672,14.656084060668945,14.479717254638672,14.567900657653809,12.840836524963379,3776024,0.014634351865922967,14.3095232963562,0.0010397933126888952,0.012164211194479508
2019-06-11,14.691357612609863,14.902997970581055,14.673721313476562,14.885360717773438,13.120660781860352,5681399,0.02155770463139298,14.355378675460816,0.003179555317043059,0.011797694522361695
2019-06-12,14.885360717773438,15.008817672729492,14.761903762817383,14.885360717773438,13.120660781860352,4061644,0.0,14.395943021774292,0.0028021930589092955,0.011771310209160687
2019-06-13,14.850088119506836,14.850088119506836,14.567900657653809,14.620811462402344,12.88747501373291,5463818,-0.01793227145127676,14.403879547119141,0.0005457919410072389,0.011158561902049755
2019-06-14,14.620811462402344,14.673721313476562,14.567900657653809,14.603174209594727,12.871929168701172,3220667,-0.0012070396657697104,14.423279905319214,0.001346471015260351,0.01036279228680173
2019-06-17,14.638446807861328,14.885360717773438,14.638446807861328,14.885360717773438,13.120660781860352,3598706,0.019139311117046344,14.461198759078979,0.0026145762885847637,0.010924360457374552
2019-06-18,14.885360717773438,14.991181373596191,14.867724418640137,14.973544120788574,13.198390007019043,4374484,0.005906690809836383,14.492062902450561,0.0021049373653576273,0.010491330805132386
2019-06-19,15.02645492553711,15.432098388671875,15.02645492553711,15.396824836730957,13.571489334106445,14877096,0.027876390101857208,14.543209314346313,0.0034373741667263146,0.011963063356972937
2019-06-20,15.520281791687012,15.696648597717285,15.467371940612793,15.590827941894531,13.742493629455566,12536095,0.012521480172389047,14.605819511413575,0.004186295683241929,0.012043218372738775
2019-06-21,15.679012298583984,15.802469253540039,15.537918090820312,15.661375045776367,13.80467700958252,27176457,0.004514704050599616,14.67812991142273,0.004844399827846786,0.011658486169765968
2019-06-24,15.661375045776367,16.049381256103516,15.626102447509766,16.049381256103516,14.146683692932129,26103069,0.024472804859711296,14.772486114501953,0.006254490792850752,0.012257091216989964
2019-06-25,16.03174591064453,16.313932418823242,15.679012298583984,16.313932418823242,14.37987232208252,26125840,0.0163491945320155,14.86948790550232,0.006330283347462084,0.012317469104247147
2019-06-26,16.08465576171875,16.22574806213379,15.961198806762695,15.978835105895996,14.084501266479492,5858195,-0.020754451665083606,14.949734830856324,0.005292560764207904,0.013677976685153262
2019-06-27,15.996472358703613,16.102291107177734,15.802469253540039,15.802469253540039,13.92904281616211,6148896,-0.011098830986454634,15.031745433807373,0.005479286386874611,0.01341166470322787
2019-06-28,15.767194747924805,15.83774185180664,15.661375045776367,15.661375045776367,13.80467700958252,3150354,-0.008968716740188596,15.101410341262817,0.004658641800992643,0.013782133950925599
2019-07-01,15.696648597717285,15.83774185180664,15.696648597717285,15.714284896850586,13.851314544677734,2634137,0.003372671766886443,15.165784215927124,0.0042741031782857885,0.01370107935514914
2019-07-02,15.731922149658203,15.74955940246582,15.449734687805176,15.485008239746094,13.649218559265137,5343237,-0.014697819182009169,15.21516695022583,0.0032953113150276875,0.014340007320388136
2019-07-03,15.485008239746094,15.64373779296875,15.449734687805176,15.608465194702148,13.758039474487305,3640667,0.007941062228816206,15.27336802482605,0.0038751792998820873,0.014278459279087536
2019-07-04,15.608465194702148,15.731922149658203,15.608465194702148,15.714284896850586,13.851314544677734,8610436,0.006756756953192814,15.337741899490357,0.004274103178285781,0.014239965782266679
2019-07-05,15.061727523803711,15.149910926818848,15.061727523803711,15.114638328552246,13.883716583251953,5411584,-0.03890646475534823,15.375660753250122,0.0025738764321768153,0.01713000188896445
2019-07-08,15.114638328552246,15.114638328552246,14.920634269714355,14.991181373596191,13.77031421661377,3619487,-0.008201580173788105,15.39682478904724,0.0014320798301912614,0.017044653023865708
2019-07-09,14.991181373596191,14.991181373596191,14.850088119506836,14.850088119506836,13.640710830688477,3204494,-0.009456320584739202,15.395061159133911,-0.00011862143061534773,0.016520014558626322
2019-07-10,14.902997970581055,15.079364776611328,14.885360717773438,15.008817672729492,13.786514282226562,2353203,0.010632074033115179,15.401234006881714,0.00041298227104041125,0.016694181260681156
2019-07-11,15.061727523803711,15.114638328552246,15.008817672729492,15.02645492553711,13.802714347839355,3006596,0.0011744361418509026,15.421516180038452,0.0013683176506967944,0.016126141306707063
2019-07-12,14.955907821655273,14.991181373596191,14.885360717773438,14.920634269714355,13.705512046813965,2677980,-0.007067204132604293,15.437389183044434,0.0010753094273550652,0.01622831301266554
2019-07-15,14.920634269714355,14.920634269714355,14.779541015625,14.814813613891602,13.608309745788574,3470998,-0.007117505205656013,15.433861827850341,-0.00023753138878005267,0.015744920243316328
2019-07-16,14.814813613891602,14.832450866699219,14.691357612609863,14.761903762817383,13.559708595275879,4012318,-0.003577807965678891,15.423279809951783,-0.0007117563275558165,0.015692867892659033
2019-07-17,14.708993911743164,14.726631164550781,14.567900657653809,14.58553695678711,13.397705078125,4442839,-0.012019373747183723,15.38271541595459,-0.002706544520007863,0.01434546040063348
2019-07-18,14.603174209594727,14.691357612609863,14.53262710571289,14.673721313476562,13.478707313537598,3094002,0.006027809925043008,15.336860084533692,-0.0030312280323751646,0.014053170220896197
2019-07-19,14.744268417358398,14.885360717773438,14.673721313476562,14.761903762817383,13.559708595275879,2204745,0.005991563822140677,15.291886520385741,-0.0029573850437981117,0.014098713823387914
2019-07-22,14.814813613891602,14.920634269714355,14.779541015625,14.885360717773438,13.673110008239746,2682618,0.008328435741280076,15.233685493469238,-0.003764603499719673,0.012852653418326357
2019-07-23,14.902997970581055,14.955907821655273,14.708993911743164,14.708993911743164,13.511106491088867,3567697,-0.011919090393528843,15.153438568115234,-0.005178017745996889,0.012053825089657324
2019-07-24,14.708993911743164,14.726631164550781,14.479717254638672,14.479717254638672,13.300501823425293,5107289,-0.015710277269832967,15.078482675552369,-0.004925809026234357,0.011759946067778835
2019-07-25,14.51499080657959,14.726631164550781,14.497353553771973,14.726631164550781,13.527308464050293,2793572,0.016908638430677882,15.024690771102906,-0.0035254355553777316,0.01262213235236963
2019-07-26,14.744268417358398,14.850088119506836,14.638446807861328,14.779541015625,13.575909614562988,3126151,0.0035863620304000996,14.980599069595337,-0.0028976816168482973,0.012649346003463367
2019-07-29,14.779541015625,14.832450866699219,14.726631164550781,14.814813613891602,13.608309745788574,2153970,0.0023837394266827032,14.935625505447387,-0.002947128233858484,0.012625455300419284
2019-07-30,14.814813613891602,14.850088119506836,14.620811462402344,14.638446807861328,13.446306228637695,3221512,-0.01197618949555852,14.89329743385315,-0.0028110467495359517,0.012506240874513927
2019-07-31,14.638446807861328,14.726631164550781,14.567900657653809,14.620811462402344,13.430106163024902,2391333,-0.0012054541801170696,14.84391474723816,-0.003268372569982616,0.012257118870941821
2019-08-01,14.638446807861328,14.638446807861328,14.497353553771973,14.497353553771973,13.316702842712402,3345526,-0.00847983712971751,14.783068180084229,-0.004030202274128132,0.012073352014054333
2019-08-02,14.373896598815918,14.373896598815918,14.215167045593262,14.232804298400879,13.073698043823242,4894224,-0.018416657090862192,14.73897647857666,-0.0030057118909038298,0.009567421516129652
2019-08-05,14.144619941711426,14.303350448608398,14.109347343444824,14.109347343444824,12.960294723510742,4242707,-0.008711952244204554,14.694884777069092,-0.003031230494424652,0.009582678019966833
2019-08-06,13.968253135681152,14.479717254638672,13.827159881591797,14.391533851623535,13.219500541687012,5289236,0.01980259681366254,14.671957063674927,-0.0015682846245045651,0.010716500600164791
2019-08-07,14.303350448608398,14.338624000549316,14.250439643859863,14.250439643859863,13.089897155761719,3783491,-0.0098523482751029,14.634038162231445,-0.002592505739915469,0.01046503124063246
2019-08-08,14.3209867477417,14.53262710571289,14.3209867477417,14.497353553771973,13.316702842712402,2324090,0.017178360796507232,14.60758309364319,-0.0017923095071826524,0.01134323756513728
2019-08-12,14.426807403564453,14.973544120788574,14.426807403564453,14.955907821655273,13.737913131713867,7735374,0.031140274557933424,14.609346771240235,0.00011806442734423328,0.013432975410545191
2019-08-13,14.955907821655273,15.008817672729492,14.744268417358398,15.008817672729492,13.786514282226562,5118876,0.0035314794438691486,14.61904697418213,0.0006505136598204913,0.013341821128915752
2019-08-14,15.202820777893066,15.273367881774902,15.079364776611328,15.079364776611328,13.85131549835205,12367599,0.004689364887957408,14.634920024871827,0.0010638723025023062,0.013331987528632098
2019-08-15,15.079364776611328,15.343914985656738,15.079364776611328,15.30864143371582,14.061920166015625,15417056,0.015090230422702784,14.671075248718262,0.0024193525109966318,0.013309902923477538
2019-08-16,15.361552238464355,15.396824836730957,15.202820777893066,15.2380952835083,13.997118949890137,6236787,-0.004618907497820972,14.699293947219848,0.0018870166398534329,0.013370756208713464
2019-08-19,15.30864143371582,15.326277732849121,15.097001075744629,15.185185432434082,13.948518753051758,3880409,-0.003478251074312806,14.720458030700684,0.0014135258950307588,0.013385420644214168
2019-08-20,15.167548179626465,15.167548179626465,14.991181373596191,14.991181373596191,13.77031421661377,3577466,-0.01285819018690248,14.725749063491822,0.0003541945986216307,0.013645208290360365
2019-08-21,14.991181373596191,15.114638328552246,14.955907821655273,15.114638328552246,13.883716583251953,2638344,0.008201580173788005,14.746031284332275,0.001360228126987473,0.013432772851503932
2019-08-22,15.132274627685547,15.30864143371582,15.132274627685547,15.2380952835083,13.997118949890137,4169321,0.008134861087427092,14.783950185775756,0.0025524850448504764,0.01288494084132381
2019-08-23,15.255730628967285,15.273367881774902,15.114638328552246,15.202820777893066,13.964717864990234,2720091,-0.00231757292275875,14.807759666442871,0.0015911744771786446,0.012467955290989177
2019-08-26,15.008817672729492,15.132274627685547,14.920634269714355,14.973544120788574,13.754112243652344,3611435,-0.015196069501052508,14.81745982170105,0.0006520529006060142,0.013005545525547009
2019-08-27,15.02645492553711,15.097001075744629,14.744268417358398,14.744268417358398,13.543508529663086,8306391,-0.015430493232448519,14.81393256187439,-0.0002386587323505469,0.013482000245083095
2019-08-28,14.814813613891602,14.973544120788574,14.814813613891602,14.814813613891602,13.608309745788574,2320345,0.004773174647010963,14.822750902175903,0.0005988094747779272,0.013232424424806702
2019-08-29,14.814813613891602,14.920634269714355,14.797178268432617,14.867724418640137,13.65691089630127,2313518,0.0035651170214727923,14.835096549987792,0.0008373380348574202,0.013241183288377869
2019-08-30,14.920634269714355,15.04409122467041,14.902997970581055,15.008817672729492,13.786514282226562,4784005,0.009445156174936716,14.86066975593567,0.0017335877000901317,0.013183860295409524
2019-09-02,15.008817672729492,15.114638328552246,14.991181373596191,15.114638328552246,13.883716583251953,2425909,0.007025826725412,14.904761457443238,0.003005711890903841,0.012337530895001907
2019-09-03,15.167548179626465,15.185185432434082,14.991181373596191,14.991181373596191,13.77031421661377,3034413,-0.008201580173788105,14.948853158950806,0.0030312304944246637,0.01231252127281089
2019-09-04,14.991181373596191,15.220458030700684,14.955907821655273,15.167548179626465,13.932317733764648,4794662,0.01169603754403937,14.987653875350953,0.002625902530943505,0.011856332439956173
2019-09-05,15.2380952835083,15.29100513458252,15.167548179626465,15.202820777893066,13.964717864990234,3938790,0.0023228307944171806,15.035272932052612,0.003234661484419509,0.011488788859347145
2019-09-06,15.255730628967285,15.255730628967285,15.114638328552246,15.132274627685547,13.899916648864746,3006551,-0.004651132718823179,15.067018985748291,0.002143186808652989,0.01112556510685782
2019-09-10,15.149910926818848,15.185185432434082,15.079364776611328,15.167548179626465,13.932317733764648,2454579,0.0023283019244060214,15.077601003646851,0.0007025881769766187,0.00879438355850085
2019-09-11,15.2380952835083,15.30864143371582,15.114638328552246,15.167548179626465,13.932317733764648,4815939,0.0,15.085537528991699,0.0005260142047831612,0.008770014398055682
2019-09-12,15.255730628967285,15.255730628967285,15.149910926818848,15.202820777893066,13.964717864990234,2757329,0.0023228307944171806,15.091710329055786,0.00040768750010614985,0.008726743333795313
2019-09-16,15.273367881774902,15.343914985656738,15.2380952835083,15.326277732849121,14.078120231628418,2972715,0.008087865934983235,15.092592144012452,5.756927572017241e-05,0.008233184949246854
2019-09-17,15.343914985656738,15.343914985656738,15.255730628967285,15.326277732849121,14.078120231628418,2793019,0.0,15.097001266479491,0.000288514650611221,0.008159555320849159
2019-09-18,15.2380952835083,15.273367881774902,15.097001075744629,15.220458030700684,13.980917930603027,4498563,-0.006928408080722628,15.098764896392822,0.00011600680029072991,0.008278980321656373
2019-09-19,15.2380952835083,15.255730628967285,15.008817672729492,15.02645492553711,13.802714347839355,3612561,-0.012828136602490412,15.100528573989868,0.00011750947951133326,0.008276503851167656
2019-09-20,15.02645492553711,15.02645492553711,14.850088119506836,14.850088119506836,13.640710830688477,7246954,-0.011806510174966043,15.087301063537598,-0.000882895037926369,0.008455218462519171
2019-09-23,14.832450866699219,14.902997970581055,14.779541015625,14.797178268432617,13.592109680175781,4747876,-0.0035692941503532066,15.065255212783814,-0.0014681027998153838,0.008199393809085659
2019-09-24,14.797178268432617,14.920634269714355,14.779541015625,14.867724418640137,13.65691089630127,3168869,0.004756212008531685,15.048500394821167,-0.001114413553250862,0.008312608342226755
2019-09-25,14.867724418640137,14.867724418640137,14.761903762817383,14.797178268432617,13.592109680175781,2174286,-0.004756212008531741,15.039682102203368,-0.0005924206786248238,0.007685974314525329
2019-09-26,14.779541015625,14.920634269714355,14.761903762817383,14.761903762817383,13.559708595275879,2254389,-0.0023867129786199416,15.040563869476319,5.9768334066605014e-05,0.006870815088730833
2019-09-27,14.779541015625,14.814813613891602,14.603174209594727,14.638446807861328,13.446306228637695,2940260,-0.00839838152987963,15.031745529174804,-0.0005988094747779246,0.007024781341909351
2019-10-01,14.673721313476562,14.867724418640137,14.673721313476562,14.832450866699219,13.624509811401367,3162388,0.013165996055946684,15.029981851577759,-0.00011876552305422998,0.007626567996335586
2019-10-02,14.814813613891602,14.920634269714355,14.779541015625,14.867724418640137,13.65691089630127,1238912,0.002375310461084707,15.022927188873291,-0.0004722578087468304,0.00731753096661618
2019-10-03,14.673721313476562,14.779541015625,14.673721313476562,14.708993911743164,13.511106491088867,2382950,-0.010733579639400444,15.002644968032836,-0.0013602281269874527,0.00743633525266197
2019-10-04,14.744268417358398,14.955907821655273,14.744268417358398,14.902997970581055,13.689311981201172,1818822,0.013103261368045398,14.99823579788208,-0.0002949860498957774,0.007915262321344449
2019-10-07,14.902997970581055,15.255730628967285,14.902997970581055,15.149910926818848,13.916116714477539,7377120,0.016432253728745894,14.9973539352417,-5.8175240660451356e-05,0.008351711111448189
2019-10-08,15.2380952835083,15.432098388671875,15.097001075744629,15.37918758392334,14.12672233581543,7619252,0.015020487270272833,15.006172275543213,0.0005767075831323314,0.008999724676119881
2019-10-09,15.30864143371582,15.449734687805176,15.255730628967285,15.29100513458252,14.045721054077148,4141557,-0.0057503839733584455,15.014108800888062,0.000521745020405568,0.00903661323479071
2019-10-14,15.449734687805176,15.449734687805176,15.273367881774902,15.273367881774902,14.029519081115723,4335905,-0.0011541054518509346,15.019399785995484,0.00034762465159272015,0.009033521389655656
2019-10-15,15.432098388671875,15.64373779296875,15.396824836730957,15.626102447509766,14.353527069091797,8685640,0.022832099408827508,15.042327499389648,0.0014892296220340956,0.010336066617456717
2019-10-16,15.661375045776367,15.802469253540039,15.626102447509766,15.679012298583984,14.402128219604492,5789639,0.0033802720024120156,15.066137075424194,0.0015421016824338375,0.010343257225346396
2019-10-17,15.679012298583984,16.049381256103516,15.626102447509766,15.978835105895996,14.677533149719238,12875203,0.018942018901759772,15.098764944076539,0.002084809330772664,0.010970524835888446
2019-10-18,16.102291107177734,16.11992835998535,15.873015403747559,16.049381256103516,14.742334365844727,8989634,0.004405257133068147,15.134920120239258,0.0023050721874260716,0.010970687312007817
2019-10-21,15.925925254821777,16.208112716674805,15.925925254821777,16.13756561279297,14.823336601257324,6188487,0.005479524211756244,15.180775499343872,0.002925468802050015,0.010770050506803531
2019-10-22,16.190475463867188,16.208112716674805,15.961198806762695,15.961198806762695,14.661333084106445,5007905,-0.010989119616593825,15.227512693405151,0.0030174196513448443,0.010635482714671506
2019-10-23,15.961198806762695,16.27865982055664,15.961198806762695,16.208112716674805,14.888138771057129,10528228,0.015351199460824251,15.295413923263549,0.004375305133134359,0.010373682613045087
2019-10-24,16.27865982055664,16.52557373046875,16.261022567749023,16.490299224853516,15.147344589233398,11769729,0.017260380376643705,15.380069971084595,0.005416788859484205,0.010577700644027055
2019-10-25,16.490299224853516,16.56084632873535,16.36684226989746,16.41975212097168,15.082542419433594,4433392,-0.004287274498564266,15.457671356201171,0.004964614534129407,0.010798417327624212
2019-10-28,16.437389373779297,16.490299224853516,16.27865982055664,16.437389373779297,15.09874439239502,4981259,0.0010735720576562637,15.539681911468506,0.005256103737438808,0.010599048970786444
2019-10-29,16.47266387939453,16.47266387939453,16.17283821105957,16.190475463867188,14.87193775177002,6205968,-0.015135444795058175,15.611110496520997,0.0046186671466168965,0.011433406819880702
2019-10-30,16.22574806213379,16.455026626586914,16.22574806213379,16.437389373779297,15.09874439239502,6589313,0.015135444795058095,15.701057624816894,0.005795358462863782,0.011232471831480016
2019-10-31,16.437389373779297,16.47266387939453,16.384479522705078,16.402116775512695,15.066343307495117,3793788,-0.0021481816243260525,15.779540920257569,0.0050296495788501455,0.011225552088502391
2019-11-01,16.36684226989746,16.41975212097168,16.296295166015625,16.402116775512695,15.066343307495117,2700331,0.0,15.856260538101196,0.0049108840557959095,0.011267599398476772
2019-11-04,16.455026626586914,16.47266387939453,16.36684226989746,16.437389373779297,15.09874439239502,3704933,0.002148181624326069,15.942680311203002,0.005554972118982236,0.010679058256425041
2019-11-05,16.437389373779297,16.507936477661133,16.41975212097168,16.47266387939453,15.131145477294922,3978295,0.0021436926189267427,16.021163606643675,0.005006993681526303,0.010551772037559732
2019-11-06,16.507936477661133,16.754850387573242,16.507936477661133,16.737213134765625,15.374150276184082,8174212,0.01593229937543632,16.100528717041016,0.004981995963860825,0.010523835625456555
2019-11-07,16.737213134765625,16.9135799407959,16.684303283691406,16.737213134765625,15.374150276184082,5134108,0.0,16.16842999458313,0.0042309716003471835,0.010303396050623664
2019-11-08,16.843032836914062,16.878305435180664,16.61375617980957,16.701940536499023,15.341750144958496,4842548,-0.0021096593350156197,16.238976764678956,0.004413007832264324,0.010148769256778361
2019-11-11,16.701940536499023,16.701940536499023,16.36684226989746,16.490299224853516,15.147344589233398,6496717,-0.012752630218439516,16.299823331832886,0.003833081593934895,0.010794474516477607
2019-11-12,16.543209075927734,16.56084632873535,16.402116775512695,16.47266387939453,15.131145477294922,2874074,-0.0010700098219811284,16.342151403427124,0.0026379761323944632,0.009863289212953562
2019-11-13,16.437389373779297,16.437389373779297,15.996472358703613,16.155202865600586,14.839537620544434,7639066,-0.01946011577461697,16.365960931777956,0.0014959567435430137,0.011026512320075564
2019-11-14,16.57848358154297,17.266313552856445,16.47266387939453,17.037036895751953,15.649555206298828,34549328,0.05314745853863162,16.418871021270753,0.003206228725386606,0.015585262020614346
2019-11-15,17.125219345092773,17.248676300048828,16.86067008972168,16.9841251373291,15.600954055786133,11631775,-0.003110522858275907,16.465608215332033,0.0028304397258194034,0.015645323476120063
2019-11-18,17.054672241210938,17.089946746826172,16.80776023864746,16.80776023864746,15.43895149230957,6655094,-0.010438393603115924,16.499117946624757,0.002034543835075795,0.015906175680327872
2019-11-19,16.80776023864746,16.931215286254883,16.649028778076172,16.719575881958008,15.357948303222656,9665853,-0.005260457301366606,16.53703680038452,0.0023209769508371557,0.01570967255509512
2019-11-20,16.684303283691406,16.843032836914062,16.52557373046875,16.57848358154297,15.228347778320312,8715762,-0.008474556601947052,16.55555534362793,0.0011296891476985907,0.015572337040928584
2019-11-21,16.57848358154297,16.684303283691406,16.41975212097168,16.52557373046875,15.179747581481934,5380061,-0.003196580747116932,16.55731906890869,0.00010684109151055906,0.015122393618262259
2019-11-22,16.52557373046875,16.52557373046875,16.36684226989746,16.384479522705078,15.050143241882324,7273246,-0.00857458790213392,16.555555438995363,-0.00010752457866792363,0.015218044847983064
2019-11-25,16.349206924438477,16.52557373046875,16.33156967163086,16.490299224853516,15.147344589233398,5656389,0.006437766071922756,16.558200931549074,0.00016068512204540103,0.015287070564566185
2019-11-26,16.52557373046875,16.684303283691406,16.313932418823242,16.313932418823242,14.98534107208252,14326550,-0.010752789900614994,16.564373779296876,0.00037981786676756,0.015086361854176044
2019-11-27,16.455026626586914,16.455026626586914,16.33156967163086,16.384479522705078,15.050143241882324,4546517,0.004315023828692106,16.561728286743165,-0.0001612031815507394,0.014718894427748713
2019-11-28,16.455026626586914,16.57848358154297,16.349206924438477,16.349206924438477,15.017742156982422,7027990,-0.0021551261557859096,16.559082794189454,-0.00016155040812373226,0.01471894385050638
2019-11-29,16.349206924438477,16.36684226989746,16.08465576171875,16.08465576171875,14.774736404418945,9725215,-0.0163136307529784,16.543209743499755,-0.0009772319457726523,0.01515508552291048
2019-12-02,16.102291107177734,16.243385314941406,16.102291107177734,16.13756561279297,14.823336601257324,3741729,0.0032840627598127773,16.52821855545044,-0.000920437888998317,0.015169536020059693
2019-12-03,16.13756561279297,16.349206924438477,16.11992835998535,16.349206924438477,15.017742156982422,4080517,0.013029567993165563,16.522045707702638,-0.0003761441202863759,0.015477437385507017
2019-12-04,16.296295166015625,16.33156967163086,16.155202865600586,16.33156967163086,15.001541137695312,4448452,-0.0010793656918217497,16.501763534545898,-0.0012267273736492796,0.014993910424131987
2019-12-05,16.33156967163086,16.490299224853516,16.17283821105957,16.17283821105957,14.85573673248291,9866063,-0.00976684288119484,16.473544788360595,-0.0017150695177090215,0.015110450893984193
2019-12-06,16.17283821105957,16.243385314941406,16.13756561279297,16.155202865600586,14.839537620544434,5179964,-0.0010910247958727502,16.446207904815672,-0.0016641377907518778,0.015110767593525658
2019-12-09,16.261022567749023,16.27865982055664,16.13756561279297,16.13756561279297,14.823336601257324,5656752,-0.0010923346242761053,16.428571224212646,-0.0010811230110437072,0.014883662569055373
2019-12-10,16.11992835998535,16.190475463867188,15.996472358703613,16.102291107177734,14.790935516357422,6310293,-0.0021882553633848886,16.410052585601807,-0.0011370352881138954,0.014885718893957576
2019-12-11,16.13756561279297,16.13756561279297,16.03174591064453,16.049381256103516,14.742334365844727,5271846,-0.0032912688483713727,16.404761505126952,-0.00032859294180161554,0.014264312804632471
2019-12-12,16.067018508911133,16.155202865600586,16.014108657836914,16.067018508911133,14.758535385131836,4949527,0.0010983332322240277,16.356260585784913,-0.0029310492071219956,0.006777805265367836
2019-12-13,16.08465576171875,16.11992835998535,16.014108657836914,16.08465576171875,14.774736404418945,5458724,0.0010971282197193772,16.311287117004394,-0.002720666653222231,0.006836985432579027
2019-12-16,16.243385314941406,16.384479522705078,16.155202865600586,16.155202865600586,14.839537620544434,46910,0.004376397384088831,16.27865924835205,-0.0019799271038619935,0.006758908870900091
2019-12-17,16.155202865600586,16.155202865600586,16.049381256103516,16.08465576171875,14.774736404418945,9860396,-0.004376397384088905,16.24691324234009,-0.001935724107998108,0.006739187233159075
2019-12-18,16.102291107177734,16.102291107177734,15.83774185180664,15.83774185180664,14.547930717468262,14244874,-0.015469942900305653,16.209876155853273,-0.002285493422916038,0.007257983710039866
2019-12-19,15.767194747924805,15.802469253540039,15.520281791687012,15.626102447509766,14.353527069091797,14570859,-0.013453066588877629,16.16490259170532,-0.0027983177150040727,0.007676049759796453
2019-12-20,15.64373779296875,15.943561553955078,15.485008239746094,15.485008239746094,14.223923683166504,28855636,-0.009070404237594228,16.119929027557372,-0.0028231085317770885,0.007696460357862258
2019-12-23,15.590827941894531,15.83774185180664,15.485008239746094,15.485008239746094,14.223923683166504,28153112,0.0,16.069664478302002,-0.003144996835373227,0.007418357175631629
2019-12-24,15.679012298583984,15.767194747924805,15.537918090820312,15.767194747924805,14.483128547668457,31170133,0.018059154258274885,16.04232759475708,-0.0017043996274287323,0.008571186561865049
2019-12-25,15.802469253540039,15.996472358703613,15.802469253540039,15.943561553955078,14.645132064819336,6979716,0.011123583612873456,16.02028169631958,-0.0013639716382196647,0.00894969982866306
2019-12-26,15.978835105895996,15.978835105895996,15.908288955688477,15.925925254821777,14.62893295288086,3193332,-0.00110678286346107,15.999117612838745,-0.001311554473603423,0.008947892085944714
2019-12-27,15.978835105895996,16.03174591064453,15.961198806762695,16.014108657836914,14.70993423461914,3374491,0.005521824261018933,15.995590257644654,-0.00021978172290355608,0.008332005825059597
2019-12-30,16.067018508911133,16.13756561279297,16.03174591064453,16.049381256103516,14.742334365844727,5621320,0.0022001730061277746,15.991181039810181,-0.0002739762105878062,0.008311515835492807
2019-12-31,16.014108657836914,16.03174591064453,15.943561553955078,15.943561553955078,14.645132064819336,3488405,-0.006615214403685873,15.970898771286011,-0.0012562153304303781,0.00780173986620499
2020-01-02,15.978835105895996,15.996472358703613,15.89065170288086,15.925925254821777,14.62893295288086,2513556,-0.00110678286346107,15.950616550445556,-0.0012575861890123442,0.0078017095648162315
2020-01-03,15.978835105895996,16.014108657836914,15.873015403747559,15.908288955688477,14.612732887268066,4152920,-0.0011080091891695384,15.937389087677001,-0.0008246445044110789,0.007540532315152338
2020-01-06,15.908288955688477,15.925925254821777,15.696648597717285,15.731922149658203,14.450729370117188,4635874,-0.011148385332003852,15.916225051879882,-0.001327512531217634,0.007886644491895006
2020-01-07,15.767194747924805,15.784832000732422,15.696648597717285,15.731922149658203,14.450729370117188,4560426,0.0,15.895942878723144,-0.0012728958000038288,0.00789213928244019
2020-01-08,15.696648597717285,15.696648597717285,15.55555534362793,15.55555534362793,14.288726806640625,4554158,-0.011274074373841012,15.868606090545654,-0.001727186750526635,0.008202982355589836
2020-01-09,15.608465194702148,15.784832000732422,15.608465194702148,15.74955940246582,14.466930389404297,2741790,0.012394558784569323,15.853614997863769,-0.0009428953688796,0.00877545786995255
2020-01-10,15.83774185180664,15.855379104614258,15.784832000732422,15.855379104614258,14.564130783081055,2464805,0.006696428000094383,15.843033027648925,-0.0006629906304860825,0.008931877476359354
2020-01-13,15.873015403747559,15.996472358703613,15.855379104614258,15.996472358703613,14.693734169006348,5356270,0.008859401916172311,15.838623857498169,-0.00027487694566343576,0.009177648955335627
2020-01-14,16.014108657836914,16.08465576171875,15.961198806762695,15.961198806762695,14.661333084106445,3605847,-0.002207517943512348,15.828923654556274,-0.0006040727120434948,0.009119928779396404
2020-01-15,15.978835105895996,15.996472358703613,15.873015403747559,15.908288955688477,14.612732887268066,3546979,-0.0033204110514788825,15.82010531425476,-0.0005512733954129935,0.00909997461844414
2020-01-16,15.943561553955078,15.961198806762695,15.855379104614258,15.855379104614258,14.564130783081055,2505595,-0.003331472921181106,15.820987176895141,5.5650103543233785e-05,0.008432945761168494
2020-01-17,15.89065170288086,15.925925254821777,15.855379104614258,15.855379104614258,14.564130783081055,3302284,0.0,15.832451009750367,0.0007283034329871152,0.007812423743564097
2020-01-20,15.873015403747559,16.049381256103516,15.873015403747559,16.03174591064453,14.726134300231934,4564075,0.011062057456086634,15.859787893295287,0.0017349265176711582,0.00778037791578111
2020-01-30,15.467371940612793,15.502644538879395,14.832450866699219,14.850088119506836,13.640710830688477,13912994,-0.07656507668528949,15.828041887283325,-0.002093327316593316,0.019173613053396068
2020-01-31,14.920634269714355,15.114638328552246,14.885360717773438,14.973544120788574,13.754112243652344,5908494,0.008279119422143348,15.788359355926513,-0.002582329058399893,0.018752689626822198
2020-02-03,14.814813613891602,14.814813613891602,14.356261253356934,14.673721313476562,13.478707313537598,7773215,-0.020226690373257118,15.724867343902588,-0.004149842757706422,0.01885670822512852
2020-02-04,16.243385314941406,16.33156967163086,14.708993911743164,14.708993911743164,13.511106491088867,9211246,0.0024009091698920233,15.664020776748657,-0.003974458156038767,0.018902757246374472
2020-02-05,14.744268417358398,14.902997970581055,14.673721313476562,14.832450866699219,13.624509811401367,4211474,0.008358269178315624,15.604937887191772,-0.0038326359101739324,0.018988202586096868
2020-02-06,14.902997970581055,15.079364776611328,14.902997970581055,15.061727523803711,13.835114479064941,2953556,0.015339518607321887,15.555555200576782,-0.003175668630114227,0.019430076410234132
2020-02-07,14.991181373596191,14.991181373596191,14.832450866699219,14.850088119506836,13.640710830688477,3939680,-0.014151126004415602,15.50088152885437,-0.003552464210150713,0.019572833224310943
2020-02-10,14.673721313476562,14.867724418640137,14.620811462402344,14.814813613891602,13.608309745788574,3622999,-0.002378199163294288,15.445325946807861,-0.0036160350251423744,0.019566535508479862
2020-02-11,14.920634269714355,14.991181373596191,14.885360717773438,14.920634269714355,13.705512046813965,2418569,0.007117505205656021,15.395943212509156,-0.0032047593054010956,0.01970796347489318
2020-02-12,14.902997970581055,15.061727523803711,14.885360717773438,15.02645492553711,13.802714347839355,2494763,0.0070672041326043525,15.3606698513031,-0.0022939798321706855,0.019742412687397536
2020-02-13,15.079364776611328,15.149910926818848,15.04409122467041,15.079364776611328,13.85131549835205,3757758,0.00351492874610662,15.328041982650756,-0.002118233394865355,0.019779518453595876
2020-02-14,15.061727523803711,15.114638328552246,15.02645492553711,15.097001075744629,13.867515563964844,1923964,0.0011688817154198205,15.305114269256592,-0.001496085590402313,0.019671769779333218
2020-02-17,15.061727523803711,15.097001075744629,14.991181373596191,15.008817672729492,13.786514282226562,1972247,-0.00585824660337709,15.268077182769776,-0.002408725859799634,0.0194151489972126
2020-02-18,14.973544120788574,15.008817672729492,14.938270568847656,15.008817672729492,13.786514282226562,2128438,0.0,15.225749111175537,-0.0027435472598043528,0.019307304626886748
2020-02-19,15.02645492553711,15.255730628967285,14.991181373596191,15.149910926818848,13.916116714477539,2800676,0.009356779282454203,15.1834210395813,-0.002718678391490258,0.019323350111076294
2020-02-20,15.202820777893066,15.2380952835083,15.061727523803711,15.061727523803711,13.835114479064941,2587223,-0.005837727311153793,15.138447475433349,-0.00290018885987233,0.019335342049084003
2020-02-21,15.02645492553711,15.061727523803711,14.920634269714355,14.920634269714355,13.705512046813965,4087052,-0.00941181996205391,15.089064741134644,-0.003204759305401082,0.019390207893271165
2020-02-24,14.850088119506836,14.867724418640137,14.761903762817383,14.761903762817383,13.559708595275879,5140419,-0.010695313171334864,15.0343909740448,-0.00357295131790877,0.01946252014089182
2020-02-25,14.620811462402344,14.726631164550781,14.58553695678711,14.726631164550781,13.527308464050293,4399035,-0.002392293491403906,14.977953577041626,-0.0036925659924789654,0.019446750415636985
2020-02-26,14.58553695678711,14.726631164550781,14.550264358520508,14.656084060668945,13.462505340576172,3289478,-0.004801955088346308,14.909170484542846,-0.0044857666197006115,0.019134282293954457
2020-02-27,14.656084060668945,14.744268417358398,14.479717254638672,14.479717254638672,13.300501823425293,5957120,-0.01210668334233151,14.890651941299438,-0.0012628469525527131,0.009208696198171738
2020-03-02,14.303350448608398,14.797178268432617,14.285714149475098,14.51499080657959,13.332902908325195,6451867,0.0024331039490409897,14.867724275588989,-0.001555147726207831,0.008979812926371088
2020-03-03,14.673721313476562,14.797178268432617,14.656084060668945,14.691357612609863,13.49490737915039,3815524,0.012077439281278132,14.868606090545654,6.005875651893134e-05,0.008326074603377169
2020-03-04,14.656084060668945,14.797178268432617,14.638446807861328,14.797178268432617,13.592109680175781,2628240,0.007177101670382462,14.873015308380127,0.0002988683815434533,0.008464100555811685
2020-03-05,14.850088119506836,15.061727523803711,14.850088119506836,15.02645492553711,13.802714347839355,4415540,0.015375804325319296,14.882715511322022,0.0006497451388936369,0.008947439305632814
2020-03-06,14.991181373596191,14.991181373596191,14.708993911743164,14.726631164550781,13.527308464050293,4462908,-0.020154810795343075,14.865960693359375,-0.0011249713312396113,0.009389592403326376
2020-03-09,14.479717254638672,14.51499080657959,14.215167045593262,14.215167045593262,13.057497024536133,13177723,-0.03534800218956943,14.834214639663696,-0.0021848151404973027,0.011819239939210049
2020-03-10,14.109347343444824,14.356261253356934,14.038800239562988,14.232804298400879,13.073698043823242,7188187,0.0012399657503968688,14.80511417388916,-0.0020039068948127453,0.011843788940721914
2020-03-11,14.3209867477417,14.550264358520508,14.303350448608398,14.356261253356934,13.187100410461426,8010536,0.008636709174540425,14.776895523071289,-0.0019279466963685245,0.011910054455593419
2020-03-12,14.250439643859863,14.250439643859863,13.862433433532715,13.897706985473633,12.765890121459961,11122011,-0.032462309865045405,14.720458126068115,-0.0039044223962510123,0.013511094889999766
2020-03-13,13.086419105529785,13.315695762634277,12.557318687438965,13.20987606048584,12.134076118469238,17439981,-0.0507591252137206,14.626983690261842,-0.006618125094242373,0.016954236817918286
2020-03-16,13.192238807678223,13.227513313293457,12.627864837646484,12.663139343261719,11.631865501403809,9295551,-0.04226937686374416,14.505290603637695,-0.008790038023200572,0.01860603600100365
2020-03-17,11.992944717407227,12.310404777526855,11.92239761352539,12.010581970214844,11.032451629638672,14344850,-0.05290726732226833,14.355378818511962,-0.011142489059145135,0.0210320068621101
2020-03-18,12.063491821289062,12.09876537322998,11.781305313110352,11.781305313110352,10.821846961975098,14919686,-0.019274112405557334,14.194003200531006,-0.012106194679423001,0.020935935620329096
2020-03-19,11.534391403198242,11.552027702331543,10.61728286743164,10.61728286743164,9.752620697021484,23183581,-0.1040308470951459,13.967371797561645,-0.017775575998303005,0.02872244618793598
2020-03-20,10.793649673461914,11.234566688537598,10.793649673461914,11.005290985107422,10.109030723571777,16696675,0.035893023247596065,13.764549970626831,-0.015689038470365513,0.03105625873186349
2020-03-23,10.687829971313477,10.758377075195312,10.582010269165039,10.61728286743164,9.752620697021484,10339965,-0.03589302324759615,13.549382400512695,-0.017013098634642627,0.03133777587940914
2020-03-24,10.793649673461914,11.181656837463379,10.793649673461914,11.093474388122559,10.190032958984375,12548299,0.043873909925394694,13.365960931777954,-0.014284637479806147,0.03416484122068222
2020-03-25,11.481480598449707,11.851851463317871,11.358023643493652,11.781305313110352,10.821846961975098,15038234,0.06015693716975108,13.218694639205932,-0.011157175946748397,0.03796257923063745
2020-03-26,11.798940658569336,11.975308418273926,11.552027702331543,11.90476131439209,10.935247421264648,11686539,0.010424450898475912,13.08112850189209,-0.010395855647407286,0.03824834129748549
2020-03-27,12.116401672363281,12.41622543334961,12.09876537322998,12.275132179260254,11.275456428527832,11355269,0.03063701124269167,12.97089924812317,-0.008258670918156127,0.03932669823726271
2020-03-30,12.010581970214844,12.328042030334473,11.816577911376953,12.257494926452637,11.259255409240723,6750580,-0.0014378611609989897,12.858024454116821,-0.008452219173658126,0.039280807465731885
2020-03-31,13.47442626953125,13.47442626953125,13.47442626953125,13.47442626953125,12.377081871032715,6349713,0.09465595785888893,12.79717788696289,-0.004323293244777587,0.045413610049140865
2020-04-01,14.814813613891602,14.814813613891602,14.3209867477417,14.814813613891602,13.608309745788574,48897651,0.09483406155299343,12.79805965423584,5.9554749352961484e-05,0.05052422992079951
2020-04-06,14.991181373596191,15.02645492553711,14.51499080657959,14.797178268432617,13.592109680175781,34385284,-0.001191094987058978,12.786595821380615,-0.0007687902162659524,0.05039554694652829
2020-04-07,14.814813613891602,14.867724418640137,14.53262710571289,14.567900657653809,13.38150405883789,22271286,-0.015615981868732897,12.778659296035766,-0.0005418487699354435,0.05031380638522405
2020-04-08,14.567900657653809,14.761903762817383,14.462080955505371,14.726631164550781,13.527308464050293,10747547,0.010836975398709082,12.804232501983643,0.001767400109478482,0.0496882173167817
2020-04-09,14.797178268432617,14.797178268432617,14.567900657653809,14.567900657653809,13.38150405883789,10753319,-0.010836975398709078,12.820987319946289,0.0011635530520231851,0.04976828377689163
2020-04-10,14.53262710571289,14.744268417358398,14.51499080657959,14.620811462402344,13.430106163024902,7323184,0.003625433180116333,12.83421483039856,0.0009129892523019803,0.049741286715853456
2020-04-13,14.656084060668945,14.673721313476562,14.550264358520508,14.550264358520508,13.365304946899414,6627087,-0.004836793942727713,12.866842699050903,0.0022942650484178645,0.04914570572767043
2020-04-14,14.567900657653809,14.708993911743164,14.567900657653809,14.691357612609863,13.49490737915039,8465270,0.009650240960961867,12.940916776657104,0.005314733357151988,0.04754371452462547
2020-04-15,14.761903762817383,14.902997970581055,14.761903762817383,14.797178268432617,13.592109680175781,12036494,0.007177101670382462,13.047618722915649,0.007787057283858319,0.04620586895020737
2020-04-16,14.726631164550781,14.797178268432617,14.603174209594727,14.797178268432617,13.592109680175781,8130794,0.0,13.186948537826538,0.010432420649971736,0.044010490650348434
2020-04-17,14.902997970581055,14.955907821655273,14.708993911743164,14.744268417358398,13.543508529663086,11550402,-0.0035820796599519934,13.33509669303894,0.011217022287252004,0.04359089630728494
2020-04-20,14.744268417358398,14.885360717773438,14.691357612609863,14.761903762817383,13.559708595275879,7198442,0.001195366681332075,13.542327737808227,0.016478332976075902,0.034311186573225905
2020-04-21,14.761903762817383,14.797178268432617,14.53262710571289,14.53262710571289,13.349102973937988,11787394,-0.015653525213092722,13.7186945438385,0.013901005553041463,0.034709748923738924
2020-04-22,14.3209867477417,14.656084060668945,14.3209867477417,14.656084060668945,13.462505340576172,5655306,0.008459276633342476,13.920634603500366,0.016118620547088392,0.03272081063275789
2020-04-23,14.761903762817383,14.814813613891602,14.638446807861328,14.673721313476562,13.478707313537598,6767471,0.0012026847576094275,14.099646949768067,0.013985059288699132,0.032202864289055826
2020-04-24,14.708993911743164,14.814813613891602,14.638446807861328,14.708993911743164,13.511106491088867,6184388,0.0024009091698920233,14.246031379699707,0.011097257888706176,0.030382670951126296
2020-04-27,14.832450866699219,15.132274627685547,14.814813613891602,15.079364776611328,13.85131549835205,17285312,0.02486810070229452,14.404761552810669,0.011819440378897107,0.030537103988367936
2020-04-28,15.167548179626465,15.502644538879395,15.132274627685547,15.502644538879395,14.240123748779297,17134808,0.02768338665792111,14.566137170791626,0.01167175914965858,0.03044832317857498
2020-04-29,15.626102447509766,15.873015403747559,15.626102447509766,15.74955940246582,14.466930389404297,15518220,0.015801765650114614,14.740740394592285,0.01253374049021426,0.03030133041696776
2020-04-30,15.767194747924805,15.873015403747559,15.64373779296875,15.731922149658203,14.450729370117188,14066442,-0.0011204844107283512,14.853615188598633,0.007744918376733395,0.02342846312448675
2020-05-04,15.485008239746094,15.485008239746094,15.343914985656738,15.432098388671875,14.175322532653809,9737952,-0.01924225481316176,14.884479427337647,0.002041102558425636,0.012401364871734705
2020-05-05,15.432098388671875,15.502644538879395,15.343914985656738,15.449734687805176,14.191522598266602,6750514,0.0011421796761187913,14.917107248306275,0.002157766291584525,0.01238031526636799
2020-05-06,15.467371940612793,15.467371940612793,15.326277732849121,15.361552238464355,14.110522270202637,6072672,-0.005724051080682175,14.956789827346801,0.002652362830987061,0.011817685948758547
2020-05-07,15.343914985656738,15.485008239746094,15.343914985656738,15.485008239746094,14.223923683166504,4595858,0.0080045657312113,14.994708681106568,0.0025107423476121715,0.01173109540418888
2020-05-08,15.537918090820312,15.590827941894531,15.467371940612793,15.502644538879395,14.240123748779297,5752569,0.0011382792471275498,15.041445875167847,0.003109505079904003,0.01131209212814357
2020-05-11,15.608465194702148,15.679012298583984,15.537918090820312,15.626102447509766,14.353527069091797,7496650,0.007932124990466792,15.091710424423217,0.0033248396704215256,0.011363304836358699
2020-05-12,15.55555534362793,15.590827941894531,15.432098388671875,15.467371940612793,14.207724571228027,8567035,-0.010209980641032455,15.137565803527831,0.003056180335506289,0.011626885314331122
2020-05-13,15.467371940612793,15.590827941894531,15.449734687805176,15.55555534362793,14.288726806640625,6121726,0.0056850625161109026,15.180775690078736,0.0028579214132637407,0.011542023981319895
2020-05-14,15.55555534362793,15.55555534362793,15.396824836730957,15.396824836730957,14.142921447753906,7205546,-0.01025652292053855,15.210758018493653,0.0019862401837176897,0.011852791816130265
2020-05-15,15.57319164276123,15.802469253540039,15.537918090820312,15.64373779296875,14.36972713470459,14076123,0.015909387155391856,15.25308599472046,0.0027817095414872832,0.012240008265473609
2020-05-18,15.714284896850586,15.767194747924805,15.590827941894531,15.74955940246582,14.466930389404297,10819958,0.0067416945497162685,15.30335054397583,0.003297898251970696,0.01217502382361619
2020-05-19,15.855379104614258,15.961198806762695,15.802469253540039,15.961198806762695,14.661333084106445,13741083,0.013348311972754537,15.363315296173095,0.0039055455165418187,0.012366334541805923
2020-05-20,15.978835105895996,15.996472358703613,15.820104598999023,15.873015403747559,14.580331802368164,9205902,-0.0055401793797896235,15.43033471107483,0.004411212808206974,0.01171402410251223
2020-05-21,15.978835105895996,16.22574806213379,15.925925254821777,16.155202865600586,14.839537620544434,12665436,0.01762163362065969,15.505290651321411,0.0048693306575728346,0.01205487411980397
2020-05-22,16.11992835998535,16.11992835998535,15.873015403747559,15.873015403747559,14.580331802368164,13126690,-0.017621633620659542,15.56525535583496,0.003928114738659385,0.013050027716709342
2020-05-25,15.873015403747559,15.996472358703613,15.767194747924805,15.978835105895996,14.677533149719238,5988030,0.006644517651559102,15.628747415542602,0.00414029516274274,0.013058385734883986
2020-05-26,16.049381256103516,16.155202865600586,16.014108657836914,16.13756561279297,14.823336601257324,8883676,0.009884781344824428,15.681657457351685,0.003391129194869236,0.012208796501060142
2020-05-27,16.190475463867188,16.296295166015625,16.102291107177734,16.261022567749023,14.936739921569824,10784351,0.007621168664629711,15.719576358795166,0.0023880182952046654,0.010857193491694289
2020-05-28,16.313932418823242,16.349206924438477,16.067018508911133,16.13756561279297,14.823336601257324,12521477,-0.007621168664629677,15.738976669311523,0.001216871579467451,0.010594233467975854
2020-05-29,16.11992835998535,16.243385314941406,16.03174591064453,16.11992835998535,14.807135581970215,14182283,-0.0010935291241198895,15.758376979827881,0.001218219343797874,0.010593922177020263
2020-06-01,16.22574806213379,16.349206924438477,16.208112716674805,16.243385314941406,14.920538902282715,9311585,0.007629475464304679,15.798941326141357,0.002561805857671196,0.009511105040320931
2020-06-02,16.296295166015625,16.701940536499023,16.261022567749023,16.684303283691406,15.32554817199707,16463885,0.02678258592245395,15.86066975593567,0.0038438261699879545,0.010931655119783086
2020-06-03,16.931215286254883,17.14285659790039,16.89594268798828,17.037036895751953,15.649555206298828,25197942,0.020921260900268985,15.94444398880005,0.005176091769035512,0.011320955090019938
2020-06-04,17.14285659790039,17.19576644897461,16.86067008972168,17.00176239013672,15.617154121398926,12071052,-0.0020726064950970084,16.02028169631958,0.004672233157720097,0.011412325632311846
2020-06-05,16.966489791870117,17.248676300048828,16.931215286254883,17.19576644897461,15.79535961151123,12416693,0.01134620814438431,16.10493779182434,0.005182629602582934,0.011474056254466033
2020-06-08,17.3544979095459,17.513227462768555,17.283950805664062,17.495590209960938,16.070764541625977,18362329,0.017285644337646365,16.1984121799469,0.005650305569941913,0.01177860280397564
2020-06-09,17.495590209960938,17.601409912109375,17.319223403930664,17.4250431060791,16.005964279174805,10866163,-0.00404043072284918,16.296295738220216,0.005958783065851078,0.011416591620037225
2020-06-10,17.601409912109375,18.16578483581543,17.548500061035156,18.130510330200195,16.65397834777832,28222977,0.03968774230443035,16.425043487548827,0.007658917055267049,0.013680934441951299
2020-06-11,18.16578483581543,18.41269874572754,17.495590209960938,17.67195701599121,16.232769012451172,32731730,-0.02561713896246345,16.538800096511842,0.006890886253170804,0.015097449880872166
2020-06-12,17.00176239013672,17.566137313842773,16.9841251373291,17.566137313842773,16.13556671142578,23281816,-0.0060060013037160475,16.63492007255554,0.005795116830215409,0.015203373937818152
2020-06-15,17.63668441772461,17.813051223754883,17.566137313842773,17.619047164916992,16.184167861938477,17464087,0.003007509651538492,16.7283944606781,0.00560840758530652,0.015214062989516093
2020-06-16,17.883596420288086,18.095237731933594,17.619047164916992,17.707231521606445,16.265172958374023,19204862,0.004992574544522238,16.81569609642029,0.005190620713894906,0.015104667722854681
2020-06-17,17.707231521606445,17.742504119873047,17.495590209960938,17.58377456665039,16.15176773071289,11036031,-0.006996539473229561,16.90123405456543,0.005117802709222909,0.015162522194853433
2020-06-18,17.58377456665039,17.848323822021484,17.548500061035156,17.742504119873047,16.297571182250977,12626466,0.00898654640945405,16.980599117279052,0.0046860483486626265,0.014908550461993027
2020-06-19,17.742504119873047,17.91887092590332,17.63668441772461,17.707231521606445,16.265172958374023,10069131,-0.0019900069362244325,17.072309923171996,0.005467629682884383,0.014063301088032424
2020-06-22,17.77777671813965,17.848323822021484,17.707231521606445,17.813051223754883,16.36237335205078,7173255,0.005958286760678304,17.16402072906494,0.005433318138340341,0.014061115561411161
2020-06-23,17.883596420288086,17.989416122436523,17.707231521606445,17.848323822021484,16.394771575927734,9191367,0.0019781968431615816,17.249558639526366,0.005037988913257199,0.014040507338931961
2020-06-24,17.848323822021484,17.91887092590332,17.742504119873047,17.848323822021484,16.394771575927734,10219990,0.0,17.32892370223999,0.004656930480025714,0.014070097976745072
2020-06-29,17.742504119873047,17.77777671813965,17.63668441772461,17.742504119873047,16.297571182250977,9857918,-0.005946476667615644,17.409170627593994,0.004740665079876416,0.013997980642516996
2020-06-30,17.77777671813965,18.05996322631836,17.742504119873047,18.024690628051758,16.55677604675293,11781426,0.015779395910832203,17.504408740997313,0.005584311331624021,0.014135633874573714
2020-07-01,18.16578483581543,18.342151641845703,18.095237731933594,18.236331939697266,16.751182556152344,12271252,0.011673345094166659,17.604056072235107,0.00578650481311712,0.014195222968598932
2020-07-02,18.30687713623047,19.22398567199707,18.30687713623047,19.047618865966797,17.496397018432617,26298596,0.043526235222205056,17.722221851348877,0.006623687278104674,0.01589110490551515
2020-07-03,19.188711166381836,19.22398567199707,18.73015785217285,18.871252059936523,17.334394454956055,17450374,-0.00930239079061626,17.813932609558105,0.005112504693560413,0.015896975850004432
2020-07-06,18.871252059936523,19.153438568115234,18.871252059936523,19.0828914642334,17.528799057006836,13031996,0.011152489728304887,17.91798906326294,0.005773759504730507,0.015857379853021967
2020-07-07,19.1181640625,19.22398567199707,18.800704956054688,19.1181640625,17.561199188232422,12301133,0.0018466823915850366,18.01410894393921,0.005298783217090543,0.015823917808830967
2020-07-08,19.1181640625,19.329805374145508,19.047618865966797,19.259258270263672,17.6908016204834,14027492,0.007353013042359051,18.102292346954346,0.0048021516523261785,0.015581928270682582
2020-07-09,19.329805374145508,19.329805374145508,19.012344360351562,19.153438568115234,17.593599319458008,13138878,-0.005509635019004254,18.188712120056152,0.004728691437518424,0.015629201813560947
2020-07-10,19.047618865966797,19.0828914642334,18.553791046142578,18.69488525390625,17.172391891479492,17841196,-0.02423228858607161,18.216930866241455,0.0015326898929933265,0.014606202082480037
2020-07-13,18.69488525390625,19.1181640625,18.69488525390625,18.906524658203125,17.36679458618164,17622036,0.011257111887253804,18.27865924835205,0.003376402435479189,0.013264410839905212
2020-07-14,18.941797256469727,19.047618865966797,18.871252059936523,19.047618865966797,17.496397018432617,18859273,0.007435017346189016,18.35273332595825,0.004048453367974442,0.013103549357685934
2020-07-15,19.153438568115234,19.22398567199707,18.906524658203125,18.97707176208496,17.431594848632812,31029996,-0.003710598753642933,18.42063455581665,0.0037125479477153707,0.013217253052046699
2020-07-16,18.589065551757812,18.589065551757812,17.989416122436523,18.05996322631836,16.87141227722168,28208751,-0.049533989302403256,18.438271141052248,0.0009862197553690965,0.017776563132671154
2020-07-17,18.095237731933594,18.16578483581543,17.33686065673828,17.477954864501953,16.32770538330078,31096746,-0.032757147007536506,18.432980155944826,-0.0003018106213462508,0.019257025580502442
2020-07-20,17.513227462768555,17.63668441772461,17.178129196166992,17.266313552856445,16.129993438720703,12513494,-0.012182955002791436,18.409170627593994,-0.0013602856919585251,0.019301361113626105
2020-07-21,17.319223403930664,17.742504119873047,17.319223403930664,17.707231521606445,16.541894912719727,11005744,0.02521570690294588,18.409170627593994,-9.540979117872439e-18,0.02019273914087535
2020-07-22,17.619047164916992,17.813051223754883,17.530864715576172,17.601409912109375,16.443037033081055,6607438,-0.005994109206229205,18.398588562011717,-0.000597619798345385,0.020183986281212863
2020-07-23,17.566137313842773,17.601409912109375,17.4250431060791,17.44268035888672,16.29475212097168,6833220,-0.009058910503331834,18.37830638885498,-0.0011494751656700559,0.020260592374436375
2020-07-24,17.4250431060791,17.495590209960938,17.089946746826172,17.107582092285156,15.981707572937012,11712402,-0.019398334528048962,18.341269302368165,-0.002119391892072504,0.020662991669122905
2020-07-27,17.072309494018555,17.072309494018555,16.296295166015625,16.36684226989746,15.289716720581055,23125216,-0.04426428705033384,18.272486209869385,-0.004035282411208414,0.022711413951720816
2020-07-28,16.208112716674805,16.754850387573242,16.11992835998535,16.57848358154297,15.487430572509766,13909037,0.012848209424842374,18.200175857543947,-0.004181841735507905,0.022585928755128687
2020-07-29,17.019399642944336,17.742504119873047,17.019399642944336,17.460317611694336,16.311229705810547,21861977,0.051825056243409766,18.1613751411438,-0.0021742561780457503,0.025646521312594196
2020-07-30,17.460317611694336,17.742504119873047,17.248676300048828,17.67195701599121,16.508939743041992,13134591,0.012048292727347063,18.09259204864502,-0.00374815330278865,0.023576683389433313
2020-07-31,17.63668441772461,18.236331939697266,17.601409912109375,17.91887092590332,16.739604949951172,16767156,0.01387536540275489,18.04497299194336,-0.002589265493120092,0.023857271242528
2020-08-03,18.095237731933594,18.518518447875977,18.095237731933594,18.41269874572754,17.2009334564209,18649517,0.02718617660100658,18.011463356018066,-0.0017875811494850076,0.024601139887208533
2020-08-04,18.518518447875977,18.624338150024414,18.236331939697266,18.41269874572754,17.2009334564209,10696437,0.0,17.976190090179443,-0.0018799152690642592,0.024590244807686738
2020-08-05,18.30687713623047,18.69488525390625,18.30687713623047,18.69488525390625,17.464548110961914,10887386,0.015209394818568733,17.947971439361574,-0.001487096180253775,0.02480729314629071
2020-08-06,18.871252059936523,19.012344360351562,18.73015785217285,18.83597755432129,17.596357345581055,14653658,0.007518770129003454,17.932098388671875,-0.0008356759228533899,0.024867090822918173
2020-08-07,18.83597755432129,18.83597755432129,18.553791046142578,18.69488525390625,17.464548110961914,10796428,-0.0075187701290034365,17.932098388671875,1.8821749714348356e-17,0.02431413612327831
2020-08-10,18.73015785217285,18.97707176208496,18.69488525390625,18.800704956054688,17.563404083251953,7296757,0.005644396180994398,17.926807403564453,-0.0002806357853129515,0.02420953335963112
2020-08-11,18.871252059936523,18.906524658203125,18.518518447875977,18.589065551757812,17.365692138671875,10658105,-0.011320832503033616,17.903879737854005,-0.0012184282777740832,0.02425814475211067
2020-08-12,18.589065551757812,18.73015785217285,18.377424240112305,18.69488525390625,17.464548110961914,12389647,0.005676436322039341,17.889770412445067,-0.0007490765239899694,0.024298166025947955
2020-08-13,18.765432357788086,18.871252059936523,18.624338150024414,18.83597755432129,17.596357345581055,15066803,0.007518770129003454,17.928571128845213,0.0021035614475803663,0.021451604378484403
2020-08-14,18.553791046142578,18.83597755432129,18.44797134399414,18.73015785217285,17.497499465942383,17896453,-0.005633796550716858,17.99118127822876,0.0034597289704213483,0.01993551338640377
2020-08-17,18.765432357788086,19.22398567199707,18.765432357788086,19.188711166381836,17.92587661743164,46593429,0.024187201840484736,18.087301158905028,0.0052782368125851575,0.020091716465228268
2020-08-18,19.400352478027344,19.400352478027344,19.153438568115234,19.294532775878906,18.02473258972168,44629624,0.005499633886313518,18.16666622161865,0.004292433161753539,0.01953805256977123
2020-08-19,19.41798973083496,21.05820083618164,19.365079879760742,20.661375045776367,19.30162239074707,89688541,0.06844423749999513,18.319664478302002,0.008014350497064757,0.024045529335112822
2020-08-20,20.661375045776367,20.661375045776367,19.5238094329834,19.8148136138916,18.510772705078125,36469092,-0.04183619713511712,18.438271141052248,0.006375486165475492,0.026283300152481575
2020-08-21,20.02645492553711,20.317459106445312,20.02645492553711,20.238094329833984,18.906198501586914,13900560,0.021136866037865593,18.59479675292969,0.00840224619377122,0.025748662560619605
2020-08-24,20.317459106445312,20.396825790405273,19.86772346496582,20.02645492553711,18.708484649658203,14298150,-0.010512540549524914,18.77777738571167,0.010089833518811667,0.02308328771570191
2020-08-25,20.317459106445312,20.873014450073242,20.264549255371094,20.634920120239258,19.276906967163086,19347013,0.029930646343167198,18.980599212646485,0.010943955364727908,0.023502949419493727
2020-08-26,20.687829971313477,20.873014450073242,20.58201026916504,20.820104598999023,19.44990348815918,10078886,0.00893429502565116,19.148588562011717,0.008799417303839978,0.021442919887365953
2020-08-27,20.89946937561035,21.296295166015625,20.793649673461914,21.190475463867188,19.795900344848633,26168108,0.017632723011908095,19.32451448440552,0.009078638818068028,0.0215236592684208
2020-08-28,21.269840240478516,22.75132179260254,21.269840240478516,22.328041076660156,20.85860252380371,29128923,0.05229152577169525,19.54497299194336,0.010999446836515046,0.023589298646255686
2020-08-31,22.433862686157227,22.962961196899414,22.380952835083008,22.857141494750977,21.352882385253906,29358772,0.023420270648768907,19.76719512939453,0.010811151538903163,0.023468010414119146
2020-09-01,22.77777671813965,22.77777671813965,22.037036895751953,22.14285659790039,20.685604095458984,19272893,-0.0317486633208842,19.953703022003175,0.009223718372858953,0.02524434350953017
2020-09-02,22.248676300048828,22.380952835083008,21.772485733032227,21.931215286254883,20.487890243530273,11097271,-0.009603965748739908,20.115519523620605,0.00798305034449352,0.025542667017585573
2020-09-03,22.089946746826172,22.328041076660156,21.957670211791992,22.11640167236328,20.660890579223633,8467434,0.008408512877562448,20.279540729522704,0.008027537481921471,0.02554259065416081
2020-09-04,21.64021110534668,22.089946746826172,21.428571701049805,21.957670211791992,20.512603759765625,10581323,-0.00720297172786683,20.442679977416994,0.0080433274019783,0.025532570070009423
2020-09-07,22.380952835083008,22.380952835083008,21.851850509643555,21.931215286254883,20.487890243530273,6959017,-0.001205541149695545,20.599205493927002,0.0077008305354438035,0.025612261834838623
2020-09-08,22.089946746826172,22.11640167236328,21.825395584106445,21.904760360717773,20.463176727294922,4747776,-0.0012069962334990052,20.764990234375,0.008206522348920536,0.02531504898632646
2020-09-09,21.719575881958008,21.931215286254883,21.534391403198242,21.904760360717773,20.463176727294922,7092071,0.0,20.925483989715577,0.007922700532818568,0.025376654185870654
2020-09-10,22.063491821289062,22.063491821289062,21.6931209564209,21.746030807495117,20.31489372253418,5538066,-0.0072727319990906454,21.070986652374266,0.007183125426413863,0.02560357248820488
2020-09-11,21.878305435180664,22.11640167236328,21.772485733032227,21.851850509643555,20.413747787475586,9887228,0.004854360200689286,21.227071285247803,0.007707533263984169,0.02543408937660248
2020-09-14,22.063491821289062,22.063491821289062,21.904760360717773,21.9841251373291,20.53731918334961,5658081,0.006034998751591393,21.366841983795165,0.006799923109539504,0.025137210745675827
2020-09-15,22.010581970214844,22.010581970214844,21.904760360717773,21.931215286254883,20.487890243530273,4404357,-0.002409630719690974,21.498676109313966,0.006404459879239277,0.025220819745136788
2020-09-16,22.010581970214844,22.1693115234375,21.878305435180664,22.037036895751953,20.586748123168945,8258555,0.004813555625801842,21.567459201812746,0.003222925785529613,0.020566783400014322
2020-09-17,22.037036895751953,22.14285659790039,21.957670211791992,21.957670211791992,20.512603759765625,4068446,-0.0036080144761061854,21.674602031707764,0.005134334918480159,0.017741011805905864
2020-09-18,22.14285659790039,22.14285659790039,21.957670211791992,22.063491821289062,20.611461639404297,5401468,0.00480777010172014,21.765871906280516,0.0043178801216728875,0.01733693983149486
2020-09-21,22.089946746826172,22.1693115234375,21.878305435180664,21.904760360717773,20.463176727294922,4590375,-0.007220307484914586,21.85978717803955,0.0044824917749034035,0.017203834682279904
2020-09-22,21.878305435180664,21.878305435180664,21.455026626586914,21.61375617980957,20.19132423400879,6641987,-0.013374009113637387,21.908728981018065,0.0023172590020631737,0.016544911797843044
2020-09-23,21.64021110534668,21.746030807495117,21.164020538330078,21.269840240478516,19.870040893554688,7767208,-0.016039853999096507,21.93121576309204,0.0010685515508257908,0.016956540498074678
2020-09-24,21.05820083618164,21.243385314941406,20.740739822387695,20.846559524536133,19.474618911743164,10501378,-0.0201011943425966,21.914019966125487,-0.000818144316899444,0.0171150210828294
2020-09-25,20.873014450073242,21.164020538330078,20.58201026916504,20.793649673461914,19.425189971923828,7282701,-0.002541287883429431,21.837300395965578,-0.0035597849996556775,0.011692452088088898
2020-09-28,20.89946937561035,21.08465576171875,20.714284896850586,20.846559524536133,19.474618911743164,5182718,0.002541287883429485,21.736771297454833,-0.004603734137922649,0.009960602318185225
2020-09-29,20.740739822387695,20.740739822387695,20.449735641479492,20.55555534362793,19.2027645111084,15297576,-0.014057686383300821,21.65740623474121,-0.00371918529104348,0.00801951524896508
2020-09-30,20.55555534362793,20.634920120239258,20.396825790405273,20.58201026916504,19.227479934692383,8524782,0.0012861689207862726,21.589945983886718,-0.003174678557567171,0.007968467626027305
2020-10-05,20.634920120239258,21.08465576171875,20.60846519470215,20.767194747924805,19.400476455688477,10066247,0.008957159723147964,21.522485637664794,-0.0031472462152878954,0.008011272240814209
2020-10-06,20.89946937561035,21.13756561279297,20.873014450073242,21.11111068725586,19.721757888793945,8826916,0.0164249086708656,21.48015766143799,-0.001965852195351274,0.009055779417354132
2020-10-07,21.13756561279297,21.216930389404297,21.005290985107422,21.03174591064453,19.64761734008789,7298335,-0.003766468476156284,21.43518419265747,-0.0020938985616743106,0.00906256587613285
2020-10-08,21.05820083618164,21.11111068725586,20.714284896850586,20.793649673461914,19.425189971923828,9029822,-0.01138537033877217,21.379628658294678,-0.0026028172669379694,0.009292999040022277
2020-10-12,20.846559524536133,20.89946937561035,20.4761905670166,20.55555534362793,19.2027645111084,9177760,-0.011516398499871357,21.312168407440186,-0.003178637191931537,0.00947818185138314
2020-10-13,20.58201026916504,20.687829971313477,20.52910041809082,20.60846519470215,19.252193450927734,6251789,0.002570685735739249,21.25529012680054,-0.0026864663051900423,0.009509914912319003
2020-10-14,20.60846519470215,20.661375045776367,20.55555534362793,20.60846519470215,19.252193450927734,5343895,0.0,21.193120861053465,-0.0029291843152245067,0.00936821599407342
2020-10-15,20.634920120239258,20.687829971313477,20.317459106445312,20.396825790405273,19.054479598999023,8386927,-0.010322632933930757,21.113755893707275,-0.0037470658995006137,0.009257809920689584
2020-10-16,20.396825790405273,20.396825790405273,20.185184478759766,20.211639404296875,18.88148307800293,7867894,-0.009120643637417618,21.027777099609374,-0.004082616545386946,0.009328136741095394
2020-10-19,20.238094329833984,20.423280715942383,20.238094329833984,20.396825790405273,19.054479598999023,5584131,0.009120643637417544,20.945766544342042,-0.003867262144806161,0.00959036033555325
2020-10-20,20.423280715942383,20.60846519470215,20.317459106445312,20.370370864868164,19.029766082763672,6776551,-0.001297853736387856,20.866401576995848,-0.0037517541078202444,0.0096075437028264
2020-10-21,20.396825790405273,20.60846519470215,20.396825790405273,20.396825790405273,19.054479598999023,6405992,0.0012978537363877508,20.78306827545166,-0.003927249926086864,0.009474092466118389
2020-10-22,20.423280715942383,20.55555534362793,20.343915939331055,20.55555534362793,19.2027645111084,7329839,0.007751947198191435,20.715608024597167,-0.0031786371919315633,0.009786567405167547
2020-10-23,20.60846519470215,20.634920120239258,20.4761905670166,20.4761905670166,19.12862205505371,3942865,-0.003868462032233169,20.65872974395752,-0.0027033598378613526,0.00949175156694767
2020-10-26,20.4761905670166,20.687829971313477,20.449735641479492,20.50264549255371,19.153337478637695,4628634,0.0012911508357062913,20.62037000656128,-0.001836809596121212,0.008987855727368438
2020-10-27,20.740739822387695,22.037036895751953,20.740739822387695,21.719575881958008,20.290180206298828,49023058,0.05766004202615061,20.664020824432374,0.002051252222316148,0.015284661333746752
2020-10-28,21.719575881958008,21.904760360717773,21.375661849975586,21.455026626586914,20.043041229248047,19491575,-0.012255008775582806,20.697089672088623,0.0015655661777084797,0.015589565386902936
2020-10-29,21.164020538330078,21.296295166015625,20.92592430114746,21.190475463867188,19.795900344848633,12949011,-0.012407149332750706,20.714285469055177,0.00081814431689947,0.01589566042605212
2020-10-30,21.190475463867188,21.428571701049805,20.89946937561035,20.89946937561035,19.524045944213867,11623891,-0.013828040231714323,20.7314811706543,0.000829626624478795,0.015884428212577635
2020-11-02,20.89946937561035,21.08465576171875,20.793649673461914,21.005290985107422,19.622901916503906,6269530,0.005050587739024041,20.752645206451415,0.0010178475653906834,0.015912401109926057
2020-11-03,21.190475463867188,21.322750091552734,21.13756561279297,21.190475463867188,19.795900344848633,7264199,0.008777452492690144,20.773809242248536,0.0010088622038677923,0.015907732063925737
2020-11-04,21.322750091552734,21.322750091552734,21.05820083618164,21.164020538330078,19.77118492126465,6054150,-0.0012492146749219458,20.776454734802247,0.00012515603657841504,0.015491744048552126
2020-11-05,21.216930389404297,21.481481552124023,21.164020538330078,21.296295166015625,19.894756317138672,7646544,0.0062305262404900065,20.7896821975708,0.0006250057724107295,0.015520821920147369
2020-11-06,21.375661849975586,21.455026626586914,21.190475463867188,21.190475463867188,19.795900344848633,7164659,-0.004981311565567995,20.809523487091063,0.0009452087110709384,0.015324822330532097
2020-11-09,21.349206924438477,21.375661849975586,21.216930389404297,21.269840240478516,19.870040893554688,7676656,0.0037383080046070783,20.845237731933594,0.00170794403629486,0.015049091344561186
2020-11-10,21.375661849975586,21.798940658569336,21.269840240478516,21.507936477661133,20.09246826171875,16736985,0.011131887356620988,20.890211296081542,0.002136004117338947,0.015195964719634357
2020-11-11,21.481481552124023,21.904760360717773,21.481481552124023,21.904760360717773,20.463176727294922,20831493,0.018281975756112713,20.955026054382323,0.0030501029051445824,0.015605073207033311
2020-11-12,21.957670211791992,21.9841251373291,21.56084632873535,21.61375617980957,20.19132423400879,11515768,-0.013374009113637387,21.01587257385254,0.002897534096159252,0.015756876081479333
2020-11-13,21.428571701049805,21.64021110534668,21.375661849975586,21.534391403198242,20.1171817779541,10564975,-0.0036787148723767624,21.082010173797606,0.003169630534411294,0.015584461657826383
2020-11-16,21.64021110534668,21.746030807495117,21.534391403198242,21.58730125427246,20.166610717773438,10037094,0.0024539796267505033,21.141533946990968,0.002836297333877942,0.015521646746837956
2020-11-17,21.6931209564209,21.6931209564209,21.58730125427246,21.61375617980957,20.19132423400879,8156920,0.0012247352456262193,21.203703212738038,0.0029624267829786457,0.015496513345491254
2020-11-18,21.61375617980957,21.6931209564209,21.61375617980957,21.66666603088379,20.240753173828125,6065276,0.0024449797265953138,21.267195224761963,0.0030197830824890237,0.015492150380111237
2020-11-19,21.798940658569336,22.037036895751953,21.746030807495117,21.904760360717773,20.463176727294922,18545987,0.010929029387042027,21.334655475616454,0.0031786371919315533,0.015559369916761854
2020-11-20,21.957670211791992,22.010581970214844,21.772485733032227,21.904760360717773,20.463176727294922,9266902,0.0,21.406083965301512,0.0033720602935432124,0.01549104958715806
2020-11-23,21.957670211791992,21.9841251373291,21.851850509643555,21.851850509643555,20.413747787475586,9435883,-0.00241837179840141,21.473544216156007,0.0031865841618378262,0.015539407664412214
2020-11-24,21.878305435180664,21.904760360717773,21.6931209564209,21.6931209564209,20.265464782714844,8571013,-0.007290405799696163,21.472221469879152,-6.093822945451178e-05,0.008942719161345434
2020-11-25,21.746030807495117,21.798940658569336,21.534391403198242,21.58730125427246,20.166610717773438,10280133,-0.004889966761166085,21.47883520126343,0.00030731387126632425,0.008557496749872913
2020-11-26,21.58730125427246,21.6931209564209,21.56084632873535,21.6931209564209,20.265464782714844,5524415,0.004889966761165987,21.503967475891113,0.001172169675962159,0.008064763785956726
2020-11-27,21.6931209564209,21.957670211791992,21.58730125427246,21.878305435180664,20.438461303710938,8809594,0.008500322763988169,21.552909278869627,0.0022885878257472834,0.0073967831708189385
2020-11-30,21.931215286254883,22.301586151123047,21.904760360717773,22.248676300048828,20.784460067749023,33839499,0.01678698827325051,21.6150785446167,0.002875407852458607,0.008062987044077676
2020-12-01,22.328041076660156,22.486772537231445,21.904760360717773,22.037036895751953,20.586748123168945,14267112,-0.009557981579840448,21.657406616210938,0.0019586361488320774,0.00839225544019084
2020-12-02,22.11640167236328,22.14285659790039,21.798940658569336,21.825395584106445,20.389034271240234,11763526,-0.009650306294575684,21.690475368499754,0.0015385815678493904,0.008763312870387388
2020-12-03,21.904760360717773,22.037036895751953,21.798940658569336,21.931215286254883,20.487890243530273,8511168,0.004836750668773879,21.72222137451172,0.001468892789263584,0.008729513885638657
2020-12-04,22.010581970214844,22.11640167236328,21.931215286254883,21.9841251373291,20.53731918334961,7822392,0.002409630719690972,21.761903858184816,0.0018384399035265321,0.008597528381529985
2020-12-07,22.089946746826172,22.22222137451172,22.037036895751953,22.089946746826172,20.63617706298828,12538282,0.0048019984684803604,21.802909183502198,0.0018916244267201965,0.008613175341635259
2020-12-08,22.14285659790039,22.14285659790039,21.772485733032227,21.798940658569336,20.364320755004883,17185701,-0.013261231721688816,21.817459392547608,0.0006719684728047062,0.008956104584882083
2020-12-09,21.746030807495117,21.746030807495117,21.11111068725586,21.375661849975586,19.968900680541992,28499754,-0.019608396885720497,21.7910044670105,-0.0012225501592869543,0.009042068996412609
2020-12-10,21.269840240478516,21.481481552124023,21.216930389404297,21.349206924438477,19.944185256958008,9135800,-0.0012383854966402528,21.777777004241944,-0.0006157689784370977,0.008579043778735697
2020-12-11,21.375661849975586,21.56084632873535,21.296295166015625,21.455026626586914,20.043041229248047,9778965,0.004944366897788854,21.773808765411378,-0.0001846148899288168,0.008633519278291391
2020-12-14,21.481481552124023,21.534391403198242,21.402116775512695,21.402116775512695,19.993614196777344,7278881,-0.002469127606504628,21.76454954147339,-0.0004307702515915734,0.008624507355972325
2020-12-15,21.428571701049805,21.507936477661133,21.349206924438477,21.402116775512695,19.993614196777344,5852759,0.0,21.753967571258546,-0.0004920070138728843,0.008616478341766334
2020-12-16,21.481481552124023,21.66666603088379,21.455026626586914,21.56084632873535,20.141897201538086,6274212,0.007389167970268258,21.748676586151124,-0.0002447976016892371,0.008774649668868057
2020-12-17,21.56084632873535,21.58730125427246,21.322750091552734,21.56084632873535,20.141897201538086,5503602,0.0,21.731480884552003,-0.0007912490710413386,0.008373292100923952
2020-12-18,21.534391403198242,21.61375617980957,21.455026626586914,21.481481552124023,20.0677547454834,5793931,-0.003687759025249271,21.710316944122315,-0.000975637022303802,0.008395525462478905
2020-12-21,21.481481552124023,21.534391403198242,21.269840240478516,21.481481552124023,20.0677547454834,6636905,0.0,21.69179849624634,-0.0008547184323837314,0.008391066884957773
2020-12-22,21.481481552124023,21.507936477661133,21.269840240478516,21.296295166015625,19.894756317138672,7331980,-0.008658119105697052,21.671957206726074,-0.0009231040976837759,0.008451631807816372
2020-12-23,21.269840240478516,21.375661849975586,21.190475463867188,21.216930389404297,19.820613861083984,6014847,-0.003733655481138489,21.653438663482667,-0.0008652885336823963,0.008426986322093502
2020-12-24,21.296295166015625,21.56084632873535,21.296295166015625,21.481481552124023,20.0677547454834,4804574,0.012391774586835536,21.642856693267824,-0.0004901981423989188,0.008852834140372995
2020-12-25,21.58730125427246,21.61375617980957,21.455026626586914,21.481481552124023,20.0677547454834,4070729,0.0,21.62301549911499,-0.0009152142805983271,0.008598894750637097
2020-12-28,21.481481552124023,21.507936477661133,21.402116775512695,21.455026626586914,20.043041229248047,5734471,-0.0012322813385144066,21.583333015441895,-0.0018161777611865732,0.007523215578296022
2020-12-29,21.481481552124023,21.56084632873535,21.428571701049805,21.481481552124023,20.0677547454834,6402624,0.0012322813385144162,21.555555248260497,-0.00127666461526883,0.007323044980479759
2020-12-30,21.481481552124023,21.64021110534668,21.455026626586914,21.56084632873535,20.141897201538086,8061738,0.003687759025249219,21.542327785491942,-0.0006097613492775849,0.007124993797676996
2020-12-31,21.58730125427246,21.66666603088379,21.56084632873535,21.64021110534668,20.216039657592773,5943311,0.0036742094110336554,21.527777576446532,-0.000667888412164596,0.007082838907957307
2021-01-04,21.66666603088379,21.6931209564209,21.534391403198242,21.534391403198242,20.1171817779541,7362672,-0.004901951976221138,21.50529088973999,-0.0010334675469602015,0.007104293516884814
2021-01-05,21.534391403198242,21.64021110534668,21.507936477661133,21.534391403198242,20.1171817779541,7100461,0.0,21.477513122558594,-0.0012735674703842196,0.006976694939113834
2021-01-06,21.64021110534668,21.64021110534668,21.216930389404297,21.269840240478516,19.870040893554688,11682687,-0.012361139126719779,21.451058101654052,-0.0012285628406357677,0.006897752555014867
2021-01-07,21.375661849975586,21.428571701049805,21.296295166015625,21.296295166015625,19.894756317138672,5022009,0.0012430035609609427,21.447089767456056,-0.00018599281830169564,0.005382975658291012
2021-01-08,21.322750091552734,21.428571701049805,21.296295166015625,21.349206924438477,19.944185256958008,7022591,0.0024814708693938416,21.447089767456056,9.063930161978816e-18,0.0054089014227712215
2021-01-11,21.375661849975586,21.61375617980957,21.375661849975586,21.507936477661133,20.09246826171875,6578247,0.007407412926266377,21.449735260009767,0.00012315230142388522,0.005553508847553391
2021-01-12,21.534391403198242,21.66666603088379,21.375661849975586,21.428571701049805,20.018327713012695,8270280,-0.003696847758031268,21.451058006286623,6.17662938475532e-05,0.005590334094017178
2021-01-13,21.481481552124023,21.56084632873535,21.428571701049805,21.534391403198242,20.1171817779541,5753424,0.004926099528129994,21.4576717376709,0.00030807127025405295,0.0056950092199127
2021-01-14,21.534391403198242,21.61375617980957,21.507936477661133,21.534391403198242,20.1171817779541,6495304,0.0,21.456348991394044,-6.138712825935997e-05,0.005445676496329744
2021-01-15,21.534391403198242,21.58730125427246,21.216930389404297,21.296295166015625,19.894756317138672,8861176,-0.011118135565758826,21.443121433258057,-0.0006172939065473013,0.005980317401621443
2021-01-18,21.296295166015625,21.322750091552734,21.005290985107422,21.269840240478516,19.870040893554688,9027826,-0.0012430035609609382,21.43253936767578,-0.0004950561333328847,0.0059390972347879035
2021-01-19,21.269840240478516,21.349206924438477,21.164020538330078,21.164020538330078,19.77118492126465,7025341,-0.0049875226795290505,21.416666316986085,-0.0007444322673093372,0.00602135694311088
2021-01-20,21.164020538330078,21.216930389404297,20.740739822387695,20.820104598999023,19.44990348815918,14210709,-0.01638350833698614,21.392856788635253,-0.0011307017288737914,0.006758418642073339
2021-01-21,20.89946937561035,21.13756561279297,20.793649673461914,20.89946937561035,19.524045944213867,5465585,0.003804682780193715,21.376983737945558,-0.0007537848158071812,0.006815576405781116
2021-01-22,20.89946937561035,20.95237922668457,20.820104598999023,20.95237922668457,19.573474884033203,5226441,0.0025284369044099907,21.350528621673583,-0.0012469516999284586,0.006137428438935991
2021-01-25,20.95237922668457,21.11111068725586,20.846559524536133,21.005290985107422,19.622901916503906,4340301,0.0025221508346141477,21.326719093322755,-0.001120844158197751,0.006190084227598279
2021-01-26,21.005290985107422,21.08465576171875,20.89946937561035,20.89946937561035,19.524045944213867,4213490,-0.005050587739024123,21.298941230773927,-0.0013117594782232369,0.006252272030516249
2021-01-27,21.005290985107422,21.05820083618164,20.873014450073242,20.89946937561035,19.524045944213867,3491565,0.0,21.26984062194824,-0.0013733735451489579,0.006231920582201887
2021-01-28,20.740739822387695,20.873014450073242,20.714284896850586,20.767194747924805,19.400476455688477,6668454,-0.006349203845641851,21.230158042907714,-0.0018752216886935111,0.006206985206901283
2021-01-29,20.767194747924805,20.846559524536133,20.50264549255371,20.50264549255371,19.153337478637695,10594024,-0.01282063984046094,21.173279762268066,-0.002699964151268241,0.006518833574264014
2021-02-01,20.4761905670166,20.60846519470215,20.370370864868164,20.52910041809082,19.178050994873047,4457977,0.0012894859146589486,21.123015213012696,-0.0023903922567242364,0.0065556680919304135
2021-02-02,20.52910041809082,20.89946937561035,20.4761905670166,20.767194747924805,19.400476455688477,3804105,0.011531153925801752,21.084655380249025,-0.001813834560434149,0.007247525878851074
2021-02-03,20.846559524536133,21.03174591064453,20.687829971313477,20.687829971313477,19.326335906982422,5914078,-0.0038289627909978414,21.05555486679077,-0.0013872257436480522,0.00683328233700835
2021-02-04,20.634920120239258,20.873014450073242,20.60846519470215,20.873014450073242,19.499332427978516,5545696,0.008911546763884838,21.03439083099365,-0.0010037985835018575,0.0071942502029580255
2021-02-05,20.873014450073242,21.005290985107422,20.846559524536133,20.89946937561035,19.524045944213867,3534368,0.0012666198727546998,21.011903953552245,-0.0010645411333338145,0.007168356588186323
2021-02-17,21.11111068725586,21.322750091552734,21.08465576171875,21.269840240478516,19.870040893554688,10640730,0.017566348236321465,20.999999141693117,-0.0005565943678310602,0.008099698571770087
2021-02-18,21.296295166015625,21.6931209564209,21.296295166015625,21.64021110534668,20.216039657592773,13107711,0.01726309110294094,21.01058111190796,0.0004914025752175503,0.008980127971151648
2021-02-19,21.61375617980957,21.64021110534668,21.428571701049805,21.64021110534668,20.216039657592773,7238749,0.0,21.015872097015382,0.0002450975988110506,0.008919443237833238
2021-02-22,21.719575881958008,21.904760360717773,21.6931209564209,21.798940658569336,20.364320755004883,12498299,0.007308165709774496,21.029099559783937,0.0006105058842997755,0.009057504244927577
2021-02-23,21.798940658569336,22.14285659790039,21.798940658569336,22.089946746826172,20.63617706298828,16347460,0.01326123172168886,21.068782138824464,0.0018294742486721597,0.009036450852760239
2021-02-24,22.14285659790039,22.3544979095459,21.825395584106445,21.931215286254883,20.487890243530273,14305840,-0.007211629188171346,21.10185089111328,0.001531042967311639,0.00923953645209941
2021-02-25,22.063491821289062,22.14285659790039,21.931215286254883,22.037036895751953,20.586748123168945,9913917,0.004813555625801842,21.145501708984376,0.002021096882578184,0.009134929428493038
2021-02-26,21.904760360717773,22.11640167236328,21.851850509643555,22.063491821289062,20.611461639404297,17030926,0.0011997556256137536,21.207671070098876,0.002900260080708179,0.008052388750521132
2021-03-02,22.248676300048828,22.3544979095459,22.010581970214844,22.010581970214844,20.562034606933594,13406732,-0.002400952393981079,21.2632266998291,0.002589978321999439,0.008134842880401548
2021-03-03,22.11640167236328,22.301586151123047,22.010581970214844,22.248676300048828,20.784460067749023,13846088,0.010759178348207735,21.328041553497314,0.003001515394189326,0.008337242039168729
2021-03-04,22.275131225585938,22.486772537231445,22.1693115234375,22.328041076660156,20.85860252380371,16136878,0.0035608212152131906,21.39417905807495,0.0030534489132192782,0.008337333861317771
2021-03-05,22.22222137451172,22.407407760620117,22.11640167236328,22.301586151123047,20.833887100219727,7559977,-0.0011855321354396011,21.464284896850586,0.0032467016933985043,0.008182967547918588
2021-03-08,22.380952835083008,22.6455020904541,22.328041076660156,22.619047164916992,21.130455017089844,14479454,0.014134542444205181,21.550263786315917,0.003953428815608764,0.00849232762011236
2021-03-09,22.75132179260254,23.015872955322266,22.6455020904541,23.015872955322266,21.50116539001465,19960630,0.017391760158397686,21.66269769668579,0.005140477015810741,0.008634495629292024
2021-03-10,23.015872955322266,23.544973373413086,23.015872955322266,23.20105743408203,21.674161911010742,17496743,0.00801375029656887,21.797618293762206,0.006182196522662231,0.007541067112380708
2021-03-11,23.148147583007812,23.597883224487305,23.068782806396484,23.174602508544922,21.64944839477539,23133979,-0.0011408971188514275,21.92989339828491,0.006060677370986712,0.007642953121664977
2021-03-12,23.22751235961914,23.333332061767578,22.804231643676758,22.910051345825195,21.40230941772461,14855660,-0.011481221910002549,22.037036228179932,0.0049100585791964965,0.008464145931194522
2021-03-15,22.910051345825195,23.148147583007812,22.830686569213867,23.148147583007812,21.62473487854004,8386406,0.010339021658032844,22.16005210876465,0.005618457801648031,0.008285244070927138
2021-03-16,23.148147583007812,23.492063522338867,23.121692657470703,23.492063522338867,21.94601821899414,14690096,0.014747882337367412,22.29100456237793,0.00591027458032216,0.008507145398445963
2021-03-17,23.544973373413086,24.074073791503906,23.544973373413086,23.968252182006836,22.390867233276367,21483834,0.020067487236514706,22.444443702697754,0.006850317948510161,0.008991950916013028
2021-03-18,24.100528717041016,24.259258270263672,23.703702926635742,23.888887405395508,22.31672477722168,16147313,-0.003316740200173395,22.575396060943604,0.005806163526685417,0.008894051949065578
2021-03-19,23.677248001098633,23.677248001098633,23.35978889465332,23.571428298950195,22.020160675048828,15772246,-0.013378075406140002,22.671956920623778,0.00427410520123137,0.009439025432168026
2021-03-22,23.597883224487305,23.75661277770996,23.35978889465332,23.73015785217285,22.16844367980957,10809862,0.0067114091489388905,22.77645425796509,0.004609675658678316,0.00939828972598423
2021-03-23,23.78306770324707,23.915342330932617,23.597883224487305,23.915342330932617,22.341440200805664,10614574,0.007773469081288399,22.88227434158325,0.0046329408272540095,0.009405894178374992
2021-03-24,23.915342330932617,23.994707107543945,23.43915367126465,23.492063522338867,21.94601821899414,14959253,-0.017857549860428805,22.952380180358887,0.003077001748148126,0.010422399713211244
2021-03-25,23.677248001098633,23.994707107543945,23.492063522338867,23.915342330932617,22.341440200805664,16059700,0.017857549860428763,23.051586532592772,0.004330460700578132,0.010625409933650066
2021-03-26,23.941797256469727,24.232803344726562,23.941797256469727,24.206348419189453,22.61329460144043,12597025,0.012094738615442191,23.16005210876465,0.00469451985006015,0.010766632759180505
2021-03-29,26.61375617980957,26.61375617980957,25.264549255371094,25.846559524536133,24.14556121826172,78046756,0.06556256813703117,23.349205493927002,0.007912660475631019,0.01730236458134777
2021-03-30,25.714284896850586,26.05820083618164,25.449735641479492,25.873014450073242,24.17027473449707,21203424,0.0010230141438255685,23.54232711791992,0.008083858802521353,0.017211646945298115
2021-03-31,25.873014450073242,26.296295166015625,25.873014450073242,26.190475463867188,24.46684455871582,20654103,0.012195300347735782,23.73941707611084,0.008155664902497754,0.01722638507976479
2021-04-01,26.296295166015625,26.428571701049805,26.03174591064453,26.243385314941406,24.516271591186523,16511712,0.0020181565212490805,23.935184288024903,0.00807853166779955,0.0172514773514007
2021-04-07,26.507936477661133,26.66666603088379,26.349206924438477,26.455026626586914,24.713985443115234,13259264,0.008032213560491084,24.142856311798095,0.008539418952596084,0.017113532458174374
2021-04-08,26.455026626586914,26.56084632873535,26.296295166015625,26.349206924438477,24.615127563476562,18181720,-0.004008006051425559,24.32936429977417,0.007632291527814547,0.017281358582667758
2021-04-09,26.349206924438477,26.402116775512695,25.97883415222168,26.164020538330078,24.442129135131836,15542394,-0.0070529717071639445,24.486771678924562,0.006410054934536466,0.017418674518009124
2021-04-12,26.216930389404297,26.455026626586914,26.216930389404297,26.428571701049805,24.68927001953125,9632296,0.010060481250013326,24.64814739227295,0.006512391482208687,0.01743459738779129
2021-04-13,26.507936477661133,26.719575881958008,26.375661849975586,26.375661849975586,24.639842987060547,14693035,-0.002004001013681692,24.808200359344482,0.006469236287467176,0.017455593889592915
2021-04-14,26.375661849975586,26.455026626586914,25.92592430114746,26.216930389404297,24.491558074951172,13100935,-0.006036285179475822,24.973544311523437,0.006741483123993512,0.01720150567704462
2021-04-15,26.269840240478516,26.61375617980957,26.216930389404297,26.507936477661133,24.763410568237305,11214878,0.011038777737296637,25.141533756256102,0.006776470927956702,0.017209917777337564
2021-04-16,26.56084632873535,27.248676300048828,26.507936477661133,27.19576644897461,25.405973434448242,19586555,0.025617138052541746,25.326718902587892,0.007319933713715418,0.017641106944029324
2021-04-19,27.619047164916992,28.25396728515625,27.513227462768555,28.095237731933594,26.24625015258789,21551809,0.03253877031547995,25.53306818008423,0.007943497867663681,0.01832265980411743
2021-04-20,28.095237731933594,28.20105743408203,27.67195701599121,28.095237731933594,26.24625015258789,11627463,0.0,25.74338569641113,0.00810933487767235,0.018230156540602296
2021-04-21,27.989416122436523,28.677248001098633,27.830686569213867,28.624338150024414,26.740528106689453,14581926,0.01865725396540831,25.996031188964842,0.009711101346249765,0.017640668059884845
2021-04-22,28.624338150024414,28.994707107543945,27.77777671813965,27.883596420288086,26.04853630065918,26733620,-0.026218766214040623,26.203703117370605,0.008064592578100788,0.019385843491323034
2021-04-23,27.883596420288086,28.20105743408203,27.619047164916992,28.148147583007812,26.295679092407227,11624104,0.009442973202161066,26.415343379974367,0.008148067784144423,0.01938811823824781
2021-04-26,28.677248001098633,28.994707107543945,28.30687713623047,28.73015785217285,26.839384078979492,15588107,0.020465820109915354,26.677248096466066,0.010064236282661631,0.018558703854716575
2021-04-27,28.78306770324707,28.78306770324707,28.30687713623047,28.624338150024414,26.740528106689453,10248007,-0.003690027098035762,26.912697887420656,0.008986857434738404,0.018707321121843274
2021-04-28,28.624338150024414,28.624338150024414,28.30687713623047,28.41269874572754,26.54281997680664,9245955,-0.007421156046168343,27.12301540374756,0.008011062701657877,0.019042658319088693
2021-04-29,28.41269874572754,28.518518447875977,28.095237731933594,28.095237731933594,26.24625015258789,11041429,-0.01123609791923985,27.23544931411743,0.0041711293988443265,0.013866296777251165
2021-05-03,28.095237731933594,28.41269874572754,27.936506271362305,28.095237731933594,26.24625015258789,13209924,0.0,27.34656047821045,0.004119978691653049,0.013880400613980876
2021-05-04,28.41269874572754,28.888887405395508,26.349206924438477,27.619047164916992,25.80139923095703,35565768,-0.017094436870783568,27.41798906326294,0.002655491830727081,0.014514223650535424
2021-05-05,27.619047164916992,28.30687713623047,27.3544979095459,27.77777671813965,25.949684143066406,13283367,0.005730653004672366,27.494708633422853,0.0028411166548982453,0.01452937562287182
2021-05-06,27.989416122436523,28.30687713623047,27.77777671813965,28.042327880859375,26.196823120117188,9323462,0.009478776343483455,27.574073696136473,0.002913444794047864,0.014560145270536663
2021-05-07,28.20105743408203,28.30687713623047,27.830686569213867,28.30687713623047,26.44396209716797,6989463,0.009389704752275197,27.671957206726074,0.003583330334232902,0.014533118809309749
2021-05-10,28.41269874572754,28.941797256469727,28.20105743408203,28.888887405395508,26.987668991088867,16777936,0.020352218852800613,27.808200550079345,0.00495358986223113,0.014767552948655747
2021-05-11,28.624338150024414,29.5238094329834,27.989416122436523,28.465608596801758,26.592247009277344,27554158,-0.014760359622590409,27.910052394866945,0.003712547818600943,0.015347359689429884
2021-05-12,28.35978889465332,28.41269874572754,25.767194747924805,26.56084632873535,24.81283950805664,44842480,-0.06925845381773857,27.919311618804933,0.0003498251783980992,0.022409135375718345
2021-05-13,25.89946937561035,26.878305435180664,25.661375045776367,26.375661849975586,24.639842987060547,19042596,-0.006996503567961779,27.927248191833495,0.00030181425897380173,0.022424560850053305
2021-05-14,27.460317611694336,27.77777671813965,26.719575881958008,26.9841251373291,25.208263397216797,21512728,0.022807049893293286,27.951057624816894,0.0008902278667736341,0.022871076070445105
2021-05-17,25.661375045776367,26.66666603088379,25.4761905670166,25.634920120239258,23.94784927368164,26811203,-0.051293246024745595,27.873015308380126,-0.002955291337090733,0.02487290937301665
2021-05-18,25.97883415222168,27.14285659790039,25.95237922668457,26.9841251373291,25.208263397216797,16159326,0.051293246024745505,27.817459678649904,-0.002017567551627455,0.026576661376234118
2021-05-19,26.9841251373291,27.460317611694336,26.825395584106445,27.089946746826172,25.307119369506836,13454656,0.0039139550953083855,27.76719512939453,-0.001821869796862036,0.026606692962975152
2021-05-20,27.3544979095459,27.407407760620117,26.825395584106445,26.9841251373291,25.208263397216797,10461614,-0.003913955095308407,27.685184478759766,-0.002950430249897872,0.026167391756069896
2021-05-21,27.248676300048828,27.407407760620117,27.037036895751953,27.3544979095459,25.55426025390625,7297157,0.013632237521159583,27.658729553222656,-0.0009578800631378613,0.02581725221010877
2021-05-24,27.14285659790039,27.407407760620117,26.9841251373291,27.248676300048828,25.455402374267578,7674496,-0.0038760289493782935,27.613755989074708,-0.0016238301707148296,0.02570638644310962
2021-05-25,27.407407760620117,27.460317611694336,27.248676300048828,27.3544979095459,25.55426025390625,6680335,0.0038760289493782697,27.54497299194336,-0.002453319728741683,0.025219126531860828
2021-05-26,27.3544979095459,27.460317611694336,27.14285659790039,27.407407760620117,25.603687286376953,5304644,0.0019323603476019038,27.484126472473143,-0.0021722003564598005,0.025235946271513342
2021-05-27,27.407407760620117,27.513227462768555,27.14285659790039,27.513227462768555,25.702543258666992,12117799,0.0038535545945103185,27.439152908325195,-0.0016084648244258672,0.025238451170314376
2021-05-28,27.566137313842773,27.830686569213867,27.566137313842773,27.72486686706543,25.90025520324707,6893941,0.007662843639742104,27.42063436508179,-0.0006635177464767696,0.025212795700927465
2021-05-31,27.936506271362305,27.936506271362305,27.566137313842773,27.77777671813965,25.949684143066406,8284945,0.0019065710634243356,27.40476131439209,-0.0005681891933055527,0.025219040033597127
2021-06-01,27.72486686706543,27.830686569213867,27.67195701599121,27.77777671813965,25.949684143066406,4714372,0.0,27.412697792053223,0.0002865326502336256,0.024917331330635686
2021-06-02,27.77777671813965,27.883596420288086,27.619047164916992,27.77777671813965,25.949684143066406,6438432,0.0,27.412697792053223,7.296680620827445e-18,0.02488436017758304
2021-06-03,27.830686569213867,27.936506271362305,27.77777671813965,27.883596420288086,26.04853630065918,4229133,0.003802271617478645,27.404761219024657,-0.0002838252363002332,0.024802796086746706
2021-06-04,27.883596420288086,27.883596420288086,27.67195701599121,27.77777671813965,25.949684143066406,3817352,-0.0038022716174787963,27.378306198120118,-0.0009434240547879329,0.024707228913570994
2021-06-07,27.77777671813965,27.77777671813965,27.248676300048828,27.619047164916992,25.80139923095703,7041261,-0.005730653004672351,27.314814186096193,-0.002247567647661581,0.02420732098388375
2021-06-08,27.72486686706543,27.72486686706543,27.513227462768555,27.67195701599121,25.850826263427734,3355691,0.0019138689198469193,27.275131607055663,-0.0014138562205397145,0.024040250777593454
2021-06-09,27.619047164916992,27.72486686706543,27.513227462768555,27.566137313842773,25.751970291137695,3844123,-0.0038314077588026936,27.325396156311037,0.0018574960824070791,0.018019959264596278
2021-06-10,27.566137313842773,27.72486686706543,27.513227462768555,27.67195701599121,25.850826263427734,3316328,0.0038314077588028077,27.390210914611817,0.0023988916487453086,0.017902220592001458
2021-06-11,27.830686569213867,28.35978889465332,27.77777671813965,28.148147583007812,26.295679092407227,8558046,0.017062028904465332,27.448412036895753,0.002111640599303911,0.01760108392043006
2021-06-15,28.30687713623047,28.518518447875977,28.25396728515625,28.41269874572754,26.54281997680664,6985018,0.009354636965711254,27.587300968170165,0.005144034748826754,0.012360028410334836
2021-06-16,28.41269874572754,28.465608596801758,28.148147583007812,28.25396728515625,26.394533157348633,6280241,-0.005602301559220896,27.650793075561523,0.0022992573696284336,0.0061836568115337075
2021-06-17,28.20105743408203,28.25396728515625,28.095237731933594,28.148147583007812,26.295679092407227,5060932,-0.003752335406490435,27.703703117370605,0.0019159428445384926,0.006314521882860999
2021-06-18,28.148147583007812,28.571428298950195,28.148147583007812,28.571428298950195,26.69110107421875,9794996,0.01492566075728679,27.78306827545166,0.0028579236371682522,0.006786631749177977
2021-06-21,28.465608596801758,28.83597755432129,28.35978889465332,28.518518447875977,26.64167594909668,10534293,-0.0018535615896558692,27.841269302368165,0.0020836336816274794,0.00636284773280697
2021-06-22,28.518518447875977,28.677248001098633,28.465608596801758,28.465608596801758,26.592247009277344,6314970,-0.0018570036613015748,27.902115917205812,0.0021845849460313156,0.006278778019664564
2021-06-23,28.465608596801758,28.624338150024414,28.41269874572754,28.571428298950195,26.69110107421875,6184059,0.003710565250957489,27.962962436676026,0.0021763117611102766,0.006276540612500622
2021-06-24,28.677248001098633,28.941797256469727,28.677248001098633,28.677248001098633,26.78995704650879,10471945,0.003696847840143201,28.02645444869995,0.0022645361357373412,0.006285325959880242
2021-06-25,28.888887405395508,29.100528717041016,28.83597755432129,28.994707107543945,27.086524963378906,9488136,0.011009243999761534,28.10052843093872,0.002622320605999902,0.006577416975964958
2021-06-28,29.100528717041016,30.4761905670166,29.100528717041016,30.4761905670166,28.470508575439453,29133353,0.0498324418146418,28.23809461593628,0.004730800514744888,0.012431836865182858
2021-06-29,30.687829971313477,30.740739822387695,29.735448837280273,30.0,28.025657653808594,15919305,-0.01574835994837139,28.349205780029298,0.003848053964155101,0.013243261843464452
2021-06-30,30.05290985107422,30.158729553222656,29.735448837280273,29.94708824157715,27.976226806640625,9114156,-0.0017652824754398522,28.45767135620117,0.0037597898403831085,0.013276100244620028
2021-07-01,29.94708824157715,30.370370864868164,29.788358688354492,29.94708824157715,27.976226806640625,7707682,0.0,28.56613693237305,0.0037597898403831085,0.013276100244620028
2021-07-02,30.05290985107422,30.211639404296875,29.788358688354492,29.84126853942871,27.87737274169922,6078500,-0.0035398133797815293,28.664020538330078,0.0033926855905200997,0.013375997765565601
2021-07-05,30.0,30.317459106445312,29.94708824157715,30.0,28.025657653808594,7459210,0.005305095855221471,28.775131702423096,0.003848053964155113,0.013272789150710923
2021-07-06,30.211639404296875,30.211639404296875,30.0,30.05290985107422,28.075084686279297,5451506,0.0017621082773828698,28.896824836730957,0.004222692028257874,0.013092714272846091
2021-07-07,30.158729553222656,31.481481552124023,30.158729553222656,31.269840240478516,29.21192741394043,23404565,0.03969457248225535,29.07671899795532,0.0061117272063782955,0.015284182973688483
2021-07-08,31.58730125427246,33.756614685058594,31.534391403198242,33.28042221069336,31.09018898010254,39696951,0.06231524007013155,29.362433242797852,0.009419059597825009,0.019574041226275332
2021-07-09,33.17460250854492,34.02116394042969,32.80423355102539,33.28042221069336,31.09018898010254,26843131,0.0,29.642856502532958,0.009227489209884868,0.01965020631335798
2021-07-12,33.703704833984375,34.65608215332031,33.54497146606445,34.603172302246094,32.325889587402344,22226090,0.038976060404951746,29.965607738494874,0.010323190784909187,0.02069333453845125
2021-07-13,35.07936477661133,35.07936477661133,33.703704833984375,33.86243438720703,31.633901596069336,23984107,-0.021639093111548467,30.238094520568847,0.008773504281046202,0.0218953091855153
2021-07-14,33.86243438720703,33.96825408935547,32.91005325317383,33.492061614990234,31.287900924682617,16346817,-0.010997825752065683,30.499999237060546,0.008503728071403961,0.022113907074523202
2021-07-15,33.756614685058594,34.338623046875,33.756614685058594,34.28571319580078,32.029319763183594,10522597,0.02342029846427103,30.806877517700194,0.009862359764942036,0.022155964166324624
2021-07-16,34.28571319580078,34.7089958190918,33.80952453613281,34.7089958190918,32.424747467041016,11821124,0.012270156363938411,31.113755893707275,0.009729584545274617,0.022131967944693246
2021-07-19,34.97354507446289,36.243385314941406,34.86772537231445,35.238094329833984,32.91902542114258,22956017,0.015128823838338688,31.449734687805176,0.010578703816674345,0.021989493348574477
2021-07-20,34.86772537231445,35.238094329833984,34.550262451171875,34.814815521240234,32.52360153198242,13735592,-0.012084693149147348,31.7671950340271,0.010067319342282057,0.022408845758988574
2021-07-21,35.39682388305664,35.39682388305664,33.86243438720703,34.44444274902344,32.17760467529297,19213413,-0.010695358629592117,32.06084575653076,0.009347023148254575,0.0228510911159462
2021-07-22,34.7089958190918,34.7089958190918,34.179893493652344,34.39153289794922,32.128177642822266,14629558,-0.001537273525847206,32.34656000137329,0.009085317079955055,0.022948969212432144
2021-07-23,34.603172302246094,35.185184478759766,34.28571319580078,35.13227462768555,32.820167541503906,27253440,0.02130981565304808,32.65343837738037,0.009600345662619383,0.023109442535923185
2021-07-26,35.02645492553711,35.13227462768555,34.179893493652344,34.28571319580078,32.469417572021484,15590097,-0.02439147055073848,32.84391450881958,0.005889150044350369,0.022252430857699842
2021-07-27,34.28571319580078,34.28571319580078,32.80423355102539,32.85714340209961,31.11652946472168,19339759,-0.04255956604401138,32.98677167892456,0.004548589739568369,0.024334724070075947
2021-07-28,32.80423355102539,32.80423355102539,31.216930389404297,32.48677062988281,30.765775680541992,17465892,-0.011336227530308409,33.113755798339845,0.004070042486824941,0.024558500943939104
2021-07-29,33.22751235961914,33.22751235961914,32.328041076660156,32.91005325317383,31.166635513305664,8428929,0.012945232176390499,33.261904048919675,0.004717304095644466,0.024616109613990456
2021-07-30,32.91005325317383,33.33333206176758,32.69841384887695,33.015872955322266,31.266849517822266,5846276,0.0032102633702376744,33.420634269714355,0.005054807933145426,0.024543106228977242
2021-08-02,33.015872955322266,33.65079116821289,32.85714340209961,33.65079116821289,31.868133544921875,7642179,0.019048123029875318,33.603173828125,0.0057419592918781185,0.024742062935229864
2021-08-03,33.80952453613281,34.02116394042969,33.492061614990234,34.02116394042969,32.2188835144043,7073954,0.010946232299243438,33.80158653259277,0.006201165492971146,0.0247495366509119
2021-08-04,34.179893493652344,34.39153289794922,34.02116394042969,34.39153289794922,32.56963348388672,7244840,0.010827597596263363,33.95767116546631,0.004757816748671548,0.023503843106321455
2021-08-05,34.44444274902344,34.603172302246094,34.074073791503906,34.23280334472656,32.4193115234375,6664077,-0.004626050902220266,34.00529022216797,0.0014107522000539568,0.019259072155325137
2021-08-06,34.23280334472656,34.338623046875,33.96825408935547,34.23280334472656,32.4193115234375,4579736,0.0,34.05290927886963,0.0014107522000539568,0.019259072155325137
2021-08-09,34.126983642578125,34.7089958190918,33.91534423828125,34.338623046875,32.519527435302734,6209948,0.0030864105275190084,34.03968181610107,-0.00038373029381768,0.01712888825974472
2021-08-10,34.338623046875,34.550262451171875,34.126983642578125,34.126983642578125,32.31909942626953,5452583,-0.006182376484569363,34.05290927886963,0.00038910553753127524,0.01645482778615667
2021-08-11,34.44444274902344,34.92063522338867,34.28571319580078,34.550262451171875,32.71995544433594,12682994,0.01232676592012948,34.10581932067871,0.0015553351211410333,0.0164318520824838
2021-08-12,34.761905670166016,35.44973373413086,34.44444274902344,35.44973373413086,33.571773529052734,10818964,0.025700595467918072,34.16402034759521,0.0016693499713233855,0.016598615163935085
2021-08-13,36.243385314941406,36.243385314941406,35.185184478759766,35.873016357421875,33.972633361816406,17508965,0.011869637454151151,34.22222137451172,0.0016493240258340224,0.016585388670432126
2021-08-16,35.608463287353516,35.97883605957031,34.7089958190918,34.86772537231445,33.020599365234375,16671459,-0.028423752469704116,34.20370292663574,-0.0005283047895681178,0.01755334560882529
2021-08-17,34.86772537231445,34.86772537231445,34.86772537231445,34.86772537231445,33.020599365234375,0,0.0,34.20634841918945,7.592986788924972e-05,0.01734131953760677
2021-08-18,33.1216926574707,34.761905670166016,32.91005325317383,34.603172302246094,32.77006149291992,13528102,-0.007616264011571077,34.214284896850586,0.0002298845987903017,0.017254108667674004
2021-08-19,34.44444274902344,34.497352600097656,33.59788131713867,33.65079116821289,31.868133544921875,10139131,-0.027908795397159715,34.17724781036377,-0.0010886914947753237,0.018367979372278777
2021-08-20,33.703704833984375,33.96825408935547,32.91005325317383,33.33333206176758,31.567489624023438,8797764,-0.009478708326708872,34.08730068206787,-0.002628117693763171,0.01766884450654843
2021-08-23,33.756614685058594,34.39153289794922,33.756614685058594,34.28571319580078,32.469417572021484,7018155,0.02817088332452534,34.08730068206787,1.960237527853792e-17,0.018163538001109224
2021-08-24,34.603172302246094,34.603172302246094,33.91534423828125,34.28571319580078,32.469417572021484,5241225,0.0,34.15872917175293,0.0021279783022005888,0.015159651514342337
2021-08-25,34.338623046875,34.761905670166016,34.23280334472656,34.603172302246094,32.77006149291992,6495584,0.009216620399343164,34.264549255371094,0.003155620698683167,0.014893178722718696
2021-08-26,34.761905670166016,34.761905670166016,34.44444274902344,34.550262451171875,32.71995544433594,4997725,-0.0015302164407940415,34.346559715271,0.00243184826782394,0.014743370183612747
2021-08-27,34.550262451171875,35.44973373413086,34.550262451171875,35.39682388305664,33.521671295166016,11351532,0.024206948840883712,34.465607261657716,0.003481682541356242,0.015528375313916752
2021-08-30,35.50264358520508,35.925926208496094,35.50264358520508,35.76719665527344,33.87242126464844,9836835,0.010409083509791046,34.571427536010745,0.0030497305653520287,0.015189022217257873
2021-08-31,35.76719665527344,36.931217193603516,35.238094329833984,36.666664123535156,34.724239349365234,22352999,0.024836828959414435,34.70370254516602,0.0037442603983605786,0.015871352884713787
2021-09-01,36.666664123535156,38.20105743408203,36.45502471923828,37.72486877441406,35.726383209228516,25632905,0.028451518403600832,34.870369338989256,0.004625456438727452,0.016750242431047297
2021-09-02,37.8306884765625,38.35978698730469,36.56084442138672,36.71957778930664,34.774349212646484,20915994,-0.0270094585961512,34.99470806121826,0.0035062860540309047,0.01809473378269146
2021-09-03,36.8783073425293,37.4603157043457,36.77248764038086,36.984127044677734,35.02488327026367,8706445,0.007178754231801097,35.13227424621582,0.00386522376562096,0.018092721243159825
2021-09-06,37.61904525756836,39.6296272277832,37.61904525756836,38.94179916381836,36.878849029541016,38390592,0.051579380559170766,35.36243305206299,0.006289872267203548,0.020998797558314117
2021-09-07,38.94179916381836,40.264549255371094,38.62433624267578,40.264549255371094,38.13152313232422,28479965,0.033403208367781434,35.669311332702634,0.008269151509821087,0.021617811318907453
2021-09-08,40.47618865966797,40.582008361816406,39.47089767456055,39.735450744628906,37.630455017089844,23868371,-0.013227655636385354,35.92857074737549,0.0069914304319953465,0.022114846903693017
2021-09-09,39.576717376708984,41.58729934692383,39.41798782348633,41.53438949584961,39.3340950012207,26723658,0.044277991540002726,36.23280353546143,0.007920300235599578,0.023300396900369977
2021-09-10,41.85185241699219,43.068782806396484,41.48147964477539,42.96296310424805,40.686988830566406,34794051,0.03381667474862125,36.587300872802736,0.009017652100323084,0.024002415168756012
2021-09-13,43.015872955322266,44.814815521240234,42.433860778808594,43.1216926574707,40.837310791015625,53523756,0.003687759025249219,36.99999923706055,0.01062322767507075,0.0223856089465202
2021-09-14,43.65079116821289,44.179893493652344,42.69841384887695,44.179893493652344,41.839454650878906,34547466,0.024243606842496903,37.46560764312744,0.011835408017195594,0.022436422935902763
2021-09-15,43.756614685058594,44.97354507446289,43.703704833984375,44.761905670166016,42.39063262939453,29724727,0.013087670579209697,37.97354431152344,0.012870604746734635,0.02196436873000872
2021-09-16,44.97354507446289,45.238094329833984,43.91534423828125,44.39153289794922,42.039878845214844,23064006,-0.008308707075681192,38.51058139801025,0.013850609162808558,0.020432986721054106
2021-09-17,44.44444274902344,45.34391403198242,44.23280334472656,44.97354507446289,42.591060638427734,37617494,0.013025678906816876,39.09259204864502,0.014975828524484846,0.01968666802910487
2021-09-22,44.338623046875,44.7089958190918,41.269840240478516,43.54497146606445,41.23816680908203,65659068,-0.03228019879288778,39.555554962158205,0.011953274418614192,0.022052615364481217
2021-09-23,45.5555534362793,46.37036895751953,44.074073791503906,45.25925827026367,42.86164093017578,62060196,0.038613021005609434,40.104232215881346,0.013883925468894665,0.02263364065077332
2021-09-24,45.6296272277832,45.703704833984375,44.14814758300781,44.296295166015625,41.94968795776367,29183951,-0.021506208885548633,40.58888835906983,0.012347784004650073,0.023970195697890606
2021-09-27,44.22222137451172,44.22222137451172,41.48147964477539,41.5555534362793,39.35414123535156,43717364,-0.06386987391019329,40.9391529083252,0.00923080113118011,0.029324909647725966
2021-09-28,41.185184478759766,43.33333206176758,40.74074172973633,42.88888931274414,40.61684036254883,22816038,0.0315816329315622,41.31375617980957,0.009599535335714036,0.029568485690692255
2021-09-29,42.14814758300781,43.25925827026367,42.0,42.518516540527344,40.266090393066406,12176565,-0.008673137656763634,41.65132217407226,0.008645424277386302,0.029847542635854766
2021-09-30,42.666664123535156,43.11111068725586,42.37036895751953,42.518516540527344,40.266090393066406,10747900,0.0,41.943914794921874,0.007403582829415579,0.029654482751840627
2021-10-01,42.37036895751953,42.37036895751953,41.25925827026367,41.48147964477539,39.28398513793945,13482468,-0.024692610347409105,42.13174533843994,0.004746376391865083,0.03004760582614026
2021-10-04,41.85185241699219,42.14814758300781,40.88888931274414,40.96296310424805,38.79294204711914,11900569,-0.012578734480029668,42.34391460418701,0.005467912597671159,0.02941144408737453
2021-10-05,40.74074172973633,41.48147964477539,40.296295166015625,41.48147964477539,39.28398513793945,8523720,0.012578734480029566,42.56878223419189,0.005737911610082583,0.029452733446733097
2021-10-06,42.0,42.518516540527344,40.96296310424805,40.96296310424805,38.79294204711914,11819835,-0.012578734480029668,42.66984043121338,0.002530005858122562,0.027634887089475327
2021-10-07,41.77777862548828,41.85185241699219,41.25925827026367,41.77777862548828,39.56459045410156,5334317,0.01969626681757335,42.74550189971924,0.0018446587806121573,0.026991406599630997
2021-10-08,42.14814758300781,42.74074172973633,41.77777862548828,42.074073791503906,39.84518814086914,10786495,0.007067140216133468,42.86243305206299,0.0028593985732380985,0.02677556848659872
2021-10-12,41.77777862548828,41.77777862548828,40.814815521240234,40.96296310424805,38.79294204711914,12807875,-0.02676340703370689,42.83386173248291,-0.0006926713554473825,0.02568161029643906
2021-10-13,40.96296310424805,41.25925827026367,40.074073791503906,40.59259033203125,38.44218826293945,8804459,-0.009082773712425368,42.71534309387207,-0.0028376437784997134,0.024407546024757233
2021-10-14,41.11111068725586,41.11111068725586,40.22222137451172,40.37036895751953,38.23173904418945,4622200,-0.005489471592981913,42.57777690887451,-0.00329650530941127,0.024364640024534354
2021-10-15,40.59259033203125,40.96296310424805,40.37036895751953,40.88888931274414,38.72279357910156,4844693,0.012762296977099664,42.4132266998291,-0.0038705708026811323,0.023810561916382703
2021-10-18,40.96296310424805,42.22222137451172,40.96296310424805,41.77777862548828,39.56459045410156,8236614,0.021506215145881077,42.26402034759521,-0.0034496435743475626,0.024197400943930896
2021-10-19,41.77777862548828,42.22222137451172,41.33333206176758,42.22222137451172,39.98548889160156,6237429,0.010582068962240083,42.15555477142334,-0.0025051047724514992,0.024365857717650846
2021-10-20,42.59259033203125,42.59259033203125,41.85185241699219,42.44444274902344,40.19593811035156,6592376,0.005249336019023255,42.02909965515137,-0.0028939219168411805,0.02416620950927809
2021-10-21,42.59259033203125,43.33333206176758,42.296295166015625,43.11111068725586,40.82728958129883,11364408,0.015584761129479072,42.007406616210936,-0.0005006739207228378,0.02346269569691241
2021-10-22,43.407405853271484,45.11111068725586,43.185184478759766,45.03703689575195,42.651187896728516,21539100,0.043704440929336605,41.99629554748535,-0.00024610292453647943,0.023932337315447767
2021-10-25,45.6296272277832,46.14814758300781,44.74074172973633,45.85185241699219,43.4228401184082,19575824,0.01793040618087026,42.07407341003418,0.0017257278287844656,0.023712099582522395
2021-10-26,45.925926208496094,49.85185241699219,45.703704833984375,49.77777862548828,47.14078903198242,34198764,0.08215307254309726,42.48518466949463,0.009026875151448992,0.024902599136561274
2021-10-27,50.0,53.33333206176758,49.703704833984375,51.77777862548828,49.03483581542969,50536909,0.03939240105285354,42.92962913513183,0.009417413557513559,0.02533247041705259
2021-10-28,51.407405853271484,52.59259033203125,51.03703689575195,51.77777862548828,49.03483581542969,21698987,0.0,43.39259223937988,0.009851070440351741,0.025079458527083414
2021-10-29,52.22222137451172,53.25925827026367,52.0,52.518516540527344,49.73633575439453,19962096,0.014204730263487965,43.89259223937988,0.01056130695352614,0.02498676239759569
2021-11-01,53.185184478759766,53.407405853271484,52.074073791503906,52.518516540527344,49.73633575439453,14905298,0.0,44.44444408416748,0.011795937470896595,0.02373166203550494
2021-11-02,52.666664123535156,52.96296310424805,50.0,50.518516540527344,47.842288970947266,24865107,-0.03882587017971225,44.92222175598145,0.010483580685912467,0.02578722760843886
2021-11-03,51.11111068725586,51.85185241699219,50.666664123535156,51.5555534362793,48.82438659667969,11156286,0.020320000538090136,45.42592544555664,0.010870643988815494,0.025878267831214573
2021-11-04,52.296295166015625,52.296295166015625,50.59259033203125,50.74074172973633,48.052738189697266,10361989,-0.0159307614743882,45.91481437683105,0.010703042639097568,0.02604842691776909
2021-11-05,50.44444274902344,50.59259033203125,49.33333206176758,49.6296272277832,47.000484466552734,15078673,-0.022141193763781566,46.3074068069458,0.008611169610029822,0.026952431275241648
2021-11-08,49.6296272277832,50.296295166015625,49.11111068725586,50.0,47.35123825073242,7714302,0.007435026882932225,46.70370311737061,0.00862956394336976,0.02695144757288086
2021-11-09,49.703704833984375,50.296295166015625,49.25925827026367,50.0,47.35123825073242,14029861,0.0,47.155554962158206,0.009967734295055104,0.02573879212463378
2021-11-10,50.0,50.296295166015625,49.407405853271484,49.48147964477539,46.86018371582031,10961993,-0.010424554454945037,47.59999942779541,0.00990064525792912,0.025792753518248557
2021-11-11,49.5555534362793,50.0,48.96296310424805,49.407405853271484,46.790035247802734,9258430,-0.0014981219574862388,48.05185127258301,0.010100212739703905,0.025682613615932385
2021-11-12,49.6296272277832,50.74074172973633,49.33333206176758,50.74074172973633,48.052738189697266,12642143,0.026628843293280368,48.544443893432614,0.01079354005551294,0.025944100922553233
2021-11-15,51.48147964477539,52.22222137451172,50.666664123535156,51.11111068725586,48.40348434448242,22481921,0.007272731545105768,49.011110496521,0.010081865875474175,0.025829742304802332
2021-11-16,51.11111068725586,51.25925827026367,50.518516540527344,50.74074172973633,48.052738189697266,8398459,-0.007272731545105876,49.43703651428223,0.009189125850106877,0.026118483389276113
2021-11-17,50.88888931274414,51.03703689575195,50.44444274902344,51.03703689575195,48.333335876464844,7657911,0.005822410491994122,49.86666622161865,0.009217779573755419,0.02611424769841956
2021-11-18,50.96296310424805,51.407405853271484,50.74074172973633,50.88888931274414,48.19303894042969,6712553,-0.002906967693990565,50.255555152893066,0.00829319313258194,0.02620415652511877
2021-11-19,50.96296310424805,51.11111068725586,49.6296272277832,49.703704833984375,47.070640563964844,15025271,-0.023565140839329906,50.488888549804685,0.004929714044148612,0.02573266990263516
2021-11-22,49.6296272277832,49.925926208496094,49.11111068725586,49.407405853271484,46.790035247802734,8427294,-0.005979145251954123,50.666666221618655,0.0037342364725073927,0.025652164768262976
2021-11-23,49.185184478759766,49.77777862548828,49.11111068725586,49.25925827026367,46.64973831176758,6078819,-0.003002993881598682,50.64074020385742,-0.0005235668487274042,0.017823603847878428
2021-11-24,49.25925827026367,49.77777862548828,49.185184478759766,49.5555534362793,46.930335998535156,5752958,0.0059969967840632086,50.529628944396975,-0.002193337062166921,0.01526848635115283
2021-11-25,49.6296272277832,50.0,49.407405853271484,49.407405853271484,46.790035247802734,4493596,-0.0029940029024645588,50.41111030578613,-0.0023430372072901487,0.015260525219115617
2021-11-26,49.33333206176758,49.48147964477539,47.77777862548828,48.074073791503906,45.52733612060547,15103096,-0.02735730363381642,50.18888816833496,-0.004421138902155368,0.01571171831000885
2021-11-29,46.666664123535156,47.703704833984375,46.14814758300781,47.25925827026367,44.75568771362305,18425315,-0.017094448408515085,49.92592525482178,-0.005275861322581122,0.0159221114857701
2021-11-30,47.6296272277832,48.44444274902344,47.5555534362793,47.5555534362793,45.03628921508789,15521957,0.0062499967079727705,49.777777099609374,-0.0030220679781968714,0.013997010337518951
2021-12-01,47.5555534362793,48.296295166015625,46.96296310424805,48.0,45.45718765258789,6273961,0.009302437226534847,49.59999942779541,-0.003572946143774636,0.013225536702351834
2021-12-02,47.85185241699219,47.85185241699219,47.11111068725586,47.185184478759766,44.68553924560547,7354554,-0.01712105575145077,49.42222156524658,-0.0036324608576277636,0.013286610661256755
2021-12-03,47.11111068725586,47.925926208496094,46.814815521240234,46.96296310424805,44.47509002685547,7994899,-0.004720683155161644,49.28888835906982,-0.002761435327196768,0.012560555969292514
2021-12-06,46.814815521240234,47.185184478759766,46.296295166015625,46.666664123535156,44.19448471069336,7643520,-0.006329192555760592,49.12222156524658,-0.0034496462991314087,0.01234775096099099
2021-12-07,46.74074172973633,47.85185241699219,46.74074172973633,47.703704833984375,45.17658996582031,8414466,0.021978984908223545,49.0074068069458,-0.002350697053720231,0.013586823258136966
2021-12-08,48.0,48.22222137451172,47.48147964477539,47.48147964477539,44.96613693237305,5418215,-0.004669331560033461,48.9074068069458,-0.0020629359089746526,0.013467243538185587
2021-12-09,47.703704833984375,47.77777862548828,47.407405853271484,47.407405853271484,44.8959846496582,3297129,-0.001561274666929356,48.8074068069458,-0.0020660935444468086,0.01346711154043526
2021-12-10,47.33333206176758,47.33333206176758,46.814815521240234,46.814815521240234,44.33478927612305,5175316,-0.01257873433452154,48.61111049652099,-0.0040264724258369045,0.011823601020385495
2021-12-13,46.814815521240234,46.814815521240234,45.5555534362793,45.6296272277832,43.21238708496094,12358978,-0.025642498340990517,48.337036323547366,-0.005672233920141718,0.01244263305346594
2021-12-14,45.33333206176758,46.14814758300781,44.74074172973633,45.185184478759766,42.79148864746094,9348968,-0.00978796936229863,48.059258460998535,-0.005797995811001356,0.012472336955036299
2021-12-15,44.88888931274414,46.074073791503906,44.88888931274414,45.85185241699219,43.4228401184082,5287131,0.01464634347659896,47.79999923706055,-0.005356799161771114,0.013047824319288472
2021-12-16,46.296295166015625,46.296295166015625,45.5555534362793,45.77777862548828,43.35268783569336,3953651,-0.001616809034312228,47.544443702697755,-0.005292291228787197,0.013063753181060912
2021-12-17,45.25925827026367,45.925926208496094,45.185184478759766,45.407405853271484,43.00193786621094,6064602,-0.008123574265912113,47.32962875366211,-0.004520212900116308,0.012364568071228104
2021-12-20,45.5555534362793,46.074073791503906,45.185184478759766,45.48147964477539,43.072086334228516,4244370,0.001629986053812188,47.13333244323731,-0.004139756334827991,0.01243418430604428
2021-12-21,45.48147964477539,46.74074172973633,45.185184478759766,46.22222137451172,43.773590087890625,7589371,0.016155462265998063,46.98148059844971,-0.0031818335274481544,0.013238343820049776
2021-12-22,46.296295166015625,46.518516540527344,45.925926208496094,45.925926208496094,43.49298858642578,4013902,-0.0064308658376620465,46.79999923706055,-0.003803226658534417,0.013075497155602522
2021-12-23,45.925926208496094,46.44444274902344,45.925926208496094,46.296295166015625,43.8437385559082,3306395,0.008032141130463884,46.64444370269776,-0.003251919456887995,0.013341163419753775
2021-12-24,46.44444274902344,47.185184478759766,46.44444274902344,46.88888931274414,44.40494155883789,7315656,0.012718805861404475,46.585184478759764,-0.0012481139821269506,0.012514067830625308
2021-12-27,47.185184478759766,47.33333206176758,46.518516540527344,46.666664123535156,44.19448471069336,5220599,-0.004750666293841485,46.55555477142334,-0.0006309248763932706,0.01198459337697882
2021-12-28,46.74074172973633,46.74074172973633,46.37036895751953,46.666664123535156,44.19448471069336,3229583,0.0,46.51111030578613,-0.000943424711791909,0.011876728574968387
2021-12-29,46.88888931274414,47.25925827026367,46.666664123535156,47.03703689575195,44.54523849487305,4156470,0.007905230999091422,46.46296215057373,-0.0010132850231640803,0.011817249575346106
2021-12-30,47.25925827026367,47.5555534362793,46.88888931274414,47.25925827026367,44.75568771362305,4475854,0.004713266528774006,46.46666584014893,7.843109084715843e-05,0.011245575963730086
2022-01-03,47.25925827026367,47.48147964477539,46.88888931274414,47.11111068725586,44.615386962890625,4600558,-0.0031397080745724673,46.474073219299314,0.00015747984487661726,0.011215582544402802
2022-01-04,46.96296310424805,47.03703689575195,46.37036895751953,46.814815521240234,44.33478927612305,5330484,-0.0063091451065537905,46.48148078918457,0.00015848221733695734,0.011214973176705391
2022-01-05,46.666664123535156,46.814815521240234,46.37036895751953,46.74074172973633,44.26464080810547,3234721,-0.001583525536251263,46.43333263397217,-0.0010196433048867831,0.009970687307087193
2022-01-06,46.814815521240234,47.77777862548828,46.74074172973633,47.11111068725586,44.615386962890625,8155499,0.007892670642805142,46.414814186096194,-0.0003915431947448528,0.010123179297542697
2022-01-07,47.33333206176758,47.33333206176758,46.518516540527344,46.518516540527344,44.0541877746582,4145659,-0.012658430395507767,46.37036972045898,-0.0009464009811737735,0.01048820723562208
2022-01-10,46.518516540527344,47.77777862548828,46.296295166015625,47.33333206176758,44.825836181640625,5324047,0.01736430356578227,46.39629554748535,0.000550750913841417,0.010870502760748335
2022-01-11,47.6296272277832,49.6296272277832,47.48147964477539,49.6296272277832,47.000484466552734,27268400,0.0473732364761284,46.596295547485354,0.004201537654697362,0.013543075034317497
2022-01-12,50.0,50.14814758300781,48.74074172973633,49.25925827026367,46.64973831176758,14879766,-0.007490643411097609,46.79999923706055,0.0043164039522574135,0.013427426081851974
2022-01-13,48.96296310424805,49.6296272277832,48.814815521240234,49.6296272277832,47.000484466552734,7266090,0.007490643411097641,46.9888879776001,0.003958618948982347,0.013231596148061473
2022-01-14,49.33333206176758,50.0,48.74074172973633,48.88888931274414,46.298988342285156,8982445,-0.015037820299359829,47.14444351196289,0.0032875683857299678,0.01385488841268809
2022-01-17,49.185184478759766,49.703704833984375,48.96296310424805,49.48147964477539,46.86018371582031,6532513,0.012048292727347063,47.34814720153808,0.004296161735392927,0.013713979861338425
2022-01-18,49.6296272277832,50.14814758300781,49.185184478759766,49.6296272277832,47.000484466552734,9656069,0.0029895275720126144,47.55555458068848,0.004364138811302948,0.013703434090386164
2022-01-19,49.25925827026367,49.5555534362793,48.88888931274414,48.88888931274414,46.298988342285156,6020590,-0.015037820299359829,47.688887977600096,0.0028044746830350534,0.014061233898428676
2022-01-20,48.74074172973633,49.48147964477539,48.0,49.11111068725586,46.509437561035156,7738032,0.004535137865088003,47.84814720153808,0.0033527748681725553,0.013894979583394633
2022-01-21,48.59259033203125,48.88888931274414,47.85185241699219,48.0,45.45718765258789,10183109,-0.022884285203050945,47.933332443237305,0.0018069535514968142,0.015021097928437824
2022-01-24,47.407405853271484,47.77777862548828,46.666664123535156,47.703704833984375,45.17658996582031,7415517,-0.006191946554149486,47.974073219299314,0.0008614159307191163,0.014892716925007016
2022-01-25,47.407405853271484,47.5555534362793,46.814815521240234,46.96296310424805,44.47509002685547,7109356,-0.015649792352462888,47.98888816833496,0.00031645962778804605,0.015302652531321286
2022-01-26,46.814815521240234,47.407405853271484,46.666664123535156,47.185184478759766,44.68553924560547,4065824,0.004720683155161643,48.01481418609619,0.0005524937855461282,0.015333889387310503
2022-02-07,47.5555534362793,50.0,47.5555534362793,49.77777862548828,47.14078903198242,14559922,0.053488716952223965,48.15185127258301,0.0028316680832027553,0.01934686616829181
2022-02-08,49.77777862548828,50.74074172973633,49.25925827026367,50.14814758300781,47.49153518676758,11788266,0.007412904089811265,48.296295738220216,0.0029666499612546185,0.019370088564088363
2022-02-09,50.296295166015625,50.59259033203125,49.925926208496094,50.14814758300781,47.49153518676758,6614813,0.0,48.44814758300781,0.003123635364983242,0.019330677560242416
2022-02-10,50.518516540527344,50.96296310424805,50.074073791503906,50.96296310424805,48.263187408447266,9685957,0.016117579062793548,48.655554962158206,0.004244971573450608,0.01940502394440051
2022-02-11,50.59259033203125,51.03703689575195,50.37036895751953,51.03703689575195,48.333335876464844,6464403,0.0014524275397204336,48.87036972045898,0.0043967692272491934,0.019368871124946486
2022-02-14,50.44444274902344,50.518516540527344,49.77777862548828,50.0,47.35123825073242,9010592,-0.020528577372843373,49.01481418609619,0.002975706826466768,0.020126669154618606
2022-02-15,50.0,50.666664123535156,50.0,50.0,47.35123825073242,6024815,0.0,49.18888835906982,0.0036086283462421565,0.019805621484512256
2022-02-16,50.518516540527344,50.666664123535156,50.074073791503906,50.22222137451172,47.56168746948242,4482206,0.004434580188674224,49.33333282470703,0.0029621421773867542,0.01954225504648812
2022-02-17,50.518516540527344,51.48147964477539,50.22222137451172,50.96296310424805,48.263187408447266,11117579,0.014641569644448758,49.39999961853027,0.0013255588358027722,0.01680631232008638
2022-02-18,50.74074172973633,51.85185241699219,50.296295166015625,51.77777862548828,49.03483581542969,12873483,0.015861917900248743,49.525925636291504,0.0024931869013700898,0.01697196410959106
2022-02-21,51.85185241699219,53.25925827026367,51.6296272277832,53.25925827026367,50.437835693359375,17351157,0.02821058054568696,49.70740718841553,0.003529183758099555,0.017900084862419768
2022-02-22,53.185184478759766,53.6296272277832,52.14814758300781,53.185184478759766,50.3676872253418,16047954,-0.0013917833857363608,49.922221946716306,0.0042114856037807295,0.017408436075564592
2022-02-23,53.03703689575195,55.25925827026367,53.03703689575195,55.11111068725586,52.191585540771484,18536019,0.03557147137631788,50.20370349884033,0.005387644536229271,0.018711642098489793
2022-02-24,54.74074172973633,55.5555534362793,52.88888931274414,52.96296310424805,50.1572380065918,28475165,-0.03975848178054184,50.37037029266357,0.0032502440686015474,0.02126702116036523
2022-02-25,54.0,54.44444274902344,52.37036895751953,53.03703689575195,50.227386474609375,17686432,0.0013976189351226544,50.57777767181396,0.004072016030325672,0.02083634265575163
2022-03-01,52.96296310424805,53.703704833984375,52.37036895751953,53.33333206176758,50.50798797607422,11183845,0.0055710238714919945,50.78888874053955,0.004123810330645871,0.020838841794986608
2022-03-02,52.96296310424805,53.703704833984375,52.59259033203125,53.6296272277832,50.7885856628418,6200528,0.0055401594316620405,51.07037010192871,0.00554503256238152,0.01984553587287817
2022-03-03,53.77777862548828,54.88888931274414,53.77777862548828,54.518516540527344,51.63038635253906,9421440,0.016438734847882486,51.41111068725586,0.006676566632483119,0.019786185067815983
2022-03-04,54.44444274902344,54.814815521240234,54.0,54.296295166015625,51.41993713378906,7184158,-0.0040844013780380216,51.77777729034424,0.007254836181204362,0.019261378707824732
2022-03-07,53.77777862548828,53.85185241699219,51.85185241699219,52.296295166015625,49.52588653564453,16293914,-0.03753046518952328,52.03333282470703,0.0051422787639701165,0.02171472553395374
2022-03-08,50.37036895751953,51.85185241699219,50.0,50.074073791503906,47.42138671875,19992139,-0.043422145480305395,52.04814758300781,0.0002967356423436481,0.021164265127183272
2022-03-09,50.518516540527344,52.0,50.518516540527344,51.77777862548828,49.03483581542969,10390702,0.0334576882059805,52.129629135131836,0.00159897484815211,0.02239089174744776
2022-03-10,52.666664123535156,53.5555534362793,52.59259033203125,53.25925827026367,50.437835693359375,8178841,0.02821058054568696,52.285184669494626,0.003009503875436458,0.023160217281696382
2022-03-11,53.03703689575195,53.6296272277832,52.518516540527344,53.407405853271484,50.5781364440918,6397888,0.0027777690337279564,52.4074068069458,0.0023425133739831783,0.02295401829918978
2022-03-14,53.5555534362793,54.074073791503906,53.185184478759766,53.407405853271484,50.5781364440918,5476310,0.0,52.52592525482178,0.0022698919969971567,0.022959279518700144
2022-03-15,53.85185241699219,53.85185241699219,52.96296310424805,53.11111068725586,50.29753494262695,6716807,-0.005563275566234168,52.68148078918457,0.003018157087327617,0.022414553660155982
2022-03-16,53.77777862548828,53.925926208496094,51.185184478759766,51.925926208496094,49.175140380859375,14823162,-0.022567940142698528,52.777777099609374,0.0018897600801926905,0.02313109732196098
2022-03-17,52.59259033203125,52.96296310424805,51.925926208496094,52.44444274902344,49.66618347167969,9183532,0.009936168889392636,52.88888816833496,0.002164839515228611,0.02319557672723426
2022-03-18,52.59259033203125,54.074073791503906,52.14814758300781,54.074073791503906,51.20948791503906,28847676,0.030600467551047894,53.044443702697755,0.002962784410558568,0.023910846075001237
2022-03-21,53.85185241699219,54.44444274902344,52.59259033203125,53.25925827026367,50.437835693359375,14655496,-0.015183189765235722,53.11851768493652,0.0014105290272843445,0.024036749757218045
2022-03-22,53.48147964477539,54.59259033203125,53.185184478759766,54.518516540527344,51.63038635253906,13490293,0.02336874329619918,53.18148059844971,0.0011684371648099556,0.02377558420558935
2022-03-23,54.814815521240234,55.48147964477539,54.44444274902344,55.48147964477539,52.54233169555664,11501914,0.017508867964582134,53.29629535675049,0.0021134697323258803,0.024042596957117714
2022-03-24,55.185184478759766,56.074073791503906,54.88888931274414,55.6296272277832,52.68263626098633,7799926,0.0026666581760961742,53.322221183776854,0.000468229072314795,0.022722137023365785
2022-03-25,55.6296272277832,57.48147964477539,55.407405853271484,57.185184478759766,54.15578842163086,15834336,0.02757892908301611,53.53333225250244,0.003835099615492692,0.021398106349079866
2022-03-28,57.11111068725586,57.185184478759766,56.074073791503906,57.185184478759766,54.15578842163086,9189020,0.0,53.74073963165283,0.00376521866873656,0.0214087650044055
2022-03-29,57.48147964477539,58.74074172973633,57.03703689575195,58.666664123535156,55.55878448486328,11586235,0.025576810794110498,54.00740623474121,0.004765508014867486,0.021957904947945295
2022-03-30,59.185184478759766,59.48147964477539,58.22222137451172,58.59259033203125,55.4886360168457,11148970,-0.001263419278948209,54.255554389953616,0.004425329079336972,0.02199793728331197
2022-03-31,58.518516540527344,59.03703689575195,57.925926208496094,58.74074172973633,55.628936767578125,7594022,0.002525309284824638,54.46666564941406,0.0037296578011840804,0.0218172850790677
2022-04-01,58.14814758300781,58.74074172973633,58.074073791503906,58.59259033203125,55.4886360168457,5093026,-0.0025253092848247067,54.681480407714844,0.003807612405844746,0.02179066457548882
2022-04-06,58.44444274902344,59.185184478759766,58.0,59.11111068725586,55.97968292236328,7043306,0.008810661092680978,55.02222118377686,0.006124668719954958,0.01950795657891904
2022-04-07,58.59259033203125,59.407405853271484,57.407405853271484,57.407405853271484,54.366233825683594,10038751,-0.029245587998023695,55.38888778686523,0.006833496594069044,0.017795278131265746
2022-04-08,57.703704833984375,58.88888931274414,57.48147964477539,58.59259033203125,55.4886360168457,6182349,0.020434926905342505,55.72962837219238,0.006182358529037145,0.016989839476864707
2022-04-11,58.518516540527344,58.814815521240234,57.48147964477539,57.6296272277832,54.576683044433594,6082650,-0.01657144668553714,55.94814682006836,0.003943257167475939,0.016884530216372075
2022-04-12,56.296295166015625,57.03703689575195,54.074073791503906,54.22222137451172,51.349788665771484,22947594,-0.06094598417380068,55.98888759613037,0.0007570695070995073,0.022269733171466383
2022-04-13,54.96296310424805,55.925926208496094,54.22222137451172,55.03703689575195,52.121437072753906,8334661,0.01491554382336189,56.07036914825439,0.0015028466982676015,0.02249168836351289
2022-04-14,55.5555534362793,55.703704833984375,54.59259033203125,54.666664123535156,51.77068328857422,5557167,-0.006752264070895034,56.14814682006836,0.0014433972730345582,0.022512909686686653
2022-04-15,54.37036895751953,54.59259033203125,53.5555534362793,53.703704833984375,50.85873794555664,6569287,-0.017772102178492875,56.23703575134277,0.001683189171244841,0.022267904730029583
2022-04-18,52.96296310424805,53.33333206176758,51.5555534362793,51.703704833984375,48.96468734741211,14163909,-0.03795255127817858,56.19999885559082,-0.0007112468371337198,0.02385211654630224
2022-04-19,52.37036895751953,52.96296310424805,52.0,52.0,49.24528884887695,5552433,0.005714279402709541,56.09629516601562,-0.0019555562445506373,0.022756657351587252
2022-04-20,52.59259033203125,52.74074172973633,51.703704833984375,52.074073791503906,49.31543731689453,6275406,0.0014234823585418188,56.03703594207764,-0.0011252226383617603,0.022550647274997573
2022-04-21,52.074073791503906,52.22222137451172,51.703704833984375,51.77777862548828,49.03483581542969,5775823,-0.005706127778451646,55.89999904632568,-0.0025789661920943016,0.021813642612153534
2022-04-22,51.48147964477539,51.48147964477539,50.74074172973633,51.185184478759766,48.47364044189453,6403444,-0.011510948639596475,55.6851842880249,-0.004029957022303232,0.021367728763566747
2022-04-25,50.074073791503906,50.37036895751953,49.33333206176758,50.22222137451172,47.56168746948242,10188975,-0.018992538905100893,55.41481399536133,-0.005112916876363086,0.021558482246069377
2022-04-26,55.185184478759766,55.185184478759766,55.185184478759766,55.185184478759766,52.26173782348633,5700499,0.09423693451735787,55.31481399536133,-0.0017800166046459981,0.03027076640278372
2022-04-27,58.666664123535156,58.88888931274414,55.925926208496094,58.44444274902344,55.348331451416016,74465998,0.0573820862582073,55.37777690887451,0.0010890877082643676,0.03304097730052383
2022-04-28,58.518516540527344,58.518516540527344,57.03703689575195,57.407405853271484,54.366233825683594,20144801,-0.017903289555467654,55.31481399536133,-0.00108491730921454,0.03277431061893259
2022-04-29,57.925926208496094,58.22222137451172,57.407405853271484,58.0,54.92743682861328,11146666,0.01026969370950159,55.28518447875977,-0.00050826165979205,0.03287231917270549
2022-05-03,57.77777862548828,59.6296272277832,57.703704833984375,58.96296310424805,55.839385986328125,17327210,0.016466492249746542,55.29629554748535,0.00018879748845404518,0.03308714162436305
2022-05-04,58.96296310424805,59.77777862548828,58.59259033203125,59.48147964477539,56.3304328918457,12010864,0.008755494827591012,55.340740013122556,0.0007528376940748312,0.0331345573915901
2022-05-05,57.6296272277832,58.88888931274414,56.74074172973633,57.5555534362793,54.506534576416016,33013719,-0.032914369521896185,55.26296215057373,-0.001333413836654027,0.03390511713591764
2022-05-06,55.925926208496094,56.814815521240234,55.6296272277832,56.59259033203125,53.59458541870117,14453563,-0.016872564324198834,55.22222137451172,-0.0007147626529627839,0.033479218642806424
2022-05-09,55.925926208496094,57.25925827026367,54.666664123535156,54.814815521240234,51.910987854003906,20560462,-0.03191755013633961,55.033332633972165,-0.0033323865050468894,0.03378380881539184
2022-05-10,54.074073791503906,55.11111068725586,53.703704833984375,55.03703689575195,52.121437072753906,12781120,0.004045843064962112,54.903703117370604,-0.002301522017521927,0.0336729478714515
2022-05-11,55.11111068725586,55.407405853271484,54.296295166015625,54.37036895751953,51.49008560180664,10460345,-0.012187039521829104,54.911110496521,0.00013642521507665172,0.030850368699721496
2022-05-12,53.925926208496094,54.296295166015625,51.6296272277832,51.703704833984375,48.96468734741211,21009136,-0.05028987800573751,54.74444389343262,-0.003123845876378318,0.03260203584791871
2022-05-13,51.703704833984375,53.11111068725586,51.25925827026367,52.96296310424805,50.1572380065918,16475205,0.02406342073852648,54.65925884246826,-0.0015830616359072424,0.033145186054397965
2022-05-16,52.96296310424805,53.03703689575195,51.703704833984375,52.0,49.24528884887695,12439114,-0.01834914133581699,54.57407360076904,-0.0016119135937734484,0.03316026756854883
2022-05-17,51.5555534362793,52.88888931274414,51.33333206176758,52.814815521240234,50.016937255859375,7965554,0.015548029764001036,54.629629135131836,0.0010631154583355322,0.03221896275510135
2022-05-18,52.74074172973633,55.03703689575195,52.666664123535156,54.666664123535156,51.77068328857422,11592323,0.03446234428996094,54.762962341308594,0.002500518702698102,0.03306749259035407
2022-05-19,53.5555534362793,53.925926208496094,53.03703689575195,53.25925827026367,50.437835693359375,11623516,-0.026082438928184758,54.82222156524658,0.0011252226383617735,0.03368094802109936
2022-05-20,53.5555534362793,54.44444274902344,53.33333206176758,53.85185241699219,50.99903869628906,7050862,0.011065148876283818,54.92592525482178,0.001963786471098547,0.03371068074650782
2022-05-23,54.22222137451172,54.296295166015625,53.5555534362793,53.85185241699219,50.99903869628906,4733548,0.0,55.0592586517334,0.0025393339030783703,0.033566471998062834
2022-05-24,53.925926208496094,54.22222137451172,52.88888931274414,53.11111068725586,50.29753494262695,6919805,-0.01385065540879005,55.20370311737061,0.0027964280778939128,0.03341221102047562
2022-05-25,53.185184478759766,53.925926208496094,53.11111068725586,53.703704833984375,50.85873794555664,5027578,0.011095843282198124,55.129629135131836,-0.0013606264838640747,0.025724280034422318
2022-05-26,54.074073791503906,54.22222137451172,53.185184478759766,53.33333206176758,50.50798797607422,5372694,-0.006920487733037321,54.874073600769044,-0.004575755183426305,0.021699500101222045
2022-05-27,53.6296272277832,54.22222137451172,53.407405853271484,53.925926208496094,51.06918716430664,5828715,0.011049865268412009,54.69999961853027,-0.003128097442232322,0.02172934030481895
2022-05-30,54.518516540527344,55.5555534362793,54.296295166015625,55.5555534362793,52.61248779296875,10164561,0.029772114946727924,54.57777729034424,-0.0021529763803710055,0.022774670044819364
2022-05-31,55.6296272277832,57.11111068725586,55.03703689575195,57.11111068725586,54.085636138916016,20235550,0.027615197758356677,54.48518466949463,-0.001595541104940499,0.023382709778490572
2022-06-01,56.59259033203125,57.11111068725586,56.074073791503906,56.37036895751953,53.38413619995117,7526355,-0.013055033343767886,54.32962913513184,-0.0026860675135084435,0.023383149888729214
2022-06-02,56.0,56.88888931274414,56.0,56.44444274902344,53.45428466796875,4562050,0.001313192851687884,54.27407360076904,-0.0009746893948292407,0.02228089790252629
2022-06-06,56.518516540527344,57.48147964477539,56.296295166015625,57.48147964477539,54.43638229370117,7571882,0.018205962580553337,54.31851806640625,0.0007792369504083678,0.022344149883080436
2022-06-07,57.33333206176758,57.77777862548828,57.03703689575195,57.6296272277832,54.576683044433594,6724979,0.0025739942708942567,54.4592586517334,0.002503814170770061,0.02097695174059427
2022-06-08,57.925926208496094,58.14814758300781,57.407405853271484,57.703704833984375,54.64683532714844,5849232,0.001284582957303478,54.59259204864502,0.0023657511653871295,0.020975355245708135
2022-06-09,57.703704833984375,58.14814758300781,57.5555534362793,58.074073791503906,54.99758529663086,5238033,0.0063979500263120995,54.77777729034424,0.0032950006427941896,0.020706660312988477
2022-06-10,57.48147964477539,58.37036895751953,57.407405853271484,58.14814758300781,55.06773376464844,5606211,0.0012746925787118822,55.09999942779541,0.005873229172016659,0.01645783611623852
2022-06-13,57.185184478759766,57.25925827026367,56.0,56.074073791503906,53.10353469848633,11907687,-0.036320459665215854,55.2555549621582,0.0028540351518295424,0.018372549146666074
2022-06-14,55.407405853271484,57.33333206176758,55.33333206176758,57.25925827026367,54.22593688964844,8206551,0.020915782916964602,55.518517875671385,0.004817281364468622,0.018083179165824362
2022-06-15,56.88888931274414,57.6296272277832,56.814815521240234,57.03703689575195,54.01548767089844,5086827,-0.0038885189445297856,55.72962894439697,0.0038454539290420807,0.017998214871486735
2022-06-16,57.6296272277832,57.85185241699219,56.0,56.074073791503906,53.10353469848633,7125472,-0.01702726397243484,55.79999942779541,0.001270973515922292,0.017045598941037514
2022-06-17,55.5555534362793,56.14814758300781,54.96296310424805,55.03703689575195,52.121437072753906,11843433,-0.018667206247550427,55.888888359069824,0.0016417351499540087,0.016490936869867273
2022-06-20,55.407405853271484,55.703704833984375,53.703704833984375,53.77777862548828,50.92888641357422,8059968,-0.023146011562660367,55.88518466949463,-6.882287199320088e-05,0.017220215268498578
2022-06-21,54.74074172973633,55.407405853271484,54.296295166015625,55.11111068725586,52.191585540771484,6333067,0.02449099655416205,55.94814758300781,0.0011557269557149017,0.0180749463303011
2022-06-22,55.5555534362793,56.0,53.77777862548828,53.85185241699219,50.99903869628906,7009852,-0.023114539114297776,55.98518466949463,0.0006925327704395152,0.018591075021146524
2022-06-23,54.074073791503906,54.59259033203125,52.96296310424805,53.85185241699219,50.99903869628906,7722194,0.0,55.99259204864502,0.00013774060632960918,0.018429136232897162
2022-06-24,54.74074172973633,55.48147964477539,54.22222137451172,55.185184478759766,52.26173782348633,7360681,0.02445771755068975,56.08518466949463,0.0017066508705159626,0.01911934992077144
2022-06-27,56.14814758300781,56.14814758300781,55.25925827026367,55.925926208496094,52.96323776245117,5609181,0.013333548723041936,56.18518466949463,0.0018208350432474592,0.019184793353546184
2022-06-28,55.925926208496094,56.0,55.185184478759766,55.407405853271484,52.47218322753906,3509860,-0.009314804376371583,56.17777729034424,-0.00013351092290751627,0.018150552664167544
2022-06-29,55.185184478759766,55.703704833984375,54.74074172973633,55.407405853271484,52.47218322753906,4247282,0.0,56.09259204864502,-0.00151427081082535,0.01693844228314132
2022-06-30,55.185184478759766,55.25925827026367,54.22222137451172,54.37036895751953,51.49008560180664,6081974,-0.018893947296393255,55.99259204864502,-0.0018062165084566186,0.017196182290051307
2022-07-01,54.37036895751953,54.518516540527344,51.6296272277832,52.074073791503906,49.31543731689453,14939374,-0.04315211624448607,55.77407360076904,-0.004029481963265316,0.019492724076158242
2022-07-04,52.59259033203125,54.074073791503906,51.703704833984375,52.88888931274414,50.08708953857422,7923059,0.015526083969301177,55.54444408416748,-0.004163475893827924,0.01934044796695681
2022-07-05,53.77777862548828,53.85185241699219,52.22222137451172,52.88888931274414,50.08708953857422,6427331,0.0,55.307407188415525,-0.004292175607372637,0.019301779817935724
2022-07-06,52.814815521240234,52.88888931274414,51.6296272277832,51.77777862548828,49.03483581542969,9149684,-0.0212322117477529,55.011110877990724,-0.005418015342625456,0.01961354213268364
2022-07-07,52.22222137451172,52.666664123535156,50.74074172973633,52.59259033203125,49.806488037109375,8200111,0.015614168446954374,54.73703670501709,-0.004957204421593342,0.020010021762896776
2022-07-08,52.666664123535156,53.185184478759766,52.22222137451172,52.518516540527344,49.73633575439453,5066895,-0.0014094381834664795,54.45555515289307,-0.005091410959702261,0.019974995323418208
2022-07-11,52.14814758300781,52.296295166015625,51.25925827026367,51.407405853271484,48.684085845947266,8207659,-0.021383558594335963,54.222221755981444,-0.004344565906158266,0.01900143120102481
2022-07-12,51.85185241699219,52.074073791503906,50.88888931274414,51.185184478759766,48.47364044189453,8741582,-0.00433212030874856,53.91851806640625,-0.005606961067443923,0.018049749185340948
2022-07-13,52.074073791503906,53.11111068725586,52.074073791503906,52.74074172973633,49.9467887878418,7596871,0.029938120197693825,53.70370330810547,-0.003915629110332743,0.019726235736694384
2022-07-14,52.37036895751953,52.814815521240234,51.925926208496094,52.814815521240234,50.016937255859375,4609957,0.001403503625813483,53.540740394592284,-0.002994090730420327,0.019510802264451177
2022-07-15,52.59259033203125,52.666664123535156,52.14814758300781,52.518516540527344,49.73633575439453,3806154,-0.005625944920422904,53.41481437683105,-0.0023420276640639514,0.01917445268094442
2022-07-18,52.666664123535156,53.925926208496094,52.518516540527344,53.925926208496094,51.06918716430664,6128314,0.02644556456726548,53.42222175598145,0.0001375511424323411,0.019545475416567815
2022-07-19,53.925926208496094,54.074073791503906,53.407405853271484,54.0,51.13933563232422,3616582,0.0013726785720034405,53.36666622161865,-0.0010183647566755895,0.018694495363415418
2022-07-20,54.44444274902344,54.96296310424805,48.666664123535156,48.666664123535156,46.08853530883789,49962757,-0.10398976578017594,53.107406806945804,-0.005062126089969497,0.029404642825357118
2022-07-21,43.85185241699219,43.85185241699219,43.85185241699219,43.85185241699219,41.52879333496094,8961817,-0.10417731845698583,52.607406806945804,-0.010270992012818789,0.03676638762969671
2022-07-22,40.666664123535156,44.44444274902344,40.37036895751953,42.96296310424805,40.686988830566406,137737504,-0.020478540942499256,51.99629573822021,-0.012517804937478238,0.03589511427555079
2022-07-25,42.96296310424805,44.14814758300781,41.33333206176758,44.14814758300781,41.80938720703125,43311491,0.02721254743535509,51.4074068069458,-0.011823855001862582,0.036549391550531746
2022-07-26,44.296295166015625,46.0,43.703704833984375,45.25925827026367,42.86164093017578,34279684,0.024856283055458263,50.89999942779541,-0.01011530063027109,0.037460193935216574
2022-07-27,45.33333206176758,45.33333206176758,43.925926208496094,45.03703689575195,42.651187896728516,19432916,-0.004922058490730016,50.38148097991943,-0.01036140355480759,0.03740637124714573
2022-07-28,45.185184478759766,45.5555534362793,44.666664123535156,45.03703689575195,42.651187896728516,8791033,0.0,49.91481437683105,-0.009416706189987927,0.03741812177514223
2022-07-29,40.59259033203125,40.59259033203125,40.59259033203125,40.59259033203125,38.44218826293945,12062353,-0.10389964757007765,49.34074020385742,-0.012454082756267507,0.04243052283848004
2022-08-01,41.33333206176758,43.11111068725586,40.518516540527344,42.88888931274414,40.61684036254883,50882789,0.055027256196627836,48.84074020385742,-0.010479024144901173,0.04466215891799409
2022-08-02,43.11111068725586,43.25925827026367,42.0,42.88888931274414,40.61684036254883,16026977,0.0,48.34074020385742,-0.010479024144901173,0.04466215891799409
2022-08-03,42.59259033203125,42.814815521240234,41.48147964477539,41.77777862548828,39.56459045410156,14686301,-0.02624821566662898,47.84074020385742,-0.010729824340844978,0.04473973783418949
2022-08-04,41.25925827026367,41.6296272277832,40.37036895751953,41.48147964477539,39.28398513793945,14835372,-0.007117532337543784,47.285184669494626,-0.011866409380069885,0.04432205395823299
2022-08-05,41.407405853271484,42.814815521240234,41.407405853271484,42.74074172973633,40.476539611816406,10646965,0.02990555019605295,46.796295928955075,-0.010300659961093913,0.04525423028194566
2022-08-08,42.74074172973633,43.25925827026367,42.518516540527344,42.96296310424805,40.686988830566406,8737738,0.0051858171814863135,46.3740737915039,-0.0089721911723028,0.045301716916187326
2022-08-09,43.407405853271484,44.666664123535156,43.11111068725586,44.44444274902344,42.08998489379883,12033157,0.033901510240175854,46.03703670501709,-0.00706050964485658,0.04630346073543024
2022-08-10,44.814815521240234,46.074073791503906,44.22222137451172,45.5555534362793,43.14223861694336,15575799,0.024692604216645386,45.67777729034424,-0.007322785443909001,0.046097256970141054
2022-08-11,46.296295166015625,47.85185241699219,46.14814758300781,47.77777862548828,45.24673843383789,20141215,0.047628113252731905,45.42592544555664,-0.005011554962563081,0.04768912615942152
2022-08-12,46.88888931274414,47.25925827026367,46.22222137451172,46.666664123535156,45.463226318359375,14661662,-0.023530569648648594,45.13333282470703,-0.0059067861989743654,0.0478689823612466
2022-08-15,47.33333206176758,48.59259033203125,47.03703689575195,48.074073791503906,46.83434295654297,11278344,0.029712945936380405,44.84074020385742,-0.005743417130518619,0.04799062786900631
2022-08-16,47.407405853271484,47.6296272277832,45.703704833984375,47.03703689575195,45.82404708862305,15465320,-0.02180771493728915,44.49259204864502,-0.006902436805983248,0.04808953448668889
2022-08-17,47.33333206176758,47.48147964477539,46.74074172973633,46.88888931274414,45.67972183227539,6705356,-0.0031545647052498996,44.40370330810547,-0.0018606767522369463,0.04231409708168789
2022-08-18,46.59259033203125,46.814815521240234,46.074073791503906,46.666664123535156,45.463226318359375,5844322,-0.004750666293841485,44.544443893432614,0.003110655855920271,0.03484140559791173
2022-08-19,46.666664123535156,46.88888931274414,45.703704833984375,46.666664123535156,45.463226318359375,6115425,0.0,44.72962894439697,0.004134582903045234,0.03440991654728284
2022-08-22,45.925926208496094,47.185184478759766,45.85185241699219,46.814815521240234,45.60755920410156,3979800,0.0031696443467390738,44.862962341308595,0.002932437748614433,0.03397850743217177
2022-08-23,46.22222137451172,46.44444274902344,45.77777862548828,45.77777862548828,44.59726333618164,5778411,-0.02240093326100226,44.888888359069824,0.0005695769327914067,0.03401679372249624
2022-08-24,45.85185241699219,46.37036895751953,45.703704833984375,46.37036895751953,45.1745719909668,4481933,0.012861864655631583,44.9555549621582,0.0014587730901094865,0.034098025664198735
2022-08-25,46.666664123535156,46.88888931274414,46.37036895751953,46.44444274902344,45.246734619140625,3133900,0.001596163497369877,45.02592525482178,0.0015385812649779805,0.03409629953685422
2022-08-26,46.814815521240234,47.925926208496094,46.814815521240234,47.6296272277832,46.4013557434082,6710580,0.025198169681409366,45.377777099609375,0.007993472127552331,0.023728551426540165
2022-08-29,45.85185241699219,46.666664123535156,45.77777862548828,46.518516540527344,45.31890106201172,7148742,-0.023604549862362434,45.559258460998535,0.004061881824602818,0.021974804959138113
2022-08-30,46.518516540527344,47.25925827026367,46.296295166015625,46.96296310424805,45.75188446044922,5792173,0.009508833497975459,45.76296215057373,0.0045373234995015905,0.021985160676790325
2022-08-31,47.25925827026367,47.25925827026367,46.74074172973633,46.74074172973633,45.53539276123047,6068370,-0.004743073745272728,46.01111030578613,0.0056125805955694035,0.020899321702062906
2022-09-01,46.14814758300781,46.22222137451172,44.666664123535156,45.407405853271484,44.23644256591797,10319109,-0.028940981990663167,46.20740661621094,0.004521408112913434,0.022132294894794517
2022-09-02,45.11111068725586,45.407405853271484,43.703704833984375,43.85185241699219,42.721004486083984,12019961,-0.034858253938230055,46.26296215057373,0.0012832179061992837,0.022945721613087465
2022-09-05,43.703704833984375,44.59259033203125,43.33333206176758,44.37036895751953,43.22614669799805,6150609,0.01175491850173835,46.3333324432373,0.0016116729722118854,0.023051298906446204
2022-09-06,44.666664123535156,45.03703689575195,44.074073791503906,44.44444274902344,43.29831314086914,4025497,0.0016680507959383935,46.3333324432373,1.2457482961858447e-17,0.02176586540107007
2022-09-07,44.14814758300781,44.14814758300781,42.96296310424805,42.96296310424805,41.855037689208984,6948996,-0.03390151024017579,46.20370292663574,-0.0029297057228410465,0.022206245230622555
2022-09-08,43.703704833984375,44.96296310424805,42.96296310424805,44.666664123535156,43.514801025390625,6537816,0.0388890329624066,46.048147201538086,-0.0033666597373573116,0.021223279779091858
2022-09-12,45.48147964477539,45.5555534362793,44.518516540527344,44.666664123535156,43.514801025390625,4261698,0.0,45.948147201538085,-0.002190131254924882,0.02069221978950638
2022-09-13,45.11111068725586,45.11111068725586,44.59259033203125,44.96296310424805,43.80345916748047,3643174,0.006611654410349345,45.792591667175294,-0.003345195831226435,0.01942349750287829
2022-09-14,43.407405853271484,44.14814758300781,43.33333206176758,43.703704833984375,42.57667541503906,5612295,-0.02840623143963382,45.625925064086914,-0.003675121656343668,0.019805882595920855
2022-09-15,43.703704833984375,44.96296310424805,43.48147964477539,44.666664123535156,43.514801025390625,5639056,0.021794577029284595,45.51481380462646,-0.0024276645696169434,0.02060978090564804
2022-09-16,44.074073791503906,44.518516540527344,44.074073791503906,44.296295166015625,43.15398406982422,7305970,-0.008326411357141995,45.396295356750485,-0.002606451822781969,0.020646470183356278
2022-09-19,44.22222137451172,44.22222137451172,42.96296310424805,42.96296310424805,41.855037689208984,5981936,-0.030562621605264555,45.211110305786136,-0.004134582903045197,0.021554469600532554
2022-09-20,43.185184478759766,44.0,43.03703689575195,43.6296272277832,42.50450897216797,5419492,0.015398021771778602,45.05185089111328,-0.003523164031793221,0.021942511352202713
2022-09-21,43.33333206176758,43.6296272277832,42.96296310424805,43.25925827026367,42.14369201660156,4114160,-0.008525168634604476,44.92592487335205,-0.002829375800473331,0.02152969225238566
2022-09-22,42.814815521240234,42.814815521240234,41.6296272277832,41.85185241699219,40.772579193115234,7377312,-0.033075215316377235,44.699999046325686,-0.005126229799073772,0.022207289386855136
2022-09-23,42.14814758300781,42.518516540527344,41.48147964477539,41.5555534362793,40.48392105102539,4052718,-0.007104890125725538,44.45555458068848,-0.005561282480228543,0.02215382757076391
2022-09-26,40.37036895751953,40.666664123535156,38.44444274902344,39.6296272277832,38.607662200927734,14914500,-0.04745416823540353,44.05555458068848,-0.009193899376069188,0.022791966860509574
2022-09-27,39.48147964477539,40.296295166015625,39.33333206176758,39.77777862548828,38.751991271972656,5302706,0.0037314295313573423,43.71851768493652,-0.007827100406383198,0.022701768775857094
2022-09-28,40.0,40.0,37.25925827026367,37.48147964477539,36.51490783691406,11137173,-0.0594614955355861,43.24444351196289,-0.011275616858061277,0.025047078458868534
2022-09-29,38.37036895751953,38.74074172973633,37.77777862548828,38.074073791503906,37.092220306396484,6059962,0.015686637749138945,42.81111011505127,-0.010254131283340693,0.025734665383450768
2022-09-30,37.6296272277832,38.296295166015625,36.88888931274414,38.074073791503906,37.092220306396484,6906120,0.0,42.44444351196289,-0.008807082183807534,0.02544059834890354
2022-10-03,37.25925827026367,38.296295166015625,36.88888931274414,36.925926208496094,35.97368240356445,9145267,-0.030619660979330436,42.09814720153808,-0.008595152535862554,0.025228934519790178
2022-10-04,37.11111068725586,37.6296272277832,36.11111068725586,37.25925827026367,36.29841995239258,14797686,0.008986546501875164,41.74259166717529,-0.008733571135855713,0.02511876124031917
2022-10-05,37.925926208496094,39.03703689575195,37.85185241699219,38.074073791503906,37.092220306396484,6934908,0.0216331144774553,41.424073219299316,-0.007735317951779867,0.0259372753780005
2022-10-06,38.37036895751953,39.407405853271484,37.85185241699219,39.33333206176758,38.319007873535156,7887996,0.03253873088042023,41.24259166717529,-0.004413305895750066,0.026654432765644855
2022-10-07,38.88888931274414,40.0,38.88888931274414,39.703704833984375,38.67982864379883,6989924,0.009372200624696136,40.99444370269775,-0.005889147512635589,0.024889336550950762
2022-10-11,38.59259033203125,39.185184478759766,38.0,38.14814758300781,37.16438674926758,7360251,-0.03996730368931385,40.668517875671384,-0.007887512697101282,0.025972527800644914
2022-10-12,41.185184478759766,41.925926208496094,40.14814758300781,41.925926208496094,40.84474182128906,13835512,0.09442719909355293,40.51666603088379,-0.003496735462941102,0.03455686976743412
2022-10-13,42.59259033203125,43.11111068725586,39.407405853271484,40.518516540527344,39.47362518310547,35436804,-0.034145331337917494,40.35740661621094,-0.0037836904578552864,0.03479759088020566
2022-10-14,40.74074172973633,42.074073791503906,40.59259033203125,41.85185241699219,40.772579193115234,10176822,0.03237699104478079,40.216666030883786,-0.003254569757080477,0.035284051887972005
2022-10-17,41.11111068725586,42.518516540527344,40.44444274902344,42.518516540527344,41.42205047607422,6887338,0.01580360514907305,40.127777099609375,-0.0020480689317697244,0.03551330336629006
2022-10-18,42.74074172973633,43.925926208496094,42.22222137451172,43.703704833984375,42.57667541503906,9267667,0.027493212963252193,40.164814186096194,0.0008547227966561129,0.03543250308997161
2022-10-19,43.85185241699219,44.666664123535156,43.407405853271484,43.5555534362793,42.43234634399414,9998024,-0.0033956635203462844,40.161110496521,-8.496146795013145e-05,0.0352753688761474
2022-10-20,42.666664123535156,44.814815521240234,42.37036895751953,44.814815521240234,43.65913391113281,10401828,0.02850157455228038,40.238888359069826,0.0017663756913941114,0.03577715037980586
2022-10-21,44.814815521240234,45.185184478759766,44.296295166015625,44.74074172973633,43.586971282958984,7827862,-0.0016542537542046825,40.38333282470703,0.0033374237695027393,0.03484438012322361
2022-10-24,44.74074172973633,45.185184478759766,43.703704833984375,43.703704833984375,42.57667541503906,10968899,-0.02345165727772939,40.49074039459229,0.0025200854119025464,0.03529107371956445
2022-10-25,43.77777862548828,43.925926208496094,42.296295166015625,43.03703689575195,41.92720031738281,11038149,-0.015371809193079922,40.66111087799072,0.0041242033640187265,0.03358803654356038
2022-10-26,42.96296310424805,43.25925827026367,42.37036895751953,42.96296310424805,41.855037689208984,16496064,-0.0017226467400421176,40.82037010192871,0.003851499550448754,0.0336135247025395
2022-10-27,44.0555534362793,45.11111068725586,43.5,44.83333206176758,43.67717361450195,19252774,0.04261346062710897,41.18796272277832,0.008955247358583506,0.031153694772513573
2022-10-28,45.0,45.22222137451172,44.44444274902344,44.44444274902344,43.29831314086914,7424397,-0.008711950386933039,41.5064811706543,0.007735317951779908,0.031353296616764316
2022-10-31,44.77777862548828,45.0,43.61111068725586,44.0,42.86532974243164,6143634,-0.010050297706528046,41.802777481079104,0.007232803066453505,0.031563634573556924
2022-11-01,44.38888931274414,44.666664123535156,43.77777862548828,44.44444274902344,43.29831314086914,5282867,0.010050297706528157,42.17870330810547,0.009266301000746435,0.03028063867008937
2022-11-02,44.0,45.44444274902344,43.88888931274414,45.44444274902344,44.27252197265625,4646824,0.022250609774239753,42.587962532043456,0.009929504164364663,0.030419126367366853
2022-11-03,44.44444274902344,45.38888931274414,44.22222137451172,44.83333206176758,43.67717361450195,4349448,-0.013538659387306752,42.92592544555664,0.00817091547112656,0.030722072686048808
2022-11-04,44.666664123535156,45.27777862548828,44.27777862548828,45.22222137451172,44.056034088134766,4468401,0.008636707349212082,43.22036991119385,0.006975814294566155,0.0301844596215184
2022-11-07,45.0555534362793,46.44444274902344,44.72222137451172,46.44444274902344,45.246734619140625,6471169,0.026668229323321944,43.5574068069458,0.007840615729497446,0.030502822442316942
2022-11-08,46.44444274902344,48.666664123535156,46.33333206176758,48.27777862548828,47.03279495239258,6719418,0.03871456624399175,44.06388835906982,0.011774709226162725,0.029051753448674247
2022-11-09,48.27777862548828,49.77777862548828,48.27777862548828,48.44444274902344,47.195159912109375,10601105,0.0034462460873436822,44.38981418609619,0.007225661575852261,0.021594511628369954
2022-11-10,48.27777862548828,48.72222137451172,47.88888931274414,48.11111068725586,46.87042236328125,5239989,-0.006904489159245638,44.769443893432616,0.008587703684785855,0.019616232064668348
2022-11-11,49.44444274902344,49.77777862548828,48.5555534362793,49.61111068725586,48.33174133300781,9636674,0.03070167258043341,45.1574068069458,0.008503937761568485,0.019512602864635884
2022-11-14,49.88888931274414,50.83333206176758,49.33333206176758,50.27777862548828,48.98121643066406,8685062,0.013348388227522219,45.545369911193845,0.008381176915490944,0.019471941881845246
2022-11-15,50.27777862548828,50.666664123535156,49.72222137451172,50.5555534362793,49.2518310546875,7562354,0.005509597030678316,45.887962341308594,0.0072819961188622506,0.018949775686798502
2022-11-16,50.5555534362793,50.77777862548828,49.0555534362793,49.166664123535156,47.89875793457031,9760653,-0.027856964307925145,46.168517875671384,0.006058931079483308,0.020408463589652343
2022-11-17,48.77777862548828,49.0,48.0,48.83333206176758,47.57402038574219,6284912,-0.006802721636932038,46.36944370269775,0.004293716270022686,0.019885239876261777
2022-11-18,48.88888931274414,49.88888931274414,48.88888931274414,49.38888931274414,48.11524963378906,3325323,0.011312372449613214,46.601851081848146,0.004942047580213581,0.019892486086321874
2022-11-21,49.11111068725586,49.666664123535156,48.72222137451172,49.0,47.73638916015625,2772936,-0.007905188089109349,46.866665840148926,0.005719371039644583,0.019008686940403672
2022-11-22,49.38888931274414,49.44444274902344,48.5555534362793,48.83333206176758,47.57402038574219,3322972,-0.0034071843605038565,47.156480598449704,0.006317602281273387,0.018491209749870886
2022-11-23,49.22222137451172,49.44444274902344,49.0,49.11111068725586,47.844635009765625,2130840,0.005672182360819038,47.463887977600095,0.006687343736316445,0.018395664120052693
2022-11-24,49.44444274902344,50.22222137451172,49.11111068725586,50.22222137451172,48.927093505859375,4877058,0.022372289505878284,47.7333324432373,0.00567528518025491,0.01680296826607438
2022-11-25,50.666664123535156,51.11111068725586,50.22222137451172,50.38888931274414,49.08946228027344,5108133,0.0033131150138324687,48.03055477142334,0.0062765384502931855,0.01647296397322162
2022-11-28,49.666664123535156,50.38888931274414,49.38888931274414,50.27777862548828,48.98121643066406,3610665,-0.002207497966351083,48.34444370269775,0.006668678437302034,0.01615410998515487
2022-11-29,50.44444274902344,51.0,50.0555534362793,51.0,49.684814453125,3743733,0.01426243006002416,48.67222156524658,0.006879285054976833,0.016227807081339946
2022-11-30,51.166664123535156,52.0555534362793,50.61111068725586,51.27777862548828,49.95542907714844,9013410,0.005431860414093971,48.96388835906983,0.006038347586969544,0.01581998507664243
2022-12-01,51.94444274902344,52.666664123535156,51.44444274902344,51.5,50.17192077636719,5112620,0.00432431453127058,49.29722175598145,0.006931496282898411,0.015146462230784367
2022-12-02,51.166664123535156,52.0555534362793,51.0555534362793,51.0555534362793,49.73893356323242,5063335,-0.008667484719388443,49.58888835906983,0.006066286679468384,0.015533223738396572
2022-12-05,50.94444274902344,52.88888931274414,50.94444274902344,52.44444274902344,51.09200668334961,7608585,0.02684005297109044,49.888888359069824,0.006074877861856809,0.01554526091857453
2022-12-06,52.166664123535156,52.83333206176758,51.33333206176758,51.61111068725586,50.28016662597656,5994776,-0.016017403216199374,50.055554962158205,0.003338279388847254,0.014261445643493473
2022-12-07,51.0555534362793,51.44444274902344,50.22222137451172,50.666664123535156,49.36007308959961,10088263,-0.018468790720412742,50.16666603088379,0.0022425275484594326,0.01507160280833496
2022-12-08,50.5555534362793,50.666664123535156,49.0,49.44444274902344,48.16937255859375,7372940,-0.024418511444173757,50.23333263397217,0.0013668264342130265,0.016104456803398146
2022-12-09,49.5555534362793,50.27777862548828,49.5555534362793,49.83333206176758,48.54823303222656,5348897,0.007834408105654845,50.24444370269775,0.00022346321047409827,0.01465905122718635
2022-12-12,50.0,50.0,49.166664123535156,49.27777862548828,48.00700759887695,3926903,-0.011210837030153395,50.194443702697754,-0.0010044980524096824,0.014529805415386711
2022-12-13,49.44444274902344,50.22222137451172,49.27777862548828,49.38888931274414,48.11524963378906,6584684,0.002252244583627838,50.136110496521,-0.0011673656747622062,0.01447108202292216
2022-12-14,49.77777862548828,50.38888931274414,49.5555534362793,50.0,48.710601806640625,4950560,0.012297519228410077,50.17777729034424,0.0008403585020545548,0.013312403014169125
2022-12-15,49.77777862548828,50.166664123535156,49.44444274902344,50.0555534362793,48.76472473144531,3375288,0.0011104519455438875,50.238888359069826,0.001236017181178351,0.013190320946718645
2022-12-16,49.27777862548828,49.94444274902344,49.166664123535156,49.33333206176758,48.061126708984375,5957660,-0.014533498052666375,50.23611049652099,-5.62763439356284e-05,0.013415330960833319
2022-12-19,48.83333206176758,49.44444274902344,48.77777862548828,48.88888931274414,47.628143310546875,4482681,-0.009049801075169521,50.2305549621582,-0.00011350699323863701,0.013452965933105342
2022-12-20,48.77777862548828,48.88888931274414,47.166664123535156,47.22222137451172,46.00445556640625,7989378,-0.03468558460917321,50.14999942779541,-0.0016774270056721045,0.015515911831891091
2022-12-21,47.38888931274414,48.0,47.38888931274414,47.94444274902344,46.70805358886719,4976105,0.015178324188382435,50.091666030883786,-0.001202119914293935,0.015893905043955006
2022-12-22,48.5555534362793,49.5555534362793,48.27777862548828,49.27777862548828,48.00700759887695,5018639,0.02743034379104489,50.044443893432614,-0.0009492172000356051,0.01632320617378984
2022-12-23,48.44444274902344,48.72222137451172,48.11111068725586,48.5,47.24928283691406,2989470,-0.015909443672670606,49.94999942779541,-0.0019103451343607588,0.016622210408045384
2022-12-26,48.38888931274414,48.83333206176758,48.22222137451172,48.5,47.24928283691406,2028423,0.0,49.86111049652099,-0.0017999702360432044,0.016627461692697857
2022-12-27,48.5555534362793,49.11111068725586,48.5555534362793,48.77777862548828,47.519901275634766,2689281,0.005711055174545063,49.74999942779541,-0.0022275389803171593,0.01629939563510894
2022-12-28,48.5555534362793,48.72222137451172,47.88888931274414,47.94444274902344,46.70805358886719,3609896,-0.01723195529291946,49.58333263397217,-0.003360729765667831,0.016525131333191095
2022-12-29,47.72222137451172,47.77777862548828,47.11111068725586,47.38888931274414,46.16682815551758,3958985,-0.011655099285358283,49.377777099609375,-0.004159700456499274,0.016520304767470687
2022-12-30,48.0555534362793,48.33333206176758,47.666664123535156,48.0555534362793,46.81629943847656,4244698,0.013969906395462372,49.227777099609376,-0.0030278309007567335,0.01696471395886145
2023-01-03,48.0,48.38888931274414,47.0555534362793,48.38888931274414,47.14104080200195,5011761,0.006912522780521528,49.02499942779541,-0.004024207410285179,0.015652633368097888
2023-01-04,48.33333206176758,48.5555534362793,48.11111068725586,48.166664123535156,46.92454528808594,1977012,-0.0046030616298911,48.852777099609376,-0.0034534903309697646,0.015398355453273588
2023-01-05,48.5555534362793,48.61111068725586,47.77777862548828,47.77777862548828,46.54568862915039,3113854,-0.008106516991631108,48.70833282470703,-0.0029353766445306836,0.015036622377802445
2023-01-06,47.666664123535156,48.22222137451172,47.666664123535156,47.88888931274414,46.653934478759766,2288125,0.002322872524167632,48.630555152893066,-0.001598307446113614,0.014190933467299912
2023-01-09,48.33333206176758,48.88888931274414,48.22222137451172,48.61111068725586,47.35752868652344,5169984,0.014968598123807679,48.56944408416748,-0.0012415979452059724,0.014526220693184044
2023-01-10,48.44444274902344,48.61111068725586,47.88888931274414,48.11111068725586,46.87042236328125,3719205,-0.010338977885795644,48.51111068725586,-0.001198004987988085,0.014496005351469651
2023-01-11,48.33333206176758,48.88888931274414,47.88888931274414,48.166664123535156,46.92454528808594,5285131,0.0011540242294516706,48.44999942779541,-0.001252916005696893,0.014484323225624311
2023-01-12,48.33333206176758,48.77777862548828,48.0,48.11111068725586,46.87042236328125,3327926,-0.0011540242294516766,48.3555549621582,-0.0019254931785899806,0.01412997010884942
2023-01-13,48.5555534362793,48.77777862548828,48.11111068725586,48.166664123535156,46.92454528808594,2723004,0.0011540242294516706,48.261110496521,-0.0019233145643945918,0.014130466189659447
2023-01-16,48.666664123535156,48.666664123535156,48.22222137451172,48.38888931274414,47.14104080200195,3196522,0.0046030616298912055,48.21388835906983,-0.0009664865802667125,0.013877277684652854
2023-01-17,48.44444274902344,48.77777862548828,48.33333206176758,48.77777862548828,47.519901275634766,4296539,0.008004625402293882,48.20833282470703,-0.00011376525639354247,0.013878412025532944
2023-01-30,49.44444274902344,49.72222137451172,48.666664123535156,49.666664123535156,48.3858642578125,9560421,0.01805911295537538,48.3305549621582,0.002523469621833887,0.011822233157417412
2023-01-31,49.666664123535156,50.5555534362793,49.5,49.72222137451172,48.43998718261719,9465772,0.0011179772564061067,48.419443893432614,0.0018204522752350706,0.011442037306250326
2023-02-01,50.0,50.33333206176758,49.83333206176758,50.33333206176758,49.03533935546875,3688452,0.012215579554154258,48.472221565246585,0.0010597140633905391,0.01007368069405313
2023-02-02,50.5,50.72222137451172,50.0555534362793,50.44444274902344,49.143585205078125,4156663,0.002205064211542062,48.569443702697754,0.0019654394576011725,0.009248199126786568
2023-02-03,50.5,50.666664123535156,50.0555534362793,50.11111068725586,48.81884765625,3790456,-0.006629833387310319,48.64999923706055,0.0016339477882356564,0.00943920319776439
2023-02-06,50.11111068725586,50.38888931274414,49.666664123535156,49.666664123535156,48.3858642578125,4086593,-0.008908787634792187,48.69444351196289,0.0009029556477687941,0.00967011690599612
2023-02-07,49.666664123535156,49.94444274902344,49.61111068725586,49.61111068725586,48.33174133300781,2412908,-0.0011191516365786137,48.777776908874515,0.001708595830585836,0.008702524919440974
2023-02-08,49.61111068725586,49.77777862548828,49.44444274902344,49.72222137451172,48.43998718261719,2736966,0.002237128892984866,48.89444351196289,0.002403207239502994,0.008114269949177945
2023-02-09,49.666664123535156,49.94444274902344,49.61111068725586,49.72222137451172,48.43998718261719,1887214,0.0,48.97777690887451,0.001704711919729875,0.007654428098514177
2023-02-10,49.666664123535156,49.666664123535156,49.22222137451172,49.33333206176758,48.061126708984375,3413223,-0.007851984008740674,49.02499904632568,0.0009664865802667651,0.007835562421832047
2023-02-13,49.33333206176758,49.38888931274414,48.33333206176758,48.94444274902344,47.68226623535156,5205815,-0.007914125920712098,49.063887977600096,0.0008009333657257152,0.007992832264803773
2023-02-14,49.166664123535156,49.27777862548828,48.83333206176758,49.166664123535156,47.89875793457031,2643050,0.004530001986743364,49.13333225250244,0.0014327593146444388,0.007747329539808559
2023-02-15,49.166664123535156,49.27777862548828,48.77777862548828,48.88888931274414,47.628143310546875,3321554,-0.005665677141200808,49.18333225250244,0.0010333318313760168,0.007903383143923803
2023-02-16,49.0,49.27777862548828,48.94444274902344,49.0,47.73638916015625,2413944,0.002270139864772578,49.202776718139646,0.0003984089184242617,0.007204097308718399
2023-02-17,48.88888931274414,49.11111068725586,48.77777862548828,49.0,47.73638916015625,2340465,0.0,49.24722118377686,0.000915357812714044,0.0067496739637941195
2023-02-20,48.61111068725586,49.44444274902344,48.61111068725586,49.33333206176758,48.061126708984375,3924556,0.0067796612103969995,49.30555458068848,0.0011966396617613105,0.0068761777052233864
2023-02-21,49.33333206176758,49.38888931274414,49.11111068725586,49.33333206176758,48.061126708984375,2234931,0.0,49.36666564941406,0.001254340873233894,0.006860237505467175
2023-02-22,49.0555534362793,49.27777862548828,48.77777862548828,49.11111068725586,47.844635009765625,3120536,-0.004514663210081638,49.4138879776001,0.0009709065012572287,0.006980646018275655
2023-02-23,49.166664123535156,49.72222137451172,49.0555534362793,49.44444274902344,48.16937255859375,4583718,0.006764374429664629,49.46666564941406,0.0010789721412459,0.00705615488673014
2023-02-24,49.61111068725586,49.77777862548828,49.166664123535156,49.38888931274414,48.11524963378906,4153220,-0.001124184340870721,49.49722118377686,0.0006225316540876697,0.006877574468980484
2023-03-01,49.27777862548828,49.27777862548828,48.0,48.44444274902344,47.195159912109375,12008872,-0.019307855184144216,49.43611011505127,-0.0012458167528883101,0.006966427074866523
2023-03-02,48.5555534362793,48.61111068725586,47.83333206176758,48.11111068725586,46.87042236328125,4953519,-0.006904489159245638,49.35555458068848,-0.0016469400736708975,0.0070535771832223185
2023-03-03,48.33333206176758,48.33333206176758,47.88888931274414,48.0555534362793,46.81629943847656,4121978,-0.0011554369211788146,49.24166564941406,-0.002315490897437551,0.006259472784893846
2023-03-06,48.166664123535156,48.44444274902344,48.0555534362793,48.27777862548828,47.03279495239258,4197378,0.004613679993080778,49.13333244323731,-0.002195060108360615,0.006373162936916507
2023-03-07,48.33333206176758,49.11111068725586,48.33333206176758,49.0,47.73638916015625,4377255,0.014848913182378605,49.07777690887451,-0.0011211227798761689,0.007325118624434602
2023-03-08,49.0,49.0,48.666664123535156,48.88888931274414,47.628143310546875,2993464,-0.0022701398647727027,49.038888168334964,-0.0007891903913751948,0.007100625726826382
2023-03-09,49.0,49.38888931274414,48.77777862548828,49.0,47.73638916015625,4128012,0.002270139864772578,49.00833263397217,-0.0006197258163076352,0.007132708538784337
2023-03-10,48.77777862548828,48.77777862548828,48.0,48.0555534362793,46.81629943847656,6711528,-0.019462593175459363,48.92499923706055,-0.0017047119197298468,0.008239772689371986
2023-03-13,47.83333206176758,48.0,47.27777862548828,47.77777862548828,46.54568862915039,5235938,-0.005797055841000691,48.82777709960938,-0.0019945647117798814,0.008278520617577308
2023-03-14,47.38888931274414,47.72222137451172,47.22222137451172,47.33333206176758,46.112701416015625,5264549,-0.009345907025081167,48.727777099609376,-0.002069260862596906,0.008340659608477859
2023-03-15,42.61111068725586,42.61111068725586,42.61111068725586,42.61111068725586,41.51225662231445,7098525,-0.1050997085450534,48.411110496521,-0.006928539993813971,0.024527776177421037
2023-03-16,41.0555534362793,41.44444274902344,39.77777862548828,40.27777862548828,39.239097595214844,62261107,-0.05631511551891661,47.96666622161865,-0.009970795869096969,0.026708222193043057
2023-03-17,40.38888931274414,40.83333206176758,40.0555534362793,40.27777862548828,39.239097595214844,16743812,0.0,47.53611068725586,-0.00968751201203693,0.026786221172829156
2023-03-20,40.0555534362793,40.166664123535156,37.5,38.11111068725586,37.12830352783203,36367650,-0.05529405929696133,46.99166622161865,-0.012565721970123626,0.028473275665422054
2023-03-21,38.44444274902344,40.0,38.33333206176758,39.61111068725586,38.589622497558594,19160811,0.038603793109564105,46.52222175598145,-0.01063553231464542,0.03059904571783488
2023-03-22,40.0555534362793,40.11111068725586,38.666664123535156,39.94444274902344,38.91435623168945,14261454,0.008379905562687239,46.05277729034424,-0.010555520097030908,0.030649032139825866
2023-03-23,39.61111068725586,40.0,39.27777862548828,39.83333206176758,38.80611038208008,7180049,-0.0027855065991029475,45.57777729034424,-0.010694795426986056,0.030604838286180533
2023-03-24,40.11111068725586,40.11111068725586,39.61111068725586,39.83333206176758,38.80611038208008,5311395,0.0,45.113888359069826,-0.010469062266481973,0.030669401783805728
2023-03-27,39.666664123535156,39.72222137451172,39.166664123535156,39.44444274902344,38.427249908447266,6990990,-0.009810881624611193,44.613888359069826,-0.011297825069195765,0.030401988175539837
2023-03-28,39.44444274902344,39.5555534362793,39.0555534362793,39.11111068725586,38.102516174316406,4695401,-0.00848658173202153,44.09999942779541,-0.011665944938753305,0.030316772059592195
2023-03-29,39.11111068725586,39.27777862548828,38.61111068725586,38.77777862548828,37.77777862548828,8910532,-0.008559220697732602,43.61666622161865,-0.011128513214432725,0.030269406980695995
2023-03-30,38.94444274902344,39.27777862548828,38.83333206176758,38.94444274902344,37.94014358520508,4564824,0.0042887188771393876,43.15833282470703,-0.010568852812613473,0.030454528011046283
2023-03-31,39.11111068725586,39.88888931274414,39.0555534362793,39.27777862548828,38.26488494873047,7989767,0.008522843978777301,42.71944408416748,-0.010084938767615669,0.030687974914500146
2023-04-06,39.44444274902344,39.5555534362793,39.0,39.0555534362793,38.04838943481445,5534681,-0.00567384993147377,42.25833282470703,-0.010599315263843395,0.03051436325332144
2023-04-07,39.22222137451172,39.72222137451172,39.0,39.61111068725586,38.589622497558594,5738408,0.01412457216633844,41.78888835906982,-0.010635532314645403,0.030482983152357444
2023-04-10,39.61111068725586,40.0555534362793,39.38888931274414,39.44444274902344,38.427249908447266,4608906,-0.004216482661027032,41.31666603088379,-0.01073284945445812,0.03045796756063782
2023-04-11,39.44444274902344,39.83333206176758,39.22222137451172,39.83333206176758,38.80611038208008,5395773,0.009810881624611304,40.85833263397217,-0.010355812366466184,0.03067331429475458
2023-04-12,39.77777862548828,40.22222137451172,39.5555534362793,40.166664123535156,39.1308479309082,7397080,0.008333350166818207,40.46388816833496,-0.008966015199352305,0.030868066110676863
2023-04-13,40.11111068725586,40.11111068725586,39.77777862548828,39.88888931274414,38.86023712158203,4411001,-0.006939579170163436,40.069443702697754,-0.009023141365810443,0.030862949576301167
2023-04-14,39.94444274902344,40.22222137451172,39.72222137451172,40.11111068725586,39.07672882080078,5195928,0.005555548651675874,39.70833263397217,-0.008278068581972591,0.031034143192642798
2023-04-17,40.11111068725586,40.11111068725586,39.88888931274414,39.94444274902344,38.91435623168945,3385397,-0.004163813049227746,39.574999237060545,-0.0032312738071813077,0.021066732584311236
2023-04-18,39.88888931274414,39.94444274902344,39.33333206176758,39.44444274902344,38.427249908447266,5448910,-0.012596388223714223,39.533332443237306,-0.001045337442421188,0.017177987712463358
2023-04-19,39.38888931274414,39.666664123535156,39.22222137451172,39.38888931274414,38.373130798339844,5420952,-0.00140938975994624,39.4888879776001,-0.0011158069304185,0.017176364513156926
2023-04-20,39.33333206176758,39.38888931274414,38.88888931274414,38.94444274902344,37.94014358520508,4299356,-0.011347693792668633,39.530554580688474,0.001081511344796135,0.011872938684484689
2023-04-21,38.94444274902344,39.27777862548828,38.88888931274414,39.0555534362793,38.04838943481445,4196979,0.0028489940473035535,39.50277671813965,-0.0007062286083168927,0.007979080776020787
2023-04-24,38.94444274902344,39.666664123535156,38.94444274902344,39.5,38.48137664794922,3766786,0.011315592255696404,39.48055458068848,-0.0005594442736664344,0.008179513241436885
2023-04-25,39.61111068725586,40.38888931274414,39.22222137451172,39.33333206176758,38.319007873535156,7978101,-0.004228368437464622,39.45555458068848,-0.0006315873655845181,0.00820649889769248
2023-04-26,39.33333206176758,39.72222137451172,39.0555534362793,39.61111068725586,38.589622497558594,3695426,0.007037348348106419,39.44444351196289,-0.00027971994817919715,0.00838395496984209
2023-04-27,39.5,39.61111068725586,39.27777862548828,39.44444274902344,38.427249908447266,2345640,-0.004216482661027032,39.44444351196289,1.0885389811754465e-17,0.00813896899767523
2023-04-28,39.5555534362793,39.77777862548828,39.44444274902344,39.77777862548828,38.751991271972656,4425308,0.008415261218947461,39.47777690887451,0.0008450921475484605,0.008088733059630173
2023-05-02,39.83333206176758,39.88888931274414,39.33333206176758,39.44444274902344,38.427249908447266,3623096,-0.008415261218947492,39.51111011505127,0.0008522901214877161,0.008079983245986426
2023-05-03,39.44444274902344,39.5555534362793,39.22222137451172,39.27777862548828,38.26488494873047,2584070,-0.004234239573837603,39.527776908874515,0.0004261421989388664,0.008113887239476687
2023-05-04,39.27777862548828,39.77777862548828,39.27777862548828,39.77777862548828,38.751991271972656,3045567,0.012649500792785076,39.55277690887451,0.0006324750396392552,0.008378765790732372
2023-05-05,39.88888931274414,39.88888931274414,39.44444274902344,39.5555534362793,38.53549575805664,1789020,-0.005602330437037739,39.57777690887451,0.0006360510143610567,0.008375947444544967
2023-05-08,39.5555534362793,40.0555534362793,39.44444274902344,39.77777862548828,38.751991271972656,4333502,0.0056023304370378365,39.586110305786136,0.00020993892789602665,0.007854149806627332
2023-05-09,39.94444274902344,40.0,39.666664123535156,39.72222137451172,38.69786834716797,3043366,-0.001397666918759592,39.599999237060544,0.0003508797150093987,0.007795611507967033
2023-05-10,39.72222137451172,39.72222137451172,39.22222137451172,39.44444274902344,38.427249908447266,3592781,-0.007017594300187947,39.58055477142334,-0.0004905440812305639,0.007627176169065333
2023-05-11,39.5,39.5,39.0,39.11111068725586,38.102516174316406,3842660,-0.00848658173202153,39.527777099609374,-0.0013315406761725507,0.007529704379893798
2023-05-12,39.11111068725586,39.11111068725586,38.5555534362793,38.72222137451172,37.723655700683594,4183796,-0.009992956452403863,39.46944370269775,-0.001484209540284572,0.0076788718496394745
2023-05-15,38.666664123535156,38.666664123535156,37.61111068725586,38.33333206176758,37.34479522705078,7340375,-0.010093824448406397,39.38055477142334,-0.0022666781952886857,0.007720984782853765
2023-05-16,38.5555534362793,39.22222137451172,38.38888931274414,39.0,37.99427032470703,4183383,0.017241839605787138,39.33333263397217,-0.0011963955625379416,0.008845848155418301
2023-05-17,39.0,39.44444274902344,38.77777862548828,39.27777862548828,38.26488494873047,6612107,0.007097283453206974,39.32499942779541,-0.00021171197869188177,0.00860282941803709
2023-05-18,39.38888931274414,39.5,39.22222137451172,39.38888931274414,38.373130798339844,3417355,0.002824849813891502,39.32499942779541,5.334274688628682e-18,0.008623879460804037
2023-05-19,39.38888931274414,39.77777862548828,39.27777862548828,39.5,38.48137664794922,4277180,0.002816892510331258,39.352777290344235,0.0007082293151499998,0.008214837653778834
2023-05-22,39.5555534362793,39.666664123535156,39.44444274902344,39.44444274902344,38.427249908447266,2778714,-0.0014075027503851474,39.37222175598144,0.0004954044752655648,0.00821159371724923
2023-05-23,39.44444274902344,39.77777862548828,39.27777862548828,39.666664123535156,38.643741607666016,3548402,0.005617971174167359,39.3805549621582,0.00021052342118911253,0.00790974162146258
2023-05-24,39.5,39.77777862548828,39.38888931274414,39.666664123535156,38.643741607666016,2676708,0.0,39.39722156524658,0.0004219418430623437,0.007841062099256543
2023-05-25,39.5555534362793,39.666664123535156,39.0555534362793,39.0555534362793,38.04838943481445,4020802,-0.01552606067947886,39.36944370269775,-0.0007062286083169203,0.008439514365949368
2023-05-26,39.0,39.0,38.5555534362793,38.77777862548828,37.77777862548828,4847211,-0.007137712924442897,39.336110496520995,-0.0008522901214877137,0.008528275199252937
2023-05-29,38.77777862548828,39.0,38.61111068725586,38.88888931274414,37.886024475097656,3749272,0.0028612213194382052,39.29166603088379,-0.0011299921164631764,0.008297933702921981
2023-05-30,39.0555534362793,39.22222137451172,38.88888931274414,38.94444274902344,37.94014358520508,4454361,0.0014274975577013307,39.26666603088379,-0.0006378541776307352,0.00813336204046661
2023-05-31,38.94444274902344,39.11111068725586,38.77777862548828,38.77777862548828,37.77777862548828,5942179,-0.004288718877139355,39.24166603088379,-0.0006405781427958228,0.008134638931207135
2023-06-01,38.94444274902344,38.94444274902344,38.61111068725586,38.77777862548828,37.77777862548828,2594194,0.0,39.19166603088379,-0.0012730531824350767,0.0075151016696867025
2023-06-02,38.77777862548828,39.22222137451172,38.72222137451172,38.94444274902344,37.94014358520508,4949517,0.0042887188771393876,39.161110496521,-0.0007785007167262204,0.007540617499067081
2023-06-05,39.11111068725586,41.22222137451172,39.11111068725586,41.0555534362793,39.9968147277832,18835185,0.05279002582824011,39.224999237060544,0.0015808840528338936,0.014138218888133575
2023-06-06,41.44444274902344,41.44444274902344,40.33333206176758,41.11111068725586,40.05093765258789,10327509,0.0013523065597416594,39.294443702697755,0.001718382726758956,0.014121088740864637
2023-06-07,41.11111068725586,41.166664123535156,40.666664123535156,40.94444274902344,39.88856887817383,5831051,-0.00406232510672711,39.36944370269775,0.0018661461864319978,0.014040093726184007
2023-06-08,40.77777862548828,40.77777862548828,40.22222137451172,40.27777862548828,39.239097595214844,5635169,-0.016416174880215486,39.42777709960937,0.0014696665290223,0.01445370244101792
2023-06-09,40.5,40.72222137451172,40.0555534362793,40.11111068725586,39.07672882080078,3550511,-0.004146547575482464,39.49722156524658,0.00176198697286837,0.01426759648779409
2023-06-12,40.11111068725586,40.22222137451172,39.5,39.5,38.48137664794922,4554581,-0.01535269852255683,39.555554962158205,0.0014990432691608484,0.014543385706867919
2023-06-13,40.0,41.0,39.83333206176758,40.83333206176758,39.78032302856445,9205634,0.03319803826920951,39.64722156524658,0.002296853202331967,0.01583293024427778
2023-06-14,40.83333206176758,40.88888931274414,40.27777862548828,40.5555534362793,39.509708404541016,4551300,-0.006825986186141876,39.711110305786136,0.0016006897203645243,0.015916626722632946
2023-06-15,40.5555534362793,40.83333206176758,40.27777862548828,40.77777862548828,39.72620391845703,3848511,0.005464567516747894,39.78055477142334,0.001732675605507344,0.01593824215450686
2023-06-16,40.77777862548828,41.0555534362793,40.0555534362793,40.0555534362793,39.02260208129883,7783571,-0.017869965026531157,39.808332443237305,0.0006983327286642232,0.0165246456865478
2023-06-19,40.0555534362793,40.5555534362793,40.0,40.33333206176758,39.293216705322266,2934739,0.00691089892184684,39.85277690887451,0.0011142528122758224,0.01657346647914852
2023-06-20,40.44444274902344,40.44444274902344,39.94444274902344,40.166664123535156,39.1308479309082,3516087,-0.004140824454086643,39.87777690887451,0.0006263130308631225,0.01657754772824128
2023-06-21,40.0555534362793,40.22222137451172,39.77777862548828,39.83333206176758,38.80611038208008,5278953,-0.008333350166818207,39.88611030578613,0.00020964552252221202,0.01669840481715379
2023-06-26,39.83333206176758,40.33333206176758,39.666664123535156,40.0555534362793,39.02260208129883,3230566,0.005563275699058104,39.93611030578613,0.0012641123414490602,0.01631387631219189
2023-06-27,39.94444274902344,40.22222137451172,39.72222137451172,39.94444274902344,38.91435623168945,2649735,-0.0027777690999551967,39.99444351196289,0.0014821095326734452,0.016224582272686958
2023-06-28,39.83333206176758,40.22222137451172,39.83333206176758,40.166664123535156,39.1308479309082,2773423,0.005547843567715276,40.05833225250244,0.0016164406450872987,0.01624770700503633
2023-06-29,40.44444274902344,40.5,39.88888931274414,39.94444274902344,38.91435623168945,3477132,-0.005547843567715302,40.10833225250244,0.0012676735888164671,0.016326649469517413
2023-06-30,39.94444274902344,40.22222137451172,39.77777862548828,39.94444274902344,38.91435623168945,3700737,0.0,40.1666654586792,0.001482109532673435,0.01627792179080071
2023-07-03,40.0,40.38888931274414,40.0,40.0555534362793,39.02260208129883,2804039,0.0027777690999552795,40.23055419921875,0.0016209979876711986,0.016276460729515718
2023-07-04,40.0,40.0555534362793,39.72222137451172,40.0,38.968482971191406,2907902,-0.0013878723664241348,40.28333206176758,0.0013371684254930229,0.01627698679823143
2023-07-05,40.0555534362793,40.83333206176758,40.0555534362793,40.166664123535156,39.1308479309082,4685952,0.0041579468341842495,40.23888759613037,-0.0010944355242097701,0.01094525127966587
2023-07-06,40.0555534362793,40.166664123535156,39.5,39.5,38.48137664794922,8527927,-0.0167367290410444,40.15833206176758,-0.0019988873042490734,0.011467358997374439
2023-07-07,39.33333206176758,39.38888931274414,39.0,39.33333206176758,38.319007873535156,5426043,-0.004228368437464622,40.07777652740479,-0.002007189470785949,0.011468991506065639
2023-07-10,39.33333206176758,40.166664123535156,39.33333206176758,39.83333206176758,38.80611038208008,4708568,0.012631747311690603,40.05555419921875,-0.0005547933611906445,0.011387222935717181
2023-07-11,39.94444274902344,40.22222137451172,39.666664123535156,39.666664123535156,38.643741607666016,3047382,-0.0041929104504437546,40.033331871032715,-0.000557111504938709,0.011387997300274597
2023-07-12,39.61111068725586,39.666664123535156,39.166664123535156,39.166664123535156,38.15663528442383,4880214,-0.012685160345773943,40.016665077209474,-0.00042373459609956467,0.011219971744977356
2023-07-13,39.33333206176758,39.38888931274414,39.0,39.11111068725586,38.102516174316406,4532302,-0.0014193925604150993,39.93055400848389,-0.002154606137580795,0.007955524235983176
2023-07-14,39.22222137451172,39.72222137451172,39.11111068725586,39.5,38.48137664794922,3645796,0.009894084482406636,39.877776336669925,-0.0013186026041533694,0.008309436827636052
2023-07-17,39.5,39.5555534362793,39.0555534362793,39.38888931274414,38.373130798339844,3482058,-0.0028168925103313086,39.80833187103271,-0.00173267560550733,0.008158600286948975
2023-07-18,39.33333206176758,39.44444274902344,39.0555534362793,39.166664123535156,38.15663528442383,3428178,-0.005657799411660359,39.76388740539551,-0.0011220673247637897,0.007298990744174526
2023-07-19,39.22222137451172,39.27777862548828,38.77777862548828,39.0,37.99427032470703,6173853,-0.004264333855438183,39.69722080230713,-0.0016808289636280407,0.007076019742901296
2023-07-20,39.0,40.0,38.94444274902344,39.666664123535156,38.643741607666016,4462104,0.016949494201212174,39.67222080230713,-0.0006263130308630999,0.008176115211236516
2023-07-21,39.666664123535156,39.94444274902344,39.11111068725586,39.11111068725586,38.102516174316406,3998777,-0.014104552906189055,39.63610973358154,-0.0009148731678316424,0.008555476942839597
2023-07-24,39.11111068725586,39.22222137451172,38.77777862548828,39.0555534362793,38.04838943481445,4926906,-0.0014215077732897775,39.586109733581544,-0.0012641123414490365,0.008418583561770773
2023-07-25,39.11111068725586,39.11111068725586,38.83333206176758,38.94444274902344,37.94014358520508,2909312,-0.0028489940473035535,39.53610973358154,-0.0012676735888164543,0.00841927260932711
2023-07-26,39.11111068725586,39.666664123535156,39.11111068725586,39.27777862548828,38.26488494873047,2958710,0.008522843978777301,39.4916654586792,-0.0011189235682633532,0.008570940201730746
2023-07-27,39.33333206176758,40.22222137451172,39.33333206176758,40.166664123535156,39.1308479309082,6846795,0.022378471365267105,39.502776527404784,0.0002773921783857672,0.00997174319846147
2023-07-28,40.11111068725586,40.11111068725586,39.5555534362793,39.5555534362793,38.53549575805664,3582988,-0.015331301009519748,39.48333206176758,-0.0004891728720902202,0.010565782664577158
2023-07-31,39.88888931274414,40.0555534362793,39.5555534362793,39.5555534362793,38.53549575805664,3484747,0.0,39.45833206176758,-0.0006280613270879842,0.01053880069871617
2023-08-01,39.61111068725586,40.0,39.61111068725586,39.72222137451172,38.69786834716797,2413447,0.0042046635182781565,39.44444313049316,-0.0003484345328528697,0.010591640638562154
2023-08-02,39.666664123535156,39.72222137451172,39.0,39.0,37.99427032470703,5465815,-0.01834911732723264,39.38610992431641,-0.0014737877409237141,0.011262099664227296
2023-08-04,38.77777862548828,39.5555534362793,38.72222137451172,39.0555534362793,38.04838943481445,3263338,0.001423433521733291,39.36388759613037,-0.0005657796127848296,0.010684001386212734
2023-08-07,39.0,39.27777862548828,39.0,39.0555534362793,38.04838943481445,1593639,0.0,39.34999866485596,-0.0003543611909115984,0.010649490774780938
2023-08-08,39.11111068725586,39.166664123535156,38.77777862548828,38.77777862548828,37.77777862548828,4829222,-0.007137712924442897,39.29722099304199,-0.0013428342027182734,0.01029219093415971
2023-08-09,38.83333206176758,38.94444274902344,38.61111068725586,38.72222137451172,37.723655700683594,3576781,-0.0014337357546712866,39.24999885559082,-0.00120487546792965,0.010270446529786826
2023-08-10,38.83333206176758,38.94444274902344,38.38888931274414,38.38888931274414,37.39891815185547,5370579,-0.008645554059668513,39.21111011505127,-0.0010028951536243786,0.010070567335151947
2023-08-11,38.5,39.5555534362793,38.44444274902344,38.94444274902344,37.94014358520508,4506667,0.014368008691479181,39.202776718139646,-0.00021352509102966455,0.010638904068004612
2023-08-14,39.11111068725586,39.27777862548828,38.166664123535156,38.38888931274414,37.39891815185547,6622259,-0.014368008691479167,39.14722118377686,-0.0014266297497239546,0.010807630082598217
2023-08-15,38.44444274902344,38.72222137451172,38.33333206176758,38.33333206176758,37.34479522705078,2544188,-0.001448270388737858,39.09444332122803,-0.001358198643644282,0.010802695749067491
2023-08-16,38.33333206176758,38.33333206176758,37.5,37.5555534362793,36.587074279785156,6064163,-0.020498544807494374,39.01388778686523,-0.002100235913435983,0.011594282556056821
2023-08-17,37.38888931274414,37.44444274902344,36.5555534362793,36.88888931274414,35.937599182128906,7285671,-0.017910858646043804,38.90833225250244,-0.0027825621529662635,0.012118062771076455
2023-08-18,36.88888931274414,37.22222137451172,36.22222137451172,36.88888931274414,35.937599182128906,4500617,0.0,38.76944351196289,-0.0036300368630268727,0.011225267076035108
2023-08-21,36.88888931274414,37.61111068725586,36.666664123535156,37.38888931274414,36.424705505371094,3335324,0.013463180014638051,38.683332443237305,-0.0022516502169855172,0.01155897778126267
2023-08-22,37.44444274902344,37.44444274902344,37.0,37.0555534362793,36.09996795654297,1607456,-0.008955352257364699,38.5833324432373,-0.0026283424411892636,0.011652878396481697
2023-08-23,37.0,37.0,36.666664123535156,36.666664123535156,35.721107482910156,2938995,-0.010550223061422346,38.46944351196289,-0.0030134038918952027,0.01178702226258353
2023-08-24,36.72222137451172,37.166664123535156,36.666664123535156,37.0,36.04584503173828,3097935,0.009049904878052462,38.35555458068848,-0.0029870508469314453,0.01181472875702652
2023-08-25,36.77777862548828,39.166664123535156,36.77777862548828,38.33333206176758,37.34479522705078,9523896,0.03540189387963472,38.2638879776001,-0.0023358797212130644,0.013521891373197497
2023-08-28,38.72222137451172,39.72222137451172,38.666664123535156,39.666664123535156,38.643741607666016,7826934,0.0341913338069993,38.26944351196289,0.0001402520196128885,0.015418241359163585
2023-08-29,39.88888931274414,40.88888931274414,39.83333206176758,40.72222137451172,39.67207717895508,19050177,0.02626278284272612,38.32777690887451,0.0014533911617491944,0.016486998742904747
2023-08-30,41.0555534362793,41.11111068725586,40.5,40.666664123535156,39.61795425415039,9757417,-0.0013652296444605506,38.374999046325684,0.001174896503612259,0.01648512146020975
2023-08-31,40.5555534362793,41.0555534362793,40.38888931274414,40.94444274902344,39.88856887817383,10177864,0.006807399356206906,38.47222118377685,0.002432722337784236,0.015865090470879674
2023-09-01,40.94444274902344,41.0,40.5555534362793,40.666664123535156,39.61795425415039,3954489,-0.006807399356206855,38.55277671813965,0.002021180693887229,0.01599883987874232
2023-09-04,40.666664123535156,40.77777862548828,40.0555534362793,40.11111068725586,39.07672882080078,5023566,-0.013755323099491169,38.60555458068848,0.0013334145389126706,0.016381387266480286
2023-09-05,40.0,40.88888931274414,39.72222137451172,40.44444274902344,39.40146255493164,5860277,0.008275877951137215,38.68888778686524,0.002104094082691676,0.01632435375566102
2023-09-06,40.44444274902344,40.44444274902344,39.5555534362793,39.5555534362793,38.53549575805664,5666252,-0.022223148442169362,38.73055438995361,0.0010646234483167722,0.017199899770469956
2023-09-07,39.38888931274414,39.44444274902344,38.88888931274414,38.88888931274414,37.886024475097656,4632068,-0.01699751189222591,38.755554389953616,0.0006470255566889023,0.017545969571703405
2023-09-08,38.83333206176758,38.88888931274414,38.5555534362793,38.666664123535156,37.66952896118164,2954930,-0.005730751378764692,38.7416654586792,-0.00035791244682329136,0.017292487825409594
2023-09-11,38.77777862548828,38.88888931274414,38.5555534362793,38.61111068725586,37.61540985107422,2409346,-0.001437759976529001,38.752776527404784,0.00028859998892421694,0.01698001344608947
2023-09-12,38.88888931274414,38.88888931274414,38.5,38.88888931274414,37.886024475097656,3137294,0.007168511355293741,38.780554389953615,0.000719439076125797,0.017042825765325006
2023-09-13,38.88888931274414,39.666664123535156,38.72222137451172,38.77777862548828,37.77777862548828,4818558,-0.002861221319438103,38.84166564941406,0.0016013052505286104,0.016328478223915813
2023-09-14,38.77777862548828,38.77777862548828,38.77777862548828,38.77777862548828,38.77777862548828,0,0.0,38.93611011505127,0.0024968481828308007,0.0156803002736684
2023-09-15,38.77777862548828,38.77777862548828,38.77777862548828,38.77777862548828,38.77777862548828,0,0.0,39.030554580688474,0.0024968481828308007,0.0156803002736684
2023-09-18,38.77777862548828,38.77777862548828,38.77777862548828,38.77777862548828,38.77777862548828,0,0.0,39.099999046325685,0.001823689182098898,0.015472344552328082
2023-09-19,38.77777862548828,38.77777862548828,38.77777862548828,38.77777862548828,38.77777862548828,0,0.0,39.18611030578613,0.0022714567949671327,0.015272272198764125
2023-09-20,38.77777862548828,38.77777862548828,38.77777862548828,38.77777862548828,38.77777862548828,0,0.0,39.29166603088379,0.00279896794803825,0.014985611248705236
2023-09-21,38.77777862548828,38.77777862548828,38.77777862548828,38.77777862548828,38.77777862548828,0,0.0,39.3805549621582,0.002346472704135627,0.014923431444693977
2023-09-22,38.77777862548828,38.77777862548828,38.77777862548828,38.77777862548828,38.77777862548828,0,0.0,39.40277729034424,0.000576378010153891,0.012735461631030431
2023-09-25,37.70000076293945,37.75,36.70000076293945,36.70000076293945,36.70000076293945,6256877,-0.05507059087787155,39.25444412231445,-0.0038867182240896513,0.01564387051553916
2023-09-26,36.5,36.5,35.25,35.29999923706055,35.29999923706055,12847188,-0.038893833522830136,38.98333301544189,-0.0071445490423674655,0.015818243104890887
2023-09-27,35.29999923706055,36.5,35.150001525878906,35.20000076293945,35.20000076293945,6590434,-0.002836838047767756,38.70999984741211,-0.007218129462532824,0.01579334810563324
2023-09-28,35.29999923706055,35.599998474121094,35.150001525878906,35.20000076293945,35.20000076293945,3169986,0.0,38.42277774810791,-0.00755849943034317,0.015546595402076258
2023-10-02,35.400001525878906,35.5,35.20000076293945,35.20000076293945,35.20000076293945,1916768,0.0,38.149444580078125,-0.0072181294625328265,0.01563815454070201
2023-10-03,35.20000076293945,35.20000076293945,34.849998474121094,34.900001525878906,34.900001525878906,4949901,-0.008559231348628325,37.888889122009275,-0.006958324874989685,0.015566832751729978
2023-10-04,34.5,34.5,34.0,34.0,34.0,5945026,-0.02612634831367777,37.566666984558104,-0.008678436188230434,0.015695047634417546
2023-10-05,34.150001525878906,34.45000076293945,34.04999923706055,34.25,34.25,2249019,0.007326040092072881,37.30138931274414,-0.007200976761518321,0.015743640635104996
2023-10-06,34.45000076293945,34.900001525878906,34.29999923706055,34.900001525878906,34.900001525878906,1867207,0.01880030822160486,37.10194492340088,-0.0054110857558267835,0.0165837630045976
2023-10-11,35.349998474121094,35.400001525878906,35.0,35.349998474121094,35.349998474121094,3464308,0.012811476247850352,36.93611164093018,-0.004483974374496031,0.017075947353021453
2023-10-12,35.5,35.75,35.150001525878906,35.75,35.75,3328752,0.011251919962327205,36.793056106567384,-0.0038494903775532206,0.01742723085717141
2023-10-13,35.599998474121094,35.75,35.20000076293945,35.400001525878906,35.400001525878906,2003226,-0.009838405896364862,36.61861171722412,-0.004699836240136151,0.01727558075315987
2023-10-16,35.400001525878906,35.400001525878906,35.099998474121094,35.349998474121094,35.349998474121094,1622990,-0.0014135140659621856,36.44722270965576,-0.004627450877462355,0.01728671947297796
2023-10-17,35.45000076293945,35.45000076293945,34.650001525878906,34.650001525878906,34.650001525878906,2566693,-0.020000579504869002,36.240833854675294,-0.005627479852705805,0.017580942666415827
2023-10-18,34.599998474121094,34.75,34.04999923706055,34.099998474121094,34.099998474121094,3190899,-0.016000430130532404,36.006944847106936,-0.0064275013592324255,0.017675183666896188
2023-10-19,34.0,34.0,33.29999923706055,33.400001525878906,33.400001525878906,5309123,-0.02074139387463718,35.73805599212646,-0.007464571052964285,0.01788544646491615
2023-10-20,33.099998474121094,33.400001525878906,32.599998474121094,33.20000076293945,33.20000076293945,5067445,-0.0060060467651042275,35.459167098999025,-0.007764873391219495,0.017803752638055868
2023-10-23,33.04999923706055,33.900001525878906,33.04999923706055,33.20000076293945,33.20000076293945,2484209,0.0,35.18027820587158,-0.007764873391219495,0.017803752638055868
2023-10-24,33.20000076293945,33.650001525878906,33.150001525878906,33.54999923706055,33.54999923706055,1486783,0.01048694177477279,34.9188892364502,-0.007240526302480855,0.018194613506875637
2023-10-25,33.650001525878906,33.900001525878906,33.599998474121094,33.79999923706055,33.79999923706055,1036748,0.00742393923948027,34.67000026702881,-0.006869329340506843,0.018424384353679258
2023-10-26,33.349998474121094,33.400001525878906,33.099998474121094,33.099998474121094,33.099998474121094,2399178,-0.02092754363284414,34.49000015258789,-0.005162176978255472,0.014983649385012893
2023-10-27,33.20000076293945,33.650001525878906,33.20000076293945,33.400001525878906,33.400001525878906,1131983,0.009022709383695426,34.395000267028806,-0.0027663498329291943,0.013006621436430409
2023-10-30,33.45000076293945,33.54999923706055,33.099998474121094,33.20000076293945,33.20000076293945,1779736,-0.0060060467651042275,34.29500026702881,-0.0029248102687960175,0.013026815048908319
2023-10-31,33.099998474121094,33.29999923706055,32.349998474121094,32.400001525878906,32.400001525878906,5235911,-0.02439142900923605,34.15500030517578,-0.00414438171925782,0.013854078652026423
2023-11-01,32.79999923706055,33.0,32.45000076293945,32.599998474121094,32.599998474121094,1578126,0.006153771673248793,34.025000190734865,-0.00383669313559538,0.014018328282352926
2023-11-02,33.099998474121094,33.70000076293945,32.95000076293945,33.25,33.25,2186221,0.0197425255353038,33.94250011444092,-0.0024216052913987743,0.014916230550054428
2023-11-03,33.70000076293945,34.150001525878906,33.5,34.099998474121094,34.099998474121094,4475364,0.025242572440424882,33.94750003814697,0.00014684074630635837,0.015041763491025028
